grid_id,ward_id,ward_gid,lon,lat,LST_C,NDVI,NDVI_prev,ndvi_delta,change_class,pop_density_km2,elderly_pct,slum_pct,hospital_dist_m,impervious_pct,worldcover_class,dist_to_water_m,HVI,contrib_LST_C,contrib_NDVI,contrib_pop_density_km2,contrib_elderly_pct,contrib_slum_pct,contrib_hospital_dist_m,contrib_impervious_pct,plantable,nbs_fired
cell_0000,R/C,11,72.790495,19.23244,31.48195181463496,0.4358751695818359,0.43426429742341754,0.001610872158418375,stable,9987.258477051098,4.7571458702507545,0.0,3226.0003024927128,0.0,95.0,48.69705991909413,30.64351115203381,-0.06011412532679318,-0.060637587293988396,-0.20526165522543993,-0.03385172045552273,-0.06110207134186371,0.26892004312388457,-0.2237213511765298,False,False
cell_0001,P/N,21,72.790737,19.214378,31.258521197806857,0.44578533390733655,0.4570078043448492,-0.011222470437512677,stable,8396.372419251988,4.757145864246966,0.0,2591.7736112469966,0.0,10.0,218.07013808668808,26.736888348743914,-0.07498546160143883,-0.07027626660040595,-0.21402023858883815,-0.03385172193050071,-0.06110207134186371,0.18662793851271445,-0.2237213511765298,True,False
cell_0002,P/N,21,72.790858,19.205347,30.4578045822538,0.3428255572132447,0.22903677993172647,0.11378877728151823,gained,7256.352108634269,4.75714586666514,0.0,2805.7791613186605,3.69625729480812,95.0,29.143324257633616,29.769240492419,-0.12828042278281926,0.02986296786830023,-0.2202965918685482,-0.03385172133641691,-0.06110207134186371,0.21439556065311632,-0.20235774217839325,False,False
cell_0003,T,13,72.952913,19.171098,32.42761814310662,0.32500367614769543,0.306534909193199,0.01846876695449645,stable,100592.45914430916,4.7571458707880625,3.649062027114641,128.79884368115702,67.7801001957467,50.00000000000015,293.13225754052473,54.15684954789327,0.0028285553763226965,0.0471966255742502,0.2935630087479558,-0.03385172032351984,-0.025049580175653872,-0.132947664382679,0.16803372509221215,True,False
cell_0004,T,13,72.953024,19.162066,33.622673441759915,0.3386286078432064,0.31144065034346324,0.027187957499743176,stable,103254.09277336838,4.757145871902158,6.430881429324586,640.3357390057306,48.168190686007854,50.00000000000008,200.69115039707938,56.23414558345392,0.08237033646867478,0.03394494347580628,0.30821656605877296,-0.033851720049814946,0.0024346112902464555,-0.0665747912703204,0.0546809108653968,True,False
cell_0005,L,24,72.8873,19.098093,37.65350627166577,0.23015643725311144,0.20685440335575964,0.023302033897351804,stable,80108.41290369771,4.757145866004157,45.702680037856005,124.17978541646524,87.87758082719243,50.0,635.2375768668136,83.17412357836986,0.3506588608051998,0.13944556199719754,0.18078860498813984,-0.033851721498803666,0.39043738074022977,-0.1335469958696218,0.28419304080351654,False,True
cell_0006,L,24,72.887414,19.089061,37.78737698468431,0.22972950979718745,0.20254320003220255,0.0271863097649849,stable,75561.12005471265,4.757145861830809,42.757773672758425,610.6734730374304,82.87394974720912,49.99999999999996,693.0537949811792,82.81573349262001,0.35956917228751967,0.13986079394488254,0.15575359804947864,-0.03385172252408898,0.3613419008815477,-0.07042352600154604,0.255273079491885,False,True
cell_0007,L,24,72.887529,19.08003,35.25786812643963,0.27366508727536903,0.24137565979833267,0.032289427477036364,stable,83341.04426437273,4.757145869803578,8.10727928439944,468.3699692009869,74.93028536523829,50.000000000000135,287.46985419838285,63.37796725316801,0.19120739011693966,0.09712881417692236,0.19858577601544594,-0.03385172056538261,0.01899731107776654,-0.08888767294755927,0.2093603287460908,False,True
cell_0008,M/W,17,72.888215,19.025841,33.63933444686099,0.367500172087958,0.3013740240922365,0.06612614799572147,gained,82619.69890441948,4.757145870495188,1.5667481672828751,1340.2354635834467,44.4107196227543,50.000000000000014,141.54607681669162,52.193159754929574,0.0834792776381938,0.005864304276543174,0.19461442719509636,-0.03385172039547157,-0.04562270320810117,0.024238512785286152,0.03296349884164094,True,False
cell_0009,R/C,11,72.790254,19.250501,29.710393393466184,0.5486486341136599,0.5590724933923517,-0.010423859278691716,stable,8344.902520255435,4.757145871844141,0.0,4700.730310431802,0.3170591766410968,10.000000000000005,330.57513120664345,29.17438511685347,-0.17802742380571232,-0.17032166751644168,-0.21430360482921534,-0.03385172006406817,-0.06110207134186371,0.46026903199754515,-0.22188881416982686,True,False
cell_0010,R/C,11,72.790374,19.24147,31.148970488162757,0.4663377546256984,0.4793587948897806,-0.01302104026408224,stable,9756.70592438488,4.75714586954759,0.0,3905.377280308399,1.104444643443479,9.99999999999999,96.9515893506648,32.04555949591384,-0.08227705603630932,-0.09026566190892966,-0.20653095653226325,-0.03385172062827237,-0.06110207134186371,0.35707048223425775,-0.21733788767799167,True,False
cell_0011,R/C,11,72.876064,19.233453,30.081865779379594,0.5958891398828982,0.6218912877324525,-0.026002147849554347,stable,12044.481860966138,4.75714587033645,1.5063035556197235,1032.2368659693934,3.751782693774669,10.000000000000007,660.0163780569028,14.228388268630459,-0.15330256359591674,-0.21626803837640754,-0.1939356633878603,-0.03385172043446943,-0.04621989196834646,-0.015724883843711433,-0.20203681676157959,True,False
cell_0012,R/C,11,72.876181,19.224421,31.46585481309169,0.5534601255759434,0.5551156929225879,-0.0016555673466445153,stable,11992.864809758717,4.757145868753335,0.3189965014653052,764.8926216638171,0.889614201984218,9.99999999999999,773.0790590769434,16.599455457840747,-0.06118552693845172,-0.17500135007944229,-0.19421983977105048,-0.03385172082340069,-0.05795040703315272,-0.050413301759987976,-0.218579563564213,True,False
cell_0013,R/C,11,72.895081,19.233672,28.208811986219274,0.6833280566915674,0.6798425017789442,0.0034855549126231455,stable,3554.6367124911308,4.757145865310007,0.0,2980.9304988750264,0.0,10.0,2406.5928373854076,12.870308128266347,-0.2779713006473737,-0.30131160075716656,-0.24067629330961032,-0.03385172166933856,-0.06110207134186371,0.23712177573035378,-0.2237213511765298,True,False
cell_0014,R/C,11,72.895196,19.224641,27.760940701564444,0.6930126831230806,0.710155044646899,-0.017142361523818428,stable,3484.8691017894416,4.757145862946247,0.0,2620.45808447175,0.0,10.0,2470.680403366688,9.949983485611506,-0.3077812012617722,-0.3107309206907031,-0.24106039714369712,-0.033851722250054166,-0.06110207134186371,0.19034980279863933,-0.2237213511765298,True,False
cell_0015,R/C,11,72.895311,19.21561,28.01830983921229,0.6926376894929818,0.7120952550390584,-0.019457565546076583,stable,4097.6751037082695,4.7571458640141255,0.0,2095.0859082694396,0.0,10.0,1995.558402405307,8.35099371086522,-0.29065094826864146,-0.3103661998622935,-0.23768660904172448,-0.03385172198770368,-0.06110207134186371,0.1221817760022259,-0.2237213511765298,True,False
cell_0016,M/E,16,72.907208,19.026057,34.057653184000344,0.4452695715459922,0.4103852679778701,0.03488430356812211,stable,43685.10021765253,4.757145862849079,16.827537616076356,1558.0974090690943,38.278972151932415,10.00000000000001,918.717127355392,48.18561176455054,0.11132218788164755,-0.06977463334428258,-0.0197390311476529,-0.033851722273925994,0.10515288588953249,0.05250650947505655,-0.002476743812990476,True,False
cell_0017,M/E,16,72.907321,19.017025,34.95138960132198,0.33528062936824204,0.32333058876127097,0.01195004060697108,stable,63448.821266975676,4.757145875526949,1.2197538571736823,2347.952720847264,47.76290402388363,49.999999999999964,421.72993315990544,57.59604305603631,0.17080846148000814,0.03720120540901497,0.08906964030485849,-0.03385171915929606,-0.04905098401203932,0.15499171995535027,0.05233843708957399,True,False
cell_0018,R/S,22,72.876413,19.206359,35.027376721099735,0.32889118687421487,0.2959346347156792,0.03295655215853566,stable,65909.24097837084,4.757145866213961,23.404932494054954,108.54514050344453,67.15055814493527,50.0,399.37611952475294,59.810162289393375,0.17586609425567287,0.0434156116614172,0.1026154194293644,-0.033851721447260015,0.17013711169138876,-0.13557562041743718,0.16439510116840914,False,False
cell_0019,P/S,20,72.877107,19.152171,29.870809590740873,0.6296410794418128,0.6017083433447191,0.02793273609709368,stable,14329.973303538922,4.757145868871738,1.2183711057712634,554.2601240747892,2.6007206896322934,10.0,772.6098167877431,10.651451868843564,-0.16735026931615032,-0.24909535694476356,-0.18135294746802877,-0.03385172079431207,-0.04906464550432154,-0.07774326400434406,-0.20868971904293598,True,False
cell_0020,M/W,17,72.887987,19.043904,34.84276889771766,0.31131290375442966,0.3122132714856997,-0.0009003677312700575,stable,72440.92847528444,4.757145872927837,6.260689785290337,606.805043102576,55.82507187962736,50.000000000000185,335.53871805565706,55.43490119189883,0.16357876739143498,0.060512344690661246,0.13857546142289817,-0.033851719797831706,0.0007531291182486363,-0.07092546205260494,0.09893611360667773,True,False
cell_0021,M/W,17,72.888101,19.034872,34.3655161872987,0.35814044945938617,0.3065699019544225,0.05157054750496365,gained,68534.52645231159,4.757145867557959,0.07226619709971006,843.2180350642094,48.02992220624816,49.99999999999997,323.5548090063399,49.54128562467623,0.1318132661124102,0.014967621017889527,0.11706886288215249,-0.03385172111707398,-0.06038808610039798,-0.04025043223363901,0.05388174741362574,True,False
cell_0022,T,13,72.943296,19.180023,31.766410927785124,0.38946577785807046,0.39795122833711144,-0.008485450479040979,stable,73538.34743069267,4.7571458701109615,1.6216115328435163,86.46394374963394,47.21847164396968,10.000000000000012,274.4871422970905,40.63393978797268,-0.04118078849006896,-0.015499562440027507,0.1446172740080268,-0.03385172048986633,-0.04508065678972676,-0.13844069717671917,0.04919172960610311,True,False
cell_0023,T,13,72.943408,19.170991,32.43023909916927,0.39164572665196357,0.3620120150418083,0.029633711610155267,stable,74645.81978737698,4.757145878171984,3.2633347591718107,316.0345467131345,47.95191835542994,10.00000000000001,242.93892287207112,43.960675569717075,0.0030030038002767114,-0.01761979240177296,0.15071443534219414,-0.03385171850947823,-0.028860540037871158,-0.10865348018398217,0.05343090115582594,True,False
cell_0024,R/C,11,72.799762,19.250616,29.652297653475053,0.5826259324808375,0.5604663146759992,0.022159617804838327,stable,5533.565536256992,4.757145870765533,0.0,3999.435508671027,0.0,10.000000000000023,259.5175213426649,24.265176813310603,-0.18189422280487177,-0.20336817127793658,-0.22978135021282853,-0.03385172032905477,-0.06110207134186371,0.3692747140567244,-0.2237213511765298,True,False
cell_0025,R/C,11,72.799882,19.241585,30.68154501717642,0.5211791552985133,0.5334643081076286,-0.01228515280911524,stable,8667.672172526425,4.757145873538046,0.0,3327.272998333461,0.41760647472469237,95.00000000000006,71.17795094441787,26.3179770043804,-0.11338846530087039,-0.1436047041728239,-0.2125266045891721,-0.03385171964791895,-0.06110207134186371,0.2820603656543239,-0.2213076714108814,True,False
cell_0026,R/C,11,72.800003,19.232554,30.37298024038546,0.5230520103729002,0.5346360255892134,-0.011584015216313248,stable,11204.680948163417,4.757145869813853,0.0,2495.165697017956,1.569890475842991,94.99999999999977,10.511334953339546,22.60949968345355,-0.1339262529295896,-0.1454262531256461,-0.19855916628888914,-0.03385172056285823,-0.06110207134186371,0.17409288015938654,-0.21464770623765678,True,False
cell_0027,P/N,21,72.800363,19.205462,27.43327089349163,0.10061325793347828,-0.0882209498039774,0.18883420773745568,gained,1985.3156398538597,4.757145875992435,0.0,1885.571044948905,0.0,79.99999999999997,0.2757251747282981,25.188043693998345,-0.3295906021938224,0.26543995732551207,-0.2493161511870792,-0.033851719044937924,-0.06110207134186371,0.09499682890373073,-0.2237213511765298,True,False
cell_0028,L,24,72.878145,19.070889,36.28432818481307,0.20697179121794987,0.19796863736831835,0.009003153849631518,stable,89101.64560647673,4.757145869356497,33.80417637383427,3.85787767851738,88.10953647176773,50.00000000000007,384.6620402659464,78.07291297217024,0.25952762714295025,0.1619950738545036,0.23030062248780878,-0.03385172067521893,0.27288095252641514,-0.14915898942848424,0.28553369685107527,False,True
cell_0029,L,24,72.87826,19.061858,35.082693034739734,0.26589360897276454,0.24405453643277905,0.021839072539985488,stable,83881.45898604002,4.7571458718318835,23.235196868568472,362.6273631670914,75.91311391598235,50.0,257.1446023857761,68.12083392504616,0.1795478971942875,0.10468739591535411,0.20156101573630858,-0.033851720067079594,0.16846013495244275,-0.1026079747224774,0.21504087617437562,False,True
cell_0030,M/E,16,72.907094,19.035089,32.41900287031489,0.4519190853460549,0.3853623507146224,0.06655673463143252,gained,62433.67868068911,4.757145867112611,19.95969218713695,1158.6427805668475,38.41931724227242,10.000000000000014,487.19230499910844,47.09071192822199,0.002255130746330363,-0.07624198635249461,0.08348079821014119,-0.0338517212264848,0.13609836562248587,0.0006765210342397322,-0.0016655779780137003,True,False
cell_0031,P/S,20,72.867488,19.161092,30.26095918500385,0.6538367716259086,0.6333236616152441,0.02051311001066447,stable,23343.758281988066,4.7571458711942745,2.043979055317474,1185.2627353115797,5.069999104064565,10.0,466.8592574689795,15.937427598560506,-0.14138227130375136,-0.2726282177429635,-0.1317277799291839,-0.0338517202237239,-0.04090769363926839,0.004130510169095328,-0.19441779629893013,True,False
cell_0032,P/S,20,72.867604,19.152061,30.39272928431305,0.6245027209298767,0.5864706694375261,0.03803205149235056,stable,15929.773135127127,4.75714586832977,1.7388197868503583,1022.1636628234222,3.315690796568834,10.000000000000004,964.6016313192433,14.658436834282734,-0.13261177473712288,-0.24409776172522607,-0.17254528954619092,-0.03385172092745965,-0.04392264700233769,-0.0170319008748453,-0.20455733847749127,True,False
cell_0033,R/N,15,72.866323,19.251404,34.49354672470379,0.28650821420433364,0.25804937585604704,0.028458838348286608,stable,93709.65490667049,4.757145868709736,30.583637396275343,212.35677990388572,75.68187848235607,50.00000000000013,388.54397918704325,69.69664747052465,0.14033486087952082,0.08463751961368599,0.25566990232856385,-0.03385172083411183,0.24106224071057736,-0.12210586519061338,0.21370438279837461,False,True
cell_0034,K/E,19,72.877454,19.125077,32.55041313695328,0.38942430207643064,0.3860233098677544,0.0034009922086762345,stable,63689.197926905515,4.757145866601679,1.7890770923755925,463.2777050256504,51.11198876893,50.00000000000006,262.17745142256,43.03581293525577,0.011001677181476486,-0.015459222870967026,0.09039302798827521,-0.033851721352007716,-0.04342610815207356,-0.08954840379034579,0.07169545996114023,True,False
cell_0035,K/E,19,72.877569,19.116046,34.526312477720346,0.305250884484079,0.2934822613756989,0.011768623108380116,stable,70282.0704134512,4.757145875356856,20.16685037746361,453.6064711906263,71.45796960986729,50.00000000000006,490.7088150750748,61.54754712039862,0.14251571925210482,0.06640829734866943,0.12668992241046295,-0.033851719201083645,0.13814507482371732,-0.09080326454826769,0.1892910559116449,False,True
cell_0036,S,12,72.905959,19.125404,27.90911366942307,0.2644137763636814,0.0567730331013558,0.20764074326232562,gained,12746.261953348092,4.75714587639109,2.74170808323356,1054.9429865083525,7.468595987587752,80.00000000000006,36.43366978498749,21.607393748390503,-0.2979189448569877,0.10612668909734795,-0.19007203065830827,-0.03385171894699868,-0.034014177051049935,-0.012778722049360302,-0.18055439830558284,True,False
cell_0037,N,10,72.906414,19.089278,34.207324717960084,0.3097925003309293,0.2761330061837158,0.03365949414721353,stable,64352.36838867724,4.757145871683862,7.757054368867624,72.28859582833492,69.91178052002374,50.00000000000015,888.3270050545001,53.45728058123523,0.12128418746727179,0.06199109726571089,0.0940440963630943,-0.03385172010344462,0.015537112106201978,-0.14027997519850668,0.18035440012228732,False,False
cell_0038,N,10,72.906528,19.080247,32.35419269087473,0.27764317553332357,0.2767510202684274,0.0008921552648961661,stable,72005.50787000595,4.757145869555886,1.6535580803396406,83.13826584653079,74.6937718675103,50.0,484.8684297146921,50.71240348973137,-0.0020585751645127784,0.09325970406818437,0.1361782641812875,-0.03385172062623414,-0.04476502701614749,-0.13887221013207537,0.20799332924220357,False,True
cell_0039,S,12,72.943968,19.125833,33.673163223730555,0.43293653790479897,0.41379632731154453,0.019140210593254436,stable,35481.27041146432,4.757145868789063,0.31676878302016304,984.997336382325,12.159215735728958,95.0,34.68333278979428,33.06714646372366,0.08573088990033179,-0.05777945826561749,-0.0649050107628339,-0.033851720814623044,-0.05797241674385852,-0.021854301549115763,-0.15344357828799846,False,False
cell_0040,P/N,21,72.800843,19.169339,32.45701022659061,0.3892399392582464,0.36410846191065105,0.025131477347595355,stable,10938.795969078774,4.757145873649887,0.0,2625.0096017036967,0.1164743126024544,40.00000000000002,56.39116874671279,31.934516331032466,0.004784865408976681,-0.01527991059902693,-0.20002298938481214,-0.033851719620442415,-0.06110207134186371,0.19094037070970474,-0.22304815354056956,True,False
cell_0041,P/N,21,72.800963,19.160308,30.981557555760094,0.5287526812646516,0.5400069580985783,-0.011254276833926768,stable,10016.634506657576,4.757145870661558,0.0,2650.696027428836,1.41967299070476,95.0,29.98434924750302,24.223159312790507,-0.09341990677820172,-0.15097075640049423,-0.20509992622987008,-0.033851720354598686,-0.06110207134186371,0.1942732327005938,-0.21551593248956957,False,False
cell_0042,D,4,72.812956,18.97077,32.077376356565345,0.2646721710492982,0.24992295181547763,0.014749219233820554,stable,82141.14762075353,5.5859844833145145,1.0753805492181943,179.2634615581259,68.99677772979445,50.00000000000013,253.56472276424455,58.401523782146555,-0.020483215673815752,0.10587537303160582,0.19197977508339958,0.16977282280454425,-0.05047738273341633,-0.12639978541319344,0.17506587167754945,False,True
cell_0043,D,4,72.813074,18.961739,33.58001079180938,0.200091140395731,0.20023705150934343,-0.0001459111136124236,stable,88856.01248308885,5.585984488264279,0.0,331.41334080699613,85.07006039345443,49.99999999999996,463.74591772617157,68.60451051469603,0.07953074974242932,0.16868723197787105,0.22894829547641937,0.1697728240205753,-0.06110207134186371,-0.10665805276057938,0.26796614856717105,False,True
cell_0044,R/C,11,72.866673,19.224311,32.66238949032458,0.36950983690660866,0.35334660814866314,0.016163228757945514,stable,58494.310659934614,4.757145864566565,18.447457027818196,573.6016836714889,60.54922929444035,50.00000000000014,408.99652382960437,50.86744807277245,0.018454720230962667,0.00390969342811155,0.06179270619391199,-0.03385172185198326,0.12115758239724679,-0.0752336603127231,0.1262407744584736,True,False
cell_0045,R/S,22,72.866906,19.206248,34.247434063723084,0.34085739868138126,0.3066092687012112,0.03424812998017007,stable,63021.01085812595,4.75714587453587,7.166745837039376,198.92606182133056,55.234768416233834,50.00000000000022,336.1491560140899,49.76890211293122,0.12395382861612339,0.03177720947820037,0.08671434080916514,-0.03385171940277899,0.00970490290533394,-0.12384852609200481,0.09552428066964196,True,False
cell_0046,P/S,20,72.867372,19.170124,31.822227944090635,0.46478738625010985,0.4285857251867265,0.03620166106338335,stable,48751.59182427991,4.757145865572759,1.4094299376679267,603.0725378226443,40.270654041895334,10.0,319.0075356280789,34.50737091437755,-0.037465659242740916,-0.08875776525976341,0.008154411553072978,-0.03385172160478718,-0.04717699689818717,-0.07140976162434731,0.009034768982832411,True,False
cell_0047,T,13,72.905275,19.179593,29.111713308849023,0.6523866643075932,0.6584827640970533,-0.00609609978946013,stable,4557.09369963068,4.757145865523536,0.0,2927.5007750606937,0.0,10.0,1093.5339530378596,15.871467303090736,-0.2178750193844542,-0.27121783553919254,-0.23515729146341313,-0.03385172161687998,-0.06110207134186371,0.23018916869541658,-0.2237213511765298,True,False
cell_0048,K/E,19,72.867836,19.133999,33.16874109699057,0.3498128603528889,0.3033638437583765,0.04644901659451239,stable,73861.27611094288,4.757145875906153,18.531899566738954,247.04308406388165,63.08413230984699,50.000000000000014,496.76951345669914,54.6055603747442,0.05215701726991506,0.023067079125420827,0.14639514977262844,-0.03385171906613524,0.12199186908951773,-0.117605252066144,0.14089199393537855,True,False
cell_0049,K/E,19,72.867952,19.124967,33.93170252983399,0.316091866809388,0.2980704359380287,0.018021430871359323,stable,73926.18029148546,4.7571458711484365,12.444772775702797,412.5587925047332,76.1227368525864,50.0000000000002,763.5897067388945,58.68364209453701,0.10293902822917939,0.055864299432175184,0.14675247811373018,-0.03385172023498514,0.061851459518306076,-0.09612927796758705,0.21625245375068244,False,False
cell_0050,K/E,19,72.868068,19.115936,33.490689388187654,0.29951883648445415,0.282082828771328,0.017436007713126145,stable,52387.16090529258,4.75714586610532,3.745538523015916,358.77934822473384,73.55712583515614,50.00000000000012,492.914266673689,50.58473468609509,0.07358559930315911,0.07198331816797204,0.02816994611215662,-0.033851721473950366,-0.024096398785372633,-0.10310726188990937,0.2014237483208196,False,True
cell_0051,K/E,19,72.868184,19.106905,34.45060172998966,0.293187513287811,0.28160085284689834,0.011586660440912666,stable,50597.4808304805,4.7571458752598925,13.992975857423001,87.19937412469287,72.01467146864064,50.000000000000085,552.1142483278539,54.549704291914026,0.1374764815455994,0.07814119727807883,0.01831690726489953,-0.03385171922490507,0.07714760343487068,-0.13834527370401778,0.19250867846624226,False,False
cell_0052,K/E,19,72.868299,19.097874,38.5938182689653,0.20959496262281418,0.19228008447274775,0.017314878150066437,stable,79119.36005003672,4.757145870301855,11.144716068614564,1023.6545718256425,82.65409765326788,50.00000000000003,377.36869505412756,77.16435669698171,0.413245162152089,0.15944376318933204,0.17534339926323647,-0.03385172044296865,0.04900698534943828,-0.016838452631070717,0.254002379484345,False,True
cell_0053,K/E,19,72.868415,19.088842,39.954944625730526,0.17755112657958194,0.16339302408753595,0.014158102492045993,stable,90419.17008273969,4.757145872172947,0.0,1327.5874823990584,74.39936800037185,50.00000000000018,139.41962203288844,79.38162248744672,0.5038404800682186,0.1906097710599974,0.23755422050766387,-0.03385171998328905,-0.06110207134186371,0.02259741346683671,0.20629173527743283,False,True
cell_0054,A,1,72.823152,18.916695,30.055283772832535,0.12754901242558528,0.09379758180113099,0.03375143062445429,stable,49064.49948899068,5.585984487085997,4.678269608766177,736.3920577082667,52.606830364115524,50.00000000000013,117.3251310705586,52.648779535973404,-0.15507183749323708,0.23924209713890013,0.009877116867498219,0.16977282373110153,-0.014881077428928031,-0.054111303472752274,0.08033533776362747,True,False
cell_0055,R/C,11,72.80939,19.241699,29.374829808008574,0.6160023189768696,0.6767755031659274,-0.06077318418905775,lost,7541.623834050883,4.75714586315979,0.0,2586.5130628773136,0.0,94.99999999999996,0.25415933911764677,16.719582700005688,-0.20036222729732683,-0.23583022491053846,-0.21872603552604147,-0.033851722197592096,-0.06110207134186371,0.1859453724795824,-0.2237213511765298,True,False
cell_0056,R/C,11,72.80951,19.232668,30.263345322139553,0.5417758756187232,0.4475891371770562,0.09418673844166703,gained,16040.739478961259,4.757145875200066,0.0,2011.125495703584,3.9277800628922552,95.0,43.26566198999626,20.984781195075254,-0.14122345221151483,-0.1636371855131823,-0.1719343671182533,-0.03385171923960299,-0.06110207134186371,0.11128775474857047,-0.2010195880681631,False,False
cell_0057,P/N,21,72.809989,19.196545,34.38816004234072,0.36415158102286654,0.3932610837223468,-0.02910950269948026,stable,41749.39031130538,4.757145867559212,4.786842096438833,1222.1180279234702,38.46363117593201,10.000000000000002,327.5994712852507,45.776917224622885,0.13332042026909985,0.009121162018215495,-0.030396033576571085,-0.03385172111676609,-0.013808388441011062,0.008912553619735832,-0.0014094525310101695,True,False
cell_0058,P/N,21,72.810108,19.187514,33.120347309133486,0.43019389122328117,0.4278008599980456,0.0023930312252355423,stable,24967.900759418182,4.757145870591436,14.00026709046242,826.8507212407687,23.699061433164044,10.000000000000007,502.46122457308684,36.088090074613135,0.04893597127790453,-0.05511194530158549,-0.12278610418008132,-0.033851720371826016,0.07721964033443314,-0.04237412194893136,-0.08674563717737314,True,False
cell_0059,P/N,21,72.810228,19.178483,34.53537104883337,0.3685087630028896,0.368619859867571,-0.00011109686468141478,stable,23154.940032350383,4.757145864201003,20.220481373750594,1214.8566292185467,36.000942250651995,49.99999999999989,268.4454192262041,47.14593223470392,0.14311864941047786,0.0048833433094907,-0.1327673140755014,-0.03385172194179271,0.13867494551528253,0.007970373496923132,-0.015643289379333365,True,False
cell_0060,P/N,21,72.810347,19.169452,30.77844160106791,0.5799565189451813,0.48776054857269996,0.09219597037248134,gained,16455.668670316994,4.757145875146475,1.8890364392814405,1998.0290554477738,3.5098197310399084,95.0,19.361799509786625,21.457472878479862,-0.10693911783286687,-0.20077188526679615,-0.169649984842992,-0.03385171925276891,-0.04243851642452138,0.10958846702315445,-0.20343531305542709,False,False
cell_0061,S,12,72.943744,19.143896,32.077061741187705,0.48105909963914206,0.4804098675203706,0.0006492321187714367,stable,46988.74423130684,4.757145865652545,1.1296034652037146,657.8140284603271,17.75831804169721,9.999999999999995,155.89174922946808,29.96561809082453,-0.02050415618386974,-0.10458372151754719,-0.0015509017371703282,-0.033851721585185804,-0.0499416639144299,-0.0643069503798702,-0.12108191543154953,True,False
cell_0062,S,12,72.943856,19.134865,32.71285350731464,0.4427678589543374,0.4385050925200978,0.004262766434239618,stable,38708.59360914598,4.757145874286291,13.39532860791898,905.1919464493786,22.151980646510143,10.0,129.99363358965164,37.15444282700765,0.021813558769219147,-0.06734145417633074,-0.04713706369399797,-0.0338517194640942,0.07124288818937771,-0.032209200810763006,-0.09568744679139222,True,False
cell_0063,T,13,72.905389,19.170561,29.881488765732698,0.6076701639047228,0.6192097288360023,-0.0115395649312795,stable,4793.136474223182,4.757145866037929,0.0,2813.14666237678,0.0,10.000000000000002,686.4734091602523,18.61612428673255,-0.16663947325474304,-0.22772632592017472,-0.23385776387722232,-0.03385172149050672,-0.06110207134186371,0.21535150775557405,-0.2237213511765298,True,False
cell_0064,T,13,72.905503,19.16153,27.974914750042686,0.4017458180381552,0.4028593416753503,-0.0011135236371951351,stable,3198.1313181240166,4.7571458682426435,0.0,2823.3876294371175,0.0,10.000000000000004,180.0047993423522,20.844969563659596,-0.2935392854753811,-0.02744319579242192,-0.24263902483318991,-0.033851720948864475,-0.06110207134186371,0.2166802924697486,-0.2237213511765298,True,False
cell_0065,T,13,72.905617,19.152499,26.759793342165494,0.08128745592872176,0.04278955884384149,0.03849789708488027,stable,861.7818025259726,4.757145880241761,0.0,2310.921731746642,0.0,80.0,7.786314010288699,25.96472524564426,-0.3744166483345862,0.28423633665333514,-0.25550173860083075,-0.03385171800098689,-0.06110207134186371,0.15018687955524343,-0.2237213511765298,False,True
cell_0066,S,12,72.905845,19.134436,29.312881375383668,0.5046273467909955,0.4699938247891374,0.0346335220018581,stable,24293.378842249436,4.757145867431864,1.4770822192208417,973.3421599865117,12.209246371905797,10.000000000000036,135.4237605145109,19.162914125838814,-0.2044854579732774,-0.12750632589117633,-0.12649966770840515,-0.03385172114805245,-0.04650859683676399,-0.023366582581221235,-0.15315441147303904,True,False
cell_0067,R/N,15,72.856697,19.260324,32.04306779681158,0.4152306748929358,0.40339611336533204,0.01183456152760376,stable,64989.21975536674,4.757145882244059,6.100105501309628,590.0146763056143,36.26351396166342,10.0,108.66935719971524,40.3822356924232,-0.022766761843271976,-0.04055864034481191,0.09755026561883644,-0.03385171750907328,-0.0008334329726743432,-0.0731040436859348,-0.014125678747654925,True,False
cell_0068,R/N,15,72.856814,19.251293,32.223849975856176,0.3600664792685173,0.3524644888275655,0.0076019904409518335,stable,91955.38771591162,4.757145863615413,9.599601025011143,563.7090110096594,60.948195807906735,50.000000000000064,223.94636730411543,53.49825364930714,-0.010734066346111008,0.013094354031080212,0.24601182822790058,-0.03385172208565711,0.033741351044960025,-0.07651725317440532,0.12854671907142512,True,False
cell_0069,M/E,16,72.916816,19.017133,30.744979981950685,0.5628880335153251,0.5522907639418343,0.01059726957349083,stable,22596.668084418863,4.757145869182742,0.0,2971.2960469275363,3.737048352816158,10.0,513.2746547505808,26.768900655041172,-0.109166292412836,-0.18417098422206668,-0.13584086630850636,-0.03385172071790617,-0.06110207134186371,0.23587168749143578,-0.20212197823005337,True,False
cell_0070,R/C,11,72.904703,19.22475,28.597747276411265,0.6488033318713506,0.6424265586190342,0.006376773252316448,stable,2716.9689566186903,4.757145867986892,0.0,3453.483979940642,0.0,10.000000000000005,2851.803499412988,16.79749660531766,-0.2520841255966424,-0.2677326670730803,-0.2452880521685631,-0.033851721011696194,-0.06110207134186371,0.2984364776105971,-0.2237213511765298,True,False
cell_0071,K/W,14,72.820207,19.142472,32.211854452821974,0.4225036997827967,0.3904931241387103,0.032010575644086436,stable,65541.80508032377,4.757145874205859,0.0,438.45014278314346,48.26057378001235,49.99999999999999,80.00158874026637,40.26759572732742,-0.011532477322029817,-0.04763242360394277,0.10059251029141987,-0.03385171948385421,-0.06110207134186371,-0.09276982663095146,0.05521486619938353,True,False
cell_0072,N,10,72.944637,19.071643,30.924794234553467,0.4189537740168043,0.3418247322747552,0.0771290417420491,gained,18024.722948092687,4.757145873417202,0.0,1845.206000099991,0.0,94.99999999999993,5.615087912668273,25.385469310817736,-0.09719802120904057,-0.04417974664560572,-0.16101159579795435,-0.03385171967760719,-0.06110207134186371,0.0897593885071163,-0.2237213511765298,True,False
cell_0073,M/E,16,72.944971,19.044547,33.89872320679344,0.32719042927650605,0.36313182510250275,-0.0359413958259967,stable,41850.69645018355,4.757145863301762,11.055755707862659,720.3367905642286,17.729768853297227,10.0,176.73081412274357,41.751382985357324,0.10074395483230687,0.04506977767964217,-0.02983829516517542,-0.033851722162713246,0.04812806287667152,-0.05619450454519908,-0.12124692388457256,True,False
cell_0074,R/S,22,72.886034,19.197438,30.18087285083082,0.6166004717836694,0.5307354765704958,0.08586499521317359,gained,10596.263581880085,4.757145866355131,8.293811052492819,1201.2537203810182,5.545510942730235,10.000000000000018,848.0107930680194,16.85951094345017,-0.14671274401782458,-0.23641199155855872,-0.20190879286724,-0.0338517214125782,0.020840232593332432,0.006205370521606197,-0.19166943540708756,True,False
cell_0075,P/N,21,72.886265,19.179375,32.435891920347835,0.47932524716332886,0.4450914729701296,0.034233774193199284,stable,15748.9005606186,4.757145872348753,0.0,1003.1096251058736,6.336472040292251,10.00000000000002,618.2671290876286,23.921342873280228,0.003379250376687274,-0.10289736724227061,-0.17354107897700471,-0.03385171994009799,-0.06110207134186371,-0.019504198062524212,-0.18709784250288503,True,False
cell_0076,P/N,21,72.88638,19.170344,32.67679204734012,0.481794303120588,0.48445441180541027,-0.002660108684822249,stable,21476.361086824276,4.757145866274658,0.0,834.062090740762,9.196451086307349,10.000000000000021,823.7815926864026,25.265492824129883,0.019413341173936154,-0.10529878439136703,-0.1420086884368901,-0.03385172143234847,-0.06110207134186371,-0.04143843320944038,-0.17056775024774024,True,False
cell_0077,P/S,20,72.886726,19.14325,31.84028872607083,0.5656232375069127,0.5230396812358262,0.042583556271086453,stable,11731.164150695478,4.757145869491993,0.0,1221.70805814143,1.7770329688562967,10.000000000000027,734.2477350307215,19.063945295006807,-0.03626355021210078,-0.1868312583857056,-0.19566062619785005,-0.03385172064193122,-0.06110207134186371,0.008859359270370298,-0.21345046511652285,True,False
cell_0078,R/C,11,72.857166,19.2242,32.8243591516522,0.29560510602173795,0.2908850795000289,0.004720026521709053,stable,76787.14891249218,4.757145873697566,7.867098890533622,64.86095537071735,73.9918003967122,50.00000000000013,508.1767826846406,53.92766654720942,0.029235271858525477,0.07578983353773339,0.16250346923236497,-0.033851719608728854,0.016624344692486696,-0.1412437255010237,0.20393607812739548,False,False
cell_0079,R/S,22,72.8574,19.206138,33.83113767694986,0.3875851120402672,0.370217460839336,0.0173676512009312,stable,61850.48919889553,4.757145866685826,7.4631239850314985,455.44818182598965,36.62134415147165,10.0,402.69035448488444,44.665254380058286,0.09624552415224796,-0.013670416716005265,0.08027006311826883,-0.03385172133133496,0.01263309937964614,-0.09056429913359688,-0.012057493647681047,True,False
cell_0080,P/S,20,72.857984,19.160982,32.22425163116104,0.46701712459654304,0.4574171143879326,0.009600010208610454,stable,61750.76923115264,4.757145867976897,4.614890229610521,192.9071297374128,42.6068980163392,10.000000000000007,466.20477752179585,37.48597790918994,-0.010707332538587633,-0.09092642080901493,0.07972105733234865,-0.03385172101415163,-0.01550726149764224,-0.12462949383671518,0.022537779951353795,True,False
cell_0081,P/S,20,72.858101,19.151951,32.80983619288445,0.4274228036174966,0.3847269934449916,0.04269581017250501,stable,59139.91758353481,4.757145872169571,0.1628883500848156,959.2585959300827,44.052644154189245,10.0,463.569846203421,41.77653704924815,0.028268637085707937,-0.05241677054112093,0.06534707894903069,-0.03385171998411844,-0.059492745230420536,-0.02519395147412195,0.030893896080763473,True,False
cell_0082,F/N,8,72.869108,19.034654,35.900595791291586,0.2716119277875754,0.2397001020015512,0.03191182578602422,stable,49667.34183736448,5.585984481410639,23.72121906670696,764.1788088916283,66.16700151095031,50.00000000000006,501.69276631007324,70.30841289027943,0.23398675210735462,0.09912572817529558,0.013196050324318675,0.16977282233681062,0.1732620020828913,-0.05050592030810738,0.1587103455683343,True,False
cell_0083,F/N,8,72.869223,19.025623,35.13518784904493,0.3032592547183225,0.26255175037750667,0.040707504340815825,stable,91388.19427314811,5.471421621069222,30.306008251663823,259.71986870913145,68.9215217449058,50.0000000000001,332.73040781863233,74.883895886774,0.18304190373327628,0.06834536720732415,0.24288915892844756,0.14162764456166108,0.2383192831479997,-0.11596041544453924,0.17463090752118812,False,True
cell_0084,M/E,16,72.916479,19.044228,32.81209525278304,0.4123637559108241,0.38256829148792165,0.02979546442290243,stable,79314.7744992568,4.757145873564604,0.27675387186580586,650.2365885934777,46.83075676680745,10.0,416.68081713172717,45.25700574938225,0.028418998033967625,-0.03777025947054624,0.17641924862121908,-0.03385171964139425,-0.05836776141604812,-0.06529013743713967,0.046950817143085716,True,False
cell_0085,M/E,16,72.916591,19.035196,29.572607825539624,0.5629471140752591,0.5621919383129731,0.0007551757622860089,stable,32028.010401742726,4.757145870818423,0.0,1447.667075154712,10.604873254215464,10.0,353.23992700536263,20.543069333522006,-0.18719830442860094,-0.184228446293506,-0.08391684729403011,-0.03385172031606101,-0.06110207134186371,0.03817796620154736,-0.16242735900880764,True,False
cell_0086,M/E,16,72.916704,19.026164,30.562673903022645,0.5988583002779393,0.5569580680222094,0.04190023225572992,stable,11987.551963863129,4.757145869551352,0.0,2396.536199454716,0.0,10.0,690.6227242481519,19.950176014953016,-0.1213004172840786,-0.2191558598006675,-0.19424908951112158,-0.03385172062734807,-0.06110207134186371,0.16129551757081526,-0.2237213511765298,True,False
cell_0087,K/E,19,72.858334,19.133888,35.35544509940592,0.26425408390781335,0.24939732122810787,0.014856762679705482,stable,89541.19512897574,4.7571458673866776,48.53610309190709,389.05928919000195,82.55306862081325,50.000000000000014,754.2452973870168,79.70563471956645,0.19770202365572662,0.10628200684175766,0.2327205513798097,-0.03385172115915352,0.4184314128688326,-0.09917838266749819,0.25341845239954697,False,True
cell_0088,K/E,19,72.85845,19.124857,34.499395010242715,0.2845371498425796,0.2586307571336416,0.02590639270893802,stable,56134.244216213665,4.7571458672988225,19.949429789443336,287.2382952884573,81.0615539322898,50.000000000000036,1475.6501260263396,60.60897104819841,0.14072411738390758,0.08655458744941996,0.04879941947224355,-0.03385172118073727,0.13599697381290743,-0.11238984790132726,0.24479780343516083,False,False
cell_0089,K/E,19,72.858567,19.115826,33.68728342087426,0.2847603004590744,0.25588050248052163,0.02887979797855278,stable,46774.43431011651,4.757145870391268,3.550075974373041,868.1142139934598,78.60568386606441,50.0,1317.4938084761332,53.623006285588104,0.08667071723003866,0.086337549955512,-0.0027307796430372008,-0.033851720421002165,-0.026027555821320363,-0.037020106249028975,0.23060337819350823,False,False
cell_0090,K/E,19,72.858683,19.106795,34.23412123213662,0.3401607023669219,0.3063082424717622,0.033852459895159726,stable,53828.542146866734,4.757145871345949,14.207457312565255,684.9835002259365,63.08699216403432,50.000000000000114,1114.1259208623055,54.068848036404226,0.12306773879503903,0.03245482007359254,0.03610543445267974,-0.03385172018646141,0.07926666600749188,-0.06078166037926451,0.14090852330597609,True,False
cell_0091,H/E,18,72.859148,19.07067,33.570073950182845,0.33565461811757674,0.33053239470880713,0.005122223408769611,stable,94517.05964499684,4.757145869011473,2.0250896157879485,599.9696963839455,38.8177487093508,50.000000000000014,373.9857730170177,51.11188606737491,0.0788693627067852,0.03683746193305972,0.2601150489020509,-0.033851720759982655,-0.04109432005085377,-0.0718123611298392,0.000637274176562384,True,False
cell_0092,H/E,18,72.859264,19.061638,33.35702280873401,0.24204429186519524,0.22785412799427252,0.014190163870922728,stable,80078.11225573541,4.757145864946273,6.7324162574069755,433.80253146323435,56.83876751444324,50.000000000000064,105.0383075276919,55.387560674702996,0.06468887476309251,0.12788337044479822,0.18062178552935979,-0.03385172175869872,0.005413755422345753,-0.09337286293044686,0.10479506644952859,True,True
cell_0093,F/N,8,72.859727,19.025513,34.32148711495613,0.3148819827569506,0.2755317176493195,0.03935026510763112,stable,62154.672133738306,5.58598447522827,10.16499251314153,479.89133088030724,67.95786691284164,50.00000000000003,734.6744754925693,62.231845851486035,0.12888273156901378,0.05704103919110988,0.08194473465082934,0.16977282081795986,0.03932738150424184,-0.08739275462629542,0.1690611802540141,True,False
cell_0094,T,13,72.933791,19.179916,31.62539575438551,0.5442768051844485,0.5442589374518175,1.7867732631016153e-05,stable,19210.500077178887,4.757145869267091,8.25561244401108,928.9423429531267,14.722129143346292,10.0,725.5470990252272,24.67685436262413,-0.05056662868164169,-0.16606960310588925,-0.15448332949968757,-0.03385172069718388,0.02046283287126239,-0.029127542248263315,-0.1386304644895282,True,False
cell_0095,S,12,72.934128,19.152821,35.998678896916765,0.28505898900685384,0.2744255268283027,0.010633462178551156,stable,68907.40501709105,4.757145867860146,38.60709226918465,344.33051676250363,79.14154602676365,50.000000000000085,484.1861736753286,72.44954833795431,0.24051507337021816,0.08604704386197153,0.11912173648553505,-0.03385172104283439,0.32033344349601534,-0.1049820249148833,0.23370055156781724,False,True
cell_0096,S,12,72.934241,19.14379,34.18575738830085,0.30029869261121644,0.2914053649513469,0.008893327659869554,stable,82498.7974731306,4.757145871001485,6.157718936227267,138.44504647026906,61.69222907278491,50.00000000000002,279.0544522488766,55.24825175328808,0.11984868584953526,0.07122482589033498,0.19394880739190146,-0.033851720271087446,-0.0002642160511780534,-0.1316960514499861,0.1328470787284196,True,False
cell_0097,S,12,72.934353,19.134758,34.0397300867719,0.27975811952051644,0.27794905965028804,0.001809059870228391,stable,86457.66966332108,4.7571458736987795,22.739096065827766,469.5621624509387,70.95118325524598,50.00000000000019,237.59353655908856,65.13153922942202,0.11012924302139827,0.09120269813225523,0.21574427912467378,-0.03385171960843079,0.16355869187598693,-0.08873298363379185,0.1863619347325191,False,True
cell_0098,G/S,7,72.821979,19.007007,32.69861165592807,0.23988193701138855,0.22844725996389892,0.011434677047489628,stable,88952.63130133749,5.585984482123281,1.9163343188644304,227.33295039192743,60.447265456333014,50.00000000000016,129.7924905325972,60.7034174041544,0.020865634245042647,0.1299864884454642,0.2294802279614362,0.16977282251188847,-0.0421688151820626,-0.12016267893641144,0.12565144438874762,True,True
cell_0099,G/S,7,72.822096,18.997976,33.60315917372001,0.20414389193189988,0.18958976670414204,0.014554125227757841,stable,76394.86402641772,5.58598448254067,1.2884709297988346,645.5409343655709,78.39934097544946,50.000000000000064,167.86160357720365,66.7089421378333,0.0810714847432719,0.16474550396179707,0.16034375461292982,0.1697728226144305,-0.04837206388533897,-0.0658994073941984,0.22941075861022464,False,True
cell_0100,G/S,7,72.822214,18.988945,33.794242311154775,0.31769749664687796,0.3606877345476011,-0.04299023790072315,stable,72693.14902851584,5.5859844830829415,4.515085332977022,88.65099206095476,38.268287254644676,49.999999999999964,299.94003027736153,53.51006451697241,0.09378980255283591,0.05430265518692708,0.1399640553643749,0.1697728227476527,-0.01649332726673218,-0.13815692354986125,-0.0025385003276576588,True,False
cell_0101,R/N,15,72.847187,19.260212,29.561909196653378,0.6183592773444513,0.5856879693269845,0.03267130801746676,stable,25211.528041230984,4.757145868485387,1.3475760892061226,837.8711625975312,9.415678093981025,94.99999999999993,24.45419825676319,14.971340352717002,-0.18791039532332107,-0.2381226153389433,-0.12144482027926724,-0.033851720889228554,-0.04778810882467545,-0.04094419898051973,-0.16930066311061087,True,False
cell_0102,N,10,72.915914,19.089386,33.956222537251556,0.30174660710705614,0.28642724243759987,0.01531936466945627,stable,90067.73579355697,4.757145871264901,12.26966242623336,480.08618798301774,63.11655806326341,50.00000000000016,489.0147579671257,59.91112814801408,0.10457105736171293,0.06981657643753823,0.23561940782672197,-0.03385172020637286,0.060121380862353316,-0.08736747155117133,0.1410794081390465,True,False
cell_0103,N,10,72.916027,19.080354,33.64765742199565,0.36761301027294196,0.33495287066399504,0.032660139608946925,stable,86434.68384945483,4.75714586651031,11.975032389033167,255.72875236580578,51.32357676081351,50.00000000000018,196.26715222634695,52.98823167371071,0.08403324720507854,0.005754557248859671,0.21561773130188272,-0.03385172137445468,0.05721045560689551,-0.11647827028756895,0.07291839515389577,True,False
cell_0104,R/C,11,72.847541,19.233119,31.762994996280153,0.34101144257798227,0.33374755398197076,0.007263888596011514,stable,80433.9715771743,4.7571458627639025,5.801248108888569,109.85738928446375,59.22525868930746,50.000000000000284,433.75495665941787,47.34743192293202,-0.041408149747996593,0.03162738555301808,0.18258096011460748,-0.033851722294851644,-0.003786124217754744,-0.13540535367298434,0.11858849592991581,True,False
cell_0105,R/C,11,72.847659,19.224088,31.931823498700187,0.3127634876804646,0.3189414561266462,-0.006177968446181625,stable,76425.2681125649,4.7571458667184245,2.798897764286406,290.7940857017711,61.57599357847464,50.00000000000014,328.05937627203207,48.16019066817524,-0.03017107996823242,0.05910149893565018,0.16051114354804713,-0.03385172132332626,-0.03344914678967441,-0.11192847741549501,0.13217526141320243,True,False
cell_0106,R/S,22,72.847894,19.206026,32.79192713309107,0.31863682396962373,0.3091494527273956,0.009487371242228149,stable,77880.37936841443,4.7571458709645045,5.288251561201746,245.16281970309873,62.906099159022745,50.0000000000001,442.6489773483832,51.064379639884095,0.027076626544221053,0.053389060363438136,0.1685222221384326,-0.03385172028017254,-0.00885449613534568,-0.11784921989911282,0.13986299884127135,True,False
cell_0107,R/C,11,72.819137,19.223751,29.87172655960775,0.5587187513179735,0.4823810544045571,0.07633769691341646,gained,15486.818458319118,4.757145862599091,0.0,962.3966384423626,12.390334510838017,95.0,19.18911664572196,16.496829567983305,-0.16728923671208595,-0.18011591785603065,-0.17498396542999198,-0.033851722335341575,-0.06110207134186371,-0.0247867845632062,-0.15210775917429833,False,False
cell_0108,P/N,21,72.819494,19.196658,35.07730156751007,0.32777300213494676,0.34514890295817624,-0.017375900823229484,stable,73494.26901531892,4.757145870730485,13.728839281321259,341.8775708387323,56.97037862802092,50.000000000000064,274.7022696927818,57.173529105739654,0.17918904609624056,0.044503164173478195,0.14437460139568928,-0.03385172033766527,0.07453795155561481,-0.10530029925645674,0.10555575169030774,True,False
cell_0109,P/N,21,72.819613,19.187627,38.753264905069884,0.22247558982843282,0.20141589492836773,0.021059694900065096,stable,76936.11359548132,4.757145866311125,29.714610100073557,180.91609419880342,93.95585254098394,50.00000000000001,380.5772807971146,81.40729949960831,0.42385778354227466,0.1469159956546395,0.1633235905652325,-0.0338517214233895,0.2324763085760437,-0.12618535322352423,0.3193242045513086,False,True
cell_0110,P/N,21,72.819732,19.178596,33.367717886153116,0.4269426823044228,0.4536721116552323,-0.02672942935080952,stable,45567.72667552358,4.75714586410229,4.413374649405998,759.8166403376495,28.610061286180294,95.0,100.09323613714955,38.04908501442182,0.0654007292754277,-0.051949801960893965,-0.009374278315376298,-0.03385172196604399,-0.017498222084552796,-0.05107191987250683,-0.05836106535735554,False,False
cell_0111,K/W,14,72.820326,19.133441,33.21604006355643,0.3513256630370431,0.3348554166414054,0.01647024639563771,stable,78242.09133988353,4.757145874476155,2.4747849999480342,372.45832370501006,61.18268222425768,50.00000000000021,235.12234161088318,50.29312022700109,0.05530519296414055,0.0215957190704791,0.1705136183419005,-0.03385171941744942,-0.0366513594367432,-0.10133238912480147,0.12990200246074232,True,False
cell_0112,M/E,16,72.945082,19.035515,33.188317389901556,0.3837443015077948,0.3906786835626947,-0.006934382054899879,stable,48526.46915413571,4.7571458674910385,17.095955945691582,563.0460039646872,34.43736532989821,10.0,286.29124465601524,44.127904984006975,0.053459997313666956,-0.009934823663935275,0.006915004328537638,-0.03385172113351469,0.10780484120993948,-0.07660327958397763,-0.024680443264809327,True,False
cell_0113,P/N,21,72.848129,19.187964,33.3664934652798,0.3040839531483948,0.29175932464711146,0.012324628501283352,stable,83045.06550329545,4.757145865310632,6.697482818801917,179.84840617277052,78.63086509047736,50.00000000000008,672.8591863877647,57.05359278182067,0.0653192329487056,0.06754326106348162,0.19695627235615998,-0.033851721669184945,0.005068615362419158,-0.12632388775059974,0.23074892050551346,False,False
cell_0114,P/S,20,72.848363,19.169902,33.412715815991945,0.33854517883473273,0.3073826368076175,0.031162542027115214,stable,90626.01749164412,4.75714586658186,3.8176082352464142,428.1106466811622,68.90147593639682,50.00000000000013,516.014816978407,55.661528266721035,0.06839575008231633,0.03402608697969966,0.23869301373896462,-0.033851721356876696,-0.02338435480140237,-0.09411139567337037,0.1745150468597458,False,False
cell_0115,P/S,20,72.84848,19.160871,33.476954551483686,0.29228432227999784,0.2766546647483151,0.015629657531682717,stable,76429.21236949874,4.757145876815597,4.354959019049245,222.46823802052117,79.57432405527014,50.00000000000012,452.9529407108578,56.0476734480368,0.0726714212097459,0.0790196457266429,0.16053285855585198,-0.03385171884270798,-0.01807536464386158,-0.12079388450517221,0.23620191980237817,False,True
cell_0116,F/S,6,72.850695,18.989278,36.982438185007034,0.26129468514069404,0.23617750605076013,0.02511717908993391,stable,98034.47506479823,5.585984479364917,2.9950189890809127,973.6303566577656,72.63891795295945,50.00000000000014,304.47955969982615,77.34457348526018,0.30599318641571827,0.10916033405401905,0.27948009143731145,0.16977282183422884,-0.031511482076969854,-0.023329188521736235,0.1961166951019296,False,True
cell_0117,K/E,19,72.849299,19.097653,33.006944560662504,0.24569299891579757,0.24932050214377646,-0.00362750322797889,stable,74271.8604864395,4.757145870293395,1.8784232408482526,41.84074341261276,88.63704264345628,50.00000000000005,930.4417679524606,56.27181202634882,0.041387988683028114,0.12433461827594415,0.1486556117729498,-0.03385172044504703,-0.0425433741221748,-0.14423064124704318,0.28858257432285933,False,True
cell_0118,H/E,18,72.849532,19.07959,34.73560533532588,0.24780707118935522,0.23502284128183734,0.012784229907517874,stable,91832.12950768549,4.757145872214304,18.019441740396296,480.3398961753813,74.29344488156319,50.00000000000015,247.33432296852,67.87209743510473,0.1564460592812333,0.12227846017340112,0.24533323324827946,-0.033851719973128656,0.11692881970312993,-0.08733455243661042,0.20567952137736967,False,True
cell_0119,R/N,15,72.847305,19.251181,33.15295598326935,0.38747119014987536,0.33719129095676365,0.05027989919311171,gained,55645.58511810402,4.7571458696820885,21.88009532912084,388.8556579109754,51.581656170929605,50.00000000000006,287.0258394884957,49.43445785406007,0.051106374624720126,-0.01355961567059351,0.046109119041176,-0.033851720595229486,0.1550718214852466,-0.09920480420848198,0.07441004120784728,True,False
cell_0120,T,13,72.915121,19.152607,26.243938762411357,-0.05980561871980078,-0.07656656378377893,0.016760945063978155,stable,16.062169390597997,4.75714593461943,0.0,1488.8863942662572,0.0,80.0,0.0537946304511265,25.67995782791771,-0.4087514545184756,0.4214642225113066,-0.26015782686847594,-0.033851704641778065,-0.06110207134186371,0.04352625028852901,-0.2237213511765298,False,False
cell_0121,S,12,72.915348,19.134544,30.991746051560757,0.5095607123238558,0.49658510209852097,0.012975610225334833,stable,38443.3063512008,4.75714586257269,3.281024198241495,434.3313713162349,24.29954303956675,10.00000000000002,574.3745450617041,26.01238088398809,-0.0927417698722779,-0.1323045438329532,-0.0485975960511516,-0.03385172234182765,-0.028685769551358143,-0.09330424496607169,-0.08327497666145625,True,False
cell_0122,S,12,72.915461,19.125512,31.19299602043206,0.4506526750351055,0.41259949609486873,0.03805317894023674,stable,62510.15846291659,4.7571458663200055,11.247998196088545,125.1081055355451,34.81262196498033,10.00000000000001,262.77567916652015,36.240092817230604,-0.07934675711693268,-0.0750102688494687,0.08390185573652406,-0.03385172142120769,0.05002740592895016,-0.13342654459028203,-0.022511536885615583,True,False
cell_0123,H/E,18,72.849649,19.070559,34.5664708938908,0.2717582673664007,0.26585435403584573,0.005903913330554955,stable,86993.19189625939,4.757145871257671,14.597977358675662,523.6003897845753,51.12470160130948,50.000000000000085,212.06423045404523,60.323448841038775,0.1451886264821264,0.09898339751116084,0.2186925833713225,-0.03385172020814903,0.08312497820059975,-0.08172142212412503,0.07176893752467339,True,False
cell_0124,H/E,18,72.849766,19.061528,33.749110326152426,0.2759920550216031,0.24841077703604053,0.02758127798556259,stable,82523.98184213323,4.757145865052038,7.61280146481761,346.38395944773964,60.2285630806214,50.00000000000009,256.08684712628155,56.181747878373464,0.09078585915760924,0.0948655927886943,0.19408745930495502,-0.03385172173271491,0.014111902967437227,-0.10471558686899378,0.12438738951674796,True,False
cell_0125,G/N,9,72.849998,19.043465,35.98511857693145,0.2630672240720012,0.2222437144078872,0.04082350966411402,stable,90273.45429555082,5.571095867125982,37.690335423022184,10.392871114428656,79.64480420736697,50.000000000000085,276.5255880017893,82.20610622773793,0.23961251094902325,0.10743635312334493,0.23675198588928867,0.16611506890242111,0.3112759465687929,-0.14831106175390935,0.23660928062480815,False,True
cell_0126,N,10,72.934802,19.098631,31.35139249639286,0.5659130993158444,0.5277504614503891,0.03816263786545537,stable,30837.596094627257,4.757145870303337,0.0,945.2791556287879,0.41522973722031703,95.0,37.20963633632848,20.03178746982638,-0.06880403341965093,-0.1871131795454065,-0.09047064345984535,-0.03385172044260447,-0.06110207134186371,-0.02700781011419307,-0.22132140846614703,False,False
cell_0127,N,10,72.934914,19.0896,30.48600161731344,0.6107645096305534,0.5433895815153881,0.06737492811516532,gained,24502.990064077832,4.757145872133922,0.0,1759.9058592172098,0.0,94.99999999999991,3.1396128343838288,18.92302610883261,-0.12640365407371032,-0.23073590327276394,-0.12534565837424352,-0.03385171999287645,-0.06110207134186371,0.07869153498760272,-0.2237213511765298,True,False
cell_0128,N,10,72.935026,19.080568,31.160404234913145,0.4237156211688984,0.3706863527766369,0.053029268392261464,gained,16593.002523610376,4.7571458709808825,0.0,1620.332261309765,0.08464842686707869,95.0,5.5770542332076625,24.52273653354005,-0.08151603637294344,-0.048811144884594475,-0.16889389675183678,-0.033851720276148876,-0.06110207134186371,0.060581598464122456,-0.22323210063208423,False,False
cell_0129,S,12,72.934465,19.125727,33.88126956597493,0.4003425672057937,0.4208803469372802,-0.020537779731486516,stable,74701.86923169941,4.757145876963372,9.039343242045147,521.024717743911,31.33229360233612,10.0,255.3469359508192,46.53112222985733,0.09958225655875012,-0.026078386459766123,0.15102301415471406,-0.03385171880640362,0.02820604125271918,-0.0820556204099116,-0.04262712094657727,True,False
cell_0130,A,1,72.832408,18.934869,34.19524677551087,0.20426812883393683,0.21356000344895867,-0.009291874615021845,stable,103060.91437124465,5.585984480519155,0.0,114.01605614691852,75.88767718654692,50.00000000000005,466.1044265904845,69.7475426913782,0.12048029073092473,0.16462467048039095,0.30715302720209997,0.16977282211779562,-0.06110207134186371,-0.1348657588353468,0.21489385709574893,False,True
cell_0131,R/C,11,72.819018,19.232782,28.214034825044,0.4236218811817244,0.22568132303865743,0.19794055814306696,gained,5274.1892085263125,4.757145878124317,0.0,1176.69675824324,5.747282743889706,79.99999999999997,5.976587863925968,14.950095749399686,-0.2776236733008023,-0.04871997286717062,-0.23120934009166635,-0.03385171852118896,-0.06110207134186371,0.003019058552922984,-0.19050323578324768,True,False
cell_0132,F/S,6,72.850579,18.998309,34.519010626184084,0.2606974185169442,0.2502751147948103,0.01042230372213393,stable,79799.52794960381,5.585984475050425,17.098436909601645,715.898878783871,71.5189642172673,50.00000000000014,302.6284429162316,71.78865602749376,0.14202971473238032,0.10974123879562235,0.17908804660630728,0.16977282077426784,0.10782935296906733,-0.056770331935508074,0.18964359223137536,False,True
cell_0133,K/W,14,72.839447,19.124635,33.563087695488456,0.29716665775201406,0.28099986535246807,0.016166792399545993,stable,47155.63827275666,4.757145865694492,13.095928287950748,325.1808934955272,66.91582332889686,50.000000000000114,497.5203058674811,51.52929907564615,0.07840436402247096,0.07427105989744337,-0.0006320707701588145,-0.03385172157488052,0.068284832856087,-0.10746672450716203,0.16303838207984944,True,False
cell_0134,K/W,14,72.839565,19.115604,33.134899624566486,0.264520117038738,0.24953846010668654,0.014981656932051474,stable,46354.790035424216,4.7571458646632845,12.740832244579417,282.4216528837,77.53989750126131,50.00000000000008,454.69612630571135,53.25988252276779,0.049904560003349294,0.10602326158288573,-0.005041120691565849,-0.03385172182822185,0.06477650746406187,-0.11301481630161382,0.22444335161603465,False,True
cell_0135,R/C,11,72.838033,19.233007,31.91838283621042,0.39464330728691693,0.3766009509180715,0.018042356368845436,stable,57371.70008301366,4.757145872402579,0.5979207000711042,294.64456054704334,42.118112221205024,49.99999999999999,215.7839941469383,37.37144767363573,-0.031065678096621967,-0.020535255504750664,0.05561220176721703,-0.03385171992687424,-0.05519465442287741,-0.11142887107103881,0.019712698313839733,True,False
cell_0136,R/C,11,72.838151,19.223976,32.270952924671526,0.35664567483808274,0.3298658595275532,0.02677981531052953,stable,66960.15064160369,4.757145875048114,0.3510738497065199,361.06233978192637,47.58930437292061,49.99999999999996,262.4518152183372,42.47659052079557,-0.007598937413000573,0.016421446881608258,0.10840117627078105,-0.03385171927693357,-0.05763348495687433,-0.10281103944666613,0.05133506671527772,True,False
cell_0137,T,13,72.914553,19.197764,28.253269986028467,0.5596126071347731,0.5539574134902663,0.00565519364450684,stable,3709.949325651974,4.757145866516646,0.0,3482.8412492070975,0.0,10.0,252.85800699726815,19.268541402823317,-0.2750122170864609,-0.18098528684743448,-0.2398212236061029,-0.03385172137289802,-0.06110207134186371,0.302245638446809,-0.2237213511765298,True,False
cell_0138,M/E,16,72.935585,19.035409,30.959965968771304,0.4761590331418109,0.45514947745988077,0.021009555681930137,stable,33573.40451578117,4.757145871236899,0.0,1453.070984994898,16.720788923199557,10.000000000000014,296.75645734194785,28.02462797306,-0.09485702294147404,-0.09981789039743508,-0.07540871868811595,-0.03385172021325213,-0.06110207134186371,0.038879133654787894,-0.1270786209214242,True,False
cell_0139,H/W,23,72.830652,19.070336,32.23720942444883,0.2567881956022199,0.2507361232554999,0.0060520723467200055,stable,74670.18257459425,4.757145866962354,2.1275987427633165,103.42652898662,74.26990092698344,50.000000000000185,690.8391019242423,51.79532889018663,-0.00984487373998746,0.11354337009988034,0.15084856405729669,-0.03385172126339904,-0.04008153666507571,-0.13623976987727643,0.20554344214916814,False,True
cell_0140,H/W,23,72.83077,19.061305,32.53969159745804,0.2760778046095529,0.2665325474820148,0.009545257127538065,stable,72643.37191875894,4.757145866734388,0.858551163929591,441.08101119417177,76.93224644297983,50.00000000000007,648.77609293422,53.04189129660375,0.010288061377701814,0.09478219227667874,0.13969000873277773,-0.033851721319404504,-0.05261964270039016,-0.09242846651242143,0.22093125313883616,False,False
cell_0141,E,5,72.831941,18.970994,34.91996983073388,0.22347743557130073,0.20866612735799514,0.01481130821330559,stable,55280.01124108506,5.585984484277483,2.8881082705494725,431.2725323716566,81.70544129323339,50.00000000000006,305.35354174122114,65.346759787298,0.16871719045940647,0.1459415950783387,0.04409646121338609,0.16977282304112107,-0.03256775289582343,-0.09370113506529087,0.24851934030905828,False,True
cell_0142,T,13,72.914666,19.188733,26.850036246931996,0.34593725225338234,0.29806565644098837,0.047871595812393974,stable,1380.4656891914778,4.757145869005628,0.0,2761.314654793341,0.0,80.0,53.09940983227355,19.53829525668419,-0.36841016362700496,0.02683651647898468,-0.25264613744803915,-0.033851720761418645,-0.06110207134186371,0.20862620740297377,-0.2237213511765298,False,False
cell_0143,T,13,72.91478,19.179701,28.577592598314826,0.6278081788227983,0.6572376261482837,-0.02942944732548547,stable,4667.858259129592,4.757145872542198,0.0,2117.4710632495844,0.0,10.0,618.7473673055466,11.945312386199017,-0.25342560242615847,-0.24731266791086376,-0.23454747995408137,-0.033851719892573406,-0.06110207134186371,0.1250862919123733,-0.2237213511765298,True,False
cell_0144,T,13,72.914894,19.17067,28.821052242181967,0.5360439679700153,0.589679271406306,-0.05363530343629075,lost,8280.758992830228,4.757145879948774,0.0,1814.2209055553442,1.0998016044164602,10.0,343.952456121794,15.067444342806038,-0.23722115254076426,-0.15806230119993894,-0.21465674541362234,-0.03385171807296632,-0.06110207134186371,0.08573901428311952,-0.2173647234912008,True,True
cell_0145,T,13,72.915007,19.161638,26.539187782647073,0.07958524393904809,0.048933791964011104,0.030651451975036985,stable,2480.9090323306127,4.757145858337718,0.0,1911.0374658647377,0.5981746218693708,79.99999999999989,10.177293460721081,24.188498156238687,-0.3890999513940716,0.28589191722103424,-0.2465876741719735,-0.033851723382252535,-0.06110207134186371,0.09830114485732383,-0.22026402455801342,True,False
cell_0146,M/E,16,72.925976,19.044335,32.94415234455807,0.414276360986023,0.3999564488728144,0.0143199121132086,stable,79233.18600128069,4.75714587334972,2.39714189601874,950.3247205925278,31.680462724082208,10.00000000000002,461.04728658927417,44.5403532562532,0.03720859655505633,-0.03963046948868211,0.17597006518817873,-0.0338517196941858,-0.03741846816159581,-0.02635313858183765,-0.04061477483835156,True,False
cell_0147,M/E,16,72.926088,19.035303,31.357186317668695,0.4509003950467947,0.46033940746046814,-0.009439012413673453,stable,62854.684328276315,4.757145867353978,0.0,1790.7323872798713,39.37695490194774,10.000000000000014,196.78464446523006,41.10655729933979,-0.06841840200650216,-0.0752512026697395,0.08579863426306082,-0.03385172116718688,-0.06110207134186371,0.08269133491268801,0.003869371266978218,True,False
cell_0148,M/E,16,72.9262,19.026271,30.26937894160465,0.5541888651460863,0.5539024199475908,0.00028644519849552186,stable,18362.274829785663,4.75714586834661,0.0,2740.497745143489,11.810746460960162,10.000000000000012,187.27182420500486,25.761851041294637,-0.1408218600515302,-0.17571012611824421,-0.1591532123639013,-0.033851720923322524,-0.06110207134186371,0.20592517427044793,-0.15545765921912888,True,False
cell_0149,R/S,22,72.838387,19.205914,32.37868785175005,0.29940182346006833,0.27730371347871274,0.022098109981355585,stable,82066.65758199253,4.757145867663124,8.740203274062985,62.84557959343332,71.2939771426676,50.00000000000011,187.30029929658352,53.53828692541378,-0.00042819979496949923,0.07209712566698867,0.19156967203985822,-0.03385172109123767,0.025250558179808848,-0.14150522429409615,0.18834321308890228,False,True
cell_0150,P/N,21,72.838623,19.187852,33.17006304952287,0.29755414814184405,0.27067284071864156,0.026881307423202494,stable,89535.431681566,4.757145868361013,7.21092843545183,213.39017982391982,75.17666965263265,50.00000000000008,253.57782619915415,57.677973204828604,0.05224500521411873,0.07389418465307639,0.2326888208643832,-0.033851720919784146,0.010141424051625528,-0.12197177960970286,0.21078437938958125,False,True
cell_0151,P/S,20,72.838859,19.16979,34.72424706391451,0.33017315027829824,0.31770881862503386,0.012464331653264382,stable,83440.89388071341,4.757145864619288,20.6314571003354,663.142807459663,65.29098914078494,50.00000000000017,294.19249438270947,63.4918718057882,0.15569006318698678,0.04216876713607188,0.19913549557847549,-0.03385172183903074,0.1427353584767857,-0.0636155312943665,0.15364717375396109,True,False
cell_0152,P/S,20,72.838977,19.160759,34.387011614664395,0.3064593222580267,0.2841461623311734,0.022313159926853288,stable,78605.30701734936,4.757145869269057,1.6697124260688687,136.85539167062498,68.85074557532408,50.000000000000036,350.97195693929746,54.666629925234844,0.13324398197964685,0.06523296424799913,0.1725132931610882,-0.03385172069670078,-0.044605423150175544,-0.13190231214647463,0.17422183577841374,False,True
cell_0153,P/N,21,72.829118,19.18774,33.12056013629562,0.43708150418935815,0.3510601502564757,0.08602135393288246,gained,64116.42554376254,4.757145865447312,1.8496530184951252,582.4860398079093,33.68788796692892,49.99999999999997,102.10049122169033,39.969868400399605,0.048950136857991336,-0.06181087484364288,0.0927451189372429,-0.033851721635606145,-0.04282762201369561,-0.07408089841437857,-0.029012268692092426,True,False
cell_0154,P/S,20,72.829473,19.160647,34.60051050387223,0.2374632475579113,0.2567110789613079,-0.019247831403396615,stable,38132.21776643429,4.757145867057788,13.305712961984154,564.6619056061878,26.70582379293178,80.00000000000004,62.46880235401444,47.41106803508601,0.14745427160219982,0.13233891886116309,-0.05031028646648437,-0.03385172123995337,0.07035749154240041,-0.0763936133104524,-0.06936716747651678,True,False
cell_0155,K/W,14,72.82971,19.142585,33.06572340407603,0.2627511255124645,0.2484035821066773,0.0143475434057872,stable,60083.28303274729,4.757145871709281,10.606239684026853,328.74785059213326,80.54175502875712,50.000000000000014,159.02021460568037,55.794286919672366,0.04530025441744988,0.10774379228827938,0.07054075381252647,-0.03385172009719987,0.043686874330686576,-0.1070039051231955,0.24179347239242463,False,True
cell_0156,K/W,14,72.829828,19.133554,33.80735753192806,0.25977181058094256,0.23556327271520536,0.024208537865737206,stable,48143.586938788365,4.757145874102564,2.2169343855393544,272.8819680643599,76.66412213740469,50.00000000000004,194.03346776899025,51.53408188410161,0.09466273958001971,0.11064149006952284,0.004807055877394845,-0.0338517195092312,-0.039198906430763826,-0.11425260832763026,0.21938154964951195,False,True
cell_0157,K/W,14,72.829946,19.124523,32.96609373925151,0.3166606625819896,0.31105144596309653,0.005609216618893076,stable,69463.39481527176,4.757145866900522,4.100726767471224,352.6307199120275,59.25446501176621,49.999999999999986,301.2424197350413,49.31596682961703,0.03866899559728761,0.05531108559405087,0.12218272440022054,-0.03385172127858945,-0.020587162452743897,-0.10390505796394503,0.118757302483009,True,False
cell_0158,K/W,14,72.830064,19.115492,32.41001026296196,0.3533286831808963,0.3617209313272506,-0.008392248146354309,stable,78147.06045605744,4.757145872021199,1.2980528314157584,373.64772487211417,53.72385798258808,50.000000000000135,188.4749515730027,46.55074567638504,0.0016565910751349985,0.01964757086861568,0.16999042819009313,-0.03385172002056966,-0.048277395331931885,-0.10117806208902863,0.08679152827684934,True,False
cell_0159,K/W,14,72.830181,19.106461,32.32641513342244,0.30262532539453446,0.2939247439827582,0.008700581411776265,stable,79066.75770665848,4.7571458711187065,3.537435882869916,458.74269840417463,75.96793733508137,50.00000000000009,212.6955408469149,53.668426993886385,-0.003907423830043686,0.06896193028884684,0.17505379837866666,-0.03385172024228904,-0.026152439088272344,-0.0901368294186867,0.21535774429154314,False,True
cell_0160,M/E,16,72.935362,19.053473,37.34431221353259,0.19493535697915917,0.18291755092814227,0.012017806051016905,stable,77340.22376362425,4.757145865024314,38.69334384766013,1171.1947351218903,78.37047316768724,49.99999999999994,213.8750007845403,83.51514274258648,0.33007918878935244,0.17370177475369647,0.16554840897904982,-0.033851721739526115,0.32118560337928204,0.0023051607171414605,0.22924390860264218,False,True
cell_0161,M/E,16,72.935473,19.044441,32.130507323138794,0.46025316735094607,0.4468579786154695,0.01339518873547657,stable,59143.02082911483,4.757145866927554,10.363983964840227,1520.9469342135449,25.397715955115856,10.000000000000027,599.4220223152968,41.395045209154716,-0.016946867425184312,-0.08434775948804485,0.06536416378988179,-0.033851721271948444,0.041293403868677,0.04768616557378879,-0.07692776246370851,True,False
cell_0162,K/W,14,72.839212,19.142697,35.08925221771497,0.22154613887692642,0.2093280387833767,0.012218100093549733,stable,48143.759933028756,4.757145870397126,27.685698357586215,375.64129654111684,84.82888396235192,50.0000000000001,326.83609602852556,66.22793590006523,0.1799844703779293,0.14781998466615998,0.004808008292854408,-0.0338517204195629,0.2124307949263668,-0.10091939241996566,0.2665721982648268,False,True
cell_0163,K/W,14,72.83933,19.133666,33.98490592861372,0.32488142681634824,0.28864382771181274,0.0362375991045355,stable,56009.901438170215,4.757145869802561,13.981536935874402,212.59923501611974,64.19378177811409,50.00000000000012,359.7563006684957,52.48520746838078,0.10648019749881506,0.04731552593367689,0.048114853420645406,-0.03385172056563245,0.07703458764752111,-0.12207440618433868,0.14730554025379816,True,False
cell_0164,N,10,72.925301,19.098525,36.237007166091175,0.33311520550355117,0.30826343233102815,0.024851773172523017,stable,83724.9850117606,4.7571458720070465,0.0,660.0902512440093,55.480209111277155,50.00000000000009,159.1437495814592,58.03063573211242,0.25637798367750914,0.03930730834622981,0.20069955218823748,-0.0338517200240465,-0.06110207134186371,-0.06401160619770532,0.09694287754289035,True,False
cell_0165,N,10,72.925414,19.089493,31.764062907820048,0.5414255356440768,0.49486221297738886,0.046563322666687945,stable,55201.79307638696,4.757145868217969,0.0,1353.6620222302379,11.723565631586801,10.000000000000004,68.32661321975304,30.300925898039683,-0.04133707053850055,-0.1632964429631172,0.043665833065831564,-0.03385172095492636,-0.06110207134186371,0.025980633992073524,-0.15596154653062144,True,False
cell_0166,R/C,11,72.885572,19.233563,28.94477158782357,0.6430214964618051,0.6525281910218648,-0.009506694560059703,stable,4452.44608906361,4.757145874639033,0.0,2021.2021263342067,0.0,10.000000000000007,1448.4890135357107,11.808923525265163,-0.22898650673064724,-0.26210922275019477,-0.23573342626353835,-0.03385171937743451,-0.06110207134186371,0.11259521650227657,-0.2237213511765298,True,False
cell_0167,R/C,11,72.885688,19.224531,29.162370409702365,0.6301997914764841,0.6630940020169276,-0.0328942105404435,stable,4958.573308372646,4.75714586962392,0.0,1651.0392628808297,0.0,10.0,1549.7324373466479,11.190641678621459,-0.2145033293619168,-0.24963876328495668,-0.2329469555285218,-0.03385172060952003,-0.06110207134186371,0.06456588960238742,-0.2237213511765298,True,False
cell_0168,M/E,16,72.925751,19.062398,38.28903428930822,0.1886293833783837,0.15884514450860693,0.02978423886977677,stable,79635.09711255918,4.757145873262514,68.55456756624281,198.20961346996484,93.26151905457453,50.00000000000004,442.8803193765952,94.89062352816882,0.3929590209018398,0.17983499871005498,0.17818277674948224,-0.033851719715610046,0.6162125161384703,-0.12394148661147346,0.3153110994195855,False,True
cell_0169,M/E,16,72.925864,19.053366,36.15692429409783,0.24372366466984038,0.20812672283350425,0.03559694183633613,stable,83687.75349821859,4.757145862522474,22.271684929907675,280.8210345889984,72.09621947494922,49.99999999999998,154.0908841786333,69.80440306035939,0.2510477414029299,0.12625000339171702,0.2004945750225225,-0.03385172235416441,0.15894070080772554,-0.11322249953218148,0.19298000921580918,False,True
cell_0170,S,12,72.92485,19.134651,32.49477254664617,0.4767041193413713,0.4308785260687361,0.04582559327263519,stable,68044.64743435549,4.757145869490363,6.897760674665084,252.84407219061657,21.884664905690492,10.000000000000018,559.3539463869611,35.924016868477736,0.007298290686269896,-0.10034804417686308,0.11437184621291091,-0.03385172064233162,0.007047347314806282,-0.11685256295929519,-0.09723247694228021,True,False
cell_0171,S,12,72.924963,19.12562,34.127303858966805,0.3259823903954268,0.31896539931885076,0.007016991076576051,stable,80729.01988008682,4.7571458684157015,13.03768164101513,619.0819373026173,56.182735928264925,50.00000000000004,336.23166592992754,57.27251611657308,0.11595807272091813,0.046244722814955855,0.18420534115976137,-0.033851720906348526,0.06770935984178798,-0.06933251196747732,0.1010033384447636,True,False
cell_0172,S,12,72.925076,19.116588,35.52014591625836,0.33310160133284744,0.30386572726179895,0.029235874071048495,stable,74083.23837020867,4.757145870773003,25.42969264284999,585.0100573507209,51.33305232973012,50.00000000000006,421.0173721734402,61.97744260735868,0.2086643584820491,0.039320539836075606,0.1476171574341935,-0.03385172032721947,0.1901416078703279,-0.07375340239672355,0.07297316199863187,True,False
cell_0173,F/S,6,72.841085,18.998198,32.97325517445567,0.31722528802261124,0.28162667834412336,0.03559860967848788,stable,54743.76565434158,5.585984484216827,3.1869309234547005,150.9115154308564,68.17840606378678,50.00000000000017,221.90334541500266,54.01126729112781,0.03914565413514635,0.05476192784331683,0.04114417456047215,0.16977282302621957,-0.02961540487485879,-0.1300785036835533,0.1703358513101094,True,False
cell_0174,E,5,72.841434,18.971105,34.57758598407301,0.2543024762582392,0.23221188044489185,0.022090595813347352,stable,79279.00009175361,5.585984490705565,2.5896209729517885,459.01068079687366,76.0498395594029,50.00000000000002,367.84466314578924,66.94639318106847,0.14592843665751434,0.11596099414883154,0.17622229351632215,0.16977282462033716,-0.03551678762855867,-0.09010205819981758,0.21583112234856866,False,True
cell_0175,R/C,11,72.828525,19.232895,32.40696357406641,0.42197973670714634,0.38898186609486013,0.032997870612286206,stable,38935.05883240616,4.757145863716653,0.6600186325757222,733.2043838198797,34.05664664342601,50.00000000000001,141.38378136565927,34.509898528605916,0.0014538062655453869,-0.04712281428882749,-0.0458902650768934,-0.03385172206078504,-0.054581130962210754,-0.0545249101479526,-0.026880919180677244,True,False
cell_0176,R/C,11,72.828644,19.223864,33.348180655123905,0.39021276501751573,0.36020700969906516,0.030005755318450567,stable,63188.00290973205,4.757145869144149,5.7994419025185655,281.39064888486223,62.704128174083216,50.00000000000008,127.28535607323683,47.5182813799297,0.06410034915458519,-0.016226086182663933,0.08763371136863839,-0.03385172072738752,-0.0038039694170730947,-0.11314859100724825,0.13869564797603873,True,False
cell_0177,T,13,72.923946,19.206904,28.985164700097357,0.6623586175106089,0.6703878566485574,-0.008029239137948507,stable,5720.02090793142,4.757145867997317,0.0,3323.7462926951757,0.0,10.0,1188.6101658030022,17.213366235190918,-0.22629797834393495,-0.2809166110413451,-0.22875482483198314,-0.03385172100913493,-0.06110207134186371,0.28160276897268854,-0.2237213511765298,True,False
cell_0178,T,13,72.924059,19.197872,28.156552111127258,0.6138002706792307,0.6243588248135659,-0.010558554134335152,stable,4727.7141340289845,4.757145869452337,0.0,2698.971371306253,0.0,10.0,344.47067758660563,14.020325999484449,-0.28144966984850367,-0.23368850085218262,-0.23421794493331397,-0.033851720651673536,-0.06110207134186371,0.20053704925599244,-0.2237213511765298,True,False
cell_0179,T,13,72.924172,19.188841,27.386301250038315,0.5212274281390831,0.5014642666500705,0.019763161489012582,stable,3122.18925891354,4.757145872904351,0.0,2120.509024233279,0.0,10.000000000000036,246.18422057033845,12.494801985705639,-0.33271685844469184,-0.14365165459808218,-0.2430571219389646,-0.033851719803601646,-0.06110207134186371,0.12548047305694768,-0.2237213511765298,True,False
cell_0180,T,13,72.924285,19.179809,28.176214543513307,0.6507894943114648,0.6504245028077316,0.0003649915037332585,stable,5567.281516682544,4.757145880204745,0.0,1352.739510663758,0.0,10.0,817.813117302831,7.099564222215449,-0.2801409564405495,-0.26966441938130903,-0.22959572772667486,-0.03385171801008071,-0.06110207134186371,0.025860936383345214,-0.2237213511765298,True,False
cell_0181,P/N,21,72.79146,19.160194,30.802350996228228,0.5337027153557061,0.546681982644502,-0.012979267288795837,stable,13836.370720889632,4.757145869463993,0.0,3124.683184734719,2.9560017653715143,95.0,30.84228228532349,26.747357645595436,-0.1053477304903434,-0.1557851862719281,-0.18407046412946926,-0.03385172064881006,-0.06110207134186371,0.2557739567662341,-0.20663626729941384,False,False
cell_0182,T,13,72.962418,19.171203,32.06767104396607,0.32484133748486077,0.3236194509340823,0.0012218865507784837,stable,99288.1064014875,4.7571458694628115,0.5157067470813643,222.85562753770495,61.5512202565575,50.00000000000003,347.0800946310232,51.25847884439029,-0.021129192350438298,0.047354517033836765,0.2863819273768076,-0.033851720649100275,-0.05600692283373954,-0.12074361998758978,0.1320320766939552,True,False
cell_0183,T,13,72.962529,19.162172,31.320859447121666,0.2834973858485975,0.3211322121020645,-0.03763482625346698,stable,73743.41912478257,4.757145866634945,0.10545720738381244,575.2988590127567,24.302004983427324,50.000000000000014,78.54787139499186,40.31394136461739,-0.07083628508528368,0.08756586752139264,0.14574629108587117,-0.03385172134383515,-0.060060161116888895,-0.07501344862397695,-0.0832607471309291,True,False
cell_0184,R/S,22,72.89554,19.197547,28.13853782094037,0.6633601226423465,0.6654268697816448,-0.0020667471392983305,stable,4802.990320387046,4.757145871033812,0.0,2190.3563119515725,0.0,10.0,1502.1815264321156,10.133316753901559,-0.2826486844281588,-0.2818906803374223,-0.23380351377385808,-0.03385172026314552,-0.06110207134186371,0.13454328984952166,-0.2237213511765298,True,False
cell_0185,M/E,16,72.954358,19.053685,30.863140965729972,0.28658491500857136,0.24869705009705484,0.03788786491151652,stable,25574.912144769183,4.757145872440859,0.0,1710.6591993287225,6.143222336575812,79.99999999999997,6.3005149881668405,31.614369093932677,-0.10130160605395333,0.08456291999754345,-0.11944421819455467,-0.033851719917469915,-0.06110207134186371,0.07230168835510895,-0.18821478615153273,True,False
cell_0186,L,24,72.896686,19.107233,36.80481616578277,0.25908634579215756,0.22763473906188395,0.03145160673027361,stable,86231.22695944169,4.757145876522501,30.35417794258638,371.7813960441262,77.06113887837935,50.00000000000014,328.1715783492622,75.29910693639974,0.2941708282484942,0.11130817682242955,0.21449760448745636,-0.033851718914714266,0.23879519650424305,-0.10142022176043879,0.22167622497739317,False,True
cell_0187,M/W,17,72.897256,19.062075,33.83002272315425,0.2640696968909659,0.25201172421963114,0.012057972671334738,stable,60264.807336190206,4.757145873635501,12.064032908193955,57.274642215814566,74.28487005484669,50.00000000000016,661.0727251088338,55.578038539192434,0.09617131385349591,0.10646134264944822,0.07154013132067251,-0.033851719623976644,0.05808977484208252,-0.14222806388408696,0.2056299606377925,False,False
cell_0188,M/W,17,72.89737,19.053044,32.29484678403671,0.37427107177916813,0.3649905951112683,0.009280476667899829,stable,80511.07706724097,4.757145868861827,5.199958525619745,52.3723029678066,54.72577678316482,10.000000000000004,524.9816844866327,46.132789065327614,-0.006008584118706654,-0.0007211093044974537,0.1830054624598344,-0.033851720796746775,-0.009726825479627872,-0.1428641516107705,0.09258241343342893,True,False
cell_0189,G/N,9,72.840051,19.025915,33.040757430111135,0.23539576445456792,0.22529453784054065,0.010101226614027264,stable,103827.38039111989,5.585984486698,0.11609597759445917,73.41247203625827,73.73640424436661,50.00000000000014,304.55086398346873,65.70936540382756,0.043638542161865586,0.13434976408532207,0.3113727866860548,0.1697728236357805,-0.0599550507717677,-0.140134150149279,0.20245994075297527,False,True
cell_0190,K/W,14,72.809795,19.141479,32.209554901278466,0.4007650631574492,0.3641352899184507,0.03662977323899852,stable,55659.936511648426,4.757145869512612,0.14365330924477798,521.188650344701,48.34087355986103,50.00000000000001,131.36437374024362,39.56458898771586,-0.01168553335691829,-0.02648930830248353,0.046188130279047744,-0.03385172063686564,-0.0596827861600661,-0.08203434984700468,0.05567898245604491,True,False
cell_0191,N,10,72.946531,19.082172,30.68825544762454,0.500800064669039,0.4149804654995242,0.08581959916951482,gained,20329.69318965498,4.75714586880164,0.0,2285.3489821925605,0.0,94.9999999999999,4.722113624333681,24.521777801544303,-0.11294182522459813,-0.12378389064418459,-0.14832163983793759,-0.033851720811533294,-0.06110207134186371,0.14686876726109466,-0.2237213511765298,True,False
cell_0192,F/N,8,72.868081,19.044509,34.13825015962961,0.27771756484059845,0.2456383414338287,0.03207922340676975,stable,55539.47261141941,5.582346468094767,9.92968865460339,411.41636192861114,65.36749365473803,50.0000000000001,297.34295761697746,60.89500473339137,0.1166866484211998,0.09318735262646265,0.045524919292149316,0.16887905509655102,0.037002594965047486,-0.09627751048094371,0.15408935415222014,True,False
cell_0193,K/W,14,72.841245,19.105272,32.64921078783616,0.2703657526820904,0.2659292097189101,0.004436542963180301,stable,73100.81616202879,4.757145864582175,8.847973424151393,194.09045987628053,74.12451297245423,50.0000000000001,572.1487062760074,54.597731442623356,0.017577557919230127,0.10033776480828091,0.14220845656198827,-0.03385172184814835,0.026315320125528816,-0.12447595452826067,0.20470312959355583,False,False
cell_0194,N,10,72.925884,19.078216,30.29082182236772,0.6325438872033902,0.5766631212400529,0.05588076596333724,gained,37611.1940889669,4.75714586425029,0.0,958.3890409850557,1.476837408341392,94.99999999999984,9.678933482885125,16.98022886697102,-0.13939464163781518,-0.25191864343962306,-0.0531787692789591,-0.03385172192968398,-0.06110207134186371,-0.02530677786173546,-0.21518553388103367,True,False
cell_0195,T,13,72.927816,19.167303,30.591881446220956,0.5430874350967022,0.5422313714352047,0.0008560636614974859,stable,21169.14756268268,4.75714587649521,3.15983314945317e-05,818.5783972731529,7.470088422675016,10.0,440.4860529747447,18.096570529452034,-0.11935639008304157,-0.16491281533972338,-0.1437000448029645,-0.03385171892141898,-0.06110175915244116,-0.04344747152364485,-0.18054577233690253,True,False
cell_0196,P/S,20,72.858813,19.172241,33.23543963832267,0.36980924094303336,0.35469354767471256,0.015115693268320796,stable,70675.61372037751,4.757145869418946,11.228738475363,560.3575266271936,55.44396233811973,50.000000000000036,316.2129598599807,50.94750149005184,0.056596410810779,0.003618491446453304,0.1288565652343934,-0.03385172065987687,0.04983712116367023,-0.07695211456893741,0.09673337862887617,True,False
cell_0197,S,12,72.954965,19.124594,35.232602758371684,0.3640800765771643,0.3827031092446906,-0.018623032667526296,stable,16017.094837311508,4.757145869991352,0.0,1714.5788483484264,1.4209709525091325,95.0,62.19004188294744,36.213640820860824,0.18952575046533263,0.009190707628002582,-0.17206454210091265,-0.03385172051925126,-0.06110207134186371,0.0728102701786443,-0.21550843053657454,False,False
cell_0198,P/N,21,72.798348,19.179588,31.754747655829988,0.44971808862351126,0.41175368376497856,0.037964404858532697,stable,9600.775080875675,4.757145868687447,0.0,2090.8918176630427,1.3514321990520695,40.000000000000014,177.01833491162628,26.01529716234457,-0.04195708513987374,-0.07410128506175162,-0.20738942988747622,-0.03385172083958762,-0.06110207134186371,0.12163758486726685,-0.21591035026796368,True,False
cell_0199,P/N,21,72.877701,19.190777,33.04761371941284,0.5370612999755402,0.4553012888000031,0.0817600111755371,gained,24260.62420153646,4.7571458772046675,30.72304152215147,717.6123886111919,25.168495988349132,10.0,991.4767430383171,37.672374313104626,0.04409489046922538,-0.1590517637988766,-0.12667999756283838,-0.033851718747123366,0.24243954424209785,-0.05654800081651149,-0.07825260685466814,True,False
cell_0200,R/N,15,72.878164,19.253895,33.454503183497806,0.4188874099132447,0.3854571037628348,0.03343030615040987,stable,38689.97178989604,4.75714586950615,23.547955802936485,285.73419156438086,34.09544957434291,10.000000000000005,339.87536896084237,42.61237429047638,0.07117707881440306,-0.044115200560328124,-0.04723958565368149,-0.03385172063845306,0.17155017251131974,-0.11258500818504953,-0.026656646199125122,True,False
cell_0201,T,13,72.901404,19.191592,27.448626638523578,0.6770664492763695,0.681283936698945,-0.00421748742257555,stable,4368.820251475109,4.757145872027294,0.0,3239.7333466632545,0.0,10.0,783.4099381944189,12.652445267605636,-0.32856853793351787,-0.29522152759233744,-0.23619382621880994,-0.033851720019072135,-0.06110207134186371,0.27070193140312476,-0.2237213511765298,True,False
cell_0202,N,10,72.917528,19.100293,35.054042946683225,0.30283611029403895,0.27881889705149376,0.024017213242545188,stable,88756.18212308352,4.757145868982651,8.466908146503567,409.2050119929156,68.86321143020936,50.0,321.69435672253945,61.64320530114268,0.17764097369456705,0.06875691975801929,0.22839868192866195,-0.03385172076706355,0.022550420418682604,-0.0965644372892159,0.1742938858626897,False,True
cell_0203,T,13,72.974713,19.160219,29.41234186712323,0.4744684870626958,0.4364224142539127,0.03804607280878308,stable,33406.08043639778,4.7571458681820955,0.0,1072.2715324320666,1.5384923442485081,94.99999999999996,7.739546867699144,19.929982984402823,-0.19786545915799142,-0.09817365615730414,-0.07632991721820473,-0.033851720963739576,-0.06110207134186371,-0.01053031066334175,-0.2148291809979768,True,False
cell_0204,K/E,19,72.880109,19.104407,35.27647459265118,0.2808001777828079,0.2564772218538298,0.024322955928978096,stable,49910.603950899815,4.757145869606122,14.444641455394871,155.92033213866716,70.67907007816159,49.99999999999996,506.58473342063854,56.87876680225966,0.1924458193879271,0.09018918664254308,0.014535323800323139,-0.03385172061389259,0.0816100296309629,-0.1294286003064379,0.18478917638405748,False,False
cell_0205,M/E,16,72.912815,19.056082,35.37972647915152,0.30791130864480615,0.27090896785059554,0.03700234079421061,stable,65552.9516492295,4.757145861844881,9.212204569996489,241.20588188400427,58.38857009017458,49.999999999999986,383.0757767388239,55.35600899113389,0.19931816994997884,0.06382075445209909,0.1006538774474761,-0.033851722520631775,0.029913899725016197,-0.11836264001441772,0.11375260744612958,True,False
cell_0206,R/C,11,72.863577,19.236805,32.34986541254915,0.42255627590329664,0.4013110552105174,0.021245220692779232,stable,54508.321494471056,4.757145865221964,19.66164766778295,211.85796730495974,52.9279497826749,10.000000000000005,253.7236812029357,45.00790230587265,-0.002346594828278196,-0.04768355942248518,0.03984794263264691,-0.03385172169096857,0.13315370550947492,-0.12217058706236486,0.08219134213579271,True,False
cell_0207,R/C,11,72.894185,19.244306,28.229974158123284,0.6728381297741174,0.6727119432899067,0.00012618648421069967,stable,4172.798732062959,4.757145868570189,0.0,2512.1662523612654,0.0,10.0,1973.2353252116993,11.321709071209208,-0.276562765957034,-0.2911090412249411,-0.23727301778653695,-0.03385172086839498,-0.06110207134186371,0.17629873415145322,-0.2237213511765298,True,False
cell_0208,S,12,72.946258,19.156111,34.796568786152456,0.2755987292069009,0.26817846866641176,0.007420260540489165,stable,83387.25698041059,4.757145870539708,13.365756750907465,273.8424998016744,72.78177739476853,50.00000000000006,363.5742002038354,62.76828839739527,0.1605037304749818,0.09524814359878478,0.1988401989666575,-0.03385172038453415,0.07095072020052084,-0.11412797753031363,0.19694239337266092,False,True
cell_0209,S,12,72.955691,19.137206,29.220613259484963,0.610214911173169,0.5799878151439505,0.03022709602921847,stable,22315.65548401803,4.757145871335664,0.0,1842.2084235494385,0.0,94.9999999999999,0.531819384783595,16.04777650174644,-0.21062673887039496,-0.23020136084702442,-0.1373879741448658,-0.033851720188988195,-0.06110207134186371,0.08937044731860605,-0.2237213511765298,True,False
cell_0210,P/N,21,72.797862,19.18707,32.53689406616201,0.40607087295078703,0.3641575447149087,0.041913328235878344,stable,13934.834119461415,4.757145873818129,6.7122007219280215,1819.5842434817187,15.030934767989265,10.000000000000004,163.8584918016698,33.741602950695196,0.010101860268683519,-0.031649767542017836,-0.18352837635366237,-0.03385171957910956,0.005214027270601652,0.0864349174543269,-0.13684563132042918,True,False
cell_0211,P/S,20,72.888499,19.154062,32.622473793428945,0.44646348870110447,0.41287705297153376,0.03358643572957071,stable,30783.594682677216,4.757145874785977,12.015655417791937,1244.8529970875006,34.45091293103155,10.00000000000001,261.4929974167397,38.78675693939876,0.015797968172544107,-0.07093584361270827,-0.09076794688141156,-0.03385171934133395,0.057611808440743685,0.011862458577383345,-0.024602140909104297,True,False
cell_0212,R/C,11,72.857429,19.236382,32.99660771218747,0.29331051541969383,0.2872952916306083,0.006015223789085533,stable,79599.98410517897,4.757145865552517,11.018173915336897,200.06071185424017,79.76296973895742,50.000000000000036,397.2650770142795,57.687326504361835,0.04069997755959928,0.07802156474078845,0.17798946296640425,-0.03385172160976002,0.04775675725539747,-0.12370130311874604,0.23729225315962094,False,True
cell_0213,R/C,11,72.821041,19.244857,28.335672452267847,0.5274934562564504,0.4590513220542273,0.06844213420222311,gained,4421.2523942101225,4.7571458701459814,0.0,1956.983028937955,0.0,95.0,0.023161867719925986,13.94943387294256,-0.2695275847531548,-0.1497460273616991,-0.2359051623696204,-0.03385172048126281,-0.06110207134186371,0.10426266797678438,-0.2237213511765298,False,False
cell_0214,R/S,22,72.888482,19.209031,31.053542076805723,0.5612759018953877,0.5340567237646358,0.02721917813075192,stable,9433.658299496676,4.757145870355826,0.0,918.2691886305449,0.0,10.000000000000002,605.7179018758677,15.330824162708284,-0.08862868329130404,-0.18260301630812115,-0.20830948714359154,-0.03385172042970933,-0.06110207134186371,-0.03051240407159642,-0.2237213511765298,True,False
cell_0215,F/S,6,72.853354,19.010584,32.99949613846964,0.2884793414782569,0.2556040477533243,0.032875293724932586,stable,57632.14632292653,5.585984487253317,11.129321609294982,223.50028483394047,59.20231744083311,50.00000000000006,237.56932148417673,56.77035580229671,0.04089222855526165,0.0827203905892367,0.05704608202078859,0.16977282377220768,0.04885488911086964,-0.12065997449238687,0.11845590021937816,True,False
cell_0216,P/S,20,72.876691,19.139535,30.154579538149523,0.6177919912581682,0.6006637650380093,0.01712822622015886,stable,14498.821254472059,4.757145874664556,1.6065206119789281,473.37854401979763,2.5774481712455755,10.0,978.6242798003191,11.481296090506666,-0.14846280271707077,-0.23757086982987988,-0.18042335930127293,-0.03385171937116402,-0.0452297540884621,-0.08823780095599597,-0.20882422942561799,True,False
cell_0217,P/S,20,72.878875,19.16331,31.25281867764589,0.5822304856381136,0.5587571443596786,0.023473341278435034,stable,24636.686214273708,4.757145870998487,7.361604200123738,1080.7427082564811,8.33482334128379,9.999999999999993,588.5258567814158,22.71975894014097,-0.07536501609638935,-0.20298355754454542,-0.12460959756642176,-0.033851720271823885,0.011630090627976163,-0.009431159686656887,-0.17554778187932743,True,False
cell_0218,F/N,8,72.866252,19.013432,34.61011676607873,0.2650761396040734,0.24777755045583902,0.017298589148234372,stable,67654.32631628645,5.5807369870737835,25.846264572638482,630.4356858085918,40.712864990663874,49.99999999999999,241.26149722782222,66.07334192520732,0.1480936555758172,0.10548247103508332,0.11222294306906667,0.16848364659045836,0.19425731094887105,-0.06785934177032367,0.011590657561654004,True,True
cell_0219,P/N,21,72.860813,19.191426,34.48536636303495,0.2900776214303448,0.251478263679572,0.038599357750772834,stable,78346.12379367091,4.757145864085848,32.4505764750561,184.7802600064323,74.13998269147562,50.000000000000085,431.14313243794345,66.90278854246874,0.13979038353370046,0.08116589488219665,0.17108636641177558,-0.03385172197008336,0.2595074751695861,-0.1256839704509832,0.20479254139639444,False,True
cell_0220,P/N,21,72.802699,19.150003,29.79763363549554,0.4726338389236868,0.40137736603444835,0.07125647288923848,gained,12475.779249821953,4.757145867979116,3.057698039765442,1749.5325614292237,6.522085575459201,94.99999999999997,19.135706552331378,21.927490206737467,-0.17222079356712613,-0.09638926747602666,-0.19156116641103998,-0.03385172101360656,-0.030892217207170634,0.07734558011292676,-0.18602503434214399,True,False
cell_0221,T,13,72.931202,19.167534,33.291593065465314,0.3776230104889819,0.40713139684111116,-0.029508386352129268,stable,50777.35656157318,4.757145870307744,10.819873994260018,197.96866300049209,49.657731930758594,49.999999999999986,361.5634460350061,44.25682652717834,0.060333931253890784,-0.00398122298349336,0.019307208599243352,-0.03385172044152196,0.045797567167708754,-0.12397275038752333,0.0632901537295639,True,False
cell_0222,K/E,19,72.858687,19.094725,37.636297188243844,0.24426082437627658,0.23579212062710808,0.008468703749168499,stable,85318.32319644665,4.7571458721122095,5.309505524278023,992.1171866070954,74.29031896120853,50.00000000000017,440.65140576351496,71.30228982135546,0.34951344004693924,0.12572755896227952,0.20947163567482277,-0.033851719998210635,-0.008644508387710621,-0.02093048760750782,0.20566145419889967,False,True
cell_0223,N,10,72.903618,19.101207,36.69143782296504,0.34525513600232827,0.30747818447317715,0.037776951529151115,stable,90069.44638191863,4.7571458684299355,34.818452119930924,240.0384448496448,61.19166814442974,50.00000000000013,701.0647516192206,70.73759425108129,0.2866244700714426,0.027499946426022808,0.23562882542812252,-0.03385172090285161,0.28290192972673006,-0.11851411716270639,0.12995393923617024,True,False
cell_0224,P/N,21,72.874171,19.176476,33.59334059201334,0.41169360683958556,0.3597687647275933,0.051924842111992275,gained,45376.635624034156,4.757145871828093,8.951803658792084,483.15102521551466,39.97311791274924,10.0,680.4841775571457,41.545084036131,0.08041796897908154,-0.03711846886718151,-0.010426325315388988,-0.03385172006801088,0.027341155967548995,-0.08696980316282667,0.007315071186138251,True,False
cell_0225,M/W,17,72.885242,19.015192,33.06762747563409,0.3857306622407376,0.33307174354864705,0.05265891869209055,gained,76667.10808747551,4.757190506362717,0.4614283908045395,2195.4810947907717,46.062118596263396,50.000000000000085,154.89448269044377,52.904763575808275,0.04542698766839313,-0.011866768832839304,0.16184258747545643,-0.03384075449934267,-0.05654318939913249,0.13520824005003207,0.04250824617823125,True,True
cell_0226,P/N,21,72.797547,19.194917,31.351105741324513,0.4136226465743739,0.3214420139157411,0.0921806326586328,gained,9561.107841104264,4.7571458772475195,0.26574109154489955,2049.778236188034,14.346709294858659,95.0,51.33701947837924,28.734067549494245,-0.0688231195731531,-0.03899466332392908,-0.20760781688296884,-0.03385171873659573,-0.0584765669562896,0.1163030204372585,-0.14080031420872796,False,True
cell_0227,R/N,15,72.86612,19.238634,33.67549553940694,0.31092609756692025,0.27709183678472005,0.0338342607822002,stable,74800.89643516323,4.757145874183251,25.465451154765507,93.26510421570106,73.93213477142513,50.00000000000015,531.7261428554987,60.96013643190067,0.08588612668575774,0.060888554476158714,0.15156820594423917,-0.033851719489408565,0.1904948995999208,-0.13755823382997537,0.20359122305168073,False,False
cell_0228,M/W,17,72.886772,19.053727,33.95001756663013,0.2832701804717277,0.26335587812083827,0.019914302350889423,stable,91692.09661889945,4.757145870225169,20.37996220251311,133.67851351816353,76.56994800871684,49.99999999999998,284.5632653880171,64.62501535715796,0.10415806022642549,0.08778684869712419,0.24456228568478972,-0.033851720461808496,0.14025060554172683,-0.13231451805465835,0.2188372425024274,False,True
cell_0229,B,2,72.84129,18.949721,36.20857737273645,0.1622042731047325,0.1286158531758162,0.03358841992891631,stable,88337.40067706005,5.58598447982962,0.5204396575420385,346.6706736423797,71.06710973501805,50.00000000000001,264.26261209405743,73.17289643096576,0.2544857227904434,0.20553620357393865,0.22609309116176865,0.16977282194839452,-0.055960161991828385,-0.10467838516363433,0.18703196600708966,False,True
cell_0230,P/S,20,72.845513,19.148814,34.698956772730725,0.2677354794735148,0.24751944647231636,0.020216033001198425,stable,61965.02014905544,4.757145871807008,2.885292967058264,519.1633654878281,70.75302023116437,50.0000000000001,198.0244286135534,55.99935316125034,0.15400676467572166,0.10289598272606924,0.08090061039709315,-0.0338517200731908,-0.03259556790787113,-0.0822971343617684,0.1852165930999671,False,True
cell_0231,P/N,21,72.864042,19.191308,36.55453233950938,0.34841921475713494,0.2725041945446282,0.07591502021250673,gained,63805.37897650199,4.757145872252769,61.29857035038035,796.833224897883,59.912889286759615,50.00000000000014,475.954098599409,76.47410272584005,0.2775121670611596,0.02442254635311434,0.0910326598482373,-0.03385171996367873,0.5445237441792355,-0.04626894848857497,0.12256285973834367,True,False
cell_0232,T,13,72.955881,19.182874,33.49887414094953,0.2957512730179861,0.3008155720580182,-0.005064299040032083,stable,99082.256901139,4.75714587170988,7.575765377611946,354.1496678048839,73.29269805391705,50.00000000000012,399.0492479963904,60.625097851917964,0.07413036891609162,0.07564767072834455,0.2852486281060789,-0.033851720097052805,0.013745988878586015,-0.10370797162143813,0.19989540998393718,False,True
cell_0233,T,13,72.96098,19.150471,30.819858877007906,0.3206920865697843,0.30625391642936833,0.014438170140415985,stable,46377.27899467043,4.75714587155433,0.0,1552.4490559416492,5.752019737796919,79.99999999999996,11.345530991390431,33.49681635726344,-0.10418242205487808,0.05139010086662666,-0.004917308289446668,-0.03385172013526732,-0.06110207134186371,0.05177362504609698,-0.19047585693010277,True,False
cell_0234,K/W,14,72.826768,19.096159,32.74719293182497,0.3263770292984963,0.36376308890813924,-0.03738605960964292,stable,59863.50891248704,4.757145871675029,2.003925182654536,780.3879959245205,34.698886946286144,50.00000000000005,99.86050953429488,43.095289008957735,0.02409915926847296,0.04586089488803283,0.06933079289547633,-0.033851720105614866,-0.04130342324858251,-0.048402747840936636,-0.02316890196466224,True,False
cell_0235,A,1,72.817143,18.905831,31.799005914921658,0.3256250091488404,0.3380328499007691,-0.01240784075192869,stable,57831.50396818978,5.585984491608172,9.178207103376378,855.5243065710401,51.45129721400906,50.0,233.55521377014608,53.491059842019794,-0.03901129613733526,0.04659231374411032,0.058143640545869006,0.1697728248420847,0.029578007006315483,-0.038653670387768936,0.0736565931757075,False,False
cell_0236,R/N,15,72.857896,19.238906,33.27578773005523,0.3567411251596735,0.32700242009197994,0.02973870506769355,stable,78730.98746200316,4.757145867354529,17.006188538096534,76.32863478202319,54.33632382151689,49.99999999999997,215.99354524472912,52.557318849965526,0.059281942671691304,0.016328611383700283,0.17320522370272115,-0.03385172116705159,0.10691794516780971,-0.1397557725548792,0.0903314551985952,True,False
cell_0237,S,12,72.893717,19.136996,32.05656998168831,0.482986343538296,0.4489459509205597,0.03404039261773628,stable,42666.355732336386,4.757145876136971,9.120422871735704,1265.3034850528998,26.400757420176767,10.00000000000004,487.91811269415604,36.07392269238155,-0.021868068841413395,-0.1064581693348649,-0.02534770340730404,-0.033851719009429126,0.02900710262450674,0.014515947808012547,-0.0711303885366882,True,False
cell_0238,T,13,72.972967,19.174121,34.09803323859596,0.3170095140126853,0.25369402599096386,0.06331548802172143,gained,74445.39144753304,4.757145872284245,1.3281803339043516,813.7552351725117,26.06950522002796,10.0,107.69235709579516,47.39129247886355,0.11400984716131535,0.05497179080986566,0.1496109821349046,-0.03385171995594584,-0.0479797376025595,-0.044073285866719894,-0.07304495830803279,True,False
cell_0239,R/S,22,72.874394,19.193766,33.06800501834919,0.4107486953242968,0.3384422216492843,0.07230647367501253,gained,61452.30931651377,4.757145862960611,17.541093593956646,322.36718208649813,49.9616852899379,50.000000000000036,403.09294949606857,47.501290876355164,0.04545211656412818,-0.03619944282788833,0.07807789374424498,-0.03385172224652539,0.11220277169524648,-0.1078318088481611,0.0650469417995659,True,False
cell_0240,S,12,72.93657,19.113831,35.148066700054855,0.2674915498306677,0.2785405530371617,-0.01104900320649399,stable,82969.55926480019,4.757145871160411,19.975974187485328,203.2179535394418,66.17463428926202,49.999999999999986,326.41547866877727,64.35505691405683,0.18389910820649744,0.10313323001314822,0.19654057465042213,-0.033851720232043324,0.13625923070764095,-0.12329164507907721,0.158754461461362,True,True
cell_0241,A,1,72.835879,18.926164,34.336769228814944,0.20283310373388583,0.20475415303027727,-0.0019210492963914472,stable,93345.99175552439,5.585984485118148,0.0,316.4014176705654,73.92796362886632,50.00000000000005,193.08517716084023,68.80987759419796,0.12989989500618376,0.16602038363728178,0.25366776395423196,0.16977282324765114,-0.06110207134186371,-0.10860587798807265,0.20356711470326383,False,True
cell_0242,T,13,72.934583,19.189687,29.033124715982947,0.6321816126817088,0.623658104242794,0.008523508438914806,stable,9686.732372750268,4.757145867556434,0.0,1286.3209856013812,0.1019346640694272,10.0,805.7851113800427,10.13478615717392,-0.223105803815228,-0.2515662932847031,-0.2069161941690005,-0.03385172111744863,-0.06110207134186371,0.017243007986454128,-0.22313218972675883,True,False
cell_0243,E,5,72.829541,18.982201,33.738254057494665,0.2703222061751575,0.25717461237057504,0.01314759380458247,stable,56135.32926261286,5.585984484532861,4.6622192531051,162.37022753690755,73.48819646453346,50.00000000000014,260.04637975599945,59.11422233048137,0.09006327590474345,0.10038011837593679,0.048805393168030196,0.16977282310386096,-0.015039653879913453,-0.12859171426211108,0.2010253506972183,False,True
cell_0244,P/N,21,72.803221,19.214931,29.23695273844834,0.38455663573649485,0.215635761444446,0.16892087429204886,gained,5348.7129311943045,4.757145870045766,0.0,1615.799892866444,0.0,94.99999999999994,9.225118287577443,19.353172582220942,-0.20953919818476083,-0.010724904318795666,-0.23079905160221825,-0.03385172050588329,-0.06110207134186371,0.05999351514435306,-0.2237213511765298,True,False
cell_0245,M/E,16,72.924538,19.073847,37.736309246480396,0.2704777813825614,0.21941005389930365,0.05106772748325775,gained,54522.79065594154,4.7571458610119866,13.526769456005857,431.8109560278273,18.961419866511253,39.999999999999964,308.3768111404286,54.40984858908629,0.3561701506207612,0.1002288050896034,0.03992760223888738,-0.03385172272525278,0.07254151506371403,-0.0936312735844508,-0.11412823366097191,True,False
cell_0246,D,4,72.800305,18.963113,31.9394849322431,0.3048974139748073,0.27140011732199865,0.03349729665280865,stable,60238.42034964933,5.58598449362435,1.4298562955566756,382.6176883006178,39.56566070658978,10.0,178.81032665168516,47.95200849013154,-0.02966114200100127,0.06675208467360604,0.07139485842686963,0.1697728253374084,-0.046975185834996144,-0.1000141924837193,0.0049600521110076574,True,False
cell_0247,K/E,19,72.877001,19.137692,33.101396224654415,0.44339204278835287,0.47017239609466005,-0.02678035330630718,stable,43547.91843485963,4.757145873469572,10.972447759724076,661.3380309272113,27.01616153827281,10.000000000000002,448.55508551975737,37.980396580545175,0.04767460453211831,-0.06794853874190593,-0.020494282018474787,-0.0338517196647413,0.04730498586618941,-0.06384970443980222,-0.06757347896404725,True,False
cell_0248,R/S,22,72.827104,19.203445,36.27373375262488,0.26385763002976886,0.24122576376800892,0.022631866261759948,stable,75928.96298429418,4.757145864857494,34.62183263836788,304.59130199393326,89.05879630278986,50.000000000000036,301.6566692920286,75.50472436368926,0.25882247148457976,0.10666760002313644,0.15777874808934608,-0.033851721780509623,0.2809593422701497,-0.11013826268292447,0.29102022396488825,False,True
cell_0249,L,24,72.898654,19.11928,32.74247652754309,0.3411828805311563,0.3070296244992709,0.034153256031885404,stable,78467.5841714965,4.757145870826823,3.3469810732359715,770.632245971985,43.59036568213788,10.000000000000005,204.49229449097237,48.20349844802534,0.023785239739096346,0.031460644074540155,0.17175506348113523,-0.03385172031399747,-0.028034119994452857,-0.04966857472387279,0.028222021333560828,True,False
cell_0250,T,13,72.928437,19.162053,32.42203407577804,0.4422573497374929,0.4514508969709704,-0.009193547233477484,stable,34098.25535007519,4.757145880002102,2.0134564706264015,1174.2154764269308,15.827082483076953,10.000000000000023,391.51922657895295,31.80147261965155,0.0024568849929059848,-0.06684493015689823,-0.07251916555954505,-0.03385171805986499,-0.041209254754636694,0.0026971075760625486,-0.13224406083079254,True,False
cell_0251,R/C,11,72.826899,19.2445,28.915285011829255,0.6138040829566745,0.4286612676148131,0.18514281534186144,gained,6802.728315222523,4.757145868784496,0.0,1568.7644421189798,0.0,95.0,3.6184923230529757,11.156106151071574,-0.23094910609784464,-0.2336922086937987,-0.22279400630670992,-0.03385172081574504,-0.06110207134186371,0.05389057705175823,-0.2237213511765298,False,False
cell_0252,R/C,11,72.807405,19.221713,27.87107326853835,0.26981807674406194,0.1026191573593745,0.16719891938468745,gained,6389.267132660422,4.757145858673888,0.0,1101.6442063402028,1.2585824461426158,80.00000000000004,15.805218827633785,18.236704914030394,-0.3004508789384044,0.10087043738131933,-0.22507030649630944,-0.03385172329966407,-0.06110207134186371,-0.006719151045933489,-0.2164470027947013,True,False
cell_0253,H/W,23,72.832841,19.04999,34.82878830552707,0.239426648660916,0.21540492285602522,0.024021725804890787,stable,83284.09248907713,4.757145867713668,3.037220347040758,180.17346659446247,84.32588039984458,50.000000000000014,368.86475773825515,62.40593244213812,0.16264823203895493,0.13042930435224592,0.19827222944234305,-0.03385172107882018,-0.031094535455141,-0.12628171055024526,0.2636649408482041,False,True
cell_0254,N,10,72.948049,19.090218,29.4537570988097,0.5880524201708576,0.547049472468874,0.04100294770198354,stable,21440.051520302208,4.757145867438408,0.0,2346.627528444706,0.0,95.0,0.41506782202114423,19.35066825794842,-0.1951088994436365,-0.2086460024910617,-0.14220858984636775,-0.03385172114644473,-0.06110207134186371,0.15481977375168762,-0.2237213511765298,False,False
cell_0255,S,12,72.955827,19.142687,29.86474097932323,0.5765921993952103,0.5257643684130557,0.0508278309821546,gained,33495.31539537425,4.757145868573424,0.7186037485920859,1122.0982846023246,7.462470366693413,94.99999999999994,9.238229444622037,19.222790054843294,-0.1677541905082999,-0.1974997299158461,-0.07583863638555598,-0.03385172086760007,-0.05400231389580933,-0.004065195967559994,-0.18058980313788206,True,False
cell_0256,M/E,16,72.937665,19.063652,34.69844494904802,0.3200055163167184,0.2518778083057112,0.0681277080110072,gained,45491.87895470187,4.757145880443043,6.772907475855209,718.7108206624356,10.916244803303261,40.00000000000001,126.71396538820487,41.69584920025878,0.15397269816233633,0.05205786280005896,-0.009791856043513403,-0.03385171795153689,0.005813805979055058,-0.05640547719441092,-0.1606276953227327,True,False
cell_0257,P/S,20,72.826998,19.17046,31.551031711811945,0.4355577092740765,0.37174045516356885,0.06381725411050765,gained,29609.618532429522,4.7571458636314174,0.0,799.1404512115374,13.338710419165082,79.99999999999984,45.582497297530395,26.42260114349351,-0.05551623093201007,-0.06032882368538345,-0.09723124318612034,-0.03385172208172531,-0.06110207134186371,-0.04596958154015473,-0.14662634095235505,True,False
cell_0258,K/E,19,72.84659,19.106223,32.869332305120736,0.2544097430016949,0.25778864897767956,-0.0033789059759846696,stable,50015.02509391395,4.757145869909559,6.451979092191154,136.87027376900502,84.3336871903751,50.00000000000008,1365.9352527662836,52.26452177533329,0.03222864357300427,0.11585666593524654,0.01511021178900531,-0.03385172053934578,0.0026430548021606805,-0.13190038116625316,0.26371006249616374,False,False
cell_0259,M/E,16,72.914012,19.064948,36.2071061322121,0.2169678774403234,0.180641844415028,0.036326033025295384,stable,59315.250153973044,4.757145866050561,30.963512680227957,169.65183801973646,84.47639856419289,50.00000000000003,276.83003634696473,71.09530617212862,0.2543877983748501,0.15227282644748188,0.06631236802612944,-0.03385172148740344,0.24481538335852304,-0.12764691162314648,0.2645349049642767,False,True
cell_0260,M/E,16,72.944415,19.056439,31.815515809791908,0.44141224636124415,0.34461213958654024,0.09680010677470391,gained,48625.346081137526,4.757145871455417,1.4052398207826535,1619.4407450780752,12.923368560058782,95.00000000000001,20.45476000763183,34.3507005357732,-0.03791241272574163,-0.06602297805228254,0.007459368774763368,-0.03385172015956791,-0.047218394975520245,0.06046592255830924,-0.14902693170424067,True,False
cell_0261,R/C,11,72.907252,19.204582,31.128771057372486,0.5342739248694669,0.5552140136652747,-0.020940088795807776,stable,6552.765537428825,4.757145869109007,0.0,2886.6631883725695,0.0,10.000000000000005,1593.5493462408317,24.48582783550181,-0.08362151156394929,-0.15634074772773038,-0.22417017012203777,-0.03385172073602093,-0.06110207134186371,0.22489041510747454,-0.2237213511765298,True,False
cell_0262,F/S,6,72.858752,19.007589,33.819136098489516,0.3502018728396193,0.2919558543119677,0.0582460185276516,gained,115272.17827348065,5.585984484487285,0.0741004752014496,607.893209541862,53.876238949906266,50.00000000000001,322.0016077571642,64.26597445415511,0.0954467101327369,0.022688723481394016,0.3743818349070039,0.16977282309266406,-0.06036996355422915,-0.07078427041294026,0.08767225901199492,True,False
cell_0263,T,13,72.893385,19.162287,29.995808135777985,0.6046793377801846,0.6015723282038283,0.0031070095763562344,stable,14813.473487406996,4.757145868709068,0.0,2155.872740530282,0.7436089390677657,10.000000000000002,453.3249172029116,18.098894842762824,-0.15903048117127638,-0.22481743229047962,-0.17869104931016477,-0.033851720834275914,-0.06110207134186371,0.13006898167874148,-0.219423444035683,True,False
cell_0264,P/N,21,72.886393,19.191591,28.90138356486793,0.6445892400689409,0.6054689473003622,0.03912029276857876,stable,7029.452373339039,4.7571458674737155,0.0,1412.2153804790482,0.0,10.0,1304.176758161653,9.468135289336626,-0.23187437361668717,-0.2636340186433351,-0.22154578268078373,-0.03385172113777051,-0.06110207134186371,0.0335780422198512,-0.2237213511765298,True,False
cell_0265,P/N,21,72.898709,19.178627,27.7314867723177,0.6841781383009837,0.6626663990406242,0.02151173926035954,stable,4944.045356913827,4.757145870264981,0.0,1913.6852739079816,0.0,10.0,1462.5662268828976,7.345599717058662,-0.30974162769148983,-0.30213839471822773,-0.23302693880157122,-0.033851720452027556,-0.06110207134186371,0.0986447029249557,-0.2237213511765298,True,False
cell_0266,L,24,72.891203,19.071364,35.52574837263398,0.29596978805997365,0.29387764510494224,0.0020921429550314063,stable,70017.80592337593,4.757145870079413,7.201905121664427,564.9044060201658,63.43901773141382,50.000000000000114,406.6366236188334,58.64342193883893,0.20903725282351696,0.07543514181921972,0.12523502087621208,-0.03385172049761689,0.010052274308981247,-0.07636214842619134,0.14294315887893969,True,False
cell_0267,G/N,9,72.853205,19.032535,34.76721622986291,0.26953766659782524,0.2404346710186033,0.02910299557922194,stable,60969.88334390287,5.585984477658932,13.95294242815955,604.0899122180783,73.84414147004075,50.00000000000004,365.2354727750361,67.46524749973202,0.15855005133602063,0.10114316580287398,0.07542190962956453,0.16977282141511163,0.07675207580498962,-0.07127775538535831,0.2030826398186165,False,True
cell_0268,K/W,14,72.842886,19.097533,34.2948848594489,0.3002469122460359,0.30637305949396587,-0.0061261472479299806,stable,87091.02352387013,4.757145863513978,6.899828057150753,194.78955114762425,62.50759818291028,49.999999999999986,304.126917683672,57.00451849618885,0.1271121099195359,0.07127518775295923,0.21923119294791968,-0.03385172211057717,0.0070677729168508435,-0.12438524612253088,0.13755974493873574,True,False
cell_0269,L,24,72.875073,19.078983,36.82291644307623,0.20392163974005229,0.19810104272653514,0.0058205970135171425,stable,87536.85443813307,4.757145864731973,12.627716095944935,264.0210871757325,67.71288671106271,49.999999999999986,145.12250072753247,69.17677311222596,0.29537556605084525,0.16496166764304454,0.22168570388502234,-0.033851721811346915,0.06365892740674918,-0.11540232426847442,0.1676452449373788,True,True
cell_0270,N,10,72.919289,19.069885,35.85475857502758,0.32205970993445326,0.2724892511181612,0.04957045881629207,stable,84509.05792750351,4.757145872665742,36.34406919409089,538.8704657069654,55.02931288577894,50.000000000000064,202.8609274171405,69.19904737268911,0.2309358691682447,0.05005994300132387,0.20501624599660334,-0.03385171986222183,0.2979749253843736,-0.07974010108770242,0.0943367898460707,True,False
cell_0271,E,5,72.842847,18.982775,34.562787011334436,0.28546544902504095,0.25249621460656807,0.03296923441847288,stable,65572.9884467222,5.585984479498892,3.617870850095909,375.8437041499594,64.74751918306137,50.00000000000012,291.89417323966273,61.1078088663913,0.1449434306487632,0.08565171865468861,0.10076418953445118,0.169772821867143,-0.02535774693894145,-0.10089312965248697,0.15050602887334127,True,False
cell_0272,M/W,17,72.89759,18.996266,34.09729177175761,0.21437024031998902,0.11862114708702254,0.09574909323296649,gained,46248.46149545575,4.757145868885608,0.0,4006.824429203691,42.078313578849084,50.0,102.71952758138993,62.2067779516936,0.11396049581078817,0.15479930232971545,-0.005626509806428432,-0.03385172079090439,-0.06110207134186371,0.37023344037624173,0.019482670324407488,False,True
cell_0273,R/S,22,72.867885,19.193818,35.03073077886814,0.3504843264025169,0.3119171178673563,0.0385672085351606,stable,71952.05561145836,4.757145873509145,34.76835657921835,579.3461826378691,59.91588879430987,50.00000000000008,307.89930009921505,64.67929699520509,0.1760893372546255,0.022414007621766954,0.13588398411003044,-0.03385171965501905,0.282406989102102,-0.07448830078054762,0.12258019627673362,True,False
cell_0274,F/N,8,72.848534,19.013445,32.904398394385,0.30464791697836724,0.27232086258002325,0.03232705439834399,stable,57253.301327495785,5.5859844884396885,5.114196756946597,384.55602070640595,73.25979789802385,50.0000000000001,497.7537088190361,57.398353392374425,0.03456261020966618,0.06699474679883559,0.05496036038282489,0.16977282406366906,-0.010574146074485511,-0.09976269021282776,0.1997052538312615,False,True
cell_0275,M/W,17,72.910306,19.052921,34.362095089362434,0.29469866437972003,0.2848763458803793,0.009822318499340732,stable,80648.0633415851,4.7571458717361566,16.988458006247193,316.3690978162293,66.79045974436984,49.99999999999999,396.7572588063082,60.87874450453332,0.13158556098156915,0.07667144357066812,0.1837596369637862,-0.033851720090597275,0.10674276868735506,-0.10861007154988701,0.16231380627550757,True,False
cell_0276,F/S,6,72.838092,19.008663,34.27428628295105,0.2747350129945529,0.2523987777628913,0.02233623523166156,stable,55500.04867824443,5.585984481200314,1.4569228240679728,235.9619747932873,71.66734183075566,50.00000000000007,559.4558509889986,58.95346742342515,0.1257410876208589,0.09608819864824086,0.045307871815032166,0.16977282228513907,-0.0467077703258043,-0.1190430468103426,0.1905011844025412,False,False
cell_0277,N,10,72.946051,19.060029,29.68860835611263,0.48160571202116675,0.3605576330332965,0.12104807898787023,gained,15418.842623712866,4.6172272736053985,0.0,1776.6024483748454,0.0,94.99999999999999,3.9290834809903887,18.595995915846935,-0.17947741584726698,-0.10511535967027649,-0.17535820468564245,-0.06822615703031638,-0.06110207134186371,0.0808579487960647,-0.2237213511765298,True,False
cell_0278,A,1,72.844908,18.943084,35.11575429469226,0.08337765423743418,0.07566192686016038,0.007715727377273801,stable,69629.17546245857,5.585984489567906,0.0,449.0415658748533,58.44757675226881,50.000000000000014,108.29208366127669,67.63330215213217,0.18174842423662987,0.2822033984978442,0.12309542560299086,0.16977282434084337,-0.06110207134186371,-0.09139556958835963,0.11409365384975438,True,True
cell_0279,F/N,8,72.857688,19.035599,33.33947615670362,0.2754845315885776,0.2525127347934126,0.022971796795165034,stable,50195.195562160116,5.585984486354616,7.231022522406698,82.52921634342101,73.62908194701183,50.000000000000135,610.0365430283592,57.47693687027532,0.06352098574885379,0.09535921281867075,0.016102135791368894,0.16977282355141982,0.01033995229999467,-0.1389512354492295,0.20183963988791112,False,False
cell_0280,M/E,16,72.918499,19.007735,31.51711083893754,0.5151215859553853,0.534735034058884,-0.019613448103498743,stable,29738.53469797394,4.757145868189836,0.0,3679.9447968198415,12.466978778361558,10.000000000000025,215.41772390196007,36.22016925919353,-0.05777397301949161,-0.1377130795380479,-0.09652149846413031,-0.03385172096183794,-0.06110207134186371,0.3278201940170295,-0.1516647710290679,True,False
cell_0281,R/C,11,72.838684,19.242914,31.513083742559804,0.47836333158940525,0.43225167325821845,0.0461116583311868,stable,27677.732775075972,4.757145864680268,0.0,873.3207548778777,7.0538276897328736,95.0,32.73243818653188,23.66759666313917,-0.058042012849009714,-0.10196180296378123,-0.10786719185849179,-0.03385172182404937,-0.06110207134186371,-0.03634454778856542,-0.1829516739910825,False,False
cell_0282,H/E,18,72.859789,19.082754,34.08872283958684,0.3338600971790393,0.30798838215302754,0.025871715026011766,stable,92927.93341365093,4.7571458668832625,10.945099775944673,256.9570522244869,59.945565220589664,50.0000000000001,754.9928915700623,57.645002773970035,0.11339015556988845,0.038582822682599056,0.25136615421913355,-0.03385172128282978,0.04703478959758824,-0.11631889607349112,0.12275171993348612,True,False
cell_0283,P/N,21,72.868573,19.176117,35.69355760824397,0.30709860953216256,0.25912085310546806,0.047977756426694496,stable,68027.50101280298,4.757145874332461,47.18597986548206,363.0517357428674,71.37844832981739,50.000000000000085,689.3993437545232,72.30520120729382,0.22020648114224556,0.06461118999505219,0.11427744701831409,-0.033851719452751367,0.4050922848046075,-0.1025529115835684,0.18883143922413678,False,False
cell_0284,A,1,72.820348,18.927371,30.989528829212496,0.11191217184602713,0.11480770572024858,-0.002895533874221451,stable,56616.512680420834,5.58598447537946,0.5393777403494192,496.9033610016014,58.23639193585274,50.00000000000014,115.04854486993155,55.33769366460729,-0.09288934615168284,0.2544505726758911,0.05145453642835047,0.16977282085510345,-0.05577305498787923,-0.08518541176022937,0.11287304892850245,True,False
cell_0285,H/E,18,72.872318,19.070868,34.11787546876072,0.2014966529103455,0.18586029024540182,0.01563636266494367,stable,90903.83215437522,4.757145873887842,3.5720133535160055,373.5041585131855,67.63764108373041,50.00000000000014,143.55913614799402,61.23752404741626,0.11533052774398643,0.16732022292085008,0.24022251540954376,-0.03385171956198304,-0.02581081596820614,-0.10119669009379519,0.16721034064556864,True,True
cell_0286,P/N,21,72.810635,19.159621,30.059576014789982,0.5002104068909379,0.4215085327429336,0.07870187414800428,gained,6955.680043479963,4.757145864443632,0.0,2173.8182409726273,0.49306522834365685,95.0,54.47054826154183,20.244578516947414,-0.15478614981789734,-0.12321038630692278,-0.2219519343959334,-0.03385172188218493,-0.06110207134186371,0.13239744407252793,-0.22087153529285014,False,False
cell_0287,P/N,21,72.820879,19.168637,29.289690738218717,0.5776149955903195,0.4308877453617262,0.1467272502285933,gained,8648.846975406,4.757145874522323,0.0,1635.2908726662652,0.0,94.99999999999986,0.007106525202356332,13.823840410051439,-0.206029005444968,-0.19849450701506266,-0.21263024624062998,-0.03385171940610702,-0.06110207134186371,0.06252250638802129,-0.2237213511765298,True,False
cell_0288,N,10,72.893783,19.080557,34.47548700127664,0.33066382140721357,0.30747428063016347,0.0231895407770501,stable,85822.84659281494,4.757145872406745,4.573902660198949,425.47847672533373,63.247650162609645,50.00000000000011,315.7522984529989,56.55438841992402,0.13913282230519744,0.04169153774802197,0.21224927660279075,-0.033851719925850864,-0.01591221596899814,-0.09445292466978328,0.14183709358402666,True,False
cell_0289,M/E,16,72.905772,19.006997,33.013738244548136,0.401022361637882,0.39377690655727265,0.007245455080609364,stable,52760.80109146817,4.7571458717327335,0.0,3239.782190152184,37.88143988202091,10.000000000000005,668.1729298725431,50.65912347020104,0.04184017003149842,-0.026739558193147703,0.03022701280306844,-0.03385172009143823,-0.06110207134186371,0.27070826893756794,-0.004774398792382773,True,False
cell_0290,H/W,23,72.828118,19.081069,33.64662056779131,0.26439625820318363,0.25561125987648414,0.008784998326699489,stable,87270.60076269189,4.757145864260568,15.369915329567316,585.2114260637541,68.00385993934388,50.000000000000085,312.98929107978125,62.37350463594945,0.08396423514326053,0.10614372735479055,0.22021985094053873,-0.033851721927158934,0.09075167423087774,-0.07372727442792773,0.1693270105132374,True,True
cell_0291,K/W,14,72.819336,19.123554,32.62763968862813,0.37455617873279967,0.3524190214833686,0.02213715724943105,stable,52238.06000493584,4.757145874991318,2.143011012304328,525.8055895355158,37.84502764698427,49.999999999999986,101.60260448135394,39.36743111990238,0.016141805403794052,-0.000998405866272202,0.027349074837981983,-0.033851719290886984,-0.03992926446269884,-0.08143529331387821,-0.004984854042119783,True,False
cell_0292,S,12,72.935862,19.163886,36.82801903977461,0.26068930974301036,0.2567495245164678,0.003939785226542536,stable,68223.01321436385,4.757145873777539,44.02445179162583,373.52643057906084,83.32152031651388,50.00000000000001,660.300180830503,77.74370898719994,0.2957151901921234,0.10974912543291208,0.11535383454936161,-0.033851719589081654,0.37385659680931405,-0.10119380025140884,0.2578599455780557,False,True
cell_0293,R/N,15,72.878053,19.240422,31.378943289027717,0.5172492495769473,0.4987820123378219,0.01846723723912541,stable,21041.075870590816,4.757145873256142,14.504918419164738,854.5604065571433,21.67723897423566,10.0,403.34699790666645,28.471634836774086,-0.0669702780117196,-0.13978245665901015,-0.14440514029750287,-0.033851719717175655,0.08220556204112514,-0.03877873822529956,-0.09843135627946806,True,False
cell_0294,P/N,21,72.789246,19.150629,31.473866052856906,0.44747546825292295,0.4475045613669179,-2.9093113994960174e-05,stable,17968.059268919304,4.757145871015136,0.0,2377.124291084448,11.748818111615456,10.0,66.89027197340798,30.301393244283197,-0.06065230619092536,-0.0719201003862848,-0.16132355626506883,-0.03385172026773367,-0.06110207134186371,0.15877678599367062,-0.1558155923757732,True,False
cell_0295,M/E,16,72.956947,19.043819,30.573243228381102,0.3893448612734726,0.20502319367580407,0.18432166759766855,gained,20008.374249795015,4.7571458649347615,0.26061677929774624,846.4902108057325,0.5325492919472211,94.99999999999991,5.220224079079618,21.74754096318411,-0.12059693271319422,-0.015381958317281839,-0.15009065321712053,-0.03385172176152685,-0.05852719482193032,-0.03982586128425392,-0.22064332550408114,True,False
cell_0296,R/C,11,72.906174,19.216389,29.072527558250933,0.6492338870010639,0.6510447576719925,-0.001810870670928666,stable,4237.9277821842525,4.757145872853311,0.0,2988.2679330232318,0.0,10.0,2459.794766225302,16.094103399690162,-0.22048318688894142,-0.2681514273158706,-0.23691445143159923,-0.033851719816140886,-0.06110207134186371,0.23807382159476814,-0.2237213511765298,True,False
cell_0297,P/N,21,72.838526,19.200111,33.32826230271601,0.29998148990238843,0.2895776856644516,0.010403804237936853,stable,74111.00607917208,4.75714586610701,15.006456896618648,154.45470128688373,69.21748589816247,50.00000000000013,234.11420100739568,56.26419469889906,0.0627746019454525,0.07153333895682903,0.14777003186072726,-0.033851721473535344,0.08716072898363361,-0.1296187686627072,0.17634151961968061,False,True
cell_0298,N,10,72.947395,19.098715,29.425097993313116,0.6249412676948616,0.5804852711434967,0.044455996551364896,stable,21340.518009939424,4.742583932659074,0.0,1764.2868363708199,0.0,94.99999999999979,0.35785035265013043,15.379463334558608,-0.19701642313587125,-0.24452429467561107,-0.14275656909584974,-0.03742921774432171,-0.06110207134186371,0.07925997500313708,-0.2237213511765298,True,False
cell_0299,S,12,72.923093,19.14555,37.06383274323306,0.2878866813878801,0.27372598642536733,0.014160694962512765,stable,62372.09224268541,4.757145869124899,63.10375838775622,9.051842836151673,76.30055155829542,50.000000000000014,451.6819114702318,79.6930327905825,0.31141073331904473,0.08329681499162073,0.08314173561752759,-0.03385172073211685,0.5623588824386697,-0.14848506269219489,0.21728018627683052,False,True
cell_0300,T,13,72.961641,19.146006,29.979017491712728,0.3934374886404242,0.3028408118679086,0.0905966767725156,gained,19839.84888489729,4.7571458709593495,0.0,2030.0337376068753,1.958427574660252,95.00000000000001,4.79010265214118,25.627567317229072,-0.16014805099096865,-0.01936246978157804,-0.1510184653945343,-0.03385172028143899,-0.06110207134186371,0.11374113465546583,-0.21240204150212513,True,False
cell_0301,F/N,8,72.863262,19.014778,33.833618471534294,0.31864038135196393,0.2900314710139267,0.028608910338037252,stable,83905.01777632753,5.585984476710381,4.476174354862381,342.2400904492953,62.346234623462344,49.999999999999964,847.1980423947136,61.458325724242904,0.09641064355717646,0.05338560043417547,0.20169071806644245,0.1697728211820769,-0.01687776515359812,-0.10525326165597755,0.13662709666356415,True,False
cell_0302,G/N,9,72.837881,19.042443,34.00791333002348,0.22076901088834394,0.1825476145343049,0.03822139635403904,stable,68374.52597511302,5.397213827751407,10.400140741507633,348.11514047761773,72.77504628837266,50.000000000000036,218.4168691855961,64.65227596618003,0.10801154896723751,0.14857582354188006,0.11618798426054591,0.12339667922955341,0.04165063042764317,-0.10449096287826928,0.19690348895835838,False,True
cell_0303,A,1,72.811685,18.916761,28.018877531028064,-0.04173692988972052,-0.29055502415359935,0.24881809426387883,gained,7551.696559675264,5.585984475776386,3.8247008339024946,1602.5366549438615,17.092641171861906,79.99999999999994,17.71952783726228,42.481526179443385,-0.29061316322372416,0.4038905182415951,-0.21867058038728704,0.16977282095261806,-0.0233142803963926,0.05827258510833676,-0.12492939119743858,True,False
cell_0304,N,10,72.933441,19.109066,33.223563747774904,0.4718166163642042,0.4442307796067645,0.027585836757439697,stable,48377.53712828839,4.757145866700532,0.2720567634402321,557.9748050474778,7.004659643435982,10.000000000000002,165.76790574667777,30.282195989576934,0.05580596246308209,-0.09559443240426564,0.0060950627887468535,-0.03385172132772196,-0.05841416853622349,-0.07726127716995021,-0.18323585521346777,True,False
cell_0305,P/N,21,72.857097,19.176609,34.15962312131443,0.28831676611497925,0.25597959510341883,0.03233717101156042,stable,68672.99975222317,4.757145874914293,20.519152252081028,191.9972885705481,71.86006194362746,50.00000000000008,408.1333884417725,60.02849869707506,0.11810921308540019,0.08287851226495152,0.11783122416813817,-0.033851719309809965,0.14162579401349956,-0.12474754743729151,0.19161506712473506,False,True
cell_0306,T,13,72.905777,19.140597,26.745615771671105,0.04264741979783997,0.014484815118974204,0.028162604678865763,stable,565.2214003885133,4.7571458922370375,0.0,1720.9387461922029,0.0,79.99999999999999,2.4136888905474767,24.56022103926584,-0.3753602943817248,0.32181784432779464,-0.2571344444704121,-0.03385171505405281,-0.06110207134186371,0.07363547887121513,-0.2237213511765298,True,True
cell_0307,P/S,20,72.819103,19.15805,32.860054441550496,0.3741561992334972,0.30148668002244816,0.07266951921104903,gained,10183.64915280247,4.757145871611342,0.0,1495.160582732099,0.0,79.99999999999997,17.68541343669836,28.21811242281734,0.03161111751045271,-0.0006093836466307189,-0.20418043127672916,-0.0338517201212611,-0.06110207134186371,0.0443403380283041,-0.2237213511765298,True,False
cell_0308,L,24,72.899545,19.097202,39.02840936978429,0.2498489622147408,0.20028691186893807,0.049562050345802716,stable,91339.22320805362,4.757145867504888,60.9642837292603,424.39800701417414,87.1648973481776,50.00000000000015,731.6084536246176,93.985508510112,0.4421711459496449,0.12029250594237989,0.24261954995555993,-0.03385172113011225,0.5412210145009345,-0.0945931176445149,0.2800738764784328,False,True
cell_0309,G/N,9,72.837813,19.034045,32.54489365295909,0.19763347729077316,0.17647559361432263,0.021157883676450523,stable,84709.19505774236,5.585984485756965,0.7335762251790847,137.37132600221724,79.17429350842598,50.00000000000016,354.2459612990903,63.826321366235916,0.010634305405372491,0.171077568377334,0.20611809595670244,0.1697728234045922,-0.05385438681869251,-0.13183536869774576,0.23388982529475458,False,True
cell_0310,R/N,15,72.868569,19.261871,31.8228133060811,0.4738554281241755,0.47332781422470016,0.0005276138994753654,stable,76705.25605318428,4.757145870946291,3.3516320278562937,331.1064520166789,27.89665426045175,10.0,221.41246900546489,36.45117338384544,-0.0374266980872549,-0.09757739172512672,0.16205261014563213,-0.033851720284647224,-0.02798816887081679,-0.1066978721576268,-0.062484411634032774,True,False
cell_0311,K/W,14,72.830168,19.087395,33.13205127413849,0.2961129712397364,0.28086959519645965,0.015243376043276746,stable,70505.85089195448,4.757145867269959,7.115986800667626,640.1515196566944,54.73359788255121,50.00000000000003,158.6336872585363,51.94393693198245,0.04971497641966636,0.07529588108584773,0.12792194023252096,-0.0338517211878282,0.009203406987533701,-0.0665986940769218,0.09262761778364045,True,False
cell_0312,T,13,72.893773,19.152496,31.153457774395036,0.5722688865203219,0.5466601249243815,0.025608761595940388,stable,12905.731959739176,4.7571458644010285,0.0,2279.374246538862,0.10118605933867968,10.0,341.0418163567393,21.830485555974953,-0.08197838639349954,-0.19329485248156092,-0.18919407253045203,-0.03385172189265147,-0.06110207134186371,0.1460935340862301,-0.22313651650855088,True,False
cell_0313,S,12,72.917249,19.114779,32.51800614242508,0.35106272281480794,0.3053781017779662,0.04568462103684173,stable,66091.1053137407,4.757145870926592,2.7398307558603743,422.5636034947025,48.50438226732625,49.99999999999998,205.73031318755326,44.30071000379801,0.008844697443778905,0.02185145614966773,0.10361666897477152,-0.03385172028948674,-0.03403272492116969,-0.09483113494717205,0.05662402924674971,True,False
cell_0314,F/N,8,72.880524,19.018526,35.00677088712458,0.2993935884331275,0.2493277417154502,0.05006584671767733,gained,52046.23089625413,5.125647227522981,1.1891614479021995,1537.5690688500088,4.460850950173209,80.0,20.87558870029185,47.81320876514819,0.17449458890598402,0.07210513509863431,0.026292964482574427,0.056679680208721606,-0.04935323498963789,0.04984291876826274,-0.19793854768167365,False,False
cell_0315,M/W,17,72.909127,19.061078,35.028216063089076,0.32107679768853203,0.3056917000729641,0.015385097615567944,stable,62987.049682676596,4.757145867188297,23.174705576759376,484.78040449383826,57.60089021959286,50.000000000000014,369.62745137085693,59.232610911333204,0.17592196008619387,0.051015928756313535,0.08652736840794638,-0.033851721207890643,0.16786248499544695,-0.08675838814060532,0.10919997936083713,True,False
cell_0316,M/W,17,72.885969,19.007728,31.572809718371513,0.5019265059520174,0.44835839591246457,0.05356811003955281,gained,68410.39195961463,4.757145865793822,0.0,2932.1986392125327,9.959052589321557,94.99999999999991,88.34431587991239,40.20692335095873,-0.0540667068536339,-0.12487947351521728,0.11638544354031499,-0.03385172155047759,-0.06110207134186371,0.23079872539425697,-0.16616006998298408,True,False
cell_0317,T,13,72.974589,19.152646,30.245039431026875,0.3390869375491153,0.30513310566077256,0.03395383188834272,stable,30231.10543944336,4.757145867981205,0.0,1742.082149433558,3.127275067472719,79.9999999999999,5.379173511991804,28.912479408486675,-0.14244187548048487,0.03349916953031349,-0.09380966257847348,-0.03385172101309335,-0.06110207134186371,0.0763788751605707,-0.2056463427443648,True,False
cell_0318,R/C,11,72.791168,19.261764,29.506318410618857,0.5630733450136891,0.5421936243568183,0.020879720656870826,stable,11328.477510243725,4.756263099801993,0.0,5380.323423984527,0.3338420834323315,10.000000000000037,427.36936105963446,31.77310549135169,-0.1916104668919695,-0.18435121918546946,-0.19787760741560156,-0.03406859467759606,-0.06110207134186371,0.5484475151258196,-0.22179181241103596,True,False
cell_0319,S,12,72.944189,19.114381,31.94978938461764,0.4630216720484943,0.46330761784505375,-0.0002859457965594392,stable,30884.557339701598,4.757145866387118,7.2457917812691495,505.6300432877667,22.90607851243018,95.0,53.59609803762712,29.656137701425155,-0.028975287132213225,-0.08704042209801928,-0.09021209950076281,-0.03385172140471984,0.010485871599451203,-0.08405310834015249,-0.09132891580479834,False,False
cell_0320,T,13,72.903072,19.198549,28.468615008990035,0.6227844534209965,0.6609008439805882,-0.038116390559591706,stable,4246.290595664361,4.757145862845543,0.0,3221.1735923670053,0.0,10.0,825.3509580406034,16.62806556352373,-0.2606790504999112,-0.24242656547289793,-0.23686841017134747,-0.03385172227479465,-0.06110207134186371,0.268293768417892,-0.2237213511765298,True,False
cell_0321,P/N,21,72.829448,19.199167,33.955897146165924,0.32143738863100085,0.3266460190000107,-0.00520863036900987,stable,83591.31375102416,4.75714587070468,5.873573087245624,362.81925466208185,48.30395996071684,49.99999999999998,123.22353047745946,52.51268957784878,0.10454939963044989,0.050665216059621675,0.19996362840871157,-0.03385172034400472,-0.0030715582213592663,-0.10258307644052599,0.05546562942460466,True,False
cell_0322,T,13,72.913174,19.207935,29.744760046828965,0.6303613003740656,0.6333980054832153,-0.003036705109149773,stable,4915.267172196032,4.757145868211842,0.0,3980.4951312004814,0.0,10.000000000000036,1038.912304915941,22.705544557870997,-0.1757400109790929,-0.24979584771037988,-0.23318537637707346,-0.033851720956431526,-0.06110207134186371,0.3668171644996098,-0.2237213511765298,True,False
cell_0323,R/S,22,72.856787,19.194994,33.43841262129766,0.34098171139504513,0.3444939471225664,-0.0035122357275212956,stable,69956.34135372499,4.757145868470847,6.6669504858187345,415.69929517659364,51.13831606228341,50.00000000000003,467.8548878568712,49.21873938436247,0.07010610579949796,0.031656302261996776,0.12489662922676363,-0.03385172089280075,0.004766957934570405,-0.09572179184634422,0.0718476263165429,True,False
cell_0324,D,4,72.825256,18.961625,34.59681100207839,0.1583245191124666,0.13990373448082463,0.018420784631641957,stable,68120.78266705255,5.585984488888167,1.0560314171877312,336.1015685178926,89.32307322351811,49.99999999999998,418.6978805598595,69.6107676460708,0.14720803616676187,0.20930967324517494,0.11479100683047991,0.1697728241738488,-0.05066855087646751,-0.10604974640805376,0.29254769035896216,False,True
cell_0325,G/S,7,72.833595,19.008347,33.837262223782886,0.21103249508756927,0.17513440912445777,0.0358980859631115,stable,61856.99024085563,5.585984486681596,4.744680591052723,530.1560878228797,76.80556938497796,50.00000000000017,129.09207550214708,64.64029524570473,0.0966531683541787,0.15804561135599823,0.08030585444202665,0.16977282363175053,-0.014224941322050669,-0.08087080798849512,0.2201990857272256,False,True
cell_0326,S,12,72.903671,19.116505,31.564923261797183,0.39689126339542624,0.33305486685090635,0.06383639654451989,gained,74318.59429094462,4.75714586365926,0.0,163.92721915431872,40.49332304193742,10.00000000000001,194.8388640243143,38.565779616364146,-0.05459162214678942,-0.0227216297477155,0.14891290356367243,-0.033851722074885085,-0.06110207134186371,-0.1283896916748765,0.010321750129839434,True,False
cell_0327,H/E,18,72.871528,19.06282,33.397590697327445,0.1827325369009896,0.16029910593802016,0.02243343096296943,stable,66119.0752618224,4.757145872329231,2.1025079412576213,495.411275461983,55.51426885125983,50.0,77.44420216379504,53.296039374845805,0.06738903610082674,0.18557030341822475,0.10377065682370802,-0.03385171994489408,-0.04032943212229611,-0.08537901266194152,0.09713973585375257,False,False
cell_0328,S,12,72.895247,19.123532,30.233280147562,0.40123138052362756,0.2583747578220032,0.14285662270162436,gained,33854.88678917873,4.757145872452545,0.0,713.1883029006915,20.619100638128167,10.000000000000025,144.1012639424564,26.42180909572162,-0.1432245625680365,-0.026942851089462434,-0.07385902507883128,-0.0338517199145988,-0.06110207134186371,-0.05712203424828366,-0.1045471788198231,True,False
cell_0329,M/W,17,72.899157,19.009239,36.174489078135345,0.22509276583798288,0.20244602635517386,0.022646739482809014,stable,76357.35162965082,4.757145857414917,0.22422545678639022,3112.161561476328,61.595897879849836,50.00000000000002,232.48900886893992,72.09599288834922,0.25221683726687955,0.14437051614330673,0.16013723105165206,-0.033851723608961125,-0.05888673867830174,0.25414925262605165,0.13229030419243704,True,True
cell_0330,R/C,11,72.905777,19.234002,29.22232272764794,0.634880635434587,0.632210892270554,0.0026697431640329006,stable,2823.4680798217987,4.757145869699752,0.0,3776.9352125743826,0.0,10.0,2666.8388956849517,20.099214732742237,-0.21051295824237135,-0.2541913773803094,-0.24470172391197276,-0.03385172059089009,-0.06110207134186371,0.34040488266183666,-0.2237213511765298,True,False
cell_0331,G/S,7,72.821668,19.018235,33.244843857864694,0.2445106980467282,0.2298362895048339,0.014674408541894307,stable,77732.94510908531,5.5859844787776955,8.371924130461457,279.62225767536074,68.27243500961112,50.000000000000206,175.94699483742954,63.60660470855141,0.05722234701055092,0.12548453048187347,0.16771052651471116,0.1697728216899634,0.0216119846305694,-0.1133780430886798,0.17087931933002232,True,True
cell_0332,K/E,19,72.847452,19.115472,33.15785014783341,0.2732933338624436,0.24906146306053326,0.024231870801910332,stable,45304.686457423544,4.7571458759554375,6.904530969936526,191.8484764048315,78.2474196389813,50.00000000000017,1527.8870893903845,50.61925672051044,0.05143212571491892,0.09749038355262225,-0.01082243965091712,-0.03385171905402738,0.007114237383720597,-0.1247668560953433,0.22853268444711403,False,False
cell_0333,L,24,72.877908,19.050407,33.471373615693714,0.3441585024556944,0.29585304419508635,0.04830545826060806,stable,92757.98652784752,4.757145869858351,12.87466495229709,112.85404970153671,50.97998701222033,50.0,205.07072365172777,54.14627151185035,0.0722999592586574,0.02856653813181969,0.25043051589396126,-0.03385172055192626,0.06609876575314788,-0.13501653135451402,0.07093251688318578,False,False
cell_0334,P/S,20,72.868148,19.140652,31.137721622874103,0.5666782641959663,0.5390740169114292,0.027604247284537142,stable,36531.72476344903,4.757145865025155,0.3980652935653929,910.9343248878713,12.742396321155052,10.00000000000001,639.3401576496392,22.97654323680103,-0.083025770159694,-0.187857383037275,-0.05912176062609515,-0.033851721739319475,-0.05716921260358987,-0.03146411642106442,-0.1500729141245898,True,False
cell_0335,R/N,15,72.848534,19.239459,30.939512532338146,0.46253195837265226,0.44100470474987474,0.02152725362277752,stable,64715.25608267983,4.757145867393624,0.069303100836852,433.72621842686686,31.0870743711343,10.0,284.3810955616667,32.581653446451256,-0.09621838485099066,-0.08656412393399565,0.09604196547753614,-0.03385172115744695,-0.060417361295241896,-0.09338276469027286,-0.04404443780424783,True,False
cell_0336,F/S,6,72.840763,18.98788,34.721142253833406,0.23871407404261233,0.20646339946686013,0.0322506745757522,stable,56449.57054316457,5.585984477738016,12.662963487653483,35.90735212936187,84.35206879682782,50.000000000000064,343.22928363825787,66.66378234056585,0.1554834098847648,0.13112235827164956,0.05053544067108066,0.16977282143454062,0.06400716930254649,-0.14500050991217497,0.2638163044110773,False,True
cell_0337,K/W,14,72.820485,19.153244,29.956170222428803,0.6009407501822424,0.5159415882593759,0.0849991619228665,gained,28201.5557652674,4.757145864521652,0.0,694.3685391872599,4.694595431402229,95.0,8.599948109872443,14.98567197080354,-0.1616687442124354,-0.22118126181621311,-0.10498329749989564,-0.033851721863017346,-0.06110207134186371,-0.059563933943834635,-0.1965875525251776,False,False
cell_0338,P/N,21,72.810512,19.207471,31.389548790814203,0.5441019454260911,0.4310561733454855,0.11304577208060562,gained,12497.330773991383,4.7571458725784925,0.0,990.2050029243663,4.827401728355648,94.9999999999999,31.60171841366642,18.48050950640088,-0.066264385571072,-0.16589953356122308,-0.19144251503426732,-0.03385171988365677,-0.06110207134186371,-0.02117859703246097,-0.1958199593696393,True,False
cell_0339,R/C,11,72.810401,19.251738,28.910659259292334,0.6294548281744257,0.7181593079459707,-0.08870447977154505,lost,5736.660984308706,4.757145872889751,0.0,3323.743223061464,0.0,95.0,2.426833501989927,18.130673398163953,-0.23125699193048668,-0.2489142079569371,-0.22866321330807216,-0.033851719807188464,-0.06110207134186371,0.28160237068194804,-0.2237213511765298,False,False
cell_0340,T,13,72.914979,19.141633,28.84521628949683,0.41679528666072796,0.41072995424978453,0.006065332410943425,stable,6488.853901929611,4.757145864419611,0.0,1092.173372103767,0.3367240491397031,10.0,104.86882749194196,15.392909732817515,-0.235612815785143,-0.042080390194104526,-0.22452203403125157,-0.03385172188808623,-0.06110207134186371,-0.00794800957947931,-0.22177515524038802,True,False
cell_0341,M/E,16,72.907339,19.04569,32.400171609416724,0.4325315248596011,0.40054723727100944,0.031984287588591676,stable,73929.84604045918,4.7571458653688214,5.126211659678364,581.6474382943576,37.99554663903524,10.000000000000002,724.172642271942,42.257346176657364,0.0010017393478377891,-0.057385540392073,0.14677265980293297,-0.03385172165488939,-0.01045543963119098,-0.07418970853611079,-0.004114885142095615,True,False
cell_0342,R/C,11,72.848158,19.213482,32.57805299116011,0.32192737655922543,0.3197623877426553,0.0021649888165701237,stable,74709.26185334432,4.757145866348267,5.400402591089349,127.72359489038519,62.83458527295813,50.0,343.86942862115336,49.39310727741873,0.01284136044569186,0.05018865115625071,0.1510637140481059,-0.03385172141426448,-0.007746451387336497,-0.13308717993318261,0.13944966324854416,False,False
cell_0343,A,1,72.830451,18.944692,35.17153861693174,0.2027399644746695,0.20871721465174403,-0.005977250177074539,stable,90196.44417580249,5.585984480611527,0.0,134.9742188245956,80.22507044492932,50.00000000000003,511.0944722647418,70.5396456358184,0.18546137739700527,0.166110971383452,0.23632800860296174,0.16977282214048914,-0.06110207134186371,-0.1321463978571108,0.2399631004553471,False,True
cell_0344,P/N,21,72.830651,19.178109,32.59461770922453,0.4191290658315043,0.46556457152926517,-0.04643550569776089,stable,31465.797246763017,4.757145879704144,0.0009669226063857477,723.1367287149945,8.248269336344604,95.0,56.96875910232808,28.328710510722594,0.01394389283864562,-0.044350236410602414,-0.0870120977437708,-0.03385171813306571,-0.06109251821054774,-0.05583120731033331,-0.17604804627416296,False,False
cell_0345,K/W,14,72.809851,19.152478,29.20143704823999,0.4936293784750676,0.41975978718565576,0.07386959128941184,gained,11189.61479434498,4.757145867257161,0.0,1376.1284812198344,0.02450435406068909,94.99999999999996,0.10038129607216129,15.727571620664566,-0.21190308984657769,-0.11680964255298,-0.19864211262155557,-0.0338517211909725,-0.06110207134186371,0.028895699250180356,-0.2235797210363229,True,False
cell_0346,G/S,7,72.811477,18.988475,33.48167280829193,0.145753339354515,0.08713666050582579,0.05861667884868922,gained,54033.10489085105,5.585984480426466,8.65824875546584,956.1250773127355,46.37336286506622,50.0,84.2642875453628,61.759807555919245,0.07298546404157297,0.2215364705222324,0.037231649518459364,0.1697728220950242,0.02444085296356432,-0.025600531401171855,0.044307174210366417,False,True
cell_0347,G/N,9,72.829176,19.01671,32.604229082483606,0.22456950483790006,0.2263514971935352,-0.0017819923556351425,stable,97830.4476230925,5.585984487915707,1.8383323240389544,181.10871399412233,79.13108469086939,49.99999999999999,337.498094129359,66.06866391249223,0.014583616999219506,0.14487944261593602,0.2783568234648253,0.1697728239349401,-0.04293946972520168,-0.12616036044323706,0.2336400871921481,False,True
cell_0348,H/E,18,72.868229,19.080655,35.35518001102259,0.31499743273421243,0.26034621280998227,0.054651219924230166,gained,97456.34570800024,4.757145870238768,19.18765992719159,536.2655846259916,76.18140807572844,50.00000000000012,378.989809962453,69.10813962052032,0.1976843796168435,0.05692875192016155,0.27629721473692215,-0.03385172045846759,0.12847073802260162,-0.0800780893013396,0.21659156138596788,False,True
cell_0349,D,4,72.802157,18.971628,32.81942851193119,0.21078088463992642,0.1239040483392474,0.08687683630067902,gained,53170.9997493378,5.585984491102056,0.0,193.18753516317693,48.48871978596754,49.99999999999995,117.30856873738374,52.14611296315715,0.02890709301544113,0.15829032903527357,0.032485351244650844,0.1697728247177449,-0.06110207134186371,-0.12459311070596867,0.0565335033171403,True,False
cell_0350,R/C,11,72.856341,19.214085,35.78389186821842,0.33509466401160126,0.3151878448498154,0.019906819161785883,stable,76954.42723793088,4.757145861810343,6.9474091559366125,457.9268513340225,60.67078389193437,49.99999999999991,568.7520324335522,58.133743807735684,0.22621904636841067,0.03738207631850652,0.16342441586525674,-0.03385172252911703,0.007537871021763618,-0.09024268710864264,0.12694333509905337,True,False
cell_0351,M/E,16,72.906071,18.998238,31.894909601125907,0.33240818842241737,0.33232691132132125,8.127710109612218e-05,stable,35650.49185070916,4.757145873369937,0.0,4162.32794550412,16.451755098253035,10.000000000000004,99.77339038556018,47.0726247058335,-0.03262803502581652,0.03999495697498894,-0.06397336636552832,-0.03385171968921907,-0.06110207134186371,0.3904103137362466,-0.12863358124615693,True,False
cell_0352,P/N,21,72.790753,19.170359,30.820306293965242,0.42551846187733644,0.45729767010621936,-0.031779208228882916,stable,9141.59798584308,4.757145879398322,0.0,3418.761470979594,2.0710182816120506,10.000000000000005,119.7210007729822,30.588066144804067,-0.10415264239387202,-0.05056459748723951,-0.2099174178886847,-0.0338517182081984,-0.06110207134186371,0.2939311668451789,-0.21175129031023146,True,True
cell_0353,K/E,19,72.879664,19.098184,38.55080290121663,0.12548805669658644,0.11013428666415623,0.015353770032430214,stable,85782.60949040826,4.757145873587418,0.0,599.2882677187746,82.51541157983797,50.00000000000001,182.7486029646441,75.46227364206686,0.41038209885373983,0.24124659380354452,0.21202775224282616,-0.03385171963578949,-0.06110207134186371,-0.07190077777923809,0.25320080242681575,False,True
cell_0354,P/N,21,72.795776,19.191897,29.794435188306007,0.30191297321961347,0.23077412987756105,0.07113884334205242,gained,7701.568060666124,4.757145872465703,0.0,3062.7229181223324,1.3055377139825182,10.0,113.94245570564435,30.36458563939435,-0.17243367926912836,0.06965476785861596,-0.2178454665906132,-0.033851719911366346,-0.06110207134186371,0.24773449577825896,-0.21617561097791857,True,False
cell_0355,D,4,72.804428,18.951377,30.99552941291379,0.29384042478001315,0.30569974276179,-0.011859317981776862,stable,58477.20702200665,5.5859844802207546,0.0,587.2567492602992,50.374496049963874,49.99999999999999,163.96791225971577,48.39578493690817,-0.09248995282174029,0.07750617203711309,0.06169854254348899,0.16977282204448627,-0.06110207134186371,-0.07346188990094867,0.06743290331793914,True,False
cell_0356,P/N,21,72.792092,19.224617,30.503918541476974,0.49294102745266094,0.47414100625514294,0.018800021197518002,stable,8880.157936387037,4.7571458634453965,0.0,2700.8246098110217,0.2378143462670141,95.0,32.60392790560482,24.103349053002006,-0.12521112008698182,-0.11614014863367637,-0.21135676953581617,-0.033851722127425925,-0.06110207134186371,0.20077751043337416,-0.22234683303491332,False,False
cell_0357,L,24,72.885582,19.107199,36.26625067780725,0.26194433722161725,0.23067058725843068,0.031273749963186576,stable,50443.360864450326,4.757145868489748,22.177632304771173,68.92156300263095,76.74793698424607,50.000000000000085,399.2255367968275,63.211978558159544,0.2583244049099935,0.1085284789340537,0.017468403650312055,-0.033851720888157175,0.1580114671000777,-0.14071685403275735,0.21986598227239051,False,True
cell_0358,N,10,72.945781,19.106395,30.291252130260514,0.6086179783090504,0.5811143719913081,0.02750360631774229,stable,20160.21377118269,4.757145868527888,0.0,1017.9574830364442,0.0,95.0,5.071408795596513,14.492678470580472,-0.13936600074040287,-0.2286481753250134,-0.1492547045334214,-0.03385172087878711,-0.06110207134186371,-0.01757766060369481,-0.2237213511765298,False,False
cell_0359,M/E,16,72.895787,19.03551,32.877958718043445,0.435922740765422,0.3802784956969763,0.055644245068445675,gained,77428.48376403713,4.757145867484561,11.343867322466373,304.04159087224605,39.351930842290855,10.000000000000002,384.0074023502619,44.99609607897092,0.03280280967986442,-0.06068385528387761,0.16603432220173478,-0.03385172113510604,0.0509745865485632,-0.1102095887336193,0.003724737335025842,True,False
cell_0360,M/W,17,72.889401,18.997175,30.222431500076272,0.3795902082480868,0.26442462690347823,0.11516558134460858,gained,17262.127654108404,4.757145873333492,0.0,3368.133733903695,0.36325648757092993,95.0,0.22819997081602295,31.70852191975581,-0.143946638562704,-0.005894530140623445,-0.1652100450974201,-0.03385171969817259,-0.06110207134186371,0.2873621228532058,-0.22162180318851432,False,False
cell_0361,F/N,8,72.880366,19.034696,34.68573622835629,0.23261601175853813,0.19634869096964103,0.036267320788897106,stable,41519.648723463215,4.905876715579064,0.0,1239.11206719334,64.61968797354352,50.000000000000014,142.1478354215826,55.55021354719533,0.15312681740655515,0.13705336655932313,-0.03166087013685803,0.0026876612423360723,-0.06110207134186371,0.011117562139032991,0.14976719070270467,True,False
cell_0362,B,2,72.840649,18.963651,36.06423674825584,0.17713885166795815,0.18520176004322983,-0.008062908375271682,stable,102278.957609566,5.585984471585367,0.5209924000901687,370.45236517840874,86.46790961422802,50.0,500.41842448416025,78.06550611616979,0.2448785436347103,0.1910107518640188,0.302847983826957,0.1697728199229914,-0.05595470093205863,-0.10159266601190713,0.27604543034035917,False,True
cell_0363,T,13,72.933989,19.197563,27.60326154666204,0.6821721471010174,0.675916533102674,0.006255613998343401,stable,6697.3126177866425,4.757145874264399,0.0,2027.03783716641,0.0,10.0,1008.506311297818,7.946557517342172,-0.3182761807294234,-0.30018735685115433,-0.22337436978986236,-0.03385171946947246,-0.06110207134186371,0.11335241094538802,-0.2237213511765298,True,False
cell_0364,N,10,72.895454,19.089452,36.32810958853446,0.30573655831347785,0.27745203868288304,0.028284519630594807,stable,60987.90941394888,4.757145873352879,28.495084506003458,447.93490946270447,75.87123506282505,50.000000000000085,913.0234055975694,67.47502651107122,0.26244167709080374,0.06593592836109881,0.0755211517069204,-0.03385171969340966,0.22042747647056588,-0.09153916033673748,0.2147988249931985,False,False
cell_0365,P/S,20,72.888454,19.161508,33.12608670657136,0.4718409746797698,0.46454972505573316,0.007291249624036655,stable,48998.30114886624,4.757145874878295,11.219817087445211,1416.1882373424653,33.127310536044355,10.0,654.6058958364799,42.7027009050449,0.049317980290474586,-0.09561812343344236,0.009512663563217807,-0.033851719318653946,0.049748978441867625,0.03409352786106156,-0.03225229125854621,True,False
cell_0366,G/N,9,72.861499,19.044285,37.90104508050432,0.1917896785031303,0.17814052284223494,0.013649155660895362,stable,88019.6952500436,5.5859844896836695,61.02721159050202,206.60836701853475,93.87248043690106,50.000000000000114,542.8687799835133,100.0,0.3671348161577979,0.17676127861616253,0.22434397188708138,0.16977282436928348,0.5418427376025611,-0.12285173256112779,0.31884233089076003,False,True
cell_0367,F/N,8,72.880138,19.043807,34.896697154444276,0.2544127596303593,0.24135172030295735,0.013061039327401963,stable,57054.603339502224,5.0011077992919875,3.05689829198003,450.0573779112415,50.65855390511765,50.00000000000005,252.4682984156433,53.822500882097344,0.16716818253906404,0.11585373194592731,0.05386643358432827,0.026083513727448986,-0.03090011866232665,-0.0912637660683918,0.06907469945558319,True,False
cell_0368,G/S,7,72.832595,18.999057,34.54125548624989,0.2076296899018741,0.18878348218613178,0.01884620771574233,stable,54948.302521459016,5.5859844829962615,0.23976152836782202,666.7590243771155,84.16791633587187,50.00000000000007,218.5843197908773,65.58348275576068,0.14351031215057355,0.16135519804395393,0.042270247161809,0.1697728227263576,-0.058733243319964386,-0.06314632035610848,0.2627519409595844,False,True
cell_0369,S,12,72.955423,19.151291,30.553708175047984,0.5068734180879652,0.45082466502879404,0.05604875305917112,gained,60702.658101575136,4.757145874846318,0.0,668.1053936790042,9.269985531961435,10.000000000000009,73.99468168528026,26.250885676741593,-0.12189716788858852,-0.1296908669562657,0.0739507077479102,-0.033851719326509905,-0.06110207134186371,-0.06297162640997594,-0.17014273623503737,True,False
cell_0370,M/E,16,72.92688,19.01803,32.792895618587735,0.4354707367407411,0.41107697153509076,0.024393765205650342,stable,34239.995319895344,4.757145867977243,0.0,3440.577948880858,41.98301785776831,10.0,133.51108898632492,47.26469312603193,0.02714108804776281,-0.060244233730085785,-0.07173881970415875,-0.03385172101406653,-0.06110207134186371,0.2967618958360573,0.018931880603349716,True,False
cell_0371,H/E,18,72.850148,19.089997,38.26151609792269,0.2002266888554505,0.20458252054082077,-0.004355831685370265,stable,82895.56876881933,4.7571458641531175,30.55311201444983,784.6152681074034,75.39580744719227,50.00000000000022,477.80500675889175,81.4431632467211,0.3911274354030666,0.16855539681441642,0.19613322182715076,-0.033851721953556894,0.24076065195970606,-0.0478542513340955,0.21205095089321044,False,True
cell_0372,P/N,21,72.876277,19.168835,35.13744054333417,0.32060353953157733,0.2917191400224409,0.028884399509136405,stable,59809.8115462897,4.75714587156542,29.603516462726414,13.49882821610934,73.10193268709733,49.99999999999999,704.5248788168411,62.011359352443364,0.18319184099243457,0.05147622219385976,0.06903516339018981,-0.03385172013254284,0.2313787107963077,-0.14790805798529263,0.1987928252929723,False,False
cell_0373,G/N,9,72.843172,19.017685,34.33792857914171,0.23437116388817864,0.21835216413085834,0.016018999757320296,stable,79730.68514504308,5.585984491802841,0.8997454698510694,400.77542937116215,82.86163680036988,50.00000000000008,454.7610287346008,67.65764929707291,0.1299770602971999,0.13534629612578358,0.17870903426927703,0.16977282488990997,-0.05221264568600765,-0.09765819146972088,0.255201913184751,False,True
cell_0374,F/N,8,72.848585,19.024894,32.245574107865714,0.28001591290580485,0.25966218532547924,0.02035372758032561,stable,59033.265633681214,5.585984491339153,0.0,91.20083505312188,77.62974235453595,50.00000000000013,593.3932311563763,54.91606411136538,-0.009288128108214146,0.09095196689445757,0.06475990930914212,0.1697728247759937,-0.06110207134186371,-0.13782607663163818,0.22496263643923955,False,False
cell_0375,K/E,19,72.848102,19.124598,34.523428598068556,0.26350275988612043,0.2404457855542062,0.023056974331914226,stable,63058.502824548494,4.7571458663488695,19.118289781461133,571.8294017201911,82.0585753765163,50.000000000000114,1604.4865402955445,63.80890523348962,0.14232377087597706,0.10701274864002146,0.08692075189169352,-0.033851721414116534,0.1277853655768711,-0.07546361722521165,0.25056038287656796,False,True
cell_0376,S,12,72.954842,19.117092,31.595738525189688,0.47153373155673733,0.5903074286297318,-0.11877369707299451,lost,11790.913965541698,4.757145860036911,0.0,1330.9953945717277,0.38709677419354843,94.99999999999987,8.171969876647145,21.826236816423673,-0.0525405865689112,-0.09531929711384321,-0.19533167508805013,-0.03385172296480392,-0.06110207134186371,0.023039596473149713,-0.22148401122188782,True,False
cell_0377,R/C,11,72.884505,19.243143,29.3059655991812,0.6490007611538174,0.6424634911688307,0.0065372699849867155,stable,4416.1575324802325,4.757145869073543,0.0,1819.1141459746907,0.0,10.0,1301.2926416160444,11.531857687478142,-0.20494576567401762,-0.26792468785869905,-0.2359332120033245,-0.03385172074473355,-0.06110207134186371,0.08637392141969169,-0.2237213511765298,True,False
cell_0378,R/C,11,72.866598,19.214663,32.567543559843315,0.2773532062148486,0.25992691838456417,0.017426287830284437,stable,75444.21206888753,4.757145865205985,5.305180493060306,242.6403206234722,69.7769399937166,50.00000000000016,286.79663201922546,52.800566546312474,0.012141862367110989,0.09354172979224719,0.15510996406030855,-0.033851721694894255,-0.00868723940971345,-0.11817651889331705,0.17957504953833986,False,True
cell_0379,M/E,16,72.93563,19.025117,31.372622247516464,0.5089876888057442,0.4989497188450205,0.010037969960723703,stable,13396.847966985475,4.757145868037205,0.0,1903.1163344362428,7.07912047752467,10.0,181.04901444598238,24.20871410626831,-0.06739100071863564,-0.13174721806672943,-0.18649024564764133,-0.03385172099933544,-0.06110207134186371,0.09727336317429155,-0.18280548686563108,True,False
cell_0380,P/N,21,72.847233,19.17805,34.19439173521176,0.3070137156210214,0.2778101034727067,0.02920361214831474,stable,53750.05305845919,4.757145859274706,20.602533934599464,104.77374412922455,79.39959121103732,49.99999999999998,649.7497516973153,57.83297449607914,0.12042338003534989,0.06469375827118576,0.035673314741425474,-0.03385172315205838,0.14244959951477154,-0.13606496618172206,0.23519199980341982,False,False
cell_0381,E,5,72.822782,18.968806,33.942109991996524,0.22271834439017027,0.20836841806315323,0.014349926327017037,stable,57012.193876882215,5.5859844860577175,3.453042928915913,117.68029257581621,84.06983763369297,49.999999999999936,314.7895579954581,62.768978973641666,0.10363173933467552,0.14667989125778944,0.05363294934959423,0.16977282347847938,-0.02698623588435554,-0.13439031727527206,0.2621850661786167,False,True
cell_0382,R/N,15,72.837126,19.261672,28.324224931045904,0.6455552661571418,0.5967636456825195,0.048791620474622266,stable,11992.10356996256,4.583426841610154,0.0,1368.0947308332534,0.0,95.0,0.0,7.42504635089871,-0.27028952123267325,-0.2645735808301942,-0.19422403075769054,-0.07653006254164796,-0.06110207134186371,0.02785330504577684,-0.2237213511765298,False,False
cell_0383,G/S,7,72.810382,18.978806,32.19742650199036,0.12778433838114245,-0.031177525624481006,0.15896186400562345,gained,25839.490325266295,5.585984482154523,0.0,252.4645310354011,18.007992205775846,80.0,83.41648296506158,42.69296198179621,-0.012492788454036,0.2390132178445119,-0.11798758964553965,0.16977282251956397,-0.06110207134186371,-0.11690180913716872,-0.11963884997563423,False,False
cell_0384,H/W,23,72.840717,19.07939,32.773892433593254,0.24320714843698857,0.23203695754657697,0.011170190890411602,stable,55314.015512416176,4.757145868469996,0.0,123.64638529423988,81.5170923440705,50.000000000000085,789.0698585094605,50.64104801863027,0.025876253539609182,0.1267523698673371,0.04428367087790297,-0.033851720893009786,-0.06110207134186371,-0.13361620553749554,0.24743072201650118,False,False
cell_0385,A,1,72.81317,18.897328,31.332056626906848,0.3641915067809522,0.3829673934481301,-0.018775886667177888,stable,39683.52625855164,5.585984484038529,0.0,135.75056539035097,45.48269705763082,10.0,251.92331789478777,40.40576881799384,-0.07009101110145358,0.009082330010429015,-0.04176959640012318,0.16977282298241622,-0.06110207134186371,-0.13204566543180374,0.039159308534244125,True,False
cell_0386,T,13,72.926125,19.153469,30.36106011635407,0.44714330031652605,0.42186146189406504,0.02528183842246101,stable,16024.736435865965,4.757145867012769,9.901997605505569,820.1672812972115,9.150191875082703,10.00000000000001,176.64553050526106,23.416849932060412,-0.13471964541725673,-0.07159703205869251,-0.17202247147137842,-0.03385172125101341,0.03672900923382008,-0.04324131083673647,-0.17083511900005996,True,False
cell_0387,R/C,11,72.88535,19.215517,29.150745496717743,0.6129985957752689,0.6647646269861995,-0.051766031210930596,lost,5626.057390679433,4.757145863767023,0.0,1421.9664905830869,0.2698212830795602,10.0,1298.0834845830577,10.902208405521613,-0.21527707287393877,-0.2329087875140892,-0.22927213862383838,-0.03385172204841053,-0.06110207134186371,0.03484326707372872,-0.22216183950530927,True,False
cell_0388,R/S,22,72.818967,19.204716,33.35569124943305,0.38442639997664313,0.3504245020121951,0.034001897964448025,stable,52512.50478472714,4.757145870472817,4.0280672873941334,104.76773091043705,46.37544638342941,49.99999999999999,189.7076427039249,41.18170111374451,0.06460024740120587,-0.010598236315904112,0.02886002370240098,-0.03385172040096766,-0.02130503330398071,-0.13606574640815586,0.044319216519140274,True,False
cell_0389,P/S,20,72.840493,19.150606,34.88292986460092,0.28812095416656835,0.2756819702467228,0.012438983919845548,stable,57185.929128917,4.757145876639413,5.435096431847978,691.9759566797204,58.84528873111816,49.99999999999996,124.21309962891449,54.136561770999094,0.1662518443945536,0.08306896002273903,0.05458944443021164,-0.033851718885992005,-0.007403678538265086,-0.05987437601875673,0.11639234750994606,True,False
cell_0390,R/C,11,72.799942,19.260618,29.876839825684684,0.556115806149816,0.5217557220768837,0.03436008407293234,stable,8962.58480674021,4.632120962460842,0.0,4666.980221273964,0.03415264095968921,10.000000000000005,230.41394521994044,28.176668538167014,-0.1669489024267883,-0.17758427933783766,-0.2109029704646426,-0.06456715690309384,-0.06110207134186371,0.4558898945283259,-0.223523955917076,True,False
cell_0391,R/C,11,72.780052,19.231719,31.37785944150382,0.4308192902693975,0.4425950830119966,-0.0117757927425991,stable,11154.761678303603,4.757145864970753,0.0,3906.8789002536923,4.086865934770414,10.00000000000001,165.94758530777642,34.577941265394394,-0.06704241790564795,-0.05572021178900829,-0.19883399557937398,-0.03385172175268462,-0.06110207134186371,0.35726532024301705,-0.20010010435995196,True,False
cell_0392,A,1,72.843014,18.934583,33.568115385197366,0.1524476946629596,0.13750752456748905,0.01494017009547055,stable,68724.86191592312,5.585984488187496,0.0,145.77010232890157,74.850357263645,50.00000000000001,125.3900336021855,63.5863642247408,0.07873900242345298,0.21502550442096632,0.1181167500120195,0.16977282400171168,-0.06110207134186371,-0.13074561169189697,0.20889836071350795,False,True
cell_0393,K/W,14,72.791732,19.13264,33.794884128507874,0.34689958443946417,0.3467583013181765,0.00014128312128769416,stable,17292.09961382229,4.757145861479939,0.0,1885.1168667264199,23.934976368776574,10.0,172.1965009679585,38.92791159222207,0.09383252132531363,0.025900547001261823,-0.16504503522356298,-0.033851722610288695,-0.06110207134186371,0.09493789842617002,-0.08538209723973786,True,False
cell_0394,P/S,20,72.857586,19.142135,33.407025673388745,0.42138069659402405,0.405779971458934,0.015600725135090032,stable,67322.62499452206,4.757145868296156,0.9329935952187858,600.9837782865305,34.355421523079826,9.999999999999991,513.9620703322735,41.63281026248681,0.06801701942622197,-0.046540184641889304,0.11039676974623178,-0.033851720935717755,-0.05188415640925494,-0.07168078209798244,-0.025154061660137443,True,False
cell_0395,N,10,72.934579,19.071863,30.05787041450862,0.5927973784981071,0.5018693072359978,0.09092807126210933,gained,18698.356230524772,4.757145867061176,0.0,1079.2931573814617,0.0,95.0,1.9418029168933222,14.484691071640299,-0.15489967300327967,-0.21326097456786053,-0.15730292462592627,-0.033851721239120926,-0.06110207134186371,-0.009619241635734143,-0.2237213511765298,False,False
cell_0396,K/W,14,72.830665,19.152155,32.78928180645226,0.29768051236077325,0.272109942353542,0.02557057000723123,stable,68084.76400335686,4.757145873782052,4.619229178538309,330.7560685322912,71.5509391783212,49.999999999999886,136.27471562914417,51.76544535882657,0.026900556037141293,0.07377128213178011,0.11459270697923013,-0.033851719587972964,-0.015464392969585615,-0.1067433350729365,0.18982840094765327,False,True
cell_0397,G/S,7,72.811729,18.999223,34.2942425703615,0.23677809513492434,0.21967400106166263,0.017104094073261716,stable,82926.52676266126,5.585984484642197,11.309296505752679,491.5640728542508,71.92167691728383,49.99999999999999,205.00760902640855,69.81246103915987,0.127069359748857,0.13300530180540882,0.1963036602872145,0.16977282313072214,0.0506330291689084,-0.08587819442742987,0.1919711890341796,False,True
cell_0398,H/E,18,72.849936,19.052742,32.15141178732476,0.2956210567751843,0.24838147543413375,0.04723958134105055,stable,71439.6680978056,4.760463971513649,0.0,544.6604459834618,50.939876283261114,50.00000000000001,95.53007516019478,46.4180973302096,-0.015555485523437223,0.07577431974884803,0.13306304748123085,-0.03303654746104797,-0.06110207134186371,-0.07898884027010075,0.07070068509720093,True,False
cell_0399,N,10,72.926637,19.109418,34.91160699764065,0.32030527405791837,0.3232964758097243,-0.0029912017518059497,stable,95559.85152181458,4.7571458631029975,0.0,306.0661336328827,65.18681126655962,50.00000000000001,427.3190652099406,58.01593111976311,0.16816056798347273,0.05176631680322742,0.2658561134735879,-0.033851722211544644,-0.06110207134186371,-0.1099469005072363,0.15304504700960994,True,False
cell_0400,K/W,14,72.792327,19.143279,34.83396051179014,0.25203364032943315,0.2411252342275364,0.01090840610189675,stable,24873.859925436922,4.757145866591834,0.20220837378281978,1875.5978606601734,58.71812241865341,50.00000000000001,138.65090046958838,52.61826368589646,0.16299248932881016,0.11816767621770174,-0.12330384363725391,-0.033851721354426274,-0.05910426600028031,0.0937027895072134,0.11565735230789456,True,False
cell_0401,H/W,23,72.840614,19.060866,34.20683438943805,0.24533183531587036,0.22034843886393565,0.024983396451934703,stable,55861.39818327648,4.757145871596181,1.9069193122961607,180.520513338715,81.12571013018821,50.00000000000008,488.369791713183,54.707212796901516,0.12125155165200292,0.1246858879423706,0.04729727246860527,-0.0338517201249856,-0.04226183482344171,-0.1262366805832363,0.24516861309947557,False,True
cell_0402,R/S,22,72.894439,19.208057,28.052805646266094,0.6519697653696881,0.7000312485213442,-0.04806148315165615,stable,4457.8905796152,4.757145869272558,0.0,1836.102707585364,0.0,10.0,1383.624642531914,8.696808631607729,-0.2883549390911835,-0.2708123573822549,-0.23570345175710933,-0.03385172069584063,-0.06110207134186371,0.08857821920241808,-0.2237213511765298,True,False
cell_0403,E,5,72.851628,18.972961,36.596930268475084,0.15838503227245085,0.12899231016292995,0.029392722109520902,stable,65615.03571864602,5.585984487884022,3.4861906333981683,413.3218498122811,80.6708247773617,49.99999999999994,131.45465499090102,73.10267020362922,0.280334134202228,0.20925081781919525,0.10099567973737478,0.1697728239271559,-0.026658738759300755,-0.09603026984849684,0.2425394690649369,False,True
cell_0404,P/N,21,72.895599,19.189578,27.161457631498262,0.6987581947838948,0.6870276377492117,0.011730557034683065,stable,4105.086714923451,4.757145870700717,0.0,2217.270412994435,0.0,10.0,1679.743693787986,6.759089926825423,-0.34768224281316346,-0.31631903633953956,-0.2376458046017289,-0.03385172034497834,-0.06110207134186371,0.13803544501912607,-0.2237213511765298,True,False
cell_0405,M/W,17,72.877847,19.025503,31.878257931121517,0.39885973907834454,0.35605565524108407,0.042804083837260476,stable,61758.013748931604,4.757145877620135,0.0,1318.5004742077247,26.685231206177335,10.0,63.72741518110385,39.234758292521796,-0.0337363548598893,-0.02463617982044321,0.0797609418436143,-0.03385171864505354,-0.06110207134186371,0.02141835708367656,-0.06948618840406426,True,False
cell_0406,K/E,19,72.888007,19.134786,32.958164624370106,0.4506146152704022,0.5337022187378637,-0.08308760346746152,lost,35602.09415723767,4.7571458595716205,2.8284141466558133,1169.0787892157327,10.549096722800018,10.000000000000009,951.7774717199642,32.231311225045374,0.03814124100646351,-0.07497325171691636,-0.06423981865529987,-0.03385172307911404,-0.03315752688660772,0.0020306127609223913,-0.16274973591966435,True,False
cell_0407,R/N,15,72.885139,19.252347,29.53703938080795,0.6087923686864198,0.583459746971064,0.025332621715355885,stable,7729.152026931383,4.757145869162249,0.0,1206.5982885690767,0.0,10.000000000000009,896.2957354357666,11.303718627238416,-0.18956570738294987,-0.22881778834719751,-0.21769360375490412,-0.033851720722940765,-0.06110207134186371,0.006898838284007327,-0.2237213511765298,True,False
cell_0408,H/W,23,72.840416,19.070276,33.710454750128385,0.2340461736545794,0.23424488601843488,-0.00019871236385549107,stable,48683.795905803374,4.757145865586726,0.26569502626556374,120.0319201948875,82.3434937701814,49.9999999999999,1043.1676520895276,52.04996338156418,0.08821297958495017,0.13566238338089806,0.007781162821170482,-0.03385172160135572,-0.05847702207819873,-0.1340851891740642,0.25220715275029615,False,False
cell_0409,R/N,15,72.837611,19.251706,28.773421753443515,0.5603836466503421,0.426636793977867,0.1337468526724751,gained,10881.99478714282,4.742947848172984,2.1021679632413117,1143.4898356212282,2.7728443925734227,94.99999999999993,2.1373283375727863,12.613153201155306,-0.24039139404575996,-0.18173520404144325,-0.20033570686994362,-0.03733981296860634,-0.040332791082581976,-0.0012896020379112893,-0.20769487934546393,True,False
cell_0410,R/S,22,72.848131,19.196821,32.43036440433287,0.3433931648224242,0.33004665625978985,0.013346508562634363,stable,85903.83480892044,4.757145865514601,6.437099159898807,107.93698065433028,69.91873155251743,49.99999999999994,604.3602885464411,52.08214748804731,0.003011343996670999,0.029310909644332556,0.2126951551990205,-0.0338517216190751,0.002496042056546207,-0.13565453030031416,0.18039457566432468,False,False
cell_0411,L,24,72.886491,19.11593,33.98104202733442,0.2809943711817291,0.25437527841589186,0.026619092765837238,stable,78435.10740019735,4.757145867797567,11.36937207962279,527.4896541894211,65.46338833542677,49.99999999999999,293.0444873130896,58.850052840537245,0.1062230197848908,0.0900003130947243,0.1715762634298033,-0.03385172105820852,0.05122657186019824,-0.08121678276144631,0.15464360573695507,True,False
cell_0412,F/S,6,72.860826,18.999593,35.57204676382718,0.23600326805869679,0.21482857403588465,0.021174694022812135,stable,97264.59912372418,5.585984483757665,1.0133371713451789,1078.0445574651696,74.33748298108245,49.999999999999964,228.12306770134515,74.98736536728497,0.2121188311415813,0.13375890280135488,0.27524155871756395,0.16977282291341503,-0.051090367197935665,-0.009781249820421525,0.20593405255962038,False,True
cell_0413,D,4,72.793401,18.951182,30.234742303699576,0.2330533190600959,0.23659104527174699,-0.0035377262116510766,stable,37154.61452850556,5.585984476456334,2.2277327557139253,662.2087979140694,55.100349843491074,50.000000000000014,159.82141858820913,46.71033101178434,-0.1431272428008683,0.13662803911775648,-0.05569245661861476,0.1697728211196639,-0.03909221924856868,-0.06373672078748427,0.09474736889074671,True,False
cell_0414,R/C,11,72.877385,19.214986,31.67933515763518,0.4906554801506405,0.4680112607498788,0.022644219400761667,stable,29225.610188284845,4.757145865033397,0.18388051618042534,520.7089042764532,13.08040151919972,10.000000000000002,351.4803769208955,23.617867291518216,-0.04697647163169422,-0.11391721299302944,-0.09934539151116423,-0.03385172173729455,-0.059285344019616784,-0.0820965978005834,-0.148119313410563,True,False
cell_0415,G/S,7,72.831863,18.987925,33.94976290245207,0.25166101768368215,0.22816341380038502,0.023497603883297136,stable,56081.0773245848,5.585984483465902,3.4904449513504896,166.46915343052913,80.10980654230376,49.999999999999936,196.21880491802943,61.11402043978067,0.10414111001305376,0.11853009101393887,0.04850671048141339,0.16977282284173628,-0.026616706379677,-0.12805987092740562,0.23929689874077745,False,True
cell_0416,R/S,22,72.819349,19.214989,32.82487194395986,0.41760019314006913,0.3799182097692829,0.03768198337078621,stable,53673.41857386905,4.757145868115669,0.0,440.5533202923374,51.80771011808294,49.99999999999997,172.1684888985123,40.301555775751595,0.029269402842696413,-0.042863246579852216,0.035251405505057926,-0.033851720980058966,-0.06110207134186371,-0.09249693539822441,0.07571658665484648,True,False
cell_0417,K/W,14,72.810318,19.133437,32.95678414830512,0.294813482229444,0.2786168407646023,0.016196641464841677,stable,49820.12008602178,4.757145870317641,2.4644356797756237,188.79635972563972,62.85162457805048,49.99999999999998,204.00356886861658,45.79509454920681,0.03804935778977202,0.07655977111037462,0.014037167147499668,-0.03385172043909053,-0.03675361003465566,-0.1251628739680005,0.13954814693692383,True,False
cell_0418,H/W,23,72.840547,19.051022,35.351214555460146,0.2041877912400584,0.17863201048400745,0.025555780756050944,stable,74871.42503245301,4.757145873783051,11.994687961825033,383.54427198276653,83.36602795390061,50.00000000000002,134.17354368798215,66.87063705914245,0.1974204425432748,0.16470280725776515,0.15195649937093544,-0.03385171958772749,0.05740465136437511,-0.09989396651033332,0.25811719059287014,False,True
cell_0419,L,24,72.88808,19.062389,34.09164003753667,0.2905658265320739,0.2962230324689601,-0.005657205936886178,stable,55338.35377382455,4.757145877714167,3.937284101589723,383.01688267095693,62.81734164497689,50.000000000000036,240.633106622752,50.85246784552392,0.11358432158127696,0.08069106396549679,0.044417664566778675,-0.03385171862195241,-0.022201965167548365,-0.09996239626426406,0.13934999861577688,True,False
cell_0420,N,10,72.920455,19.103036,38.699440221020744,0.2801337191527651,0.2547292764268938,0.02540444272587128,stable,81255.79940055363,4.757145879686596,67.03782278909114,653.1182089215584,82.32632842283611,49.999999999999986,526.6547942230725,92.45924624835969,0.4202752620967597,0.09083738790288422,0.18710551262177189,-0.033851718137376745,0.6012271781876944,-0.06491624178632383,0.252107940563548,False,False
cell_0421,R/S,22,72.828487,19.215084,33.83664644012014,0.30118341752309225,0.2732331752309914,0.027950242292100858,stable,71009.12186223408,4.757145864793488,5.198222897433758,249.00042932599337,75.77352661596956,50.0000000000001,419.77900073024773,55.21102845392504,0.09661218236017698,0.07036433766633789,0.13069268596001213,-0.033851721796234184,-0.009743973371162232,-0.117351282841428,0.21423409021205433,False,True
cell_0422,R/C,11,72.780508,19.222654,32.15027757884298,0.4092204266955376,0.4143697260221104,-0.00514929932657282,stable,11437.043678364305,4.757145861422714,0.0,3803.493374727689,0.15225698590876524,10.0,189.07344582073955,35.85637573003377,-0.01563097739638443,-0.03471304051175677,-0.19727989909496652,-0.033851722624347505,-0.06110207134186371,0.3438508540918748,-0.22284133702849993,True,False
cell_0423,H/W,23,72.819747,19.042149,31.675425520939324,0.1978142051859862,0.19363733862667398,0.004176866559312209,stable,38940.74841270173,4.757145865993228,6.758861452824508,858.3258992624826,41.30057353592679,49.99999999999999,144.48352359982832,44.23666590916936,-0.04723669345286248,0.17090179145109272,-0.045858941235014716,-0.03385172150148865,0.0056750322017194285,-0.03829015847314226,0.01498749240415711,True,False
cell_0424,T,13,72.945063,19.160662,32.57139486306173,0.3069793622142229,0.2946711661808549,0.012308196033367969,stable,69018.74477466753,4.757145870137328,4.105410869101471,259.103297464082,60.99716264307014,50.00000000000003,293.7587384730878,48.595248567786825,0.012398201565693982,0.06472717058003738,0.11973471473348278,-0.03385172048338876,-0.020540883838844965,-0.11604041672183993,0.12882973733473072,True,False
cell_0425,H/E,18,72.86006,19.053001,30.369750873627613,0.4729342801490554,0.41335567913547805,0.05957860101357737,gained,29634.96596674632,5.101630282606611,0.0,757.5772144411492,1.8422427725996764,79.99999999999999,8.055939427572145,22.9728148605021,-0.13414119660960927,-0.09668147823324927,-0.09709169352106194,0.05077932836456622,-0.06110207134186371,-0.051362489589435324,-0.21307356582653686,True,False
cell_0426,M/W,17,72.897239,19.043537,35.23638082148362,0.34806406044463767,0.3142726688396588,0.03379139160497885,stable,77199.00668841646,4.7571458677460665,25.476509949511282,127.19998992071166,68.60376074193817,50.000000000000014,577.0574853231155,62.80893222446387,0.18977721486981788,0.024767971354155333,0.16477094190686123,-0.0338517210708608,0.19060415975963263,-0.13315511866161214,0.17279431410227447,False,False
cell_0427,R/C,11,72.838437,19.215076,32.616876988948654,0.33409729770130897,0.31081752908094634,0.02327976862036263,stable,78040.41107438617,4.75714587049003,0.3633780333560112,296.60076904414166,61.27988244366587,49.99999999999992,191.45892109696456,48.45492571409005,0.015425450016028948,0.03835212017450956,0.169403272689268,-0.03385172039673889,-0.05751192043727052,-0.11117504934371875,0.1304637997914872,True,False
cell_0428,P/S,20,72.838909,19.179131,33.275020212278484,0.34954686130546425,0.30140997565932504,0.048136885646139216,stable,87004.91664777473,4.7571458685735,6.174670799428045,186.61609198880393,63.41982109342628,49.99999999999994,376.7375782967461,52.972930228885375,0.05923085739467438,0.023325791234496688,0.21875713369726119,-0.03385172086758152,-9.673276540335243e-05,-0.12544576780258138,0.14283220624893184,True,False
cell_0429,K/E,19,72.87779,19.08783,39.305233292047234,0.19821445947168267,0.19596256094252226,0.002251898529160412,stable,78919.49425935106,4.757145870483813,3.17297720903,946.7499305640397,64.38346929144481,49.99999999999998,199.54655279652968,72.53229371569675,0.46059629150615466,0.1705125019727215,0.17424304315625447,-0.03385172039826609,-0.029753266649280345,-0.026816974303430354,0.1484018951726829,True,True
cell_0430,T,13,72.896661,19.170649,29.562615336909413,0.6559270830204152,0.6636877051542153,-0.007760622133800021,stable,4948.321248309645,4.757145882687612,0.0,2046.8067423110595,0.0,10.0,1185.6158589956704,12.979393637736274,-0.18786339527760826,-0.2746612658863082,-0.23300339798853842,-0.03385171740010345,-0.06110207134186371,0.11591746352464237,-0.2237213511765298,True,True
cell_0431,P/N,21,72.798705,19.142655,30.6356412732596,0.2559755432609057,0.1723724105281927,0.08360313273271303,gained,17484.50151443282,4.757145874841828,1.0846150819321392,1167.252877928334,19.64138358926632,80.00000000000001,58.89781831698451,31.219235162853526,-0.11644377625933856,0.11433376015278607,-0.16398577137653114,-0.03385171932761292,-0.050386146161765934,0.0017936973413297602,-0.11019818281568555,True,False
cell_0432,M/W,17,72.897724,19.017843,36.78885458274804,0.12367774421231051,0.09525723865362333,0.02842050555868718,stable,77261.9172139023,4.757145875601601,0.0,2048.4793534961373,93.61066392718661,49.99999999999993,554.5294897364906,78.49601182502751,0.2931084399681639,0.24300731349569335,0.16511729422995922,-0.033851719140955895,-0.06110207134186371,0.11613448796797807,0.31732908516767333,False,True
cell_0433,M/W,17,72.89811,19.071543,32.56556424265956,0.27535168281999123,0.26332902892730375,0.012022653892687474,stable,91151.1680357248,4.757145871690743,1.6944859825168677,446.11899730098065,72.04655967347757,49.99999999999989,416.7853804194044,55.915280037387774,0.01201012083655599,0.09548842224795959,0.24158421691226278,-0.033851720101754204,-0.04436066205311541,-0.09177477835098999,0.19269298574938123,False,True
cell_0434,C,3,72.83211,18.953759,36.814276701716736,0.13727276288240112,0.12605718396702495,0.011215578915376168,stable,68052.89117461751,5.585984489238485,0.0,393.31522835552477,96.78764752861831,50.000000000000206,729.2573704108547,76.63654456235669,0.2948005128154963,0.22978472496720864,0.11441723191854157,0.16977282425991302,-0.06110207134186371,-0.09862616656580736,0.3356913987300472,False,True
cell_0435,D,4,72.823289,18.95297,34.43592027788266,0.13894057822014724,0.14852568314927284,-0.009585104929125593,stable,96083.31876289989,5.5859844932039975,0.0,61.93508076407745,90.52091849992712,49.999999999999986,445.61770372660203,73.76913174563576,0.1364992976019537,0.22816259876880707,0.26873804926438644,0.16977282523413845,-0.06110207134186371,-0.1416233632276162,0.29947099035796704,False,True
cell_0436,K/E,19,72.849504,19.134771,32.568806491415174,0.35691437352718863,0.33821151870585264,0.01870285482133599,stable,79150.08059132306,4.757145873643549,8.32694422624351,207.60210090026982,60.22875527239101,49.99999999999994,1275.320094268962,49.867135620490274,0.012225921930494026,0.016160109086463707,0.1755125304342,-0.03385171962199951,0.021167586155721677,-0.12272279372320094,0.1243885003457545,True,False
cell_0437,F/S,6,72.849052,18.980853,37.148452153119706,0.2396775694396479,0.21730054880637334,0.02237702063327457,stable,98343.94276735368,5.585984485126237,0.880657719269924,632.9595082435607,72.0483914260516,49.99999999999997,365.08554935674596,76.17059500591071,0.3170429233816743,0.13018525744867543,0.28118385812621,0.1697728232496383,-0.052401231397649746,-0.06753187106827777,0.19270357290353518,False,True
cell_0438,P/N,21,72.799767,19.223079,29.341170248510497,0.5221936287135893,0.4056650674725011,0.11652856124108824,gained,4467.200115118683,4.757145867836869,0.0,1775.3298977535583,0.0,95.0,0.06433471168655713,15.597898879581361,-0.20260257660691783,-0.14459138649126363,-0.235652198342459,-0.03385172104855283,-0.06110207134186371,0.08069283296241178,-0.2237213511765298,False,False
cell_0439,N,10,72.905911,19.071738,33.4831865434412,0.27858863462511807,0.27204674751694247,0.006541887108175604,stable,95804.12404563226,4.757145873839726,10.146989110364164,242.32091006633138,61.29712357383897,50.00000000000003,227.13738909948236,58.56842743393907,0.07308621686030067,0.09234014545302655,0.2672009497381062,-0.03385171957380374,0.03914950907708938,-0.1182179630131325,0.1305634499874358,True,False
cell_0440,P/N,21,72.781157,19.215798,30.08201973291023,0.45863319865742785,0.49686742433651987,-0.038234225679092015,stable,10251.198112314174,4.757145873478155,0.0,3351.1008133845035,3.8075881630316624,10.0,193.21775775939335,28.087097340787654,-0.15329231659057233,-0.08277216919403935,-0.20380854217122493,-0.03385171966263258,-0.06110207134186371,0.285152069418769,-0.20171427259593439,True,False
cell_0441,N,10,72.953814,19.071887,29.68091028040531,0.5351267551719362,0.4573733546132161,0.0777534005587201,gained,15455.694021581026,4.7512059834375595,0.0,2587.1971714188244,0.0,95.0,0.5578570315348503,21.494066195726933,-0.1799897926832461,-0.15717021508248905,-0.17515532023725364,-0.0353109994035467,-0.06110207134186371,0.18603413684797065,-0.2237213511765298,False,False
cell_0442,L,24,72.905773,19.107488,33.06962654309457,0.30893288662668633,0.2505332132593928,0.058399673367293514,gained,64652.723447357654,4.75714587821605,1.357059466988385,881.7702666074465,38.86269411620129,10.0,173.58490213229248,46.32792038609825,0.045560043759194646,0.06282716219364347,0.09569769361927373,-0.03385171849865254,-0.047694413680230016,-0.035248207768883724,0.0008970494090833205,True,False
cell_0443,A,1,72.804024,18.906081,31.635504760809493,0.3225059295074674,0.3433528250066093,-0.02084689549914187,stable,35520.01136382609,5.585984487886619,1.8386709248774762,1148.5260788484825,55.88898829203784,49.99999999999998,145.1433612576051,48.77407233202694,-0.04989378251549052,0.04962594743644076,-0.0646917234194855,0.16977282392779394,-0.04293612437134116,-0.0006361400183761593,0.09930553736005635,True,False
cell_0444,M/E,16,72.897708,19.026578,34.79760652053577,0.3707090018456641,0.35760807182115595,0.013100930024508128,stable,77061.80574944132,4.757145872468343,1.5145384941149065,1103.5833403119739,41.464317970643485,10.000000000000007,819.7360481404706,52.02826430650648,0.1605728011207024,0.002743379136701348,0.16401558557215762,-0.03385171991071763,-0.04613853132137861,-0.006467544770349867,0.01593390165002375,True,False
cell_0445,H/E,18,72.857734,19.089475,38.57752768218769,0.17383610367286784,0.1689384749052878,0.004897628767580042,stable,85394.5733936485,4.757145874021629,7.832943305475068,786.6889648235054,79.8170699906123,49.99999999999997,257.71832294490036,76.7714905455446,0.4121608756853534,0.19422302238840092,0.20989142922659473,-0.033851719529114935,0.016286889774085666,-0.04758518528965305,0.23760494151729533,False,True
cell_0446,K/W,14,72.847805,19.144765,34.2966944701187,0.2701130379722797,0.2327972891602619,0.037315748812017796,stable,69736.18663961707,4.757145871372673,2.202918804325,372.75950519276853,79.31781408215457,49.99999999999992,712.842384669387,57.26578937563783,0.1272325559406715,0.1005835564989002,0.12368457295981332,-0.033851720179895906,-0.03933737944496999,-0.10129331026098248,0.23471934477237122,False,False
cell_0447,R/C,11,72.781045,19.241558,31.43657518469963,0.4567903574618836,0.5133045942927581,-0.056514236830874476,lost,11543.807251957896,4.757145870705481,0.0,4418.324242254979,13.187784360577401,9.999999999999995,101.41861399538811,37.95016453457192,-0.06313435206365801,-0.08097981190175918,-0.1966921149133719,-0.03385172034380812,-0.06110207134186371,0.4236263141396924,-0.14749866261346506,True,False
cell_0448,T,13,72.93239,19.20726,28.96362118756305,0.6329301661256668,0.6172998623113967,0.015630303814270108,stable,7796.40252601289,4.757145871347526,0.0,2727.2016448579916,0.0,10.0,1435.090263489744,15.902276781317806,-0.2277318947157508,-0.25229434040410953,-0.2173233578158264,-0.03385172018607388,-0.06110207134186371,0.20419998028111006,-0.2237213511765298,True,False
cell_0449,L,24,72.869492,19.05197,34.52244299356625,0.29987869116754984,0.2564869471861796,0.043391743981370245,stable,76111.09794081646,4.784705500319284,12.835044708182252,340.1488619819706,67.47477849812716,50.00000000000001,205.38023445904014,59.304485162252206,0.14225816994717125,0.07163332156111996,0.15878148753273286,-0.027081021073676832,0.06570732036517164,-0.1055246024780753,0.16626902830669535,True,False
cell_0450,E,5,72.832799,18.962196,35.03310507282282,0.19876092798195544,0.1870950249106557,0.011665903071299749,stable,56426.08587846226,5.585984480443915,0.8407568199414404,201.956112234678,91.78197318703191,50.000000000000036,562.6583328950297,66.90647939874594,0.17624736807563013,0.16998100375043457,0.05040614643750042,0.169772822099311,-0.05279544964055022,-0.12345537135879331,0.3067596277854578,False,True
cell_0451,T,13,72.897014,19.142579,31.87580246761196,0.43565988124787025,0.42119057474378746,0.01446930650408279,stable,11417.563937332056,4.757145867184427,2.942386888030474,2267.1167277182963,2.9057879289479907,9.999999999999993,230.34314368625425,29.14749396773041,-0.033899788251781464,-0.060428196698499644,-0.19738714432154444,-0.033851721208841355,-0.03203148374975051,0.14450309799298694,-0.20692649297422153,True,False
cell_0452,K/E,19,72.886191,19.126438,32.856138541692935,0.3848720894235251,0.39023383820575774,-0.005361748782232667,stable,67044.60196536848,4.757145862421329,2.724769097104392,611.7811194301039,31.129331422308397,10.0,325.35562399667464,41.557380618687084,0.031350478819004185,-0.01103171627725003,0.10886612091953016,-0.03385172237901313,-0.03418153311220992,-0.0702798068013354,-0.04380020071610851,True,False
cell_0453,M/E,16,72.953759,19.062341,30.83503272092843,0.4774368889354892,0.38379923389659953,0.09363765503888966,gained,33436.904523618134,4.75714586982389,0.0,2445.5153489866375,2.802212495249891,94.99999999999993,2.981047801487647,29.309762954085038,-0.10317246496518018,-0.10106073983873236,-0.07616021597769376,-0.03385172056039253,-0.06110207134186371,0.16765065423201492,-0.2075251377358962,True,False
cell_0454,H/W,23,72.82177,19.052305,32.60146616442338,0.2727458803831276,0.25710867321793335,0.015637207165194233,stable,60552.826546427714,4.757145862444431,2.7373212851053497,59.14116970838149,64.25312926798358,49.99999999999994,214.18616658904082,47.51498428682574,0.014399719715327806,0.09802283976111635,0.07312581387207738,-0.03385172237333767,-0.03405751832603788,-0.14198587843557445,0.1476485565720544,True,False
cell_0455,R/C,11,72.808183,19.216861,28.827401835949146,0.23563976577611448,0.07014191257230243,0.16549785320381205,gained,4555.248846135099,4.757145870904676,0.0,590.9513765739439,11.155086174663314,80.00000000000003,21.79827980159459,20.86455288222012,-0.23679852942196505,0.13411244708315312,-0.23516744825814714,-0.0338517202948709,-0.06110207134186371,-0.0729825050664874,-0.15924724118673894,True,False
cell_0456,G/S,7,72.823333,18.980631,33.53962868153779,0.30586907387335555,0.36282107222750803,-0.05695199835415249,lost,72820.76792538633,5.585984475181797,4.930984365281589,699.0933712034773,34.77085112439511,50.000000000000014,304.80236751581464,55.482997619227206,0.07684295363886036,0.0658070430123983,0.14066665800615774,0.16977282080654266,-0.01238427237076712,-0.058950878113930856,-0.022752963776281353,True,False
cell_0457,R/N,15,72.856687,19.268926,28.837394364055072,0.6617626331190168,0.5594511975355442,0.10231143558347267,gained,17215.15628777045,4.596120888200536,0.0,931.4344916631741,0.36724994599265504,95.0,0.5015795329488306,7.280757955724266,-0.23613343594549044,-0.28033695340565845,-0.16546864477886608,-0.07341145851144493,-0.06110207134186371,-0.028804181271526445,-0.2215987218179637,False,False
cell_0458,K/W,14,72.822328,19.114757,32.829269239327196,0.36468553978990664,0.3397130858170768,0.024972453972829822,stable,53725.36356119598,4.7571458731331955,0.0,698.0607837670055,35.60982451995835,10.0,132.61940091685733,40.02554357998226,0.029562082776337133,0.00860183083970957,0.03553738733234418,-0.03385171974738038,-0.06110207134186371,-0.059084858273572856,-0.017903869637778607,True,False
cell_0459,A,1,72.823607,18.935137,32.85702429504424,0.18517251456941913,0.19426818672525922,-0.00909567215584009,stable,71012.28478454064,5.585984482503288,0.0,615.309735945742,82.71671134941919,49.99999999999996,182.04491674317137,64.93268064140148,0.031409433747073806,0.18319716796977445,0.13071009934958713,0.16977282260524654,-0.06110207134186371,-0.06982196217977392,0.2543642738049551,False,True
cell_0460,H/W,23,72.822402,19.060555,32.32866453262665,0.3117531749652665,0.30029232408175055,0.01146085088351595,stable,63349.599036395884,4.757145859482449,1.899192044009233,694.019325862323,59.9002467421733,49.99999999999986,186.901891219324,47.793497925510366,-0.0037577058887130915,0.060084134534934074,0.0885233747984289,-0.03385172310102117,-0.04233817972237281,-0.059609245028757404,0.1224897884238378,True,False
cell_0461,D,4,72.813942,18.953313,34.97309923257455,0.1573409442318916,0.14621302637971395,0.011127917852177649,stable,71799.02292898613,5.585984486276571,0.0,158.39942544313618,71.52910567066866,50.00000000000001,214.52644426948729,66.56541546099857,0.17225343456086353,0.21026630348220499,0.1350414665078511,0.16977282353224613,-0.06110207134186371,-0.12910693329309994,0.18970220775184896,False,True
cell_0462,T,13,72.944245,19.18793,32.33922071703852,0.4187303528974976,0.41549750534572505,0.0032328475517725552,stable,67401.96482430727,4.757145862549654,8.808292815501868,447.44867710795586,30.941137930758966,10.000000000000005,310.2494567588988,40.62183185096909,-0.003055095967142018,-0.04396244605920307,0.1108335731928425,-0.033851722347486964,0.02592327833994755,-0.09160224989817443,-0.04488792049554687,True,False
cell_0463,H/W,23,72.822163,19.070965,32.44584451618008,0.2887113636154853,0.26670681002901764,0.022004553586467634,stable,63891.91739587341,4.757145871601442,3.742304694511992,719.6637035209752,61.053616558431195,50.00000000000008,204.32787819439432,49.869146814384244,0.004041685997767963,0.08249472460638518,0.09150909494959829,-0.03385172012369319,-0.02412834879682885,-0.05628183885348408,0.12915602938584997,True,False
cell_0464,C,3,72.824823,18.943064,34.70509464205144,0.17364103037114503,0.1947520107466339,-0.021110980375488864,stable,78795.09310761368,5.585984482575364,0.0,563.3191615162852,81.69383168774692,49.99999999999999,271.9296028738434,70.4907470876731,0.15441529561017478,0.19441275173443326,0.17355815572974573,0.16977282262295393,-0.06110207134186371,-0.07656783687851962,0.248452239170676,False,True
cell_0465,P/N,21,72.782918,19.159826,32.660002876930704,0.3275724626889322,0.38100719417203377,-0.05343473148310157,lost,12807.683164762035,4.757145861722279,4.716195975598991,3624.981593252699,15.66171778619135,10.0,90.97697769077605,43.76555125303207,0.01829586943942062,0.04469820992094852,-0.18973387771654818,-0.033851722550752056,-0.014506367436319978,0.3206886151034578,-0.13319983485965187,True,False
cell_0466,K/W,14,72.839078,19.089373,34.085859683160514,0.26399734597235247,0.2524350729635571,0.011562273008795365,stable,96878.46659899666,4.75714586747099,2.979627508290272,90.95884580920251,63.73116138556075,50.000000000000014,464.5642355772141,58.02196906242757,0.11319958651257965,0.10653171154335696,0.2731157157695,-0.03385172113844018,-0.03166354888786981,-0.13785747519062388,0.14463168927622794,True,True
cell_0467,M/E,16,72.944933,19.02792,30.956776547319222,0.4379304338099084,0.45635904068673816,-0.018428606876829734,stable,15276.489112873962,4.757145866292214,0.0,1218.6847710004,0.21866391184572997,94.99999999999997,23.383282104979298,21.61656488564569,-0.09506930789869618,-0.0626365483741158,-0.17614192837574746,-0.033851721428035254,-0.06110207134186371,0.008467082084447096,-0.22245751861778534,True,False
cell_0468,A,1,72.806729,18.896976,30.586598627856322,0.4210699245415209,0.4533669603120868,-0.03229703577056586,stable,20188.112099532696,5.585984477418544,0.0,729.0590100147556,19.33640729066264,10.0,156.53661301418165,30.72358046083956,-0.11970800961260133,-0.04623792606644197,-0.1491011109851248,0.16977282135605437,-0.06110207134186371,-0.05506278018642991,-0.11196088326573801,True,False
cell_0469,R/N,15,72.875287,19.259654,33.93235674884479,0.3558792432573605,0.32468546206094956,0.03119378119641092,stable,70487.58520321992,4.757145872412411,16.325596303545744,700.4520036482253,37.734161229214905,9.99999999999999,391.93771976756096,51.79516479133528,0.10298257244458263,0.01716688237331685,0.1278213789404741,-0.033851719924458734,0.10019373896314425,-0.05877459300197549,-0.0056256391962202995,True,False
cell_0470,T,13,72.923482,19.214336,29.81255790515704,0.6430358527696028,0.6414543471757538,0.001581505593849064,stable,6621.86744230171,4.757145875736865,0.0,3974.474097468123,0.8956482034350742,10.000000000000014,1874.873307941397,22.907578007815964,-0.17122744791047245,-0.2621231857726374,-0.22378973131472552,-0.03385171910772514,-0.06110207134186371,0.3660359240620662,-0.21854468827350435,True,False
cell_0471,R/N,15,72.847705,19.268208,27.78780587244878,0.7110608884510645,0.5847692999832219,0.1262915884678426,gained,12089.879337471977,4.4875682084723225,0.0,1498.0570257756333,0.0,95.0,0.48519434884992796,3.856385359464504,-0.305993080206706,-0.3282847025957298,-0.19368572871748274,-0.10008008794173602,-0.06110207134186371,0.044716156954295136,-0.2237213511765298,False,False
cell_0472,A,1,72.824466,18.909868,30.16019380135539,0.24041806867147061,0.25076552933174723,-0.010347460660276614,stable,39768.43694310823,5.585984489937368,0.08675331434469954,1244.859238942953,49.45429616087743,50.00000000000001,80.09345707802042,47.52436415081939,-0.14808912252384526,0.12946504389945893,-0.04130212275203491,0.16977282443161074,-0.060244954341436945,0.01186326846985388,0.06211433670782121,True,False
cell_0473,M/E,16,72.953095,19.03608,33.824214847635616,0.3503193492101205,0.32046049833546764,0.029858850874652842,stable,32526.18025692999,4.757145867677915,20.652690452878332,432.48452988852426,26.435161574481892,95.0,40.93277166785241,42.731504005434154,0.09578474700287785,0.022574465329444987,-0.08117418562797342,-0.03385172108760394,0.14294514259371627,-0.09354387611068797,-0.0709315395816875,False,False
cell_0474,A,1,72.837222,18.921261,32.94756055576758,0.16813648934905992,0.16193534929892803,0.0062011400501318925,stable,63109.18766827598,5.5859844872462485,0.0,165.3791962021942,92.59730963381638,49.99999999999997,164.09476198901135,64.1826493647368,0.03743544395722164,0.1997664980395651,0.0871997960299407,0.16977282377047123,-0.06110207134186371,-0.12820129492531346,0.3114721052083634,False,True
cell_0475,G/S,7,72.813942,19.00662,32.891919623087496,0.2735985058014328,0.24486128547972716,0.028737220321705642,stable,69845.70844902497,5.585984490796081,0.0,277.8196055245319,68.37794130312048,49.99999999999999,147.15708525986267,57.60464070413212,0.03373203467398513,0.09719357167780139,0.12428754253963124,0.16977282464257468,-0.06110207134186371,-0.11361194059160923,0.17148912406535355,False,True
cell_0476,D,4,72.795095,18.942906,30.100607088540798,0.27603065571721896,0.280970495843057,-0.004939840125838035,stable,21297.300771058166,5.585984492814684,3.416720384262901,129.43701566362853,45.444507975314934,49.99999999999999,81.41315597735807,38.217644754142846,-0.1520551593022707,0.0948280495438171,-0.1429945005225674,0.16977282513849407,-0.0273451002200414,-0.1328648603691199,0.038938583471694974,True,False
cell_0477,P/N,21,72.783484,19.195909,32.42018550587317,0.315787107543286,0.28840545666308015,0.027381650880205832,stable,9610.873921978204,4.75714587024632,0.0,3682.1901777529806,16.554472454156848,30.000000000000018,141.3650472207405,41.86862908825553,0.002333845880931021,0.05616070993911883,-0.20733383097061064,-0.033851720456612215,-0.06110207134186371,0.32811153641114865,-0.12803989599812676,True,False
cell_0478,F/S,6,72.85924,18.980699,35.13769515195836,0.2316462944945042,0.2264291314848693,0.005217163009634901,stable,56399.03677070798,5.5859845040063085,0.0,1108.662440781234,48.81648425013656,49.99999999999999,193.65481392019805,61.35680116690489,0.18320878750819192,0.1379965188037182,0.05025722825193333,0.1697728278879912,-0.06110207134186371,-0.005808521943155321,0.05842791468991628,True,True
cell_0479,F/S,6,72.858242,18.988925,34.40983448423307,0.3459910392507343,0.2855373859605535,0.06045365329018082,gained,55076.96977849138,5.585984494325971,0.0,1604.3618757939803,30.8781066047963,10.000000000000005,129.95281680663848,54.38270148190774,0.13476305117851725,0.026784202955081063,0.042978621524217324,0.1697728255097788,-0.06110207134186371,0.058509410942395305,-0.04525222863080357,True,False
cell_0480,T,13,72.962022,19.178696,32.34139072998344,0.31988632414049095,0.33217134914615815,-0.012285025005667194,stable,91357.73804797216,4.757145866220711,0.31119290870302097,211.18994606781544,55.38401846065874,50.0,104.71961773261275,49.23682298150407,-0.0029106619021857147,0.05217378975391726,0.2427214829432127,-0.03385172144560189,-0.05802750601284571,-0.12225726407279089,0.09638691531267042,False,False
cell_0481,G/N,9,72.832549,19.024362,31.828166442573007,0.2298693418185191,0.25749112698053706,-0.027621785162017964,stable,47755.543287525914,5.585984491803334,0.0,335.8211762210435,51.384382672746426,49.999999999999986,134.8884636228087,49.47158799716347,-0.03707039824784435,0.13972479256628628,0.0026706912700379254,0.1697728248900311,-0.06110207134186371,-0.10608612783529889,0.07326984085253115,True,False
cell_0482,T,13,72.962105,19.136833,28.098299466731376,0.45280036199243034,0.4375722453769392,0.015228116615491172,stable,9274.050325739201,4.757145864552405,0.0,2256.4689160757966,0.0,95.0,0.0801561073326762,18.08805533141974,-0.2853269122604735,-0.07709912077485635,-0.20918820484732947,-0.03385172185546207,-0.06110207134186371,0.1431215244300018,-0.2237213511765298,False,False
cell_0483,F/S,6,72.86804,19.010104,34.09278761938866,0.3553025227848281,0.2945815589057271,0.060720963879100975,gained,102462.43044269971,5.585984495161207,0.0,706.3079199308341,46.81624940954178,50.000000000000014,85.60007372947489,61.35737105010223,0.11366070357344023,0.017727803817362064,0.30385808891653426,0.16977282571497498,-0.06110207134186371,-0.05801477686371713,0.046866967593798325,True,False
cell_0484,R/C,11,72.782927,19.250386,29.364459628359654,0.5430285311794663,0.6095150679624775,-0.0664865367830112,lost,8836.774513658915,4.757145875059545,0.0,5059.785448056417,0.0,10.0,56.382541410033646,30.18533560515228,-0.20105245691302098,-0.16485552507192547,-0.21159561588354237,-0.033851719274125294,-0.06110207134186371,0.5068571106048132,-0.2237213511765298,True,False
cell_0485,P/N,21,72.782605,19.205925,32.45769513846751,0.3479399868765387,0.3717501843389027,-0.023810197462364013,stable,12913.981571481472,4.757145873821619,0.0,3450.7920922801313,24.26778242677824,10.0,80.05440531517486,42.00272770380683,0.004830452513306466,0.02488864597609188,-0.18914865449953375,-0.03385171957825225,-0.06110207134186371,0.29808720012981943,-0.08345854648872668,True,False
cell_0486,T,13,72.970512,19.145391,29.278435416283372,0.3949974754540496,0.3272566913400227,0.0677407841140269,gained,31149.36668387856,4.7571458700710885,0.0,2467.8750434686817,0.0,95.00000000000001,1.9472943379145256,27.642675283747074,-0.2067781493168156,-0.020879721375488,-0.08875419828589555,-0.033851720499662105,-0.06110207134186371,0.17055186659470514,-0.2237213511765298,True,False
cell_0487,H/W,23,72.822932,19.079806,34.56726976011122,0.1651568922434767,0.15010538963929987,0.015051502604176842,stable,40529.669766577674,4.757145877316306,0.4322747190163311,1032.6768750525464,70.8174218185571,49.999999999999936,103.54904846933277,56.53205323250635,0.1452417982827104,0.20266447026482337,-0.037111174499879176,-0.03385171871969658,-0.05683122574567771,-0.0156677918385964,0.18558882106522537,False,True
cell_0488,M/E,16,72.914382,18.999808,30.3716371903505,0.5089767533838901,0.5192323544438687,-0.01025560105997858,stable,19763.082515304326,4.757145867763233,0.0,4233.003102264266,0.0,95.0,46.78859211746632,31.978182778258812,-0.1340156451041585,-0.13173658221641762,-0.15144110072048317,-0.03385172106664337,-0.06110207134186371,0.3995805480921884,-0.2237213511765298,False,False
cell_0489,R/C,11,72.783037,19.259623,29.57754039261626,0.5207982081964426,0.5220260772559916,-0.0012278690595489694,stable,8132.32604205161,4.7571458777796485,0.0,5816.558016788315,1.018113097060115,10.000000000000009,96.94766606566878,34.78301369837636,-0.1868699973024995,-0.1432341929654446,-0.2154739393081167,-0.03385171860586519,-0.06110207134186371,0.6050497730275016,-0.2178368663080046,True,True
cell_0490,S,12,72.959881,19.125765,29.807363365480793,0.5531731849131719,0.5694218839091157,-0.016248698995943833,stable,22767.0603529576,4.757145882777768,0.0,2328.6894865802196,0.0,95.0,1.3180645133491558,21.461427184351646,-0.17157319169175955,-0.17472227004226185,-0.1349027759398349,-0.03385171737795455,-0.06110207134186371,0.15249227912238958,-0.2237213511765298,False,True
cell_0491,K/W,14,72.823896,19.106371,32.283852652619075,0.26161479794053766,0.25363669443253667,0.007978103508000989,stable,48227.32878190405,4.757145864745612,0.0,455.86171706561606,31.93567981642087,49.99999999999998,88.27696084295694,39.38370154195305,-0.006740343390020156,0.10884899061729797,0.00526809449819213,-0.03385172180799598,-0.06110207134186371,-0.09051064215941167,-0.03913967239404309,True,False
cell_0492,A,1,72.843659,18.9295,31.72386796975291,0.07841926226576841,0.0805582213429087,-0.00213895907714029,stable,38318.78729537444,5.585984494930182,0.0,725.8774239120507,78.07199396909155,50.00000000000007,62.54248715172959,59.38564037170412,-0.04401240863236103,0.2870259572890666,-0.049283132595670465,0.16977282565821802,-0.06110207134186371,-0.0554755969600018,0.22751876005796912,False,True
cell_0493,T,13,72.917216,19.214544,28.77383571670103,0.7112053740962185,0.7056154481527989,0.005589925943419671,stable,4650.779647546191,4.757145864088288,0.0,4297.845469121654,0.0,10.0,1805.714391502604,19.205543557046504,-0.2403638410322328,-0.3284252301139705,-0.23464150582259094,-0.03385172196948374,-0.06110207134186371,0.40799396700110135,-0.2237213511765298,True,False
cell_0494,B,2,72.847889,18.96168,34.94909784451926,0.17319688391855526,0.1465022150947345,0.026694668823820766,stable,47559.964538582964,5.585984489635237,0.0,988.431084011041,66.5756778997652,50.00000000000001,67.88251899950758,64.15174037105439,0.17065592425589457,0.1948447309712033,0.0015939373640443272,0.1697728243573849,-0.06110207134186371,-0.021408766343847686,0.16107241126913793,True,True
cell_0495,D,4,72.805787,18.977333,34.58674951775576,0.10890757263198535,-0.10739362201486774,0.2163011946468531,gained,10948.41074331249,5.5859844959811085,2.7743690808425066,501.9779486840929,27.252043481924666,80.0,37.85065262240698,49.745612475419485,0.14653835302795115,0.2573728620867683,-0.1999700554859742,0.1697728259164039,-0.033691488557670936,-0.08452697447559551,-0.06621012971317744,False,False
cell_0496,H/W,23,72.828748,19.045503,34.43470640391816,0.22789730517212528,0.21193246751691439,0.015964837655210895,stable,49012.07872549546,4.757145867004745,0.6527407578131718,545.5040570353987,62.53459360497298,50.000000000000014,152.27230491233192,52.06793843432952,0.1364185032677782,0.14164280605130816,0.00958851566642853,-0.033851721252984655,-0.05465303588288241,-0.07887938015135243,0.13771577294103346,True,False
cell_0497,N,10,72.949263,19.085065,29.186473992717797,0.6476049435619904,0.5998991280919628,0.04770581547002761,stable,19738.326869490877,4.757145869969009,0.0,2697.5623734564724,0.0,95.0,0.012424897452045006,18.013798390662664,-0.21289901705443165,-0.26656710813590295,-0.1515773923087518,-0.03385172052474037,-0.06110207134186371,0.20035422913812054,-0.2237213511765298,False,False
cell_0498,K/W,14,72.798798,19.136437,26.795102631220796,-0.07346906579478565,-0.31441604982655047,0.24094698403176482,gained,1252.3449405495508,4.757145879933326,0.0,1137.9628703440685,0.0,80.0,0.2001142445454259,26.06018614201142,-0.372066494543604,0.4347533648756876,-0.2533515030221858,-0.03385171807676153,-0.06110207134186371,-0.0020067361652640527,-0.2237213511765298,False,False
cell_0499,F/N,8,72.878858,19.011082,29.673694149636376,0.6169925482457148,0.5129623468516283,0.10403020139408647,gained,46941.16090864851,5.584510818378873,0.0,1789.9050495702795,0.0,95.0,0.16313864007783702,28.06965615742697,-0.1804700917075701,-0.23679332724151264,-0.001812870528817794,0.16941078085245764,-0.06110207134186371,0.0825839862906791,-0.2237213511765298,False,True
cell_0500,P/N,21,72.7831,19.166252,31.060701933286094,0.459157205000035,0.4441809748680273,0.014976230132007662,stable,8876.647052955095,4.757145886196976,0.0,4104.268818368129,0.6343756996790806,10.000000000000004,97.79063761618976,32.699812666912116,-0.08815212983184817,-0.08328182059083027,-0.21137609861665585,-0.033851716537942195,-0.06110207134186371,0.3828770329237916,-0.2200547897537361,True,True
cell_0501,T,13,72.978372,19.169755,29.17589468652915,0.5784818589082771,0.5733995526906577,0.005082306217619403,stable,20684.062553309202,4.7571458873006796,0.0,1416.7608200262405,0.0,94.99999999999994,9.398161950011339,14.820693175470856,-0.2136031659401899,-0.19933762295641902,-0.14637066817797234,-0.033851716266790274,-0.06110207134186371,0.03416782153990251,-0.2237213511765298,True,False
cell_0502,R/C,11,72.89267,19.248257,28.390928011641645,0.6761631096320307,0.6636727023596865,0.012490407272344295,stable,4923.042861892729,4.7571458698838445,0.0,2304.4798634541435,0.0,10.0,1479.172835130236,10.803188804200204,-0.2658498255625977,-0.2943429345790864,-0.23314256751211263,-0.03385172054566318,-0.06110207134186371,0.14935103504296593,-0.2237213511765298,True,False
cell_0503,R/C,11,72.901709,19.240514,27.076794641858516,0.7070952377789931,0.6912525675343297,0.01584267024466335,stable,4175.243513297798,4.757145871924808,0.0,3203.2712570278977,0.0,10.0,2378.394852565398,10.632490406137334,-0.35331733350406086,-0.32442768935014515,-0.23725955810465363,-0.033851720044250334,-0.06110207134186371,0.2659709067773381,-0.2237213511765298,True,False
cell_0505,G/S,7,72.815283,19.024524,31.738327219846372,0.10657640257656169,0.06013878610817533,0.04643761646838636,stable,11885.455029560215,5.585984484086653,0.0,1379.7382488353448,30.539856352290123,79.99999999999997,26.61887074488504,47.15342251191553,-0.043050014250285276,0.25964017066359324,-0.19481118162693062,0.16977282299423913,-0.06110207134186371,0.02936407337939611,-0.047207245709353036,True,False
cell_0506,R/C,11,72.910214,19.224922,28.284480342986992,0.6628458871876065,0.6578921990222347,0.0049536881653717835,stable,2574.3823956188794,4.757145867490014,0.0,3940.893482463158,0.0,10.0,2425.171573047717,17.742323852781723,-0.2729348844443592,-0.2813905321589028,-0.2460730589104946,-0.03385172113376649,-0.06110207134186371,0.3616787761825466,-0.2237213511765298,True,False
cell_0507,G/S,7,72.816378,19.014594,32.73713487160745,0.12469159440671101,0.13092065083528096,-0.00622905642856994,stable,35900.81808183864,5.585984493714768,13.434288897863045,779.4730128936593,42.453321887359344,50.000000000000014,33.30311672117534,57.456705332412675,0.023429704034947783,0.242021237325046,-0.06259520156695937,0.16977282535962163,0.07162781327385263,-0.04852146860802574,0.021650141426951947,True,False
cell_0508,R/N,15,72.839982,19.26641,27.69839400357324,0.705678345766517,0.6018367748352723,0.10384157093124469,gained,6958.049922656206,4.020579305681613,0.0,1726.353354551204,0.0,95.0,0.0,0.0,-0.3119442519300317,-0.32304961253209086,-0.22193888708545847,-0.21480737084037077,-0.06110207134186371,0.07433803447736953,-0.2237213511765298,False,False
cell_0509,M/E,16,72.96009,19.05432,32.31772319916276,0.37946600343639497,0.3989894049330325,-0.019523401496637505,stable,28184.232776185632,4.757145857943042,0.0,2065.813855108556,11.535311535311532,95.00000000000003,12.892615270541633,34.93043831357653,-0.004485950976805591,-0.0057737278704601625,-0.10507866878260447,-0.03385172347921423,-0.06110207134186371,0.11838367211579404,-0.15704961659294409,True,False
cell_0510,R/N,15,72.863966,19.266457,29.49328168133416,0.6629841568798089,0.5105820609770875,0.15240209590272147,gained,20531.612457672665,4.711114205398501,0.0,542.5410692910187,0.0,95.0,2.858306056141306,8.511103734751565,-0.19247817959789373,-0.2815250140077564,-0.14720997836291283,-0.0451605284469761,-0.06110207134186371,-0.07926383337728526,-0.2237213511765298,False,False
cell_0511,T,13,72.978043,19.16383,28.467223908057502,0.6171119205403109,0.6628216543898597,-0.045709733849548795,stable,20005.202353817956,4.757145857414868,0.0,1534.457425132089,0.0,94.99999999999996,4.369406202457933,12.345892445653341,-0.26077164089801047,-0.23690942937946838,-0.15010811601101384,-0.03385172360897312,-0.06110207134186371,0.049439177150506476,-0.2237213511765298,True,False
cell_0512,T,13,72.968139,19.176889,32.52214068705436,0.3055743947564941,0.29486299046651926,0.010711404289974857,stable,100334.17360643177,4.75714586189101,1.3682018077571123,355.27669218332164,67.94418673146305,50.00000000000002,134.2276840246143,55.2239614518801,0.009119888930055246,0.06609364951178973,0.29214102418534743,-0.033851722509299194,-0.047584328091344295,-0.10356173809117221,0.168982111611686,True,False
cell_0513,T,13,72.952004,19.185604,33.295677655049325,0.4188245452608583,0.39630167877619077,0.02252286648466756,stable,109434.42205583795,4.757145872462293,1.0866521705008059,302.31702801410165,40.90498418912814,10.000000000000004,342.1010517430794,49.325018702102504,0.06060579777831823,-0.04405405806014753,0.34224221419893414,-0.03385171991220403,-0.05036601986161512,-0.11043335400412882,0.012701067121830225,True,False
cell_0515,M/E,16,72.922731,19.011316,34.331094726612996,0.3454151003470447,0.3709534049427756,-0.02553830459573092,stable,40895.08103337392,4.757145877536412,0.0,3866.1188048584872,63.98610287263788,50.00000000000001,105.80897475983984,61.09117217599574,0.12952220536080575,0.027344364241051817,-0.03509941191859945,-0.03385171866562221,-0.06110207134186371,0.35197662129590207,0.14610519877865608,True,True
cell_0516,R/C,11,72.830365,19.247516,26.952512828416204,0.469299992347922,0.24075978828708647,0.22854020406083556,gained,3159.412327226663,4.7571458628906775,0.0,1757.2092224311596,0.0,80.0,0.0,11.63946243654676,-0.36158941665345906,-0.09314675030424689,-0.24285219126824578,-0.033851722263706245,-0.06110207134186371,0.07834164129886484,-0.2237213511765298,False,False
cell_0517,K/W,14,72.781882,19.133652,30.1536408190718,0.21165773053814002,0.13850145254645485,0.07315627799168517,gained,3039.2812763399393,4.757145863805434,0.0,2933.3557064301085,6.860678893323169,40.0,37.26680994687136,33.79063388701378,-0.14852528299515633,0.157437503982486,-0.24351356976142308,-0.03385172203897392,-0.06110207134186371,0.23094885703933782,-0.1840680344161951,True,False
cell_0518,P/N,21,72.795194,19.176407,31.72676538559455,0.21836898472120805,0.20042249889600686,0.017946485825201197,stable,1468.596199415043,4.757145933447063,0.0,2729.292346322751,1.272348879008608,30.0,60.16670905380769,34.83029649806094,-0.043819559299891606,0.1509101019445608,-0.25216093713034965,-0.03385170492979881,-0.06110207134186371,0.20447125272363498,-0.2163674356364677,False,True
cell_0519,R/C,11,72.816809,19.247263,28.81143506653924,0.6577521425059263,0.6653844808489923,-0.007632338343065981,stable,4217.8014124566935,4.757145870810694,0.0,2634.497448426217,0.0,95.0,0.0,13.671032753388854,-0.23786126290265508,-0.2764363285914453,-0.2370252566562709,-0.03385172031795981,-0.06110207134186371,0.19217143664527866,-0.2237213511765298,False,False
cell_0520,A,1,72.807398,18.913434,30.31000527361637,0.20770009323056973,0.20477462239045116,0.0029254708401185714,stable,5797.483027053761,5.585984436892698,17.26580869210328,1643.7195480556418,48.45597405836866,50.0,51.81482476442484,49.90691119434276,-0.13811780877364963,0.16128672338651,-0.22832835907441837,0.16977281139988593,0.10948297509587022,0.06361614285342108,0.056344239728329915,False,True
cell_0521,B,2,72.849472,18.957153,31.177772590167713,0.11063402375214733,0.08635544452088899,0.02427857923125834,stable,3926.7091401773014,5.585984475219581,0.0,983.0736220633477,37.433477256752674,50.00000000000001,38.14948686893043,43.884488649296834,-0.08036001462805022,0.2556937064099419,-0.23862785787381327,0.1697728208158252,-0.06110207134186371,-0.02210390709578292,-0.007363530881604992,True,False
cell_0523,G/S,7,72.818954,19.022735,33.26031022048459,0.10686830102265193,0.06871624399075191,0.03815205703190003,stable,25187.154418770468,5.5859844430374475,0.0,1145.3951948057895,75.98341539258875,50.0,59.63674060967446,60.89541674393505,0.05825177387572871,0.25935626865960065,-0.12157900864753024,0.16977281290949445,-0.06110207134186371,-0.0010423781044155147,0.21544720428912037,False,True
cell_0524,S,12,72.950464,19.111459,29.455357127812853,0.6098828066957547,0.6786147009866063,-0.06873189429085158,lost,12178.08777525735,4.757145895106307,0.0,1374.3621134722437,0.0,95.0,0.0,12.647970025607421,-0.1950024029853942,-0.2298783542399811,-0.1932000993715526,-0.03385171434914641,-0.06110207134186371,0.028666509716732895,-0.2237213511765298,False,False
cell_0525,P/N,21,72.785071,19.154488,32.85428143685757,0.2800414466063947,0.3024905190800809,-0.022449072473686216,stable,10923.71689482145,4.757145845801282,0.0,3119.8291364859997,4.110367470640232,10.0,75.00746338418838,39.36684698846537,0.031226871629908646,0.09092713267946298,-0.20010600685063137,-0.03385172646213563,-0.06110207134186371,0.255144134887425,-0.19996427030319305,True,False
cell_0526,M/E,16,72.960007,19.060008,33.08394921544024,0.33733036340070677,0.34000628483450307,-0.002675921433796302,stable,33016.74981001411,4.757145844318903,0.0,2546.61743041242,16.84187472623741,95.0,31.762142144810742,42.08516546010828,0.046513347652044325,0.03520762302698121,-0.07847336723487212,-0.033851726826318325,-0.06110207134186371,0.18076883922160597,-0.12637876981664325,False,False
cell_0527,R/C,11,72.805829,19.256376,28.531265230016587,0.624513847103884,0.7220279350488258,-0.09751408794494176,lost,5986.027200977259,4.757145877276683,0.0,4043.057773882331,0.0,95.0,5.764344384739792,20.64105207444678,-0.2565091094336718,-0.24410858310211164,-0.22729033384508388,-0.033851718729431046,-0.06110207134186371,0.374934784914187,-0.2237213511765298,False,True
cell_0528,K/W,14,72.814939,19.127523,34.4142418457243,0.1509858315668995,0.12486526633397851,0.026120565232920973,stable,14833.155551723308,4.7571458560425945,45.47478306805726,208.1820357100467,40.567765567765555,50.00000000000001,42.19410760639484,57.388231550546884,0.13505640110410222,0.21644732035761557,-0.17858269019781162,-0.03385172394610587,0.3881857737712543,-0.1226475460922,0.01075201265968544,True,False
cell_0529,A,1,72.839366,18.920894,30.964648535291822,0.15528290951004428,0.14407448085881133,0.011208428651232949,stable,46927.81605571949,5.585984505950569,0.0,696.0842799330555,73.12395775430795,50.0,37.53875886383168,55.654882273541986,-0.09454535562235905,0.21226795915952965,-0.001886340282530258,0.16977282836564658,-0.06110207134186371,-0.059341313358975085,0.19892012566373013,False,True
cell_0530,K/W,14,72.824685,19.085058,32.1365767271024,0.13262258576721853,0.03675575475152449,0.09586683101569404,gained,4976.453011183728,4.757145860419001,0.0,1222.0568651310193,0.0,80.0,20.46641328610408,32.36470130666327,-0.016542893481904568,0.2343075123256335,-0.2328485192723135,-0.03385172287093415,-0.06110207134186371,0.008904617632518402,-0.2237213511765298,False,False
cell_0531,K/W,14,72.825135,19.100278,30.30994616787163,0.1706506760141883,0.14514742218668059,0.025503253827507705,stable,16817.354015622674,4.757145929838574,0.0,1036.058123190189,5.0183208539111055,80.0,12.711406099176255,29.372745638851473,-0.1381217427976355,0.19732118652043246,-0.1676587352292002,-0.0338517058163128,-0.06110207134186371,-0.01522906854091764,-0.19471648598472044,False,False
cell_0532,M/E,16,72.95093,19.030706,33.33000830133597,0.20805864721457304,0.18470119933975623,0.023357447874816806,stable,16361.697489739503,4.757145877822422,0.0,963.9889878580434,0.0,40.0,15.206954830439951,33.556713569899124,0.06289081400708084,0.1609379918466148,-0.1701673408250939,-0.03385171859535675,-0.06110207134186371,-0.024580174235224947,-0.2237213511765298,True,False
cell_0533,M/E,16,72.959577,19.04826,28.443711652773004,0.49145814218088607,0.5122415109576138,-0.020783368776727762,stable,17616.027205038037,4.757145857684046,0.0,1487.731211202768,0.0,95.0,0.0,15.774823180058226,-0.262336594975813,-0.11469788641547386,-0.16326165997964834,-0.03385172354284305,-0.06110207134186371,0.043376363115980365,-0.2237213511765298,False,False
cell_0535,R/C,11,72.784496,19.26445,29.451206545923192,0.5935535600492506,0.45440453690892885,0.1391490231403218,gained,6536.251807578641,4.757145829377749,0.0,6199.030769980133,0.0,10.0,50.800401305992914,33.28825624617146,-0.19527866189696536,-0.21399644082548325,-0.22426108604830688,-0.03385173049697945,-0.06110207134186371,0.6546763312456092,-0.2237213511765298,True,False
cell_0536,M/W,17,72.90392,18.994205,29.689226719943463,0.21363489486931575,0.015497924994634643,0.1981369698746811,gained,37677.28118552274,4.757145964764417,0.0,4623.894356404749,0.0,80.0,7.791007710217993,45.20218739580744,-0.17943625811965147,0.15551450328357197,-0.05281492842336063,-0.03385169723592232,-0.06110207134186371,0.4502994226229003,-0.2237213511765298,False,True
cell_0537,D,4,72.799589,18.947803,27.8666980057143,-0.002310634827124809,-0.16481940342936433,0.1625087686022395,gained,4912.042290214398,5.585984512302511,0.0,480.0972714728438,0.0,80.0,0.27559055118110243,30.81088063095522,-0.3007420924062365,0.3655442908868477,-0.23320313088408848,0.169772829926157,-0.06110207134186371,-0.08736603344754557,-0.2237213511765298,False,False
cell_0538,A,1,72.846628,18.947594,32.86853497586209,0.08643587698845694,0.11096722666190245,-0.024531349673445516,stable,5165.9565553655675,5.585984493737029,0.0,936.0098397151079,69.65517241379311,50.0,12.561350492117509,54.80449635344644,0.0321755740711819,0.27922895454550245,-0.2318052122540395,0.1697728253650907,-0.06110207134186371,-0.028210521266800508,0.17887125790300412,False,True
cell_0539,R/C,11,72.785794,19.264153,28.99126067315177,0.5980282515984313,0.5497495295747294,0.04827872202370187,stable,13610.598442237622,4.757145835122689,0.0,6105.361775324353,0.0,10.0,117.5056228674919,33.01200292034695,-0.22589223598641767,-0.2183485499753495,-0.1853134477573814,-0.03385172908559406,-0.06110207134186371,0.6425226032277983,-0.2237213511765298,True,False
cell_0541,A,1,72.828235,18.912108,31.29328001542766,0.14119879347178818,0.17246337229111722,-0.031264578819329036,stable,31090.161058028254,5.5859844878085845,0.0,801.5350494389195,80.92105263157895,50.0,10.843400849683794,55.89577985139358,-0.07267194668264101,0.2259662464278656,-0.08908015337680222,0.16977282390862286,-0.06110207134186371,-0.04565887792179645,0.243985734736282,False,True
cell_0542,N,10,72.949236,19.085561,28.427749923953503,0.6937217335196474,0.6892343117937728,0.004487421725874574,stable,21136.63708314406,4.757145927343889,0.0,3005.8750015995743,0.0,95.0,0.0,16.40292143154067,-0.2633989929594436,-0.3114205469330258,-0.14387903043416486,-0.03385170642919325,-0.06110207134186371,0.24035837181818198,-0.2237213511765298,False,True
cell_0543,T,13,72.928784,19.211495,27.10934807000001,0.708137794916627,0.6949454372269273,0.01319235768969973,stable,26135.954498418592,4.757145836532952,0.0,3376.406310120761,0.0,10.0,1804.8460195821417,15.518155007399265,-0.351150607279798,-0.3254416860487077,-0.11635541356222696,-0.033851728739128346,-0.06110207134186371,0.28843550515775934,-0.2237213511765298,True,False
cell_0544,M/E,16,72.931084,19.021774,29.64329719700002,0.5979972860101035,0.641537876266403,-0.04354059025629953,stable,5083.930638609787,4.757145892595173,0.0,2681.320474051808,0.0,95.0,2.3846349334536363,17.874098757366966,-0.1824932849064122,-0.21831843267702594,-0.23225680388522055,-0.033851714966067974,-0.06110207134186371,0.19824681217926077,-0.2237213511765298,False,True
cell_0545,R/C,11,72.909421,19.229443,29.58049884772731,0.6650761880912389,0.6688371094998194,-0.003760921408580531,stable,2933.8487357326444,4.757145832430795,0.0,4156.3555777606025,0.0,10.0,2212.8356849816664,21.597140184579146,-0.18667308525242132,-0.2835597348543223,-0.2440940259742341,-0.033851729746923825,-0.06110207134186371,0.3896353878021762,-0.2237213511765298,True,False
