{
"type": "FeatureCollection",
"name": "cells",
"crs": { "type": "name", "properties": { "name": "urn:ogc:def:crs:OGC:1.3:CRS84" } },
"features": [
{ "type": "Feature", "properties": { "grid_id": "cell_0000", "ward_id": "R/C", "ward_gid": 11, "NDVI_prev": 0.43426429742341754, "LST_C": 31.481951814634961, "NDVI": 0.43587516958183592, "pop_density_km2": 9987.2584770510985, "elderly_pct": 4.7571458702507545, "slum_pct": 0.0, "hospital_dist_m": 3226.0003024927128, "impervious_pct": 0.0 }, "geometry": { "type": "Polygon", "coordinates": [ [ [ 72.785802219655608, 19.227866888565778 ], [ 72.78568112958618, 19.236897562365758 ], [ 72.795188763822168, 19.23701236390162 ], [ 72.795309334995494, 19.227981632088689 ], [ 72.785802219655608, 19.227866888565778 ] ] ] } },
{ "type": "Feature", "properties": { "grid_id": "cell_0001", "ward_id": "P/N", "ward_gid": 21, "NDVI_prev": 0.45700780434484922, "LST_C": 31.258521197806857, "NDVI": 0.44578533390733655, "pop_density_km2": 8396.3724192519876, "elderly_pct": 4.7571458642469659, "slum_pct": 0.0, "hospital_dist_m": 2591.7736112469966, "impervious_pct": 0.0 }, "geometry": { "type": "Polygon", "coordinates": [ [ [ 72.78604419600471, 19.209805512082589 ], [ 72.785923241789448, 19.218836205136729 ], [ 72.795429838524157, 19.21895089065281 ], [ 72.795550274425153, 19.209920139597944 ], [ 72.78604419600471, 19.209805512082589 ] ] ] } },
{ "type": "Feature", "properties": { "grid_id": "cell_0002", "ward_id": "P/N", "ward_gid": 21, "NDVI_prev": 0.22903677993172647, "LST_C": 30.4578045822538, "NDVI": 0.3428255572132447, "pop_density_km2": 7256.3521086342689, "elderly_pct": 4.7571458666651401, "slum_pct": 0.0, "hospital_dist_m": 2805.7791613186605, "impervious_pct": 3.6962572948081198 }, "geometry": { "type": "Polygon", "coordinates": [ [ [ 72.786165082318419, 19.200774809407314 ], [ 72.78604419600471, 19.209805512082589 ], [ 72.795550274425153, 19.209920139597944 ], [ 72.795670642715407, 19.200889378928075 ], [ 72.786165082318419, 19.200774809407314 ] ] ] } },
{ "type": "Feature", "properties": { "grid_id": "cell_0003", "ward_id": "T", "ward_gid": 13, "NDVI_prev": 0.30653490919319898, "LST_C": 32.427618143106621, "NDVI": 0.32500367614769543, "pop_density_km2": 100592.45914430916, "elderly_pct": 4.7571458707880625, "slum_pct": 3.649062027114641, "hospital_dist_m": 128.79884368115702, "impervious_pct": 67.780100195746698 }, "geometry": { "type": "Polygon", "coordinates": [ [ [ 72.948216285486041, 19.166528842010489 ], [ 72.948104459493038, 19.175560534765534 ], [ 72.957609576276482, 19.175666575389332 ], [ 72.957720885131209, 19.166634828896797 ], [ 72.948216285486041, 19.166528842010489 ] ] ] } },
{ "type": "Feature", "properties": { "grid_id": "cell_0004", "ward_id": "T", "ward_gid": 13, "NDVI_prev": 0.31144065034346324, "LST_C": 33.622673441759915, "NDVI": 0.33862860784320642, "pop_density_km2": 103254.09277336838, "elderly_pct": 4.757145871902158, "slum_pct": 6.430881429324586, "hospital_dist_m": 640.3357390057306, "impervious_pct": 48.168190686007854 }, "geometry": { "type": "Polygon", "coordinates": [ [ [ 72.948328048601468, 19.157497139754234 ], [ 72.948216285486041, 19.166528842010489 ], [ 72.957720885131209, 19.166634828896797 ], [ 72.95783213139903, 19.15760307290871 ], [ 72.948328048601468, 19.157497139754234 ] ] ] } },
{ "type": "Feature", "properties": { "grid_id": "cell_0005", "ward_id": "L", "ward_gid": 24, "NDVI_prev": 0.20685440335575964, "LST_C": 37.653506271665769, "NDVI": 0.23015643725311144, "pop_density_km2": 80108.41290369771, "elderly_pct": 4.7571458660041568, "slum_pct": 45.702680037856005, "hospital_dist_m": 124.17978541646524, "impervious_pct": 87.877580827192432 }, "geometry": { "type": "Polygon", "coordinates": [ [ [ 72.882607093486925, 19.093522357141097 ], [ 72.882492166810351, 19.102553742982501 ], [ 72.891992709155105, 19.102662780704208 ], [ 72.892107121127481, 19.093631339428715 ], [ 72.882607093486925, 19.093522357141097 ] ] ] } },
{ "type": "Feature", "properties": { "grid_id": "cell_0006", "ward_id": "L", "ward_gid": 24, "NDVI_prev": 0.20254320003220255, "LST_C": 37.787376984684308, "NDVI": 0.22972950979718745, "pop_density_km2": 75561.12005471265, "elderly_pct": 4.7571458618308089, "slum_pct": 42.757773672758425, "hospital_dist_m": 610.67347303743043, "impervious_pct": 82.873949747209124 }, "geometry": { "type": "Polygon", "coordinates": [ [ [ 72.882721955381314, 19.084490961789719 ], [ 72.882607093486925, 19.093522357141097 ], [ 72.892107121127481, 19.093631339428715 ], [ 72.892221468607644, 19.084599888649048 ], [ 72.882721955381314, 19.084490961789719 ] ] ] } },
{ "type": "Feature", "properties": { "grid_id": "cell_0007", "ward_id": "L", "ward_gid": 24, "NDVI_prev": 0.24137565979833267, "LST_C": 35.257868126439632, "NDVI": 0.27366508727536903, "pop_density_km2": 83341.044264372729, "elderly_pct": 4.757145869803578, "slum_pct": 8.1072792843994392, "hospital_dist_m": 468.36996920098687, "impervious_pct": 74.930285365238291 }, "geometry": { "type": "Polygon", "coordinates": [ [ [ 72.882836752509661, 19.075459556932323 ], [ 72.882721955381314, 19.084490961789719 ], [ 72.892221468607644, 19.084599888649048 ], [ 72.892335751611682, 19.075568428369163 ], [ 72.882836752509661, 19.075459556932323 ] ] ] } },
{ "type": "Feature", "properties": { "grid_id": "cell_0008", "ward_id": "M/W", "ward_gid": 17, "NDVI_prev": 0.30137402409223651, "LST_C": 33.639334446860993, "NDVI": 0.36750017208795799, "pop_density_km2": 82619.698904419478, "elderly_pct": 4.7571458704951883, "slum_pct": 1.5667481672828751, "hospital_dist_m": 1340.2354635834467, "impervious_pct": 44.4107196227543 }, "geometry": { "type": "Polygon", "coordinates": [ [ [ 72.883524176095136, 19.02127092838229 ], [ 72.883409767224791, 19.030302390192993 ], [ 72.892906200051272, 19.030410984604291 ], [ 72.893020096535238, 19.021379467405833 ], [ 72.883524176095136, 19.02127092838229 ] ] ] } },
{ "type": "Feature", "properties": { "grid_id": "cell_0009", "ward_id": "R/C", "ward_gid": 11, "NDVI_prev": 0.55907249339235165, "LST_C": 29.710393393466184, "NDVI": 0.54864863411365994, "pop_density_km2": 8344.9025202554349, "elderly_pct": 4.7571458718441413, "slum_pct": 0.0, "hospital_dist_m": 4700.7303104318016, "impervious_pct": 0.31705917664109678 }, "geometry": { "type": "Polygon", "coordinates": [ [ [ 72.785559971564098, 19.245928226532705 ], [ 72.785438745572336, 19.254958881062649 ], [ 72.794947418473683, 19.25507379864279 ], [ 72.795068124987225, 19.246043086087639 ], [ 72.785559971564098, 19.245928226532705 ] ] ] } },
{ "type": "Feature", "properties": { "grid_id": "cell_0010", "ward_id": "R/C", "ward_gid": 11, "NDVI_prev": 0.47935879488978062, "LST_C": 31.148970488162757, "NDVI": 0.46633775462569838, "pop_density_km2": 9756.7059243848798, "elderly_pct": 4.7571458695475899, "slum_pct": 0.0, "hospital_dist_m": 3905.3772803083989, "impervious_pct": 1.1044446434434789 }, "geometry": { "type": "Polygon", "coordinates": [ [ [ 72.78568112958618, 19.236897562365758 ], [ 72.785559971564098, 19.245928226532705 ], [ 72.795068124987225, 19.246043086087639 ], [ 72.795188763822168, 19.23701236390162 ], [ 72.78568112958618, 19.236897562365758 ] ] ] } },
{ "type": "Feature", "properties": { "grid_id": "cell_0011", "ward_id": "R/C", "ward_gid": 11, "NDVI_prev": 0.6218912877324525, "LST_C": 30.081865779379594, "NDVI": 0.59588913988289816, "pop_density_km2": 12044.481860966138, "elderly_pct": 4.7571458703364504, "slum_pct": 1.5063035556197235, "hospital_dist_m": 1032.2368659693934, "impervious_pct": 3.7517826937746692 }, "geometry": { "type": "Polygon", "coordinates": [ [ [ 72.871368668479676, 19.228881836620499 ], [ 72.871252249080086, 19.237913023568794 ], [ 72.880760481792464, 19.238023386727384 ], [ 72.880876382145814, 19.22899214400832 ], [ 72.871368668479676, 19.228881836620499 ] ] ] } },
{ "type": "Feature", "properties": { "grid_id": "cell_0012", "ward_id": "R/C", "ward_gid": 11, "NDVI_prev": 0.55511569292258789, "LST_C": 31.465854813091688, "NDVI": 0.55346012557594337, "pop_density_km2": 11992.864809758717, "elderly_pct": 4.7571458687533346, "slum_pct": 0.31899650146530523, "hospital_dist_m": 764.89262166381707, "impervious_pct": 0.88961420198421803 }, "geometry": { "type": "Polygon", "coordinates": [ [ [ 72.871485022562652, 19.21985064009726 ], [ 72.871368668479676, 19.228881836620499 ], [ 72.880876382145814, 19.22899214400832 ], [ 72.880992217473604, 19.219960891720213 ], [ 72.871485022562652, 19.21985064009726 ] ] ] } },
{ "type": "Feature", "properties": { "grid_id": "cell_0013", "ward_id": "R/C", "ward_gid": 11, "NDVI_prev": 0.67984250177894423, "LST_C": 28.208811986219274, "NDVI": 0.68332805669156738, "pop_density_km2": 3554.6367124911308, "elderly_pct": 4.7571458653100072, "slum_pct": 0.0, "hospital_dist_m": 2980.9304988750264, "impervious_pct": 0.0 }, "geometry": { "type": "Polygon", "coordinates": [ [ [ 72.890384160837542, 19.229101958418763 ], [ 72.89026877954673, 19.238133256659417 ], [ 72.899777142051761, 19.238242633350431 ], [ 72.899892004263776, 19.229211279837372 ], [ 72.890384160837542, 19.229101958418763 ] ] ] } },
{ "type": "Feature", "properties": { "grid_id": "cell_0014", "ward_id": "R/C", "ward_gid": 11, "NDVI_prev": 0.71015504464689905, "LST_C": 27.760940701564444, "NDVI": 0.69301268312308062, "pop_density_km2": 3484.8691017894416, "elderly_pct": 4.7571458629462473, "slum_pct": 0.0, "hospital_dist_m": 2620.4580844717502, "impervious_pct": 0.0 }, "geometry": { "type": "Polygon", "coordinates": [ [ [ 72.890499477393845, 19.220070650614932 ], [ 72.890384160837542, 19.229101958418763 ], [ 72.899892004263776, 19.229211279837372 ], [ 72.900006802032365, 19.220179916766963 ], [ 72.890499477393845, 19.220070650614932 ] ] ] } },
{ "type": "Feature", "properties": { "grid_id": "cell_0015", "ward_id": "R/C", "ward_gid": 11, "NDVI_prev": 0.71209525503905835, "LST_C": 28.018309839212289, "NDVI": 0.69263768949298177, "pop_density_km2": 4097.6751037082695, "elderly_pct": 4.7571458640141255, "slum_pct": 0.0, "hospital_dist_m": 2095.0859082694396, "impervious_pct": 0.0 }, "geometry": { "type": "Polygon", "coordinates": [ [ [ 72.890614729231856, 19.21103933325184 ], [ 72.890499477393845, 19.220070650614932 ], [ 72.900006802032365, 19.220179916766963 ], [ 72.900121535373671, 19.211148544143128 ], [ 72.890614729231856, 19.21103933325184 ] ] ] } },
{ "type": "Feature", "properties": { "grid_id": "cell_0016", "ward_id": "M/E", "ward_gid": 16, "NDVI_prev": 0.41038526797787012, "LST_C": 34.057653184000344, "NDVI": 0.44526957154599223, "pop_density_km2": 43685.100217652529, "elderly_pct": 4.7571458628490788, "slum_pct": 16.827537616076356, "hospital_dist_m": 1558.0974090690943, "impervious_pct": 38.278972151932415 }, "geometry": { "type": "Polygon", "coordinates": [ [ [ 72.902516081339328, 19.021487519161536 ], [ 72.902402697257756, 19.030519091499166 ], [ 72.911899258554726, 19.030626710863416 ], [ 72.912012130218017, 19.021595083635198 ], [ 72.902516081339328, 19.021487519161536 ] ] ] } },
{ "type": "Feature", "properties": { "grid_id": "cell_0017", "ward_id": "M/E", "ward_gid": 16, "NDVI_prev": 0.32333058876127097, "LST_C": 34.951389601321978, "NDVI": 0.33528062936824204, "pop_density_km2": 63448.821266975676, "elderly_pct": 4.7571458755269491, "slum_pct": 1.2197538571736823, "hospital_dist_m": 2347.9527208472641, "impervious_pct": 47.762904023883628 }, "geometry": { "type": "Polygon", "coordinates": [ [ [ 72.902629401346346, 19.012455937357032 ], [ 72.902516081339328, 19.021487519161536 ], [ 72.912012130218017, 19.021595083635198 ], [ 72.912124938096156, 19.01256344694584 ], [ 72.902629401346346, 19.012455937357032 ] ] ] } },
{ "type": "Feature", "properties": { "grid_id": "cell_0018", "ward_id": "R/S", "ward_gid": 22, "NDVI_prev": 0.29593463471567921, "LST_C": 35.027376721099735, "NDVI": 0.32889118687421487, "pop_density_km2": 65909.240978370843, "elderly_pct": 4.7571458662139614, "slum_pct": 23.404932494054954, "hospital_dist_m": 108.54514050344453, "impervious_pct": 67.150558144935275 }, "geometry": { "type": "Polygon", "coordinates": [ [ [ 72.87171753484418, 19.201788218341779 ], [ 72.871601311345358, 19.210819434003053 ], [ 72.88110798779212, 19.210929629867 ], [ 72.881223693117647, 19.20189835845261 ], [ 72.87171753484418, 19.201788218341779 ] ] ] } },
{ "type": "Feature", "properties": { "grid_id": "cell_0019", "ward_id": "P/S", "ward_gid": 20, "NDVI_prev": 0.60170834334471912, "LST_C": 29.870809590740873, "NDVI": 0.6296410794418128, "pop_density_km2": 14329.973303538922, "elderly_pct": 4.7571458688717376, "slum_pct": 1.2183711057712634, "hospital_dist_m": 554.26012407478925, "impervious_pct": 2.6007206896322934 }, "geometry": { "type": "Polygon", "coordinates": [ [ [ 72.872413505790462, 19.147600723686629 ], [ 72.872297673651929, 19.156631996667489 ], [ 72.881801245420007, 19.156741858100759 ], [ 72.881916561129188, 19.147710529401966 ], [ 72.872413505790462, 19.147600723686629 ] ] ] } },
{ "type": "Feature", "properties": { "grid_id": "cell_0020", "ward_id": "M/W", "ward_gid": 17, "NDVI_prev": 0.31221327148569972, "LST_C": 34.842768897717662, "NDVI": 0.31131290375442966, "pop_density_km2": 72440.92847528444, "elderly_pct": 4.7571458729278371, "slum_pct": 6.2606897852903369, "hospital_dist_m": 606.80504310257595, "impervious_pct": 55.825071879627359 }, "geometry": { "type": "Polygon", "coordinates": [ [ [ 72.883295293684981, 19.039333842521344 ], [ 72.883180755459662, 19.048365285363403 ], [ 72.892678213927425, 19.048473990567551 ], [ 72.892792239187344, 19.039442492326177 ], [ 72.883295293684981, 19.039333842521344 ] ] ] } },
{ "type": "Feature", "properties": { "grid_id": "cell_0021", "ward_id": "M/W", "ward_gid": 17, "NDVI_prev": 0.30656990195442252, "LST_C": 34.365516187298702, "NDVI": 0.35814044945938617, "pop_density_km2": 68534.526452311591, "elderly_pct": 4.7571458675579592, "slum_pct": 0.072266197099710064, "hospital_dist_m": 843.2180350642094, "impervious_pct": 48.029922206248159 }, "geometry": { "type": "Polygon", "coordinates": [ [ [ 72.883409767224791, 19.030302390192993 ], [ 72.883295293684981, 19.039333842521344 ], [ 72.892792239187344, 19.039442492326177 ], [ 72.892906200051272, 19.030410984604291 ], [ 72.883409767224791, 19.030302390192993 ] ] ] } },
{ "type": "Feature", "properties": { "grid_id": "cell_0022", "ward_id": "T", "ward_gid": 13, "NDVI_prev": 0.39795122833711144, "LST_C": 31.766410927785124, "NDVI": 0.38946577785807046, "pop_density_km2": 73538.347430692666, "elderly_pct": 4.7571458701109615, "slum_pct": 1.6216115328435163, "hospital_dist_m": 86.463943749633941, "impervious_pct": 47.218471643969679 }, "geometry": { "type": "Polygon", "coordinates": [ [ [ 72.938599405602886, 19.175454002559349 ], [ 72.938486999303365, 19.184485631817054 ], [ 72.947992570606758, 19.184592218015453 ], [ 72.948104459493038, 19.175560534765534 ], [ 72.938599405602886, 19.175454002559349 ] ] ] } },
{ "type": "Feature", "properties": { "grid_id": "cell_0023", "ward_id": "T", "ward_gid": 13, "NDVI_prev": 0.3620120150418083, "LST_C": 32.43023909916927, "NDVI": 0.39164572665196357, "pop_density_km2": 74645.819787376982, "elderly_pct": 4.7571458781719844, "slum_pct": 3.2633347591718107, "hospital_dist_m": 316.03454671313449, "impervious_pct": 47.951918355429939 }, "geometry": { "type": "Polygon", "coordinates": [ [ [ 72.938711748718404, 19.166422363790833 ], [ 72.938599405602886, 19.175454002559349 ], [ 72.948104459493038, 19.175560534765534 ], [ 72.948216285486041, 19.166528842010489 ], [ 72.938711748718404, 19.166422363790833 ] ] ] } },
{ "type": "Feature", "properties": { "grid_id": "cell_0024", "ward_id": "R/C", "ward_gid": 11, "NDVI_prev": 0.56046631467599917, "LST_C": 29.652297653475053, "NDVI": 0.58262593248083749, "pop_density_km2": 5533.5655362569923, "elderly_pct": 4.757145870765533, "slum_pct": 0.0, "hospital_dist_m": 3999.435508671027, "impervious_pct": 0.0 }, "geometry": { "type": "Polygon", "coordinates": [ [ [ 72.795068124987225, 19.246043086087639 ], [ 72.794947418473683, 19.25507379864279 ], [ 72.804456159070625, 19.255188222631219 ], [ 72.80457634608895, 19.246157452300018 ], [ 72.795068124987225, 19.246043086087639 ] ] ] } },
{ "type": "Feature", "properties": { "grid_id": "cell_0025", "ward_id": "R/C", "ward_gid": 11, "NDVI_prev": 0.53346430810762857, "LST_C": 30.681545017176418, "NDVI": 0.52117915529851333, "pop_density_km2": 8667.6721725264251, "elderly_pct": 4.7571458735380459, "slum_pct": 0.0, "hospital_dist_m": 3327.2729983334611, "impervious_pct": 0.41760647472469237 }, "geometry": { "type": "Polygon", "coordinates": [ [ [ 72.795188763822168, 19.23701236390162 ], [ 72.795068124987225, 19.246043086087639 ], [ 72.80457634608895, 19.246157452300018 ], [ 72.804696465719786, 19.237126672344043 ], [ 72.795188763822168, 19.23701236390162 ] ] ] } },
{ "type": "Feature", "properties": { "grid_id": "cell_0026", "ward_id": "R/C", "ward_gid": 11, "NDVI_prev": 0.53463602558921342, "LST_C": 30.372980240385459, "NDVI": 0.52305201037290017, "pop_density_km2": 11204.680948163417, "elderly_pct": 4.7571458698138533, "slum_pct": 0.0, "hospital_dist_m": 2495.1656970179561, "impervious_pct": 1.569890475842991 }, "geometry": { "type": "Polygon", "coordinates": [ [ [ 72.795309334995494, 19.227981632088689 ], [ 72.795188763822168, 19.23701236390162 ], [ 72.804696465719786, 19.237126672344043 ], [ 72.804816517980029, 19.22809588276726 ], [ 72.795309334995494, 19.227981632088689 ] ] ] } },
{ "type": "Feature", "properties": { "grid_id": "cell_0027", "ward_id": "P/N", "ward_gid": 21, "NDVI_prev": -0.088220949803977405, "LST_C": 27.433270893491631, "NDVI": 0.10061325793347828, "pop_density_km2": 1985.3156398538597, "elderly_pct": 4.7571458759924354, "slum_pct": 0.0, "hospital_dist_m": 1885.571044948905, "impervious_pct": 0.0 }, "geometry": { "type": "Polygon", "coordinates": [ [ [ 72.795670642715407, 19.200889378928075 ], [ 72.795550274425153, 19.209920139597944 ], [ 72.805056420456339, 19.210034274767086 ], [ 72.80517627070617, 19.201003456351632 ], [ 72.795670642715407, 19.200889378928075 ] ] ] } },
{ "type": "Feature", "properties": { "grid_id": "cell_0028", "ward_id": "L", "ward_gid": 24, "NDVI_prev": 0.19796863736831835, "LST_C": 36.28432818481307, "NDVI": 0.20697179121794987, "pop_density_km2": 89101.645606476726, "elderly_pct": 4.7571458693564974, "slum_pct": 33.804176373834267, "hospital_dist_m": 3.8578776785173798, "impervious_pct": 88.109536471767726 }, "geometry": { "type": "Polygon", "coordinates": [ [ [ 72.873453064354365, 19.066318838055981 ], [ 72.873337818157566, 19.075350196750065 ], [ 72.882836752509661, 19.075459556932323 ], [ 72.882951484888096, 19.066428142572835 ], [ 72.873453064354365, 19.066318838055981 ] ] ] } },
{ "type": "Feature", "properties": { "grid_id": "cell_0029", "ward_id": "L", "ward_gid": 24, "NDVI_prev": 0.24405453643277905, "LST_C": 35.082693034739734, "NDVI": 0.26589360897276454, "pop_density_km2": 83881.458986040016, "elderly_pct": 4.7571458718318835, "slum_pct": 23.235196868568472, "hospital_dist_m": 362.6273631670914, "impervious_pct": 75.91311391598235 }, "geometry": { "type": "Polygon", "coordinates": [ [ [ 72.873568245527608, 19.057287469857929 ], [ 72.873453064354365, 19.066318838055981 ], [ 72.882951484888096, 19.066428142572835 ], [ 72.883066152532734, 19.057396718715211 ], [ 72.873568245527608, 19.057287469857929 ] ] ] } },
{ "type": "Feature", "properties": { "grid_id": "cell_0030", "ward_id": "M/E", "ward_gid": 16, "NDVI_prev": 0.38536235071462238, "LST_C": 32.419002870314891, "NDVI": 0.45191908534605491, "pop_density_km2": 62433.67868068911, "elderly_pct": 4.7571458671126106, "slum_pct": 19.959692187136952, "hospital_dist_m": 1158.6427805668475, "impervious_pct": 38.41931724227242 }, "geometry": { "type": "Polygon", "coordinates": [ [ [ 72.902402697257756, 19.030519091499166 ], [ 72.902289249085683, 19.039550654365986 ], [ 72.911786323090453, 19.039658328626544 ], [ 72.911899258554726, 19.030626710863416 ], [ 72.902402697257756, 19.030519091499166 ] ] ] } },
{ "type": "Feature", "properties": { "grid_id": "cell_0031", "ward_id": "P/S", "ward_gid": 20, "NDVI_prev": 0.63332366161524412, "LST_C": 30.260959185003848, "NDVI": 0.65383677162590859, "pop_density_km2": 23343.758281988066, "elderly_pct": 4.7571458711942745, "slum_pct": 2.0439790553174739, "hospital_dist_m": 1185.2627353115797, "impervious_pct": 5.0699991040645651 }, "geometry": { "type": "Polygon", "coordinates": [ [ [ 72.862794167069765, 19.156521644263755 ], [ 72.862677753041766, 19.16555285172846 ], [ 72.872181776327466, 19.165663260104942 ], [ 72.872297673651929, 19.156631996667489 ], [ 72.862794167069765, 19.156521644263755 ] ] ] } },
{ "type": "Feature", "properties": { "grid_id": "cell_0032", "ward_id": "P/S", "ward_gid": 20, "NDVI_prev": 0.58647066943752613, "LST_C": 30.392729284313049, "NDVI": 0.62450272092987669, "pop_density_km2": 15929.773135127127, "elderly_pct": 4.7571458683297703, "slum_pct": 1.7388197868503583, "hospital_dist_m": 1022.1636628234222, "impervious_pct": 3.315690796568834 }, "geometry": { "type": "Polygon", "coordinates": [ [ [ 72.862910515621394, 19.147490427249753 ], [ 72.862794167069765, 19.156521644263755 ], [ 72.872297673651929, 19.156631996667489 ], [ 72.872413505790462, 19.147600723686629 ], [ 72.862910515621394, 19.147490427249753 ] ] ] } },
{ "type": "Feature", "properties": { "grid_id": "cell_0033", "ward_id": "R/N", "ward_gid": 15, "NDVI_prev": 0.25804937585604704, "LST_C": 34.493546724703791, "NDVI": 0.28650821420433364, "pop_density_km2": 93709.65490667049, "elderly_pct": 4.7571458687097357, "slum_pct": 30.583637396275343, "hospital_dist_m": 212.35677990388572, "impervious_pct": 75.681878482356069 }, "geometry": { "type": "Polygon", "coordinates": [ [ [ 72.861627077647157, 19.246833288541787 ], [ 72.861510007952958, 19.255864400296666 ], [ 72.871019214265402, 19.255975368724879 ], [ 72.871135764347457, 19.246944200938234 ], [ 72.861627077647157, 19.246833288541787 ] ] ] } },
{ "type": "Feature", "properties": { "grid_id": "cell_0034", "ward_id": "K/E", "ward_gid": 19, "NDVI_prev": 0.38602330986775441, "LST_C": 32.550413136953281, "NDVI": 0.38942430207643064, "pop_density_km2": 63689.197926905515, "elderly_pct": 4.7571458666016788, "slum_pct": 1.7890770923755925, "hospital_dist_m": 463.27770502565039, "impervious_pct": 51.111988768929997 }, "geometry": { "type": "Polygon", "coordinates": [ [ [ 72.872760611253341, 19.120506847522982 ], [ 72.872644974574897, 19.129538149110431 ], [ 72.882146997926014, 19.129647843407458 ], [ 72.882262119046061, 19.12061648611963 ], [ 72.872760611253341, 19.120506847522982 ] ] ] } },
{ "type": "Feature", "properties": { "grid_id": "cell_0035", "ward_id": "K/E", "ward_gid": 19, "NDVI_prev": 0.29348226137569888, "LST_C": 34.526312477720346, "NDVI": 0.305250884484079, "pop_density_km2": 70282.070413451205, "elderly_pct": 4.7571458753568558, "slum_pct": 20.166850377463611, "hospital_dist_m": 453.60647119062628, "impervious_pct": 71.457969609867291 }, "geometry": { "type": "Polygon", "coordinates": [ [ [ 72.872876182810941, 19.111475536407891 ], [ 72.872760611253341, 19.120506847522982 ], [ 72.882262119046061, 19.12061648611963 ], [ 72.882377175335449, 19.111585119309986 ], [ 72.872876182810941, 19.111475536407891 ] ] ] } },
{ "type": "Feature", "properties": { "grid_id": "cell_0036", "ward_id": "S", "ward_gid": 12, "NDVI_prev": 0.056773033101355799, "LST_C": 27.909113669423071, "NDVI": 0.26441377636368141, "pop_density_km2": 12746.261953348092, "elderly_pct": 4.7571458763910899, "slum_pct": 2.7417080832335601, "hospital_dist_m": 1054.9429865083525, "impervious_pct": 7.4685959875877517 }, "geometry": { "type": "Polygon", "coordinates": [ [ [ 72.90126532883329, 19.120834293330571 ], [ 72.901151238878469, 19.129865761272587 ], [ 72.910653455899293, 19.129973984812018 ], [ 72.910767030247385, 19.120942461916226 ], [ 72.90126532883329, 19.120834293330571 ] ] ] } },
{ "type": "Feature", "properties": { "grid_id": "cell_0037", "ward_id": "N", "ward_gid": 10, "NDVI_prev": 0.27613300618371578, "LST_C": 34.207324717960084, "NDVI": 0.30979250033092931, "pop_density_km2": 64352.368388677241, "elderly_pct": 4.7571458716838624, "slum_pct": 7.7570543688676237, "hospital_dist_m": 72.28859582833492, "impervious_pct": 69.91178052002374 }, "geometry": { "type": "Polygon", "coordinates": [ [ [ 72.901721046310101, 19.084708326499918 ], [ 72.90160721326022, 19.0937398324591 ], [ 72.9111073695952, 19.093847836217982 ], [ 72.911220688198782, 19.084816275328048 ], [ 72.901721046310101, 19.084708326499918 ] ] ] } },
{ "type": "Feature", "properties": { "grid_id": "cell_0038", "ward_id": "N", "ward_gid": 10, "NDVI_prev": 0.27675102026842741, "LST_C": 32.354192690874733, "NDVI": 0.27764317553332357, "pop_density_km2": 72005.507870005953, "elderly_pct": 4.7571458695558864, "slum_pct": 1.6535580803396406, "hospital_dist_m": 83.138265846530786, "impervious_pct": 74.693771867510307 }, "geometry": { "type": "Polygon", "coordinates": [ [ [ 72.901834815173771, 19.075676811046282 ], [ 72.901721046310101, 19.084708326499918 ], [ 72.911220688198782, 19.084816275328048 ], [ 72.911333942906097, 19.075784704949417 ], [ 72.901834815173771, 19.075676811046282 ] ] ] } },
{ "type": "Feature", "properties": { "grid_id": "cell_0039", "ward_id": "S", "ward_gid": 12, "NDVI_prev": 0.41379632731154453, "LST_C": 33.673163223730555, "NDVI": 0.43293653790479897, "pop_density_km2": 35481.27041146432, "elderly_pct": 4.7571458687890633, "slum_pct": 0.31676878302016304, "hospital_dist_m": 984.99733638232499, "impervious_pct": 12.159215735728958 }, "geometry": { "type": "Polygon", "coordinates": [ [ [ 72.939272517089009, 19.121264027423305 ], [ 72.939160489656572, 19.130295713687083 ], [ 72.94866296083957, 19.130401976017332 ], [ 72.948774472601869, 19.121370235795368 ], [ 72.939272517089009, 19.121264027423305 ] ] ] } },
{ "type": "Feature", "properties": { "grid_id": "cell_0040", "ward_id": "P/N", "ward_gid": 21, "NDVI_prev": 0.36410846191065105, "LST_C": 32.457010226590612, "NDVI": 0.3892399392582464, "pop_density_km2": 10938.795969078774, "elderly_pct": 4.7571458736498871, "slum_pct": 0.0, "hospital_dist_m": 2625.0096017036967, "impervious_pct": 0.1164743126024544 }, "geometry": { "type": "Polygon", "coordinates": [ [ [ 72.796151440107508, 19.164766240177805 ], [ 72.796031342090984, 19.173797039268056 ], [ 72.805535417704675, 19.173910943491347 ], [ 72.805654998843323, 19.164880086679826 ], [ 72.796151440107508, 19.164766240177805 ] ] ] } },
{ "type": "Feature", "properties": { "grid_id": "cell_0041", "ward_id": "P/N", "ward_gid": 21, "NDVI_prev": 0.54000695809857835, "LST_C": 30.981557555760094, "NDVI": 0.52875268126465158, "pop_density_km2": 10016.634506657576, "elderly_pct": 4.7571458706615584, "slum_pct": 0.0, "hospital_dist_m": 2650.6960274288358, "impervious_pct": 1.4196729907047601 }, "geometry": { "type": "Polygon", "coordinates": [ [ [ 72.796271470597858, 19.155735431492396 ], [ 72.796151440107508, 19.164766240177805 ], [ 72.805654998843323, 19.164880086679826 ], [ 72.805774512746254, 19.155849220279205 ], [ 72.796271470597858, 19.155735431492396 ] ] ] } },
{ "type": "Feature", "properties": { "grid_id": "cell_0042", "ward_id": "D", "ward_gid": 4, "NDVI_prev": 0.24992295181547763, "LST_C": 32.077376356565345, "NDVI": 0.26467217104929819, "pop_density_km2": 82141.147620753531, "elderly_pct": 5.5859844833145145, "slum_pct": 1.0753805492181943, "hospital_dist_m": 179.2634615581259, "impervious_pct": 68.996777729794445 }, "geometry": { "type": "Polygon", "coordinates": [ [ [ 72.80826880291653, 18.966198817817332 ], [ 72.80815069709945, 18.975229884671396 ], [ 72.8176435352688, 18.975342034527536 ], [ 72.81776113056479, 18.966310910333167 ], [ 72.80826880291653, 18.966198817817332 ] ] ] } },
{ "type": "Feature", "properties": { "grid_id": "cell_0043", "ward_id": "D", "ward_gid": 4, "NDVI_prev": 0.20023705150934343, "LST_C": 33.580010791809379, "NDVI": 0.200091140395731, "pop_density_km2": 88856.012483088853, "elderly_pct": 5.5859844882642786, "slum_pct": 0.0, "hospital_dist_m": 331.41334080699613, "impervious_pct": 85.070060393454426 }, "geometry": { "type": "Polygon", "coordinates": [ [ [ 72.808386841864973, 18.957167741461628 ], [ 72.80826880291653, 18.966198817817332 ], [ 72.81776113056479, 18.966310910333167 ], [ 72.817878659280993, 18.957279776643123 ], [ 72.808386841864973, 18.957167741461628 ] ] ] } },
{ "type": "Feature", "properties": { "grid_id": "cell_0044", "ward_id": "R/C", "ward_gid": 11, "NDVI_prev": 0.35334660814866314, "LST_C": 32.662389490324578, "NDVI": 0.36950983690660866, "pop_density_km2": 58494.310659934614, "elderly_pct": 4.7571458645665654, "slum_pct": 18.447457027818196, "hospital_dist_m": 573.6016836714889, "impervious_pct": 60.549229294440352 }, "geometry": { "type": "Polygon", "coordinates": [ [ [ 72.861977892951955, 19.219739895760604 ], [ 72.861861020130192, 19.228771036269819 ], [ 72.871368668479676, 19.228881836620499 ], [ 72.871485022562652, 19.21985064009726 ], [ 72.861977892951955, 19.219739895760604 ] ] ] } },
{ "type": "Feature", "properties": { "grid_id": "cell_0045", "ward_id": "R/S", "ward_gid": 22, "NDVI_prev": 0.30660926870121119, "LST_C": 34.247434063723084, "NDVI": 0.34085739868138126, "pop_density_km2": 63021.010858125948, "elderly_pct": 4.7571458745358699, "slum_pct": 7.1667458370393762, "hospital_dist_m": 198.92606182133056, "impervious_pct": 55.234768416233834 }, "geometry": { "type": "Polygon", "coordinates": [ [ [ 72.862211441838241, 19.201677586015439 ], [ 72.862094700182496, 19.210708745674506 ], [ 72.871601311345358, 19.210819434003053 ], [ 72.87171753484418, 19.201788218341779 ], [ 72.862211441838241, 19.201677586015439 ] ] ] } },
{ "type": "Feature", "properties": { "grid_id": "cell_0046", "ward_id": "P/S", "ward_gid": 20, "NDVI_prev": 0.4285857251867265, "LST_C": 31.822227944090635, "NDVI": 0.46478738625010985, "pop_density_km2": 48751.591824279909, "elderly_pct": 4.7571458655727588, "slum_pct": 1.4094299376679267, "hospital_dist_m": 603.07253782264434, "impervious_pct": 40.270654041895334 }, "geometry": { "type": "Polygon", "coordinates": [ [ [ 72.862677753041766, 19.16555285172846 ], [ 72.862561273520996, 19.174584049639932 ], [ 72.872065813800774, 19.174694513995043 ], [ 72.872181776327466, 19.165663260104942 ], [ 72.862677753041766, 19.16555285172846 ] ] ] } },
{ "type": "Feature", "properties": { "grid_id": "cell_0047", "ward_id": "T", "ward_gid": 13, "NDVI_prev": 0.65848276409705331, "LST_C": 29.111713308849023, "NDVI": 0.65238666430759318, "pop_density_km2": 4557.09369963068, "elderly_pct": 4.7571458655235359, "slum_pct": 0.0, "hospital_dist_m": 2927.5007750606937, "impervious_pct": 0.0 }, "geometry": { "type": "Polygon", "coordinates": [ [ [ 72.900579824788849, 19.175022958192084 ], [ 72.900465348995311, 19.184054368990349 ], [ 72.909970665755026, 19.18416292237367 ], [ 72.910084624199015, 19.175131456586978 ], [ 72.900579824788849, 19.175022958192084 ] ] ] } },
{ "type": "Feature", "properties": { "grid_id": "cell_0048", "ward_id": "K/E", "ward_gid": 19, "NDVI_prev": 0.30336384375837649, "LST_C": 33.168741096990573, "NDVI": 0.34981286035288889, "pop_density_km2": 73861.276110942883, "elderly_pct": 4.7571458759061533, "slum_pct": 18.531899566738954, "hospital_dist_m": 247.04308406388165, "impervious_pct": 63.084132309846993 }, "geometry": { "type": "Polygon", "coordinates": [ [ [ 72.863143016360894, 19.129427964589649 ], [ 72.86302679871298, 19.138459200690399 ], [ 72.872529272759365, 19.138569441166293 ], [ 72.872644974574897, 19.129538149110431 ], [ 72.863143016360894, 19.129427964589649 ] ] ] } },
{ "type": "Feature", "properties": { "grid_id": "cell_0049", "ward_id": "K/E", "ward_gid": 19, "NDVI_prev": 0.29807043593802868, "LST_C": 33.931702529833991, "NDVI": 0.316091866809388, "pop_density_km2": 73926.180291485463, "elderly_pct": 4.7571458711484365, "slum_pct": 12.444772775702797, "hospital_dist_m": 412.55879250473322, "impervious_pct": 76.122736852586399 }, "geometry": { "type": "Polygon", "coordinates": [ [ [ 72.86325916858145, 19.120396718951444 ], [ 72.863143016360894, 19.129427964589649 ], [ 72.872644974574897, 19.129538149110431 ], [ 72.872760611253341, 19.120506847522982 ], [ 72.86325916858145, 19.120396718951444 ] ] ] } },
{ "type": "Feature", "properties": { "grid_id": "cell_0050", "ward_id": "K/E", "ward_gid": 19, "NDVI_prev": 0.28208282877132801, "LST_C": 33.490689388187654, "NDVI": 0.29951883648445415, "pop_density_km2": 52387.160905292578, "elderly_pct": 4.7571458661053203, "slum_pct": 3.7455385230159162, "hospital_dist_m": 358.77934822473384, "impervious_pct": 73.557125835156143 }, "geometry": { "type": "Polygon", "coordinates": [ [ [ 72.86337525539102, 19.111365463779727 ], [ 72.86325916858145, 19.120396718951444 ], [ 72.872760611253341, 19.120506847522982 ], [ 72.872876182810941, 19.111475536407891 ], [ 72.86337525539102, 19.111365463779727 ] ] ] } },
{ "type": "Feature", "properties": { "grid_id": "cell_0051", "ward_id": "K/E", "ward_gid": 19, "NDVI_prev": 0.28160085284689834, "LST_C": 34.450601729989657, "NDVI": 0.29318751328781101, "pop_density_km2": 50597.480830480497, "elderly_pct": 4.7571458752598925, "slum_pct": 13.992975857423001, "hospital_dist_m": 87.199374124692866, "impervious_pct": 72.014671468640643 }, "geometry": { "type": "Polygon", "coordinates": [ [ [ 72.863491276805874, 19.102334199078452 ], [ 72.86337525539102, 19.111365463779727 ], [ 72.872876182810941, 19.111475536407891 ], [ 72.872991689263927, 19.102444215769111 ], [ 72.863491276805874, 19.102334199078452 ] ] ] } },
{ "type": "Feature", "properties": { "grid_id": "cell_0052", "ward_id": "K/E", "ward_gid": 19, "NDVI_prev": 0.19228008447274775, "LST_C": 38.5938182689653, "NDVI": 0.20959496262281418, "pop_density_km2": 79119.360050036717, "elderly_pct": 4.757145870301855, "slum_pct": 11.144716068614564, "hospital_dist_m": 1023.6545718256425, "impervious_pct": 82.654097653267883 }, "geometry": { "type": "Polygon", "coordinates": [ [ [ 72.863607232842327, 19.093302924851574 ], [ 72.863491276805874, 19.102334199078452 ], [ 72.872991689263927, 19.102444215769111 ], [ 72.873107130628554, 19.093412885610583 ], [ 72.863607232842327, 19.093302924851574 ] ] ] } },
{ "type": "Feature", "properties": { "grid_id": "cell_0053", "ward_id": "K/E", "ward_gid": 19, "NDVI_prev": 0.16339302408753595, "LST_C": 39.954944625730526, "NDVI": 0.17755112657958194, "pop_density_km2": 90419.170082739685, "elderly_pct": 4.7571458721729467, "slum_pct": 0.0, "hospital_dist_m": 1327.5874823990584, "impervious_pct": 74.399368000371851 }, "geometry": { "type": "Polygon", "coordinates": [ [ [ 72.863723123516692, 19.084271641103026 ], [ 72.863607232842327, 19.093302924851574 ], [ 72.873107130628554, 19.093412885610583 ], [ 72.873222506921024, 19.08438154593625 ], [ 72.863723123516692, 19.084271641103026 ] ] ] } },
{ "type": "Feature", "properties": { "grid_id": "cell_0054", "ward_id": "A", "ward_gid": 1, "NDVI_prev": 0.093797581801130986, "LST_C": 30.055283772832535, "NDVI": 0.12754901242558528, "pop_density_km2": 49064.499488990681, "elderly_pct": 5.5859844870859972, "slum_pct": 4.6782696087661773, "hospital_dist_m": 736.39205770826675, "impervious_pct": 52.606830364115524 }, "geometry": { "type": "Polygon", "coordinates": [ [ [ 72.818465304741807, 18.91212396589696 ], [ 72.818348108677498, 18.921155147005706 ], [ 72.827837954549565, 18.921266468489456 ], [ 72.827954641808589, 18.912235230324317 ], [ 72.818465304741807, 18.91212396589696 ] ] ] } },
{ "type": "Feature", "properties": { "grid_id": "cell_0055", "ward_id": "R/C", "ward_gid": 11, "NDVI_prev": 0.67677550316592738, "LST_C": 29.374829808008574, "NDVI": 0.61600231897686963, "pop_density_km2": 7541.6238340508826, "elderly_pct": 4.7571458631597903, "slum_pct": 0.0, "hospital_dist_m": 2586.5130628773136, "impervious_pct": 0.0 }, "geometry": { "type": "Polygon", "coordinates": [ [ [ 72.804696465719786, 19.237126672344043 ], [ 72.80457634608895, 19.246157452300018 ], [ 72.81408463457818, 19.246271325154776 ], [ 72.814204234987983, 19.237240487677987 ], [ 72.804696465719786, 19.237126672344043 ] ] ] } },
{ "type": "Feature", "properties": { "grid_id": "cell_0056", "ward_id": "R/C", "ward_gid": 11, "NDVI_prev": 0.44758913717705617, "LST_C": 30.263345322139553, "NDVI": 0.5417758756187232, "pop_density_km2": 16040.739478961259, "elderly_pct": 4.7571458752000657, "slum_pct": 0.0, "hospital_dist_m": 2011.125495703584, "impervious_pct": 3.9277800628922552 }, "geometry": { "type": "Polygon", "coordinates": [ [ [ 72.804816517980029, 19.22809588276726 ], [ 72.804696465719786, 19.237126672344043 ], [ 72.814204234987983, 19.237240487677987 ], [ 72.814323768318246, 19.228209640586456 ], [ 72.804816517980029, 19.22809588276726 ] ] ] } },
{ "type": "Feature", "properties": { "grid_id": "cell_0057", "ward_id": "P/N", "ward_gid": 21, "NDVI_prev": 0.3932610837223468, "LST_C": 34.388160042340722, "NDVI": 0.36415158102286654, "pop_density_km2": 41749.390311305382, "elderly_pct": 4.7571458675592124, "slum_pct": 4.786842096438833, "hospital_dist_m": 1222.1180279234702, "impervious_pct": 38.463631175932008 }, "geometry": { "type": "Polygon", "coordinates": [ [ [ 72.805296053652924, 19.191972628331211 ], [ 72.80517627070617, 19.201003456351632 ], [ 72.814681966, 19.201117041662975 ], [ 72.81480123118024, 19.192086156152055 ], [ 72.805296053652924, 19.191972628331211 ] ] ] } },
{ "type": "Feature", "properties": { "grid_id": "cell_0058", "ward_id": "P/N", "ward_gid": 21, "NDVI_prev": 0.42780085999804562, "LST_C": 33.120347309133486, "NDVI": 0.43019389122328117, "pop_density_km2": 24967.900759418182, "elderly_pct": 4.7571458705914358, "slum_pct": 14.000267090462421, "hospital_dist_m": 826.85072124076873, "impervious_pct": 23.699061433164044 }, "geometry": { "type": "Polygon", "coordinates": [ [ [ 72.805415769313498, 19.182941790709794 ], [ 72.805296053652924, 19.191972628331211 ], [ 72.81480123118024, 19.192086156152055 ], [ 72.814920429364975, 19.183055261046192 ], [ 72.805415769313498, 19.182941790709794 ] ] ] } },
{ "type": "Feature", "properties": { "grid_id": "cell_0059", "ward_id": "P/N", "ward_gid": 21, "NDVI_prev": 0.36861985986757101, "LST_C": 34.535371048833369, "NDVI": 0.36850876300288959, "pop_density_km2": 23154.940032350383, "elderly_pct": 4.7571458642010027, "slum_pct": 20.220481373750594, "hospital_dist_m": 1214.8566292185467, "impervious_pct": 36.000942250651995 }, "geometry": { "type": "Polygon", "coordinates": [ [ [ 72.805535417704675, 19.173910943491347 ], [ 72.805415769313498, 19.182941790709794 ], [ 72.814920429364975, 19.183055261046192 ], [ 72.815039560570938, 19.174024356349349 ], [ 72.805535417704675, 19.173910943491347 ] ] ] } },
{ "type": "Feature", "properties": { "grid_id": "cell_0060", "ward_id": "P/N", "ward_gid": 21, "NDVI_prev": 0.48776054857269996, "LST_C": 30.778441601067911, "NDVI": 0.5799565189451813, "pop_density_km2": 16455.668670316994, "elderly_pct": 4.7571458751464748, "slum_pct": 1.8890364392814405, "hospital_dist_m": 1998.0290554477738, "impervious_pct": 3.5098197310399084 }, "geometry": { "type": "Polygon", "coordinates": [ [ [ 72.805654998843323, 19.164880086679826 ], [ 72.805535417704675, 19.173910943491347 ], [ 72.815039560570938, 19.174024356349349 ], [ 72.815158624814885, 19.164993442065477 ], [ 72.805654998843323, 19.164880086679826 ] ] ] } },
{ "type": "Feature", "properties": { "grid_id": "cell_0061", "ward_id": "S", "ward_gid": 12, "NDVI_prev": 0.48040986752037063, "LST_C": 32.077061741187705, "NDVI": 0.48105909963914206, "pop_density_km2": 46988.744231306839, "elderly_pct": 4.7571458656525447, "slum_pct": 1.1296034652037146, "hospital_dist_m": 657.81402846032711, "impervious_pct": 17.758318041697208 }, "geometry": { "type": "Polygon", "coordinates": [ [ [ 72.939048399119059, 19.139327390459645 ], [ 72.93893624546071, 19.148359057737068 ], [ 72.948439748855066, 19.14846542800068 ], [ 72.948551386262523, 19.139433706753735 ], [ 72.939048399119059, 19.139327390459645 ] ] ] } },
{ "type": "Feature", "properties": { "grid_id": "cell_0062", "ward_id": "S", "ward_gid": 12, "NDVI_prev": 0.43850509252009778, "LST_C": 32.712853507314641, "NDVI": 0.4427678589543374, "pop_density_km2": 38708.593609145981, "elderly_pct": 4.7571458742862909, "slum_pct": 13.39532860791898, "hospital_dist_m": 905.19194644937863, "impervious_pct": 22.151980646510143 }, "geometry": { "type": "Polygon", "coordinates": [ [ [ 72.939160489656572, 19.130295713687083 ], [ 72.939048399119059, 19.139327390459645 ], [ 72.948551386262523, 19.139433706753735 ], [ 72.94866296083957, 19.130401976017332 ], [ 72.939160489656572, 19.130295713687083 ] ] ] } },
{ "type": "Feature", "properties": { "grid_id": "cell_0063", "ward_id": "T", "ward_gid": 13, "NDVI_prev": 0.61920972883600234, "LST_C": 29.881488765732698, "NDVI": 0.60767016390472284, "pop_density_km2": 4793.1364742231817, "elderly_pct": 4.7571458660379289, "slum_pct": 0.0, "hospital_dist_m": 2813.1466623767801, "impervious_pct": 0.0 }, "geometry": { "type": "Polygon", "coordinates": [ [ [ 72.900694236235736, 19.165991537860034 ], [ 72.900579824788849, 19.175022958192084 ], [ 72.910084624199015, 19.175131456586978 ], [ 72.910198518587023, 19.166099981272275 ], [ 72.900694236235736, 19.165991537860034 ] ] ] } },
{ "type": "Feature", "properties": { "grid_id": "cell_0064", "ward_id": "T", "ward_gid": 13, "NDVI_prev": 0.40285934167535031, "LST_C": 27.974914750042686, "NDVI": 0.40174581803815518, "pop_density_km2": 3198.1313181240166, "elderly_pct": 4.7571458682426435, "slum_pct": 0.0, "hospital_dist_m": 2823.3876294371175, "impervious_pct": 0.0 }, "geometry": { "type": "Polygon", "coordinates": [ [ [ 72.900808583352074, 19.156960107998128 ], [ 72.900694236235736, 19.165991537860034 ], [ 72.910198518587023, 19.166099981272275 ], [ 72.910312348935065, 19.157068496433503 ], [ 72.900808583352074, 19.156960107998128 ] ] ] } },
{ "type": "Feature", "properties": { "grid_id": "cell_0065", "ward_id": "T", "ward_gid": 13, "NDVI_prev": 0.042789558843841488, "LST_C": 26.759793342165494, "NDVI": 0.081287455928721761, "pop_density_km2": 861.78180252597258, "elderly_pct": 4.7571458802417608, "slum_pct": 0.0, "hospital_dist_m": 2310.9217317466419, "impervious_pct": 0.0 }, "geometry": { "type": "Polygon", "coordinates": [ [ [ 72.90092286615392, 19.147928668610298 ], [ 72.900808583352074, 19.156960107998128 ], [ 72.910312348935065, 19.157068496433503 ], [ 72.910426115259114, 19.148037002074588 ], [ 72.90092286615392, 19.147928668610298 ] ] ] } },
{ "type": "Feature", "properties": { "grid_id": "cell_0066", "ward_id": "S", "ward_gid": 12, "NDVI_prev": 0.46999382478913743, "LST_C": 29.312881375383668, "NDVI": 0.50462734679099552, "pop_density_km2": 24293.378842249436, "elderly_pct": 4.7571458674318636, "slum_pct": 1.4770822192208417, "hospital_dist_m": 973.34215998651166, "impervious_pct": 12.209246371905797 }, "geometry": { "type": "Polygon", "coordinates": [ [ [ 72.901151238878469, 19.129865761272587 ], [ 72.901037084657375, 19.138897219700471 ], [ 72.910539817575199, 19.139005498199442 ], [ 72.910653455899293, 19.129973984812018 ], [ 72.901151238878469, 19.129865761272587 ] ] ] } },
{ "type": "Feature", "properties": { "grid_id": "cell_0067", "ward_id": "R/N", "ward_gid": 15, "NDVI_prev": 0.40339611336533204, "LST_C": 32.043067796811577, "NDVI": 0.4152306748929358, "pop_density_km2": 64989.219755366743, "elderly_pct": 4.7571458822440587, "slum_pct": 6.1001055013096277, "hospital_dist_m": 590.01467630561433, "impervious_pct": 36.263513961663421 }, "geometry": { "type": "Polygon", "coordinates": [ [ [ 72.852000867297605, 19.255752938172638 ], [ 72.851883212059406, 19.264783984047941 ], [ 72.861392872601655, 19.264895502458888 ], [ 72.861510007952958, 19.255864400296666 ], [ 72.852000867297605, 19.255752938172638 ] ] ] } },
{ "type": "Feature", "properties": { "grid_id": "cell_0068", "ward_id": "R/N", "ward_gid": 15, "NDVI_prev": 0.35246448882756548, "LST_C": 32.223849975856176, "NDVI": 0.36006647926851731, "pop_density_km2": 91955.387715911624, "elderly_pct": 4.7571458636154134, "slum_pct": 9.5996010250111432, "hospital_dist_m": 563.70901100965943, "impervious_pct": 60.948195807906735 }, "geometry": { "type": "Polygon", "coordinates": [ [ [ 72.852118456587462, 19.246721882698726 ], [ 72.852000867297605, 19.255752938172638 ], [ 72.861510007952958, 19.255864400296666 ], [ 72.861627077647157, 19.246833288541787 ], [ 72.852118456587462, 19.246721882698726 ] ] ] } },
{ "type": "Feature", "properties": { "grid_id": "cell_0069", "ward_id": "M/E", "ward_gid": 16, "NDVI_prev": 0.5522907639418343, "LST_C": 30.744979981950685, "NDVI": 0.56288803351532513, "pop_density_km2": 22596.668084418863, "elderly_pct": 4.7571458691827422, "slum_pct": 0.0, "hospital_dist_m": 2971.2960469275363, "impervious_pct": 3.7370483528161582 }, "geometry": { "type": "Polygon", "coordinates": [ [ [ 72.912124938096156, 19.01256344694584 ], [ 72.912012130218017, 19.021595083635198 ], [ 72.921508242881828, 19.021702160812691 ], [ 72.921620538615272, 19.012670469487041 ], [ 72.912124938096156, 19.01256344694584 ] ] ] } },
{ "type": "Feature", "properties": { "grid_id": "cell_0070", "ward_id": "R/C", "ward_gid": 11, "NDVI_prev": 0.64242655861903419, "LST_C": 28.597747276411265, "NDVI": 0.64880333187135064, "pop_density_km2": 2716.9689566186903, "elderly_pct": 4.7571458679868917, "slum_pct": 0.0, "hospital_dist_m": 3453.4839799406418, "impervious_pct": 0.0 }, "geometry": { "type": "Polygon", "coordinates": [ [ [ 72.900006802032365, 19.220179916766963 ], [ 72.899892004263776, 19.229211279837372 ], [ 72.909399912133466, 19.229320108249748 ], [ 72.909514191098168, 19.220288690161926 ], [ 72.900006802032365, 19.220179916766963 ] ] ] } },
{ "type": "Feature", "properties": { "grid_id": "cell_0071", "ward_id": "K/W", "ward_gid": 14, "NDVI_prev": 0.39049312413871029, "LST_C": 32.211854452821974, "NDVI": 0.42250369978279673, "pop_density_km2": 65541.805080323771, "elderly_pct": 4.7571458742058592, "slum_pct": 0.0, "hospital_dist_m": 438.45014278314346, "impervious_pct": 48.260573780012351 }, "geometry": { "type": "Polygon", "coordinates": [ [ [ 72.815515415942144, 19.137900641731374 ], [ 72.815396552483762, 19.146931584752522 ], [ 72.824899212449054, 19.147044334578105 ], [ 72.825017559867206, 19.138013334351577 ], [ 72.815515415942144, 19.137900641731374 ] ] ] } },
{ "type": "Feature", "properties": { "grid_id": "cell_0072", "ward_id": "N", "ward_gid": 10, "NDVI_prev": 0.34182473227475518, "LST_C": 30.924794234553467, "NDVI": 0.41895377401680428, "pop_density_km2": 18024.722948092687, "elderly_pct": 4.7571458734172021, "slum_pct": 0.0, "hospital_dist_m": 1845.2060000999909, "impervious_pct": 0.0 }, "geometry": { "type": "Polygon", "coordinates": [ [ [ 72.939943357358203, 19.067073710744598 ], [ 72.939831708225881, 19.076105453873353 ], [ 72.949331089740468, 19.076211392539292 ], [ 72.949442224943141, 19.067179595486262 ], [ 72.939943357358203, 19.067073710744598 ] ] ] } },
{ "type": "Feature", "properties": { "grid_id": "cell_0073", "ward_id": "M/E", "ward_gid": 16, "NDVI_prev": 0.36313182510250275, "LST_C": 33.898723206793441, "NDVI": 0.32719042927650605, "pop_density_km2": 41850.696450183546, "elderly_pct": 4.757145863301762, "slum_pct": 11.055755707862659, "hospital_dist_m": 720.33679056422864, "impervious_pct": 17.729768853297227 }, "geometry": { "type": "Polygon", "coordinates": [ [ [ 72.940277926847472, 19.03997842459146 ], [ 72.940166466653324, 19.049010196099726 ], [ 72.949664307248355, 19.04911597300973 ], [ 72.949775254382089, 19.040084147594076 ], [ 72.940277926847472, 19.03997842459146 ] ] ] } },
{ "type": "Feature", "properties": { "grid_id": "cell_0074", "ward_id": "R/S", "ward_gid": 22, "NDVI_prev": 0.5307354765704958, "LST_C": 30.18087285083082, "NDVI": 0.61660047178366939, "pop_density_km2": 10596.263581880085, "elderly_pct": 4.7571458663551311, "slum_pct": 8.2938110524928188, "hospital_dist_m": 1201.2537203810182, "impervious_pct": 5.5455109427302354 }, "geometry": { "type": "Polygon", "coordinates": [ [ [ 72.881339333466471, 19.19286707748098 ], [ 72.881223693117647, 19.20189835845261 ], [ 72.890729916367818, 19.202008006333429 ], [ 72.890845038817915, 19.192976669863619 ], [ 72.881339333466471, 19.19286707748098 ] ] ] } },
{ "type": "Feature", "properties": { "grid_id": "cell_0075", "ward_id": "P/N", "ward_gid": 21, "NDVI_prev": 0.44509147297012958, "LST_C": 32.435891920347835, "NDVI": 0.47932524716332886, "pop_density_km2": 15748.9005606186, "elderly_pct": 4.7571458723487527, "slum_pct": 0.0, "hospital_dist_m": 1003.1096251058736, "impervious_pct": 6.336472040292251 }, "geometry": { "type": "Polygon", "coordinates": [ [ [ 72.881570419299081, 19.174804486881737 ], [ 72.881454908854863, 19.183835786956042 ], [ 72.890960096598363, 19.183945323846352 ], [ 72.891075089725334, 19.174913968285562 ], [ 72.881570419299081, 19.174804486881737 ] ] ] } },
{ "type": "Feature", "properties": { "grid_id": "cell_0076", "ward_id": "P/N", "ward_gid": 21, "NDVI_prev": 0.48445441180541027, "LST_C": 32.676792047340122, "NDVI": 0.48179430312058802, "pop_density_km2": 21476.361086824276, "elderly_pct": 4.7571458662746577, "slum_pct": 0.0, "hospital_dist_m": 834.06209074076196, "impervious_pct": 9.1964510863073485 }, "geometry": { "type": "Polygon", "coordinates": [ [ [ 72.881685864815395, 19.165773177261997 ], [ 72.881570419299081, 19.174804486881737 ], [ 72.891075089725334, 19.174913968285562 ], [ 72.891190018214999, 19.16588260318516 ], [ 72.881685864815395, 19.165773177261997 ] ] ] } },
{ "type": "Feature", "properties": { "grid_id": "cell_0077", "ward_id": "P/S", "ward_gid": 20, "NDVI_prev": 0.52303968123582623, "LST_C": 31.840288726070831, "NDVI": 0.56562323750691268, "pop_density_km2": 11731.164150695478, "elderly_pct": 4.7571458694919926, "slum_pct": 0.0, "hospital_dist_m": 1221.70805814143, "impervious_pct": 1.7770329688562967 }, "geometry": { "type": "Polygon", "coordinates": [ [ [ 72.882031811959109, 19.138679191169551 ], [ 72.881916561129188, 19.147710529401966 ], [ 72.891419681347145, 19.147819844381317 ], [ 72.891534416021898, 19.138788450685734 ], [ 72.882031811959109, 19.138679191169551 ] ] ] } },
{ "type": "Feature", "properties": { "grid_id": "cell_0078", "ward_id": "R/C", "ward_gid": 11, "NDVI_prev": 0.2908850795000289, "LST_C": 32.824359151652203, "NDVI": 0.29560510602173795, "pop_density_km2": 76787.148912492179, "elderly_pct": 4.7571458736975663, "slum_pct": 7.8670988905336223, "hospital_dist_m": 64.860955370717349, "impervious_pct": 73.991800396712193 }, "geometry": { "type": "Polygon", "coordinates": [ [ [ 72.852470828932482, 19.219628658724805 ], [ 72.852353437388359, 19.228659742970873 ], [ 72.861861020130192, 19.228771036269819 ], [ 72.861977892951955, 19.219739895760604 ], [ 72.852470828932482, 19.219628658724805 ] ] ] } },
{ "type": "Feature", "properties": { "grid_id": "cell_0079", "ward_id": "R/S", "ward_gid": 22, "NDVI_prev": 0.37021746083933599, "LST_C": 33.831137676949858, "NDVI": 0.38758511204026719, "pop_density_km2": 61850.489198895528, "elderly_pct": 4.7571458666858257, "slum_pct": 7.4631239850314985, "hospital_dist_m": 455.44818182598965, "impervious_pct": 36.621344151471646 }, "geometry": { "type": "Polygon", "coordinates": [ [ [ 72.852705414390655, 19.201566461488142 ], [ 72.8525881545944, 19.210597564895917 ], [ 72.862094700182496, 19.210708745674506 ], [ 72.862211441838241, 19.201677586015439 ], [ 72.852705414390655, 19.201566461488142 ] ] ] } },
{ "type": "Feature", "properties": { "grid_id": "cell_0080", "ward_id": "P/S", "ward_gid": 20, "NDVI_prev": 0.45741711438793259, "LST_C": 32.224251631161039, "NDVI": 0.46701712459654304, "pop_density_km2": 61750.769231152641, "elderly_pct": 4.757145867976897, "slum_pct": 4.6148902296105208, "hospital_dist_m": 192.90712973741279, "impervious_pct": 42.606898016339201 }, "geometry": { "type": "Polygon", "coordinates": [ [ [ 72.853290725963987, 19.156410800904073 ], [ 72.853173795248821, 19.165441952147084 ], [ 72.862677753041766, 19.16555285172846 ], [ 72.862794167069765, 19.156521644263755 ], [ 72.853290725963987, 19.156410800904073 ] ] ] } },
{ "type": "Feature", "properties": { "grid_id": "cell_0081", "ward_id": "P/S", "ward_gid": 20, "NDVI_prev": 0.38472699344499162, "LST_C": 32.809836192884447, "NDVI": 0.42742280361749663, "pop_density_km2": 59139.917583534807, "elderly_pct": 4.7571458721695707, "slum_pct": 0.16288835008481559, "hospital_dist_m": 959.25859593008272, "impervious_pct": 44.052644154189245 }, "geometry": { "type": "Polygon", "coordinates": [ [ [ 72.85340759091234, 19.147379640105861 ], [ 72.853290725963987, 19.156410800904073 ], [ 72.862794167069765, 19.156521644263755 ], [ 72.862910515621394, 19.147490427249753 ], [ 72.85340759091234, 19.147379640105861 ] ] ] } },
{ "type": "Feature", "properties": { "grid_id": "cell_0082", "ward_id": "F/N", "ward_gid": 8, "NDVI_prev": 0.2397001020015512, "LST_C": 35.900595791291586, "NDVI": 0.27161192778757542, "pop_density_km2": 49667.341837364482, "elderly_pct": 5.5859844814106392, "slum_pct": 23.721219066706961, "hospital_dist_m": 764.17880889162825, "impervious_pct": 66.167001510950314 }, "geometry": { "type": "Polygon", "coordinates": [ [ [ 72.864417095869612, 19.030083738878321 ], [ 72.864301597026355, 19.039115079673802 ], [ 72.87379841286814, 19.039224704965768 ], [ 72.873913399067732, 19.030193308279557 ], [ 72.864417095869612, 19.030083738878321 ] ] ] } },
{ "type": "Feature", "properties": { "grid_id": "cell_0083", "ward_id": "F/N", "ward_gid": 8, "NDVI_prev": 0.26255175037750667, "LST_C": 35.135187849044932, "NDVI": 0.30325925471832249, "pop_density_km2": 91388.19427314811, "elderly_pct": 5.4714216210692221, "slum_pct": 30.306008251663823, "hospital_dist_m": 259.71986870913145, "impervious_pct": 68.921521744905803 }, "geometry": { "type": "Polygon", "coordinates": [ [ [ 72.864532529464483, 19.021052388588856 ], [ 72.864417095869612, 19.030083738878321 ], [ 72.873913399067732, 19.030193308279557 ], [ 72.874028320308412, 19.021161902105192 ], [ 72.864532529464483, 19.021052388588856 ] ] ] } },
{ "type": "Feature", "properties": { "grid_id": "cell_0084", "ward_id": "M/E", "ward_gid": 16, "NDVI_prev": 0.38256829148792165, "LST_C": 32.812095252783038, "NDVI": 0.41236375591082408, "pop_density_km2": 79314.774499256804, "elderly_pct": 4.7571458735646042, "slum_pct": 0.27675387186580586, "hospital_dist_m": 650.23658859347768, "impervious_pct": 46.830756766807447 }, "geometry": { "type": "Polygon", "coordinates": [ [ [ 72.911786323090453, 19.039658328626544 ], [ 72.91167332380931, 19.048689936920638 ], [ 72.921170974644141, 19.048797178041173 ], [ 72.921283460912051, 19.039765515093691 ], [ 72.911786323090453, 19.039658328626544 ] ] ] } },
{ "type": "Feature", "properties": { "grid_id": "cell_0085", "ward_id": "M/E", "ward_gid": 16, "NDVI_prev": 0.56219193831297309, "LST_C": 29.572607825539624, "NDVI": 0.5629471140752591, "pop_density_km2": 32028.010401742726, "elderly_pct": 4.7571458708184231, "slum_pct": 0.0, "hospital_dist_m": 1447.6670751547119, "impervious_pct": 10.604873254215464 }, "geometry": { "type": "Polygon", "coordinates": [ [ [ 72.911899258554726, 19.030626710863416 ], [ 72.911786323090453, 19.039658328626544 ], [ 72.921283460912051, 19.039765515093691 ], [ 72.921395883652679, 19.030733842682885 ], [ 72.911899258554726, 19.030626710863416 ] ] ] } },
{ "type": "Feature", "properties": { "grid_id": "cell_0086", "ward_id": "M/E", "ward_gid": 16, "NDVI_prev": 0.55695806802220937, "LST_C": 30.562673903022645, "NDVI": 0.59885830027793929, "pop_density_km2": 11987.551963863129, "elderly_pct": 4.7571458695513522, "slum_pct": 0.0, "hospital_dist_m": 2396.5361994547161, "impervious_pct": 0.0 }, "geometry": { "type": "Polygon", "coordinates": [ [ [ 72.912012130218017, 19.021595083635198 ], [ 72.911899258554726, 19.030626710863416 ], [ 72.921395883652679, 19.030733842682885 ], [ 72.921508242881828, 19.021702160812691 ], [ 72.912012130218017, 19.021595083635198 ] ] ] } },
{ "type": "Feature", "properties": { "grid_id": "cell_0087", "ward_id": "K/E", "ward_gid": 19, "NDVI_prev": 0.24939732122810787, "LST_C": 35.35544509940592, "NDVI": 0.26425408390781335, "pop_density_km2": 89541.195128975742, "elderly_pct": 4.7571458673866776, "slum_pct": 48.536103091907087, "hospital_dist_m": 389.05928919000195, "impervious_pct": 82.553068620813249 }, "geometry": { "type": "Polygon", "coordinates": [ [ [ 72.853641123574221, 19.12931728985961 ], [ 72.85352439011028, 19.13834846975638 ], [ 72.86302679871298, 19.138459200690399 ], [ 72.863143016360894, 19.129427964589649 ], [ 72.853641123574221, 19.12931728985961 ] ] ] } },
{ "type": "Feature", "properties": { "grid_id": "cell_0088", "ward_id": "K/E", "ward_gid": 19, "NDVI_prev": 0.25863075713364159, "LST_C": 34.499395010242715, "NDVI": 0.28453714984257961, "pop_density_km2": 56134.244216213665, "elderly_pct": 4.7571458672988225, "slum_pct": 19.949429789443336, "hospital_dist_m": 287.23829528845732, "impervious_pct": 81.061553932289797 }, "geometry": { "type": "Polygon", "coordinates": [ [ [ 72.853757791320604, 19.120286100419488 ], [ 72.853641123574221, 19.12931728985961 ], [ 72.863143016360894, 19.129427964589649 ], [ 72.86325916858145, 19.120396718951444 ], [ 72.853757791320604, 19.120286100419488 ] ] ] } },
{ "type": "Feature", "properties": { "grid_id": "cell_0089", "ward_id": "K/E", "ward_gid": 19, "NDVI_prev": 0.25588050248052163, "LST_C": 33.687283420874259, "NDVI": 0.28476030045907441, "pop_density_km2": 46774.434310116507, "elderly_pct": 4.7571458703912679, "slum_pct": 3.550075974373041, "hospital_dist_m": 868.11421399345977, "impervious_pct": 78.60568386606441 }, "geometry": { "type": "Polygon", "coordinates": [ [ [ 72.8538743933658, 19.111254901439956 ], [ 72.853757791320604, 19.120286100419488 ], [ 72.86325916858145, 19.120396718951444 ], [ 72.86337525539102, 19.111365463779727 ], [ 72.8538743933658, 19.111254901439956 ] ] ] } },
{ "type": "Feature", "properties": { "grid_id": "cell_0090", "ward_id": "K/E", "ward_gid": 19, "NDVI_prev": 0.30630824247176219, "LST_C": 34.234121232136623, "NDVI": 0.34016070236692192, "pop_density_km2": 53828.542146866734, "elderly_pct": 4.7571458713459487, "slum_pct": 14.207457312565255, "hospital_dist_m": 684.9835002259365, "impervious_pct": 63.086992164034321 }, "geometry": { "type": "Polygon", "coordinates": [ [ [ 72.853990929726208, 19.102223692924991 ], [ 72.8538743933658, 19.111254901439956 ], [ 72.86337525539102, 19.111365463779727 ], [ 72.863491276805874, 19.102334199078452 ], [ 72.853990929726208, 19.102223692924991 ] ] ] } },
{ "type": "Feature", "properties": { "grid_id": "cell_0091", "ward_id": "H/E", "ward_gid": 18, "NDVI_prev": 0.33053239470880713, "LST_C": 33.570073950182845, "NDVI": 0.33565461811757674, "pop_density_km2": 94517.059644996843, "elderly_pct": 4.757145869011473, "slum_pct": 2.0250896157879485, "hospital_dist_m": 599.96969638394546, "impervious_pct": 38.817748709350802 }, "geometry": { "type": "Polygon", "coordinates": [ [ [ 72.854456418647317, 19.066098763589711 ], [ 72.854340144862405, 19.07513001020693 ], [ 72.863838948845213, 19.07524034783679 ], [ 72.863954708844204, 19.066209045056791 ], [ 72.854456418647317, 19.066098763589711 ] ] ] } },
{ "type": "Feature", "properties": { "grid_id": "cell_0092", "ward_id": "H/E", "ward_gid": 18, "NDVI_prev": 0.22785412799427252, "LST_C": 33.357022808734008, "NDVI": 0.24204429186519524, "pop_density_km2": 80078.11225573541, "elderly_pct": 4.7571458649462732, "slum_pct": 6.7324162574069755, "hospital_dist_m": 433.80253146323435, "impervious_pct": 56.838767514443241 }, "geometry": { "type": "Polygon", "coordinates": [ [ [ 72.854572626829182, 19.057067507456818 ], [ 72.854456418647317, 19.066098763589711 ], [ 72.863954708844204, 19.066209045056791 ], [ 72.86407040352988, 19.057177732766991 ], [ 72.854572626829182, 19.057067507456818 ] ] ] } },
{ "type": "Feature", "properties": { "grid_id": "cell_0093", "ward_id": "F/N", "ward_gid": 8, "NDVI_prev": 0.2755317176493195, "LST_C": 34.321487114956128, "NDVI": 0.31488198275695062, "pop_density_km2": 62154.672133738306, "elderly_pct": 5.5859844752282699, "slum_pct": 10.164992513141531, "hospital_dist_m": 479.89133088030724, "impervious_pct": 67.957866912841638 }, "geometry": { "type": "Polygon", "coordinates": [ [ [ 72.855036803852713, 19.020942387847686 ], [ 72.854920857919836, 19.029973682003696 ], [ 72.864417095869612, 19.030083738878321 ], [ 72.864532529464483, 19.021052388588856 ], [ 72.855036803852713, 19.020942387847686 ] ] ] } },
{ "type": "Feature", "properties": { "grid_id": "cell_0094", "ward_id": "T", "ward_gid": 13, "NDVI_prev": 0.54425893745181753, "LST_C": 31.625395754385512, "NDVI": 0.54427680518444854, "pop_density_km2": 19210.500077178887, "elderly_pct": 4.7571458692670907, "slum_pct": 8.2556124440110796, "hospital_dist_m": 928.94234295312674, "impervious_pct": 14.722129143346292 }, "geometry": { "type": "Polygon", "coordinates": [ [ [ 72.929094414896696, 19.175346978784791 ], [ 72.928981491199792, 19.184378553801217 ], [ 72.938486999303365, 19.184485631817054 ], [ 72.938599405602886, 19.175454002559349 ], [ 72.929094414896696, 19.175346978784791 ] ] ] } },
{ "type": "Feature", "properties": { "grid_id": "cell_0095", "ward_id": "S", "ward_gid": 12, "NDVI_prev": 0.27442552682830268, "LST_C": 35.998678896916765, "NDVI": 0.28505898900685384, "pop_density_km2": 68907.405017091049, "elderly_pct": 4.7571458678601459, "slum_pct": 38.607092269184648, "hospital_dist_m": 344.33051676250363, "impervious_pct": 79.141546026763649 }, "geometry": { "type": "Polygon", "coordinates": [ [ [ 72.92943280520295, 19.148252196652134 ], [ 72.929320071882415, 19.157283800206329 ], [ 72.938824028665749, 19.15739071551544 ], [ 72.93893624546071, 19.148359057737068 ], [ 72.92943280520295, 19.148252196652134 ] ] ] } },
{ "type": "Feature", "properties": { "grid_id": "cell_0096", "ward_id": "S", "ward_gid": 12, "NDVI_prev": 0.29140536495134689, "LST_C": 34.18575738830085, "NDVI": 0.30029869261121644, "pop_density_km2": 82498.797473130602, "elderly_pct": 4.7571458710014847, "slum_pct": 6.1577189362272673, "hospital_dist_m": 138.44504647026906, "impervious_pct": 61.692229072784912 }, "geometry": { "type": "Polygon", "coordinates": [ [ [ 72.929545475096418, 19.139220583593183 ], [ 72.92943280520295, 19.148252196652134 ], [ 72.93893624546071, 19.148359057737068 ], [ 72.939048399119059, 19.139327390459645 ], [ 72.929545475096418, 19.139220583593183 ] ] ] } },
{ "type": "Feature", "properties": { "grid_id": "cell_0097", "ward_id": "S", "ward_gid": 12, "NDVI_prev": 0.27794905965028804, "LST_C": 34.039730086771897, "NDVI": 0.27975811952051644, "pop_density_km2": 86457.669663321081, "elderly_pct": 4.7571458736987795, "slum_pct": 22.739096065827766, "hospital_dist_m": 469.56216245093867, "impervious_pct": 70.951183255245979 }, "geometry": { "type": "Polygon", "coordinates": [ [ [ 72.929658081578651, 19.130188961033408 ], [ 72.929545475096418, 19.139220583593183 ], [ 72.939048399119059, 19.139327390459645 ], [ 72.939160489656572, 19.130295713687083 ], [ 72.929658081578651, 19.130188961033408 ] ] ] } },
{ "type": "Feature", "properties": { "grid_id": "cell_0098", "ward_id": "G/S", "ward_gid": 7, "NDVI_prev": 0.22844725996389892, "LST_C": 32.698611655928069, "NDVI": 0.23988193701138855, "pop_density_km2": 88952.631301337489, "elderly_pct": 5.5859844821232807, "slum_pct": 1.9163343188644304, "hospital_dist_m": 227.33295039192743, "impervious_pct": 60.447265456333014 }, "geometry": { "type": "Polygon", "coordinates": [ [ [ 72.817290349737164, 19.002435350096736 ], [ 72.817172487957023, 19.011466436268577 ], [ 72.82666743776339, 19.011578328642184 ], [ 72.826784787849647, 19.002547185354629 ], [ 72.817290349737164, 19.002435350096736 ] ] ] } },
{ "type": "Feature", "properties": { "grid_id": "cell_0099", "ward_id": "G/S", "ward_gid": 7, "NDVI_prev": 0.18958976670414204, "LST_C": 33.603159173720009, "NDVI": 0.20414389193189988, "pop_density_km2": 76394.864026417723, "elderly_pct": 5.5859844825406704, "slum_pct": 1.2884709297988346, "hospital_dist_m": 645.54093436557093, "impervious_pct": 78.399340975449462 }, "geometry": { "type": "Polygon", "coordinates": [ [ [ 72.817408144871493, 18.993404254413292 ], [ 72.817290349737164, 19.002435350096736 ], [ 72.826784787849647, 19.002547185354629 ], [ 72.826902071579255, 18.993516032561427 ], [ 72.817408144871493, 18.993404254413292 ] ] ] } },
{ "type": "Feature", "properties": { "grid_id": "cell_0100", "ward_id": "G/S", "ward_gid": 7, "NDVI_prev": 0.36068773454760111, "LST_C": 33.794242311154775, "NDVI": 0.31769749664687796, "pop_density_km2": 72693.149028515836, "elderly_pct": 5.5859844830829415, "slum_pct": 4.515085332977022, "hospital_dist_m": 88.650992060954763, "impervious_pct": 38.268287254644676 }, "geometry": { "type": "Polygon", "coordinates": [ [ [ 72.817525873376539, 18.984373149222233 ], [ 72.817408144871493, 18.993404254413292 ], [ 72.826902071579255, 18.993516032561427 ], [ 72.8270192889687, 18.984484870266545 ], [ 72.817525873376539, 18.984373149222233 ] ] ] } },
{ "type": "Feature", "properties": { "grid_id": "cell_0101", "ward_id": "R/N", "ward_gid": 15, "NDVI_prev": 0.58568796932698453, "LST_C": 29.561909196653378, "NDVI": 0.61835927734445129, "pop_density_km2": 25211.528041230984, "elderly_pct": 4.7571458684853871, "slum_pct": 1.3475760892061226, "hospital_dist_m": 837.87116259753122, "impervious_pct": 9.4156780939810254 }, "geometry": { "type": "Polygon", "coordinates": [ [ [ 72.842491792590607, 19.255640982367463 ], [ 72.842373617482068, 19.264671971706623 ], [ 72.851883212059406, 19.264783984047941 ], [ 72.852000867297605, 19.255752938172638 ], [ 72.842491792590607, 19.255640982367463 ] ] ] } },
{ "type": "Feature", "properties": { "grid_id": "cell_0102", "ward_id": "N", "ward_gid": 10, "NDVI_prev": 0.28642724243759987, "LST_C": 33.956222537251556, "NDVI": 0.30174660710705614, "pop_density_km2": 90067.735793556974, "elderly_pct": 4.7571458712649006, "slum_pct": 12.26966242623336, "hospital_dist_m": 480.08618798301774, "impervious_pct": 63.116558063263412 }, "geometry": { "type": "Polygon", "coordinates": [ [ [ 72.911220688198782, 19.084816275328048 ], [ 72.9111073695952, 19.093847836217982 ], [ 72.920607589842362, 19.09395535069115 ], [ 72.920720393983757, 19.084923735119254 ], [ 72.911220688198782, 19.084816275328048 ] ] ] } },
{ "type": "Feature", "properties": { "grid_id": "cell_0103", "ward_id": "N", "ward_gid": 10, "NDVI_prev": 0.33495287066399504, "LST_C": 33.647657421995653, "NDVI": 0.36761301027294196, "pop_density_km2": 86434.683849454828, "elderly_pct": 4.7571458665103101, "slum_pct": 11.975032389033167, "hospital_dist_m": 255.72875236580578, "impervious_pct": 51.323576760813509 }, "geometry": { "type": "Polygon", "coordinates": [ [ [ 72.911333942906097, 19.075784704949417 ], [ 72.911220688198782, 19.084816275328048 ], [ 72.920720393983757, 19.084923735119254 ], [ 72.920833134518801, 19.075892110064384 ], [ 72.911333942906097, 19.075784704949417 ] ] ] } },
{ "type": "Feature", "properties": { "grid_id": "cell_0104", "ward_id": "R/C", "ward_gid": 11, "NDVI_prev": 0.33374755398197076, "LST_C": 31.762994996280153, "NDVI": 0.34101144257798227, "pop_density_km2": 80433.971577174307, "elderly_pct": 4.7571458627639025, "slum_pct": 5.8012481088885686, "hospital_dist_m": 109.85738928446375, "impervious_pct": 59.225258689307459 }, "geometry": { "type": "Polygon", "coordinates": [ [ [ 72.84284592054523, 19.228547956738311 ], [ 72.842727944105562, 19.237578974879362 ], [ 72.852235979945533, 19.23769081763016 ], [ 72.852353437388359, 19.228659742970873 ], [ 72.84284592054523, 19.228547956738311 ] ] ] } },
{ "type": "Feature", "properties": { "grid_id": "cell_0105", "ward_id": "R/C", "ward_gid": 11, "NDVI_prev": 0.31894145612664621, "LST_C": 31.931823498700187, "NDVI": 0.31276348768046458, "pop_density_km2": 76425.268112564896, "elderly_pct": 4.7571458667184245, "slum_pct": 2.7988977642864059, "hospital_dist_m": 290.79408570177111, "impervious_pct": 61.575993578474638 }, "geometry": { "type": "Polygon", "coordinates": [ [ [ 72.842963830795185, 19.219516929004524 ], [ 72.84284592054523, 19.228547956738311 ], [ 72.852353437388359, 19.228659742970873 ], [ 72.852470828932482, 19.219628658724805 ], [ 72.842963830795185, 19.219516929004524 ] ] ] } },
{ "type": "Feature", "properties": { "grid_id": "cell_0106", "ward_id": "R/S", "ward_gid": 22, "NDVI_prev": 0.30914945272739558, "LST_C": 32.791927133091072, "NDVI": 0.31863682396962373, "pop_density_km2": 77880.379368414433, "elderly_pct": 4.7571458709645045, "slum_pct": 5.2882515612017462, "hospital_dist_m": 245.16281970309873, "impervious_pct": 62.906099159022745 }, "geometry": { "type": "Polygon", "coordinates": [ [ [ 72.843199452792248, 19.201454844774521 ], [ 72.843081674871996, 19.210485891681941 ], [ 72.8525881545944, 19.210597564895917 ], [ 72.852705414390655, 19.201566461488142 ], [ 72.843199452792248, 19.201454844774521 ] ] ] } },
{ "type": "Feature", "properties": { "grid_id": "cell_0107", "ward_id": "R/C", "ward_gid": 11, "NDVI_prev": 0.48238105440455709, "LST_C": 29.871726559607751, "NDVI": 0.55871875131797355, "pop_density_km2": 15486.818458319118, "elderly_pct": 4.7571458625990912, "slum_pct": 0.0, "hospital_dist_m": 962.39663844236259, "impervious_pct": 12.390334510838017 }, "geometry": { "type": "Polygon", "coordinates": [ [ [ 72.814443234585809, 19.219178783884132 ], [ 72.814323768318246, 19.228209640586456 ], [ 72.823831085719178, 19.228322905531286 ], [ 72.823950033330917, 19.219291991569378 ], [ 72.814443234585809, 19.219178783884132 ] ] ] } },
{ "type": "Feature", "properties": { "grid_id": "cell_0108", "ward_id": "P/N", "ward_gid": 21, "NDVI_prev": 0.34514890295817624, "LST_C": 35.077301567510069, "NDVI": 0.32777300213494676, "pop_density_km2": 73494.269015318918, "elderly_pct": 4.7571458707304846, "slum_pct": 13.728839281321259, "hospital_dist_m": 341.87757083873231, "impervious_pct": 56.970378628020917 }, "geometry": { "type": "Polygon", "coordinates": [ [ [ 72.81480123118024, 19.192086156152055 ], [ 72.814681966, 19.201117041662975 ], [ 72.824187728306143, 19.201230134847147 ], [ 72.824306475703082, 19.192199192094741 ], [ 72.81480123118024, 19.192086156152055 ] ] ] } },
{ "type": "Feature", "properties": { "grid_id": "cell_0109", "ward_id": "P/N", "ward_gid": 21, "NDVI_prev": 0.20141589492836773, "LST_C": 38.753264905069884, "NDVI": 0.22247558982843282, "pop_density_km2": 76936.113595481322, "elderly_pct": 4.7571458663111246, "slum_pct": 29.714610100073557, "hospital_dist_m": 180.91609419880342, "impervious_pct": 93.95585254098394 }, "geometry": { "type": "Polygon", "coordinates": [ [ [ 72.814920429364975, 19.183055261046192 ], [ 72.81480123118024, 19.192086156152055 ], [ 72.824306475703082, 19.192199192094741 ], [ 72.824425156395193, 19.183168239753417 ], [ 72.814920429364975, 19.183055261046192 ] ] ] } },
{ "type": "Feature", "properties": { "grid_id": "cell_0110", "ward_id": "P/N", "ward_gid": 21, "NDVI_prev": 0.4536721116552323, "LST_C": 33.367717886153116, "NDVI": 0.42694268230442278, "pop_density_km2": 45567.726675523583, "elderly_pct": 4.7571458641022897, "slum_pct": 4.4133746494059984, "hospital_dist_m": 759.81664033764946, "impervious_pct": 28.610061286180294 }, "geometry": { "type": "Polygon", "coordinates": [ [ [ 72.815039560570938, 19.174024356349349 ], [ 72.814920429364975, 19.183055261046192 ], [ 72.824425156395193, 19.183168239753417 ], [ 72.824543770399174, 19.174137277827139 ], [ 72.815039560570938, 19.174024356349349 ] ] ] } },
{ "type": "Feature", "properties": { "grid_id": "cell_0111", "ward_id": "K/W", "ward_gid": 14, "NDVI_prev": 0.33485541664140539, "LST_C": 33.216040063556427, "NDVI": 0.3513256630370431, "pop_density_km2": 78242.091339883526, "elderly_pct": 4.757145874476155, "slum_pct": 2.4747849999480342, "hospital_dist_m": 372.45832370501006, "impervious_pct": 61.182682224257682 }, "geometry": { "type": "Polygon", "coordinates": [ [ [ 72.815634212505415, 19.128869689139066 ], [ 72.815515415942144, 19.137900641731374 ], [ 72.825017559867206, 19.138013334351577 ], [ 72.825135840680517, 19.128982324559882 ], [ 72.815634212505415, 19.128869689139066 ] ] ] } },
{ "type": "Feature", "properties": { "grid_id": "cell_0112", "ward_id": "M/E", "ward_gid": 16, "NDVI_prev": 0.3906786835626947, "LST_C": 33.188317389901556, "NDVI": 0.38374430150779482, "pop_density_km2": 48526.46915413571, "elderly_pct": 4.7571458674910385, "slum_pct": 17.095955945691582, "hospital_dist_m": 563.0460039646872, "impervious_pct": 34.437365329898213 }, "geometry": { "type": "Polygon", "coordinates": [ [ [ 72.94038932409353, 19.0309466436312 ], [ 72.940277926847472, 19.03997842459146 ], [ 72.949775254382089, 19.040084147594076 ], [ 72.94988613885738, 19.031052312732065 ], [ 72.94038932409353, 19.0309466436312 ] ] ] } },
{ "type": "Feature", "properties": { "grid_id": "cell_0113", "ward_id": "P/N", "ward_gid": 21, "NDVI_prev": 0.29175932464711146, "LST_C": 33.366493465279802, "NDVI": 0.30408395314839481, "pop_density_km2": 83045.065503295453, "elderly_pct": 4.7571458653106324, "slum_pct": 6.6974828188019169, "hospital_dist_m": 179.84840617277052, "impervious_pct": 78.630865090477357 }, "geometry": { "type": "Polygon", "coordinates": [ [ [ 72.843434810229425, 19.183392722220951 ], [ 72.843317164572539, 19.192423788286209 ], [ 72.852822608337746, 19.192535348505427 ], [ 72.852939736452143, 19.183504225951708 ], [ 72.843434810229425, 19.183392722220951 ] ] ] } },
{ "type": "Feature", "properties": { "grid_id": "cell_0114", "ward_id": "P/S", "ward_gid": 20, "NDVI_prev": 0.30738263680761752, "LST_C": 33.412715815991945, "NDVI": 0.33854517883473273, "pop_density_km2": 90626.017491644117, "elderly_pct": 4.75714586658186, "slum_pct": 3.8176082352464142, "hospital_dist_m": 428.11064668116222, "impervious_pct": 68.901475936396821 }, "geometry": { "type": "Polygon", "coordinates": [ [ [ 72.843669903239146, 19.165330561375409 ], [ 72.843552389779447, 19.174361646582703 ], [ 72.853056798750345, 19.174473093830947 ], [ 72.853173795248821, 19.165441952147084 ], [ 72.843669903239146, 19.165330561375409 ] ] ] } },
{ "type": "Feature", "properties": { "grid_id": "cell_0115", "ward_id": "P/S", "ward_gid": 20, "NDVI_prev": 0.27665466474831513, "LST_C": 33.476954551483686, "NDVI": 0.29228432227999784, "pop_density_km2": 76429.212369498739, "elderly_pct": 4.7571458768155974, "slum_pct": 4.3549590190492449, "hospital_dist_m": 222.46823802052117, "impervious_pct": 79.574324055270139 }, "geometry": { "type": "Polygon", "coordinates": [ [ [ 72.843787350625064, 19.156299466603024 ], [ 72.843669903239146, 19.165330561375409 ], [ 72.853173795248821, 19.165441952147084 ], [ 72.853290725963987, 19.156410800904073 ], [ 72.843787350625064, 19.156299466603024 ] ] ] } },
{ "type": "Feature", "properties": { "grid_id": "cell_0116", "ward_id": "F/S", "ward_gid": 6, "NDVI_prev": 0.23617750605076013, "LST_C": 36.982438185007034, "NDVI": 0.26129468514069404, "pop_density_km2": 98034.475064798229, "elderly_pct": 5.5859844793649174, "slum_pct": 2.9950189890809127, "hospital_dist_m": 973.63035665776556, "impervious_pct": 72.638917952959446 }, "geometry": { "type": "Polygon", "coordinates": [ [ [ 72.846006318835208, 18.984706853822271 ], [ 72.845890123726235, 18.993738129579494 ], [ 72.855384248587157, 18.993848448420263 ], [ 72.855499932531416, 18.984817116304509 ], [ 72.846006318835208, 18.984706853822271 ] ] ] } },
{ "type": "Feature", "properties": { "grid_id": "cell_0117", "ward_id": "K/E", "ward_gid": 19, "NDVI_prev": 0.24932050214377646, "LST_C": 33.006944560662504, "NDVI": 0.24569299891579757, "pop_density_km2": 74271.860486439502, "elderly_pct": 4.7571458702933951, "slum_pct": 1.8784232408482526, "hospital_dist_m": 41.84074341261276, "impervious_pct": 88.637042643456283 }, "geometry": { "type": "Polygon", "coordinates": [ [ [ 72.84460763364612, 19.093081535705963 ], [ 72.844490648314945, 19.10211269732326 ], [ 72.853990929726208, 19.102223692924991 ], [ 72.854107400418201, 19.093192474878528 ], [ 72.84460763364612, 19.093081535705963 ] ] ] } },
{ "type": "Feature", "properties": { "grid_id": "cell_0118", "ward_id": "H/E", "ward_gid": 18, "NDVI_prev": 0.23502284128183734, "LST_C": 34.735605335325879, "NDVI": 0.24780707118935522, "pop_density_km2": 91832.129507685488, "elderly_pct": 4.7571458722143039, "slum_pct": 18.019441740396296, "hospital_dist_m": 480.33989617538128, "impervious_pct": 74.29344488156319 }, "geometry": { "type": "Polygon", "coordinates": [ [ [ 72.844841406498958, 19.075019183875003 ], [ 72.84472455303532, 19.084050364555228 ], [ 72.854223805458147, 19.084161247304518 ], [ 72.854340144862405, 19.07513001020693 ], [ 72.844841406498958, 19.075019183875003 ] ] ] } },
{ "type": "Feature", "properties": { "grid_id": "cell_0119", "ward_id": "R/N", "ward_gid": 15, "NDVI_prev": 0.33719129095676365, "LST_C": 33.152955983269351, "NDVI": 0.38747119014987536, "pop_density_km2": 55645.58511810402, "elderly_pct": 4.7571458696820885, "slum_pct": 21.880095329120842, "hospital_dist_m": 388.85565791097542, "impervious_pct": 51.581656170929605 }, "geometry": { "type": "Polygon", "coordinates": [ [ [ 72.842609901459554, 19.246609983423728 ], [ 72.842491792590607, 19.255640982367463 ], [ 72.852000867297605, 19.255752938172638 ], [ 72.852118456587462, 19.246721882698726 ], [ 72.842609901459554, 19.246609983423728 ] ] ] } },
{ "type": "Feature", "properties": { "grid_id": "cell_0120", "ward_id": "T", "ward_gid": 13, "NDVI_prev": -0.076566563783778935, "LST_C": 26.243938762411357, "NDVI": -0.059805618719800779, "pop_density_km2": 16.062169390597997, "elderly_pct": 4.7571459346194302, "slum_pct": 0.0, "hospital_dist_m": 1488.8863942662572, "impervious_pct": 0.0 }, "geometry": { "type": "Polygon", "coordinates": [ [ [ 72.910426115259114, 19.148037002074588 ], [ 72.910312348935065, 19.157068496433503 ], [ 72.919816178542007, 19.15717639384097 ], [ 72.919929428372257, 19.148144844759926 ], [ 72.910426115259114, 19.148037002074588 ] ] ] } },
{ "type": "Feature", "properties": { "grid_id": "cell_0121", "ward_id": "S", "ward_gid": 12, "NDVI_prev": 0.49658510209852097, "LST_C": 30.991746051560757, "NDVI": 0.5095607123238558, "pop_density_km2": 38443.306351200801, "elderly_pct": 4.7571458625726901, "slum_pct": 3.2810241982414952, "hospital_dist_m": 434.33137131623488, "impervious_pct": 24.29954303956675 }, "geometry": { "type": "Polygon", "coordinates": [ [ [ 72.910653455899293, 19.129973984812018 ], [ 72.910539817575199, 19.139005498199442 ], [ 72.920042614484998, 19.139113286168406 ], [ 72.92015573689612, 19.13008171807035 ], [ 72.910653455899293, 19.129973984812018 ] ] ] } },
{ "type": "Feature", "properties": { "grid_id": "cell_0122", "ward_id": "S", "ward_gid": 12, "NDVI_prev": 0.41259949609486873, "LST_C": 31.192996020432059, "NDVI": 0.45065267503510548, "pop_density_km2": 62510.158462916588, "elderly_pct": 4.7571458663200055, "slum_pct": 11.247998196088545, "hospital_dist_m": 125.10810553554511, "impervious_pct": 34.81262196498033 }, "geometry": { "type": "Polygon", "coordinates": [ [ [ 72.910767030247385, 19.120942461916226 ], [ 72.910653455899293, 19.129973984812018 ], [ 72.92015573689612, 19.13008171807035 ], [ 72.920268795621524, 19.121050140469666 ], [ 72.910767030247385, 19.120942461916226 ] ] ] } },
{ "type": "Feature", "properties": { "grid_id": "cell_0123", "ward_id": "H/E", "ward_gid": 18, "NDVI_prev": 0.26585435403584573, "LST_C": 34.566470893890802, "NDVI": 0.27175826736640069, "pop_density_km2": 86993.191896259392, "elderly_pct": 4.7571458712576709, "slum_pct": 14.597977358675662, "hospital_dist_m": 523.60038978457533, "impervious_pct": 51.124701601309482 }, "geometry": { "type": "Polygon", "coordinates": [ [ [ 72.844958194053447, 19.065987993669246 ], [ 72.844841406498958, 19.075019183875003 ], [ 72.854340144862405, 19.07513001020693 ], [ 72.854456418647317, 19.066098763589711 ], [ 72.844958194053447, 19.065987993669246 ] ] ] } },
{ "type": "Feature", "properties": { "grid_id": "cell_0124", "ward_id": "H/E", "ward_gid": 18, "NDVI_prev": 0.24841077703604053, "LST_C": 33.749110326152426, "NDVI": 0.27599205502160312, "pop_density_km2": 82523.981842133231, "elderly_pct": 4.7571458650520384, "slum_pct": 7.6128014648176103, "hospital_dist_m": 346.38395944773964, "impervious_pct": 60.228563080621399 }, "geometry": { "type": "Polygon", "coordinates": [ [ [ 72.845074915715202, 19.056956793941922 ], [ 72.844958194053447, 19.065987993669246 ], [ 72.854456418647317, 19.066098763589711 ], [ 72.854572626829182, 19.057067507456818 ], [ 72.845074915715202, 19.056956793941922 ] ] ] } },
{ "type": "Feature", "properties": { "grid_id": "cell_0125", "ward_id": "G/N", "ward_gid": 9, "NDVI_prev": 0.22224371440788721, "LST_C": 35.985118576931448, "NDVI": 0.26306722407200123, "pop_density_km2": 90273.454295550822, "elderly_pct": 5.5710958671259823, "slum_pct": 37.690335423022184, "hospital_dist_m": 10.392871114428656, "impervious_pct": 79.644804207366974 }, "geometry": { "type": "Polygon", "coordinates": [ [ [ 72.845308161426047, 19.0388943659384 ], [ 72.845191571500607, 19.047925584696983 ], [ 72.854688769424371, 19.048036241812216 ], [ 72.854804846449142, 19.039004966659853 ], [ 72.845308161426047, 19.0388943659384 ] ] ] } },
{ "type": "Feature", "properties": { "grid_id": "cell_0126", "ward_id": "N", "ward_gid": 10, "NDVI_prev": 0.52775046145038906, "LST_C": 31.351392496392862, "NDVI": 0.56591309931584444, "pop_density_km2": 30837.596094627257, "elderly_pct": 4.7571458703033374, "slum_pct": 0.0, "hospital_dist_m": 945.27915562878786, "impervious_pct": 0.41522973722031703 }, "geometry": { "type": "Polygon", "coordinates": [ [ [ 72.930107873711734, 19.094062375864471 ], [ 72.929995520716218, 19.103094036388327 ], [ 72.939496382701634, 19.103200626437772 ], [ 72.9396082209133, 19.094168911723859 ], [ 72.930107873711734, 19.094062375864471 ] ] ] } },
{ "type": "Feature", "properties": { "grid_id": "cell_0127", "ward_id": "N", "ward_gid": 10, "NDVI_prev": 0.54338958151538808, "LST_C": 30.486001617313441, "NDVI": 0.6107645096305534, "pop_density_km2": 24502.990064077832, "elderly_pct": 4.7571458721339219, "slum_pct": 0.0, "hospital_dist_m": 1759.9058592172098, "impervious_pct": 0.0 }, "geometry": { "type": "Polygon", "coordinates": [ [ [ 72.930220163375083, 19.085030705859396 ], [ 72.930107873711734, 19.094062375864471 ], [ 72.9396082209133, 19.094168911723859 ], [ 72.939719996082815, 19.085137187534407 ], [ 72.930220163375083, 19.085030705859396 ] ] ] } },
{ "type": "Feature", "properties": { "grid_id": "cell_0128", "ward_id": "N", "ward_gid": 10, "NDVI_prev": 0.37068635277663692, "LST_C": 31.160404234913145, "NDVI": 0.42371562116889838, "pop_density_km2": 16593.002523610376, "elderly_pct": 4.7571458709808825, "slum_pct": 0.0, "hospital_dist_m": 1620.332261309765, "impervious_pct": 0.084648426867078685 }, "geometry": { "type": "Polygon", "coordinates": [ [ [ 72.930332389722025, 19.075999026377044 ], [ 72.930220163375083, 19.085030705859396 ], [ 72.939719996082815, 19.085137187534407 ], [ 72.939831708225881, 19.076105453873353 ], [ 72.930332389722025, 19.075999026377044 ] ] ] } },
{ "type": "Feature", "properties": { "grid_id": "cell_0129", "ward_id": "S", "ward_gid": 12, "NDVI_prev": 0.42088034693728021, "LST_C": 33.881269565974932, "NDVI": 0.4003425672057937, "pop_density_km2": 74701.869231699413, "elderly_pct": 4.7571458769633717, "slum_pct": 9.0393432420451472, "hospital_dist_m": 521.02471774391097, "impervious_pct": 31.332293602336119 }, "geometry": { "type": "Polygon", "coordinates": [ [ [ 72.92977062466548, 19.121157328976725 ], [ 72.929658081578651, 19.130188961033408 ], [ 72.939160489656572, 19.130295713687083 ], [ 72.939272517089009, 19.121264027423305 ], [ 72.92977062466548, 19.121157328976725 ] ] ] } },
{ "type": "Feature", "properties": { "grid_id": "cell_0130", "ward_id": "A", "ward_gid": 1, "NDVI_prev": 0.21356000344895867, "LST_C": 34.195246775510867, "NDVI": 0.20426812883393683, "pop_density_km2": 103060.91437124465, "elderly_pct": 5.585984480519155, "slum_pct": 0.0, "hospital_dist_m": 114.01605614691852, "impervious_pct": 75.887677186546924 }, "geometry": { "type": "Polygon", "coordinates": [ [ [ 72.827721201081602, 18.930297697184738 ], [ 72.827604381388326, 18.939328916406179 ], [ 72.837095311978345, 18.939439867089423 ], [ 72.837211622272804, 18.930408591048028 ], [ 72.827721201081602, 18.930297697184738 ] ] ] } },
{ "type": "Feature", "properties": { "grid_id": "cell_0131", "ward_id": "R/C", "ward_gid": 11, "NDVI_prev": 0.22568132303865743, "LST_C": 28.214034825043999, "NDVI": 0.42362188118172439, "pop_density_km2": 5274.1892085263125, "elderly_pct": 4.7571458781243168, "slum_pct": 0.0, "hospital_dist_m": 1176.6967582432401, "impervious_pct": 5.7472827438897056 }, "geometry": { "type": "Polygon", "coordinates": [ [ [ 72.814323768318246, 19.228209640586456 ], [ 72.814204234987983, 19.237240487677987 ], [ 72.82371207133572, 19.237353809888454 ], [ 72.823831085719178, 19.228322905531286 ], [ 72.814323768318246, 19.228209640586456 ] ] ] } },
{ "type": "Feature", "properties": { "grid_id": "cell_0132", "ward_id": "F/S", "ward_gid": 6, "NDVI_prev": 0.25027511479481029, "LST_C": 34.519010626184084, "NDVI": 0.26069741851694422, "pop_density_km2": 79799.527949603813, "elderly_pct": 5.5859844750504246, "slum_pct": 17.098436909601645, "hospital_dist_m": 715.89887878387106, "impervious_pct": 71.518964217267296 }, "geometry": { "type": "Polygon", "coordinates": [ [ [ 72.845890123726235, 18.993738129579494 ], [ 72.845773862855324, 19.002769395846869 ], [ 72.855268499170123, 19.002879771052012 ], [ 72.855384248587157, 18.993848448420263 ], [ 72.845890123726235, 18.993738129579494 ] ] ] } },
{ "type": "Feature", "properties": { "grid_id": "cell_0133", "ward_id": "K/W", "ward_gid": 14, "NDVI_prev": 0.28099986535246807, "LST_C": 33.563087695488456, "NDVI": 0.29716665775201406, "pop_density_km2": 47155.63827275666, "elderly_pct": 4.7571458656944916, "slum_pct": 13.095928287950748, "hospital_dist_m": 325.18089349552719, "impervious_pct": 66.915823328896863 }, "geometry": { "type": "Polygon", "coordinates": [ [ [ 72.834755234192528, 19.120063393532615 ], [ 72.834637535443818, 19.129094469830072 ], [ 72.844139296505119, 19.129206124934878 ], [ 72.844256479760901, 19.120174991941671 ], [ 72.834755234192528, 19.120063393532615 ] ] ] } },
{ "type": "Feature", "properties": { "grid_id": "cell_0134", "ward_id": "K/W", "ward_gid": 14, "NDVI_prev": 0.24953846010668654, "LST_C": 33.134899624566486, "NDVI": 0.26452011703873801, "pop_density_km2": 46354.790035424216, "elderly_pct": 4.7571458646632845, "slum_pct": 12.740832244579417, "hospital_dist_m": 282.42165288370001, "impervious_pct": 77.539897501261308 }, "geometry": { "type": "Polygon", "coordinates": [ [ [ 72.834872866659794, 19.111032307683885 ], [ 72.834755234192528, 19.120063393532615 ], [ 72.844256479760901, 19.120174991941671 ], [ 72.844373597025353, 19.111143849403145 ], [ 72.834872866659794, 19.111032307683885 ] ] ] } },
{ "type": "Feature", "properties": { "grid_id": "cell_0135", "ward_id": "R/C", "ward_gid": 11, "NDVI_prev": 0.3766009509180715, "LST_C": 31.918382836210419, "NDVI": 0.39464330728691693, "pop_density_km2": 57371.70008301366, "elderly_pct": 4.757145872402579, "slum_pct": 0.59792070007110421, "hospital_dist_m": 294.64456054704334, "impervious_pct": 42.118112221205024 }, "geometry": { "type": "Polygon", "coordinates": [ [ [ 72.833338469891842, 19.228435677586859 ], [ 72.83321997447193, 19.23746663896053 ], [ 72.842727944105562, 19.237578974879362 ], [ 72.84284592054523, 19.228547956738311 ], [ 72.833338469891842, 19.228435677586859 ] ] ] } },
{ "type": "Feature", "properties": { "grid_id": "cell_0136", "ward_id": "R/C", "ward_gid": 11, "NDVI_prev": 0.32986585952755321, "LST_C": 32.270952924671526, "NDVI": 0.35664567483808274, "pop_density_km2": 66960.150641603686, "elderly_pct": 4.7571458750481144, "slum_pct": 0.35107384970651989, "hospital_dist_m": 361.06233978192637, "impervious_pct": 47.589304372920608 }, "geometry": { "type": "Polygon", "coordinates": [ [ [ 72.833456898831017, 19.219404706614451 ], [ 72.833338469891842, 19.228435677586859 ], [ 72.84284592054523, 19.228547956738311 ], [ 72.842963830795185, 19.219516929004524 ], [ 72.833456898831017, 19.219404706614451 ] ] ] } },
{ "type": "Feature", "properties": { "grid_id": "cell_0137", "ward_id": "T", "ward_gid": 13, "NDVI_prev": 0.55395741349026628, "LST_C": 28.253269986028467, "NDVI": 0.55961260713477312, "pop_density_km2": 3709.949325651974, "elderly_pct": 4.7571458665166464, "slum_pct": 0.0, "hospital_dist_m": 3482.8412492070975, "impervious_pct": 0.0 }, "geometry": { "type": "Polygon", "coordinates": [ [ [ 72.909856643238982, 19.193194378628434 ], [ 72.909742556634853, 19.202225825347352 ], [ 72.919248973069998, 19.202333996451785 ], [ 72.919362541727011, 19.193302494981953 ], [ 72.909856643238982, 19.193194378628434 ] ] ] } },
{ "type": "Feature", "properties": { "grid_id": "cell_0138", "ward_id": "M/E", "ward_gid": 16, "NDVI_prev": 0.45514947745988077, "LST_C": 30.959965968771304, "NDVI": 0.47615903314181091, "pop_density_km2": 33573.404515781171, "elderly_pct": 4.757145871236899, "slum_pct": 0.0, "hospital_dist_m": 1453.070984994898, "impervious_pct": 16.720788923199557 }, "geometry": { "type": "Polygon", "coordinates": [ [ [ 72.930892572262124, 19.030840486943486 ], [ 72.930780662260915, 19.039872213753338 ], [ 72.940277926847472, 19.03997842459146 ], [ 72.94038932409353, 19.0309466436312 ], [ 72.930892572262124, 19.030840486943486 ] ] ] } },
{ "type": "Feature", "properties": { "grid_id": "cell_0139", "ward_id": "H/W", "ward_gid": 23, "NDVI_prev": 0.25073612325549988, "LST_C": 32.237209424448828, "NDVI": 0.25678819560221988, "pop_density_km2": 74670.182574594248, "elderly_pct": 4.7571458669623539, "slum_pct": 2.1275987427633165, "hospital_dist_m": 103.42652898662, "impervious_pct": 74.269900926983439 }, "geometry": { "type": "Polygon", "coordinates": [ [ [ 72.825961942833644, 19.065764988526478 ], [ 72.825844127789239, 19.074796065163305 ], [ 72.83534273404463, 19.074907868855583 ], [ 72.835460035352327, 19.06587673530996 ], [ 72.825961942833644, 19.065764988526478 ] ] ] } },
{ "type": "Feature", "properties": { "grid_id": "cell_0140", "ward_id": "H/W", "ward_gid": 23, "NDVI_prev": 0.26653254748201483, "LST_C": 32.539691597458038, "NDVI": 0.27607780460955289, "pop_density_km2": 72643.371918758945, "elderly_pct": 4.7571458667343878, "slum_pct": 0.85855116392959097, "hospital_dist_m": 441.08101119417177, "impervious_pct": 76.932246442979832 }, "geometry": { "type": "Polygon", "coordinates": [ [ [ 72.826079691405894, 19.056733902356207 ], [ 72.825961942833644, 19.065764988526478 ], [ 72.835460035352327, 19.06587673530996 ], [ 72.835577270477557, 19.05684559223684 ], [ 72.826079691405894, 19.056733902356207 ] ] ] } },
{ "type": "Feature", "properties": { "grid_id": "cell_0141", "ward_id": "E", "ward_gid": 5, "NDVI_prev": 0.20866612735799514, "LST_C": 34.919969830733883, "NDVI": 0.22347743557130073, "pop_density_km2": 55280.011241085063, "elderly_pct": 5.5859844842774828, "slum_pct": 2.8881082705494725, "hospital_dist_m": 431.27253237165661, "impervious_pct": 81.705441293233392 }, "geometry": { "type": "Polygon", "coordinates": [ [ [ 72.827253524792795, 18.96642251718767 ], [ 72.827136440034408, 18.975453698473974 ], [ 72.836629411107324, 18.975564876496051 ], [ 72.836745985311694, 18.966533638366183 ], [ 72.827253524792795, 18.96642251718767 ] ] ] } },
{ "type": "Feature", "properties": { "grid_id": "cell_0142", "ward_id": "T", "ward_gid": 13, "NDVI_prev": 0.29806565644098837, "LST_C": 26.850036246931996, "NDVI": 0.34593725225338234, "pop_density_km2": 1380.4656891914778, "elderly_pct": 4.7571458690056279, "slum_pct": 0.0, "hospital_dist_m": 2761.3146547933411, "impervious_pct": 0.0 }, "geometry": { "type": "Polygon", "coordinates": [ [ [ 72.909970665755026, 19.18416292237367 ], [ 72.909856643238982, 19.193194378628434 ], [ 72.919362541727011, 19.193302494981953 ], [ 72.919476046586752, 19.184270983982035 ], [ 72.909970665755026, 19.18416292237367 ] ] ] } },
{ "type": "Feature", "properties": { "grid_id": "cell_0143", "ward_id": "T", "ward_gid": 13, "NDVI_prev": 0.65723762614828374, "LST_C": 28.577592598314826, "NDVI": 0.62780817882279827, "pop_density_km2": 4667.8582591295917, "elderly_pct": 4.757145872542198, "slum_pct": 0.0, "hospital_dist_m": 2117.4710632495844, "impervious_pct": 0.0 }, "geometry": { "type": "Polygon", "coordinates": [ [ [ 72.910084624199015, 19.175131456586978 ], [ 72.909970665755026, 19.18416292237367 ], [ 72.919476046586752, 19.184270983982035 ], [ 72.919589487665192, 19.175239463455952 ], [ 72.910084624199015, 19.175131456586978 ] ] ] } },
{ "type": "Feature", "properties": { "grid_id": "cell_0144", "ward_id": "T", "ward_gid": 13, "NDVI_prev": 0.58967927140630605, "LST_C": 28.821052242181967, "NDVI": 0.5360439679700153, "pop_density_km2": 8280.7589928302277, "elderly_pct": 4.7571458799487738, "slum_pct": 0.0, "hospital_dist_m": 1814.2209055553442, "impervious_pct": 1.0998016044164602 }, "geometry": { "type": "Polygon", "coordinates": [ [ [ 72.910198518587023, 19.166099981272275 ], [ 72.910084624199015, 19.175131456586978 ], [ 72.919589487665192, 19.175239463455952 ], [ 72.919702864978291, 19.166207933407616 ], [ 72.910198518587023, 19.166099981272275 ] ] ] } },
{ "type": "Feature", "properties": { "grid_id": "cell_0145", "ward_id": "T", "ward_gid": 13, "NDVI_prev": 0.048933791964011104, "LST_C": 26.539187782647073, "NDVI": 0.079585243939048089, "pop_density_km2": 2480.9090323306127, "elderly_pct": 4.7571458583377177, "slum_pct": 0.0, "hospital_dist_m": 1911.0374658647377, "impervious_pct": 0.59817462186937076 }, "geometry": { "type": "Polygon", "coordinates": [ [ [ 72.910312348935065, 19.157068496433503 ], [ 72.910198518587023, 19.166099981272275 ], [ 72.919702864978291, 19.166207933407616 ], [ 72.919816178542007, 19.15717639384097 ], [ 72.910312348935065, 19.157068496433503 ] ] ] } },
{ "type": "Feature", "properties": { "grid_id": "cell_0146", "ward_id": "M/E", "ward_gid": 16, "NDVI_prev": 0.3999564488728144, "LST_C": 32.94415234455807, "NDVI": 0.414276360986023, "pop_density_km2": 79233.186001280686, "elderly_pct": 4.7571458733497201, "slum_pct": 2.3971418960187401, "hospital_dist_m": 950.3247205925278, "impervious_pct": 31.680462724082208 }, "geometry": { "type": "Polygon", "coordinates": [ [ [ 72.921283460912051, 19.039765515093691 ], [ 72.921170974644141, 19.048797178041173 ], [ 72.930668689022028, 19.048903931105549 ], [ 72.930780662260915, 19.039872213753338 ], [ 72.921283460912051, 19.039765515093691 ] ] ] } },
{ "type": "Feature", "properties": { "grid_id": "cell_0147", "ward_id": "M/E", "ward_gid": 16, "NDVI_prev": 0.46033940746046814, "LST_C": 31.357186317668695, "NDVI": 0.45090039504679469, "pop_density_km2": 62854.684328276315, "elderly_pct": 4.7571458673539784, "slum_pct": 0.0, "hospital_dist_m": 1790.7323872798713, "impervious_pct": 39.376954901947741 }, "geometry": { "type": "Polygon", "coordinates": [ [ [ 72.921395883652679, 19.030733842682885 ], [ 72.921283460912051, 19.039765515093691 ], [ 72.930780662260915, 19.039872213753338 ], [ 72.930892572262124, 19.030840486943486 ], [ 72.921395883652679, 19.030733842682885 ] ] ] } },
{ "type": "Feature", "properties": { "grid_id": "cell_0148", "ward_id": "M/E", "ward_gid": 16, "NDVI_prev": 0.55390241994759082, "LST_C": 30.26937894160465, "NDVI": 0.55418886514608634, "pop_density_km2": 18362.274829785663, "elderly_pct": 4.7571458683466101, "slum_pct": 0.0, "hospital_dist_m": 2740.4977451434888, "impervious_pct": 11.810746460960162 }, "geometry": { "type": "Polygon", "coordinates": [ [ [ 72.921508242881828, 19.021702160812691 ], [ 72.921395883652679, 19.030733842682885 ], [ 72.930892572262124, 19.030840486943486 ], [ 72.931004419041372, 19.02180875067992 ], [ 72.921508242881828, 19.021702160812691 ] ] ] } },
{ "type": "Feature", "properties": { "grid_id": "cell_0149", "ward_id": "R/S", "ward_gid": 22, "NDVI_prev": 0.27730371347871274, "LST_C": 32.378687851750051, "NDVI": 0.29940182346006833, "pop_density_km2": 82066.657581992535, "elderly_pct": 4.757145867663124, "slum_pct": 8.7402032740629849, "hospital_dist_m": 62.845579593433321, "impervious_pct": 71.2939771426676 }, "geometry": { "type": "Polygon", "coordinates": [ [ [ 72.833693557333817, 19.201342735889273 ], [ 72.833575261306123, 19.210373726047273 ], [ 72.843081674871996, 19.210485891681941 ], [ 72.843199452792248, 19.201454844774521 ], [ 72.833693557333817, 19.201342735889273 ] ] ] } },
{ "type": "Feature", "properties": { "grid_id": "cell_0150", "ward_id": "P/N", "ward_gid": 21, "NDVI_prev": 0.27067284071864156, "LST_C": 33.170063049522867, "NDVI": 0.29755414814184405, "pop_density_km2": 89535.431681565999, "elderly_pct": 4.7571458683610128, "slum_pct": 7.2109284354518302, "hospital_dist_m": 213.39017982391982, "impervious_pct": 75.176669652632654 }, "geometry": { "type": "Polygon", "coordinates": [ [ [ 72.833929950113557, 19.183280726816609 ], [ 72.833811786930752, 19.192311736144397 ], [ 72.843317164572539, 19.192423788286209 ], [ 72.843434810229425, 19.183392722220951 ], [ 72.833929950113557, 19.183280726816609 ] ] ] } },
{ "type": "Feature", "properties": { "grid_id": "cell_0151", "ward_id": "P/S", "ward_gid": 20, "NDVI_prev": 0.31770881862503386, "LST_C": 34.724247063914511, "NDVI": 0.33017315027829824, "pop_density_km2": 83440.893880713411, "elderly_pct": 4.7571458646192877, "slum_pct": 20.6314571003354, "hospital_dist_m": 663.142807459663, "impervious_pct": 65.290989140784944 }, "geometry": { "type": "Polygon", "coordinates": [ [ [ 72.83416607730328, 19.165218679428087 ], [ 72.834048046898857, 19.174249707909855 ], [ 72.843552389779447, 19.174361646582703 ], [ 72.843669903239146, 19.165330561375409 ], [ 72.83416607730328, 19.165218679428087 ] ] ] } },
{ "type": "Feature", "properties": { "grid_id": "cell_0152", "ward_id": "P/S", "ward_gid": 20, "NDVI_prev": 0.2841461623311734, "LST_C": 34.387011614664395, "NDVI": 0.30645932225802669, "pop_density_km2": 78605.307017349362, "elderly_pct": 4.7571458692690571, "slum_pct": 1.6697124260688687, "hospital_dist_m": 136.85539167062498, "impervious_pct": 68.850745575324083 }, "geometry": { "type": "Polygon", "coordinates": [ [ [ 72.834284041343381, 19.156187641375269 ], [ 72.83416607730328, 19.165218679428087 ], [ 72.843669903239146, 19.165330561375409 ], [ 72.843787350625064, 19.156299466603024 ], [ 72.834284041343381, 19.156187641375269 ] ] ] } },
{ "type": "Feature", "properties": { "grid_id": "cell_0153", "ward_id": "P/N", "ward_gid": 21, "NDVI_prev": 0.35106015025647569, "LST_C": 33.120560136295623, "NDVI": 0.43708150418935815, "pop_density_km2": 64116.42554376254, "elderly_pct": 4.7571458654473124, "slum_pct": 1.8496530184951252, "hospital_dist_m": 582.48603980790926, "impervious_pct": 33.687887966928919 }, "geometry": { "type": "Polygon", "coordinates": [ [ [ 72.824425156395193, 19.183168239753417 ], [ 72.824306475703082, 19.192199192094741 ], [ 72.833811786930752, 19.192311736144397 ], [ 72.833929950113557, 19.183280726816609 ], [ 72.824425156395193, 19.183168239753417 ] ] ] } },
{ "type": "Feature", "properties": { "grid_id": "cell_0154", "ward_id": "P/S", "ward_gid": 20, "NDVI_prev": 0.2567110789613079, "LST_C": 34.600510503872229, "NDVI": 0.23746324755791129, "pop_density_km2": 38132.217766434289, "elderly_pct": 4.7571458670577877, "slum_pct": 13.305712961984154, "hospital_dist_m": 564.66190560618782, "impervious_pct": 26.705823792931781 }, "geometry": { "type": "Polygon", "coordinates": [ [ [ 72.824780798409435, 19.15607532523552 ], [ 72.824662317731693, 19.165106306319853 ], [ 72.83416607730328, 19.165218679428087 ], [ 72.834284041343381, 19.156187641375269 ], [ 72.824780798409435, 19.15607532523552 ] ] ] } },
{ "type": "Feature", "properties": { "grid_id": "cell_0155", "ward_id": "K/W", "ward_gid": 14, "NDVI_prev": 0.24840358210667729, "LST_C": 33.065723404076031, "NDVI": 0.26275112551246449, "pop_density_km2": 60083.283032747291, "elderly_pct": 4.7571458717092812, "slum_pct": 10.606239684026853, "hospital_dist_m": 328.74785059213326, "impervious_pct": 80.541755028757123 }, "geometry": { "type": "Polygon", "coordinates": [ [ [ 72.825017559867206, 19.138013334351577 ], [ 72.824899212449054, 19.147044334578105 ], [ 72.8344019390358, 19.147156593755359 ], [ 72.834519770397094, 19.1381255365723 ], [ 72.825017559867206, 19.138013334351577 ] ] ] } },
{ "type": "Feature", "properties": { "grid_id": "cell_0156", "ward_id": "K/W", "ward_gid": 14, "NDVI_prev": 0.23556327271520536, "LST_C": 33.807357531928062, "NDVI": 0.25977181058094256, "pop_density_km2": 48143.586938788365, "elderly_pct": 4.7571458741025641, "slum_pct": 2.2169343855393544, "hospital_dist_m": 272.88196806435991, "impervious_pct": 76.664122137404689 }, "geometry": { "type": "Polygon", "coordinates": [ [ [ 72.825135840680517, 19.128982324559882 ], [ 72.825017559867206, 19.138013334351577 ], [ 72.834519770397094, 19.1381255365723 ], [ 72.834637535443818, 19.129094469830072 ], [ 72.825135840680517, 19.128982324559882 ] ] ] } },
{ "type": "Feature", "properties": { "grid_id": "cell_0157", "ward_id": "K/W", "ward_gid": 14, "NDVI_prev": 0.31105144596309653, "LST_C": 32.966093739251512, "NDVI": 0.3166606625819896, "pop_density_km2": 69463.394815271764, "elderly_pct": 4.7571458669005224, "slum_pct": 4.1007267674712242, "hospital_dist_m": 352.63071991202747, "impervious_pct": 59.254465011766207 }, "geometry": { "type": "Polygon", "coordinates": [ [ [ 72.825254054905628, 19.119951305206989 ], [ 72.825135840680517, 19.128982324559882 ], [ 72.834637535443818, 19.129094469830072 ], [ 72.834755234192528, 19.120063393532615 ], [ 72.825254054905628, 19.119951305206989 ] ] ] } },
{ "type": "Feature", "properties": { "grid_id": "cell_0158", "ward_id": "K/W", "ward_gid": 14, "NDVI_prev": 0.36172093132725058, "LST_C": 32.410010262961961, "NDVI": 0.35332868318089627, "pop_density_km2": 78147.060456057443, "elderly_pct": 4.7571458720211988, "slum_pct": 1.2980528314157584, "hospital_dist_m": 373.64772487211417, "impervious_pct": 53.723857982588079 }, "geometry": { "type": "Polygon", "coordinates": [ [ [ 72.825372202559151, 19.110920276296863 ], [ 72.825254054905628, 19.119951305206989 ], [ 72.834755234192528, 19.120063393532615 ], [ 72.834872866659794, 19.111032307683885 ], [ 72.825372202559151, 19.110920276296863 ] ] ] } },
{ "type": "Feature", "properties": { "grid_id": "cell_0159", "ward_id": "K/W", "ward_gid": 14, "NDVI_prev": 0.2939247439827582, "LST_C": 32.326415133422437, "NDVI": 0.30262532539453446, "pop_density_km2": 79066.757706658478, "elderly_pct": 4.7571458711187065, "slum_pct": 3.5374358828699162, "hospital_dist_m": 458.74269840417463, "impervious_pct": 75.967937335081373 }, "geometry": { "type": "Polygon", "coordinates": [ [ [ 72.825490283657686, 19.101889237833465 ], [ 72.825372202559151, 19.110920276296863 ], [ 72.834872866659794, 19.111032307683885 ], [ 72.834990432862114, 19.102001212287863 ], [ 72.825490283657686, 19.101889237833465 ] ] ] } },
{ "type": "Feature", "properties": { "grid_id": "cell_0160", "ward_id": "M/E", "ward_gid": 16, "NDVI_prev": 0.18291755092814227, "LST_C": 37.344312213532589, "NDVI": 0.19493535697915917, "pop_density_km2": 77340.22376362425, "elderly_pct": 4.7571458650243139, "slum_pct": 38.693343847660131, "hospital_dist_m": 1171.1947351218903, "impervious_pct": 78.370473167687237 }, "geometry": { "type": "Polygon", "coordinates": [ [ [ 72.930668689022028, 19.048903931105549 ], [ 72.930556652529745, 19.057935638996192 ], [ 72.940054943495454, 19.058041958152081 ], [ 72.940166466653324, 19.049010196099726 ], [ 72.930668689022028, 19.048903931105549 ] ] ] } },
{ "type": "Feature", "properties": { "grid_id": "cell_0161", "ward_id": "M/E", "ward_gid": 16, "NDVI_prev": 0.4468579786154695, "LST_C": 32.130507323138794, "NDVI": 0.46025316735094607, "pop_density_km2": 59143.02082911483, "elderly_pct": 4.7571458669275541, "slum_pct": 10.363983964840227, "hospital_dist_m": 1520.9469342135449, "impervious_pct": 25.397715955115856 }, "geometry": { "type": "Polygon", "coordinates": [ [ [ 72.930780662260915, 19.039872213753338 ], [ 72.930668689022028, 19.048903931105549 ], [ 72.940166466653324, 19.049010196099726 ], [ 72.940277926847472, 19.03997842459146 ], [ 72.930780662260915, 19.039872213753338 ] ] ] } },
{ "type": "Feature", "properties": { "grid_id": "cell_0162", "ward_id": "K/W", "ward_gid": 14, "NDVI_prev": 0.20932803878337669, "LST_C": 35.089252217714971, "NDVI": 0.22154613887692642, "pop_density_km2": 48143.759933028756, "elderly_pct": 4.7571458703971263, "slum_pct": 27.685698357586215, "hospital_dist_m": 375.64129654111684, "impervious_pct": 84.828883962351924 }, "geometry": { "type": "Polygon", "coordinates": [ [ [ 72.834519770397094, 19.1381255365723 ], [ 72.8344019390358, 19.147156593755359 ], [ 72.843904731953685, 19.147268362269504 ], [ 72.844022047241538, 19.138237248378804 ], [ 72.834519770397094, 19.1381255365723 ] ] ] } },
{ "type": "Feature", "properties": { "grid_id": "cell_0163", "ward_id": "K/W", "ward_gid": 14, "NDVI_prev": 0.28864382771181274, "LST_C": 33.984905928613721, "NDVI": 0.32488142681634824, "pop_density_km2": 56009.901438170215, "elderly_pct": 4.757145869802561, "slum_pct": 13.981536935874402, "hospital_dist_m": 212.59923501611974, "impervious_pct": 64.193781778114086 }, "geometry": { "type": "Polygon", "coordinates": [ [ [ 72.834637535443818, 19.129094469830072 ], [ 72.834519770397094, 19.1381255365723 ], [ 72.844022047241538, 19.138237248378804 ], [ 72.844139296505119, 19.129206124934878 ], [ 72.834637535443818, 19.129094469830072 ] ] ] } },
{ "type": "Feature", "properties": { "grid_id": "cell_0164", "ward_id": "N", "ward_gid": 10, "NDVI_prev": 0.30826343233102815, "LST_C": 36.237007166091175, "NDVI": 0.33311520550355117, "pop_density_km2": 83724.985011760597, "elderly_pct": 4.7571458720070465, "slum_pct": 0.0, "hospital_dist_m": 660.09025124400932, "impervious_pct": 55.480209111277155 }, "geometry": { "type": "Polygon", "coordinates": [ [ [ 72.920607589842362, 19.09395535069115 ], [ 72.920494722078772, 19.102986956776139 ], [ 72.929995520716218, 19.103094036388327 ], [ 72.930107873711734, 19.094062375864471 ], [ 72.920607589842362, 19.09395535069115 ] ] ] } },
{ "type": "Feature", "properties": { "grid_id": "cell_0165", "ward_id": "N", "ward_gid": 10, "NDVI_prev": 0.49486221297738886, "LST_C": 31.764062907820048, "NDVI": 0.54142553564407681, "pop_density_km2": 55201.793076386959, "elderly_pct": 4.757145868217969, "slum_pct": 0.0, "hospital_dist_m": 1353.6620222302379, "impervious_pct": 11.723565631586801 }, "geometry": { "type": "Polygon", "coordinates": [ [ [ 72.920720393983757, 19.084923735119254 ], [ 72.920607589842362, 19.09395535069115 ], [ 72.930107873711734, 19.094062375864471 ], [ 72.930220163375083, 19.085030705859396 ], [ 72.920720393983757, 19.084923735119254 ] ] ] } },
{ "type": "Feature", "properties": { "grid_id": "cell_0166", "ward_id": "R/C", "ward_gid": 11, "NDVI_prev": 0.65252819102186477, "LST_C": 28.944771587823571, "NDVI": 0.64302149646180506, "pop_density_km2": 4452.4460890636101, "elderly_pct": 4.7571458746390327, "slum_pct": 0.0, "hospital_dist_m": 2021.2021263342067, "impervious_pct": 0.0 }, "geometry": { "type": "Polygon", "coordinates": [ [ [ 72.880876382145814, 19.22899214400832 ], [ 72.880760481792464, 19.238023386727384 ], [ 72.89026877954673, 19.238133256659417 ], [ 72.890384160837542, 19.229101958418763 ], [ 72.880876382145814, 19.22899214400832 ] ] ] } },
{ "type": "Feature", "properties": { "grid_id": "cell_0167", "ward_id": "R/C", "ward_gid": 11, "NDVI_prev": 0.66309400201692759, "LST_C": 29.162370409702365, "NDVI": 0.63019979147648408, "pop_density_km2": 4958.5733083726464, "elderly_pct": 4.7571458696239199, "slum_pct": 0.0, "hospital_dist_m": 1651.0392628808297, "impervious_pct": 0.0 }, "geometry": { "type": "Polygon", "coordinates": [ [ [ 72.880992217473604, 19.219960891720213 ], [ 72.880876382145814, 19.22899214400832 ], [ 72.890384160837542, 19.229101958418763 ], [ 72.890499477393845, 19.220070650614932 ], [ 72.880992217473604, 19.219960891720213 ] ] ] } },
{ "type": "Feature", "properties": { "grid_id": "cell_0168", "ward_id": "M/E", "ward_gid": 16, "NDVI_prev": 0.15884514450860693, "LST_C": 38.289034289308219, "NDVI": 0.1886293833783837, "pop_density_km2": 79635.097112559175, "elderly_pct": 4.7571458732625143, "slum_pct": 68.55456756624281, "hospital_dist_m": 198.20961346996484, "impervious_pct": 93.261519054574535 }, "geometry": { "type": "Polygon", "coordinates": [ [ [ 72.921058424833163, 19.057828831521405 ], [ 72.920945811463326, 19.066860475530454 ], [ 72.930444552768321, 19.066967337421335 ], [ 72.930556652529745, 19.057935638996192 ], [ 72.921058424833163, 19.057828831521405 ] ] ] } },
{ "type": "Feature", "properties": { "grid_id": "cell_0169", "ward_id": "M/E", "ward_gid": 16, "NDVI_prev": 0.20812672283350425, "LST_C": 36.156924294097827, "NDVI": 0.24372366466984038, "pop_density_km2": 83687.75349821859, "elderly_pct": 4.7571458625224743, "slum_pct": 22.271684929907675, "hospital_dist_m": 280.82103458899837, "impervious_pct": 72.096219474949223 }, "geometry": { "type": "Polygon", "coordinates": [ [ [ 72.921170974644141, 19.048797178041173 ], [ 72.921058424833163, 19.057828831521405 ], [ 72.930556652529745, 19.057935638996192 ], [ 72.930668689022028, 19.048903931105549 ], [ 72.921170974644141, 19.048797178041173 ] ] ] } },
{ "type": "Feature", "properties": { "grid_id": "cell_0170", "ward_id": "S", "ward_gid": 12, "NDVI_prev": 0.43087852606873611, "LST_C": 32.494772546646168, "NDVI": 0.4767041193413713, "pop_density_km2": 68044.647434355487, "elderly_pct": 4.7571458694903628, "slum_pct": 6.8977606746650837, "hospital_dist_m": 252.84407219061657, "impervious_pct": 21.884664905690492 }, "geometry": { "type": "Polygon", "coordinates": [ [ [ 72.92015573689612, 19.13008171807035 ], [ 72.920042614484998, 19.139113286168406 ], [ 72.929545475096418, 19.139220583593183 ], [ 72.929658081578651, 19.130188961033408 ], [ 72.92015573689612, 19.13008171807035 ] ] ] } },
{ "type": "Feature", "properties": { "grid_id": "cell_0171", "ward_id": "S", "ward_gid": 12, "NDVI_prev": 0.31896539931885076, "LST_C": 34.127303858966805, "NDVI": 0.32598239039542681, "pop_density_km2": 80729.019880086824, "elderly_pct": 4.7571458684157015, "slum_pct": 13.03768164101513, "hospital_dist_m": 619.08193730261735, "impervious_pct": 56.182735928264925 }, "geometry": { "type": "Polygon", "coordinates": [ [ [ 72.920268795621524, 19.121050140469666 ], [ 72.92015573689612, 19.13008171807035 ], [ 72.929658081578651, 19.130188961033408 ], [ 72.92977062466548, 19.121157328976725 ], [ 72.920268795621524, 19.121050140469666 ] ] ] } },
{ "type": "Feature", "properties": { "grid_id": "cell_0172", "ward_id": "S", "ward_gid": 12, "NDVI_prev": 0.30386572726179895, "LST_C": 35.520145916258357, "NDVI": 0.33310160133284744, "pop_density_km2": 74083.238370208666, "elderly_pct": 4.7571458707730034, "slum_pct": 25.429692642849989, "hospital_dist_m": 585.0100573507209, "impervious_pct": 51.333052329730123 }, "geometry": { "type": "Polygon", "coordinates": [ [ [ 72.920381790677112, 19.112018553370284 ], [ 72.920268795621524, 19.121050140469666 ], [ 72.92977062466548, 19.121157328976725 ], [ 72.92988310437272, 19.112125687427056 ], [ 72.920381790677112, 19.112018553370284 ] ] ] } },
{ "type": "Feature", "properties": { "grid_id": "cell_0173", "ward_id": "F/S", "ward_gid": 6, "NDVI_prev": 0.28162667834412336, "LST_C": 32.973255174455673, "NDVI": 0.31722528802261124, "pop_density_km2": 54743.76565434158, "elderly_pct": 5.5859844842168274, "slum_pct": 3.1869309234547005, "hospital_dist_m": 150.91151543085641, "impervious_pct": 68.178406063786781 }, "geometry": { "type": "Polygon", "coordinates": [ [ [ 72.836396064627209, 18.993627324288369 ], [ 72.836279292318764, 19.002658533942881 ], [ 72.845773862855324, 19.002769395846869 ], [ 72.845890123726235, 18.993738129579494 ], [ 72.836396064627209, 18.993627324288369 ] ] ] } },
{ "type": "Feature", "properties": { "grid_id": "cell_0174", "ward_id": "E", "ward_gid": 5, "NDVI_prev": 0.23221188044489185, "LST_C": 34.577585984073011, "NDVI": 0.25430247625823921, "pop_density_km2": 79279.000091753609, "elderly_pct": 5.5859844907055649, "slum_pct": 2.5896209729517885, "hospital_dist_m": 459.01068079687366, "impervious_pct": 76.049839559402898 }, "geometry": { "type": "Polygon", "coordinates": [ [ [ 72.836745985311694, 18.966533638366183 ], [ 72.836629411107324, 18.975564876496051 ], [ 72.846122448198557, 18.975675568579152 ], [ 72.846238511832581, 18.966644273854097 ], [ 72.836745985311694, 18.966533638366183 ] ] ] } },
{ "type": "Feature", "properties": { "grid_id": "cell_0175", "ward_id": "R/C", "ward_gid": 11, "NDVI_prev": 0.38898186609486013, "LST_C": 32.40696357406641, "NDVI": 0.42197973670714634, "pop_density_km2": 38935.058832406161, "elderly_pct": 4.7571458637166533, "slum_pct": 0.66001863257572224, "hospital_dist_m": 733.20438381987969, "impervious_pct": 34.056646643426006 }, "geometry": { "type": "Polygon", "coordinates": [ [ [ 72.823831085719178, 19.228322905531286 ], [ 72.82371207133572, 19.237353809888454 ], [ 72.83321997447193, 19.23746663896053 ], [ 72.833338469891842, 19.228435677586859 ], [ 72.823831085719178, 19.228322905531286 ] ] ] } },
{ "type": "Feature", "properties": { "grid_id": "cell_0176", "ward_id": "R/C", "ward_gid": 11, "NDVI_prev": 0.36020700969906516, "LST_C": 33.348180655123905, "NDVI": 0.39021276501751573, "pop_density_km2": 63188.002909732051, "elderly_pct": 4.7571458691441491, "slum_pct": 5.7994419025185655, "hospital_dist_m": 281.39064888486223, "impervious_pct": 62.704128174083216 }, "geometry": { "type": "Polygon", "coordinates": [ [ [ 72.823950033330917, 19.219291991569378 ], [ 72.823831085719178, 19.228322905531286 ], [ 72.833338469891842, 19.228435677586859 ], [ 72.833456898831017, 19.219404706614451 ], [ 72.823950033330917, 19.219291991569378 ] ] ] } },
{ "type": "Feature", "properties": { "grid_id": "cell_0177", "ward_id": "T", "ward_gid": 13, "NDVI_prev": 0.67038785664855738, "LST_C": 28.985164700097357, "NDVI": 0.66235861751060887, "pop_density_km2": 5720.02090793142, "elderly_pct": 4.7571458679973171, "slum_pct": 0.0, "hospital_dist_m": 3323.7462926951757, "impervious_pct": 0.0 }, "geometry": { "type": "Polygon", "coordinates": [ [ [ 72.919248973069998, 19.202333996451785 ], [ 72.919135340599738, 19.211365488387607 ], [ 72.928642339102126, 19.211473221712243 ], [ 72.928755453318402, 19.202441675268858 ], [ 72.919248973069998, 19.202333996451785 ] ] ] } },
{ "type": "Feature", "properties": { "grid_id": "cell_0178", "ward_id": "T", "ward_gid": 13, "NDVI_prev": 0.62435882481356586, "LST_C": 28.156552111127258, "NDVI": 0.61380027067923071, "pop_density_km2": 4727.7141340289845, "elderly_pct": 4.7571458694523372, "slum_pct": 0.0, "hospital_dist_m": 2698.9713713062529, "impervious_pct": 0.0 }, "geometry": { "type": "Polygon", "coordinates": [ [ [ 72.919362541727011, 19.193302494981953 ], [ 72.919248973069998, 19.202333996451785 ], [ 72.928755453318402, 19.202441675268858 ], [ 72.928868504012314, 19.193410119297212 ], [ 72.919362541727011, 19.193302494981953 ] ] ] } },
{ "type": "Feature", "properties": { "grid_id": "cell_0179", "ward_id": "T", "ward_gid": 13, "NDVI_prev": 0.50146426665007049, "LST_C": 27.386301250038315, "NDVI": 0.52122742813908307, "pop_density_km2": 3122.18925891354, "elderly_pct": 4.757145872904351, "slum_pct": 0.0, "hospital_dist_m": 2120.509024233279, "impervious_pct": 0.0 }, "geometry": { "type": "Polygon", "coordinates": [ [ [ 72.919476046586752, 19.184270983982035 ], [ 72.919362541727011, 19.193302494981953 ], [ 72.928868504012314, 19.193410119297212 ], [ 72.928981491199792, 19.184378553801217 ], [ 72.919476046586752, 19.184270983982035 ] ] ] } },
{ "type": "Feature", "properties": { "grid_id": "cell_0180", "ward_id": "T", "ward_gid": 13, "NDVI_prev": 0.65042450280773156, "LST_C": 28.176214543513307, "NDVI": 0.65078949431146482, "pop_density_km2": 5567.281516682544, "elderly_pct": 4.757145880204745, "slum_pct": 0.0, "hospital_dist_m": 1352.739510663758, "impervious_pct": 0.0 }, "geometry": { "type": "Polygon", "coordinates": [ [ [ 72.919589487665192, 19.175239463455952 ], [ 72.919476046586752, 19.184270983982035 ], [ 72.928981491199792, 19.184378553801217 ], [ 72.929094414896696, 19.175346978784791 ], [ 72.919589487665192, 19.175239463455952 ] ] ] } },
{ "type": "Feature", "properties": { "grid_id": "cell_0181", "ward_id": "P/N", "ward_gid": 21, "NDVI_prev": 0.54668198264450196, "LST_C": 30.802350996228228, "NDVI": 0.53370271535570613, "pop_density_km2": 13836.370720889632, "elderly_pct": 4.7571458694639928, "slum_pct": 0.0, "hospital_dist_m": 3124.6831847347189, "impervious_pct": 2.9560017653715143 }, "geometry": { "type": "Polygon", "coordinates": [ [ [ 72.786768495958739, 19.155621151853094 ], [ 72.786647948897851, 19.164651902574406 ], [ 72.796151440107508, 19.164766240177805 ], [ 72.796271470597858, 19.155735431492396 ], [ 72.786768495958739, 19.155621151853094 ] ] ] } },
{ "type": "Feature", "properties": { "grid_id": "cell_0182", "ward_id": "T", "ward_gid": 13, "NDVI_prev": 0.32361945093408229, "LST_C": 32.067671043966072, "NDVI": 0.32484133748486077, "pop_density_km2": 99288.106401487501, "elderly_pct": 4.7571458694628115, "slum_pct": 0.51570674708136433, "hospital_dist_m": 222.85562753770495, "impervious_pct": 61.5512202565575 }, "geometry": { "type": "Polygon", "coordinates": [ [ [ 72.957720885131209, 19.166634828896797 ], [ 72.957609576276482, 19.175666575389332 ], [ 72.967114755662507, 19.17577212441677 ], [ 72.967225547363313, 19.166740324435807 ], [ 72.957720885131209, 19.166634828896797 ] ] ] } },
{ "type": "Feature", "properties": { "grid_id": "cell_0183", "ward_id": "T", "ward_gid": 13, "NDVI_prev": 0.3211322121020645, "LST_C": 31.320859447121666, "NDVI": 0.28349738584859752, "pop_density_km2": 73743.419124782566, "elderly_pct": 4.7571458666349447, "slum_pct": 0.10545720738381244, "hospital_dist_m": 575.29885901275668, "impervious_pct": 24.302004983427324 }, "geometry": { "type": "Polygon", "coordinates": [ [ [ 72.95783213139903, 19.15760307290871 ], [ 72.957720885131209, 19.166634828896797 ], [ 72.967225547363313, 19.166740324435807 ], [ 72.967336276767853, 19.157708514964916 ], [ 72.95783213139903, 19.15760307290871 ] ] ] } },
{ "type": "Feature", "properties": { "grid_id": "cell_0184", "ward_id": "R/S", "ward_gid": 22, "NDVI_prev": 0.66542686978164478, "LST_C": 28.138537820940371, "NDVI": 0.66336012264234645, "pop_density_km2": 4802.9903203870463, "elderly_pct": 4.7571458710338117, "slum_pct": 0.0, "hospital_dist_m": 2190.3563119515725, "impervious_pct": 0.0 }, "geometry": { "type": "Polygon", "coordinates": [ [ [ 72.890845038817915, 19.192976669863619 ], [ 72.890729916367818, 19.202008006333429 ], [ 72.900236204303837, 19.202117161969799 ], [ 72.900350808839008, 19.193085770250896 ], [ 72.890845038817915, 19.192976669863619 ] ] ] } },
{ "type": "Feature", "properties": { "grid_id": "cell_0185", "ward_id": "M/E", "ward_gid": 16, "NDVI_prev": 0.24869705009705484, "LST_C": 30.863140965729972, "NDVI": 0.28658491500857136, "pop_density_km2": 25574.912144769183, "elderly_pct": 4.7571458724408586, "slum_pct": 0.0, "hospital_dist_m": 1710.6591993287225, "impervious_pct": 6.1432223365758123 }, "geometry": { "type": "Polygon", "coordinates": [ [ [ 72.949664307248355, 19.04911597300973 ], [ 72.949553297440559, 19.058147788975095 ], [ 72.959051714075287, 19.05825313145132 ], [ 72.95916221051742, 19.04922126182165 ], [ 72.949664307248355, 19.04911597300973 ] ] ] } },
{ "type": "Feature", "properties": { "grid_id": "cell_0186", "ward_id": "L", "ward_gid": 24, "NDVI_prev": 0.22763473906188395, "LST_C": 36.804816165782768, "NDVI": 0.25908634579215756, "pop_density_km2": 86231.226959441687, "elderly_pct": 4.7571458765225012, "slum_pct": 30.354177942586379, "hospital_dist_m": 371.78139604412621, "impervious_pct": 77.061138878379353 }, "geometry": { "type": "Polygon", "coordinates": [ [ [ 72.891992709155105, 19.102662780704208 ], [ 72.891878232674443, 19.111694212471594 ], [ 72.901379354537823, 19.111802815878363 ], [ 72.901493316008143, 19.102771328919889 ], [ 72.891992709155105, 19.102662780704208 ] ] ] } },
{ "type": "Feature", "properties": { "grid_id": "cell_0187", "ward_id": "M/W", "ward_gid": 17, "NDVI_prev": 0.25201172421963114, "LST_C": 33.830022723154251, "NDVI": 0.26406969689096588, "pop_density_km2": 60264.807336190206, "elderly_pct": 4.7571458736355012, "slum_pct": 12.064032908193955, "hospital_dist_m": 57.274642215814566, "impervious_pct": 74.284870054846692 }, "geometry": { "type": "Polygon", "coordinates": [ [ [ 72.892564124255543, 19.057505479324472 ], [ 72.892449970155624, 19.066536958592991 ], [ 72.90194851986719, 19.06664528610213 ], [ 72.902062160406345, 19.057613751671408 ], [ 72.892564124255543, 19.057505479324472 ] ] ] } },
{ "type": "Feature", "properties": { "grid_id": "cell_0188", "ward_id": "M/W", "ward_gid": 17, "NDVI_prev": 0.3649905951112683, "LST_C": 32.294846784036707, "NDVI": 0.37427107177916813, "pop_density_km2": 80511.077067240971, "elderly_pct": 4.7571458688618273, "slum_pct": 5.1999585256197447, "hospital_dist_m": 52.372302967806597, "impervious_pct": 54.725776783164818 }, "geometry": { "type": "Polygon", "coordinates": [ [ [ 72.892678213927425, 19.048473990567551 ], [ 72.892564124255543, 19.057505479324472 ], [ 72.902062160406345, 19.057613751671408 ], [ 72.902175736807195, 19.048582207758045 ], [ 72.892678213927425, 19.048473990567551 ] ] ] } },
{ "type": "Feature", "properties": { "grid_id": "cell_0189", "ward_id": "G/N", "ward_gid": 9, "NDVI_prev": 0.22529453784054065, "LST_C": 33.040757430111135, "NDVI": 0.23539576445456792, "pop_density_km2": 103827.38039111989, "elderly_pct": 5.585984486698, "slum_pct": 0.11609597759445917, "hospital_dist_m": 73.412472036258265, "impervious_pct": 73.736404244366611 }, "geometry": { "type": "Polygon", "coordinates": [ [ [ 72.845424685507879, 19.029863137670141 ], [ 72.845541108437217, 19.020834640115353 ], [ 72.845539167901833, 19.020831876854992 ], [ 72.836045549483146, 19.020720924748758 ], [ 72.835929294313829, 19.029696886825427 ], [ 72.835930915893741, 19.029703235562785 ], [ 72.835948232356373, 19.02975233619112 ], [ 72.845424685507879, 19.029863137670141 ] ] ] } },
{ "type": "Feature", "properties": { "grid_id": "cell_0190", "ward_id": "K/W", "ward_gid": 14, "NDVI_prev": 0.36413528991845068, "LST_C": 32.209554901278466, "NDVI": 0.4007650631574492, "pop_density_km2": 55659.936511648426, "elderly_pct": 4.7571458695126116, "slum_pct": 0.14365330924477798, "hospital_dist_m": 521.18865034470105, "impervious_pct": 48.340873559861031 }, "geometry": { "type": "Polygon", "coordinates": [ [ [ 72.805893959430279, 19.146818344293457 ], [ 72.815396552483762, 19.146931584752522 ], [ 72.815515415942144, 19.137900641731374 ], [ 72.806159530417119, 19.137789203791776 ], [ 72.806011112080284, 19.13795596196843 ], [ 72.805893959430279, 19.146818344293457 ] ] ] } },
{ "type": "Feature", "properties": { "grid_id": "cell_0191", "ward_id": "N", "ward_gid": 10, "NDVI_prev": 0.41498046549952422, "LST_C": 30.688255447624542, "NDVI": 0.50080006466903904, "pop_density_km2": 20329.69318965498, "elderly_pct": 4.7571458688016399, "slum_pct": 0.0, "hospital_dist_m": 2285.3489821925605, "impervious_pct": 0.0 }, "geometry": { "type": "Polygon", "coordinates": [ [ [ 72.949331089740468, 19.076211392539292 ], [ 72.939831708225881, 19.076105453873353 ], [ 72.939719996082815, 19.085137187534407 ], [ 72.949219891816966, 19.085243180130277 ], [ 72.949227813759833, 19.08459990794853 ], [ 72.949149409410609, 19.084025640356508 ], [ 72.949236691406369, 19.083879000604608 ], [ 72.949331089740468, 19.076211392539292 ] ] ] } },
{ "type": "Feature", "properties": { "grid_id": "cell_0192", "ward_id": "F/N", "ward_gid": 8, "NDVI_prev": 0.24563834143382871, "LST_C": 34.138250159629607, "NDVI": 0.27771756484059845, "pop_density_km2": 55539.472611419413, "elderly_pct": 5.5823464680947668, "slum_pct": 9.9296886546033907, "hospital_dist_m": 411.41636192861114, "impervious_pct": 65.367493654738027 }, "geometry": { "type": "Polygon", "coordinates": [ [ [ 72.87368336169348, 19.048256092159878 ], [ 72.87379841286814, 19.039224704965768 ], [ 72.864301597026355, 19.039115079673802 ], [ 72.864190438953841, 19.047802173142415 ], [ 72.86443240147436, 19.048149262366589 ], [ 72.87368336169348, 19.048256092159878 ] ] ] } },
{ "type": "Feature", "properties": { "grid_id": "cell_0193", "ward_id": "K/W", "ward_gid": 14, "NDVI_prev": 0.2659292097189101, "LST_C": 32.649210787836161, "NDVI": 0.2703657526820904, "pop_density_km2": 73100.816162028786, "elderly_pct": 4.7571458645821751, "slum_pct": 8.8479734241513928, "hospital_dist_m": 194.09045987628053, "impervious_pct": 74.124512972454227 }, "geometry": { "type": "Polygon", "coordinates": [ [ [ 72.834990432862114, 19.102001212287863 ], [ 72.834872866659794, 19.111032307683885 ], [ 72.844373597025353, 19.111143849403145 ], [ 72.844480619317864, 19.102886689494362 ], [ 72.844413378015929, 19.10245878576082 ], [ 72.84434135806859, 19.1021109491932 ], [ 72.834990432862114, 19.102001212287863 ] ] ] } },
{ "type": "Feature", "properties": { "grid_id": "cell_0194", "ward_id": "N", "ward_gid": 10, "NDVI_prev": 0.57666312124005292, "LST_C": 30.290821822367722, "NDVI": 0.63254388720339016, "pop_density_km2": 37611.194088966899, "elderly_pct": 4.7571458642502904, "slum_pct": 0.0, "hospital_dist_m": 958.38904098505566, "impervious_pct": 1.476837408341392 }, "geometry": { "type": "Polygon", "coordinates": [ [ [ 72.920833134518801, 19.075892110064384 ], [ 72.920720393983757, 19.084923735119254 ], [ 72.930220163375083, 19.085030705859396 ], [ 72.930332389722025, 19.075999026377044 ], [ 72.927168863032591, 19.075963474519682 ], [ 72.927109054342807, 19.075972510444277 ], [ 72.925674095988256, 19.076005963016534 ], [ 72.925016505471405, 19.075939255191948 ], [ 72.920833134518801, 19.075892110064384 ] ] ] } },
{ "type": "Feature", "properties": { "grid_id": "cell_0195", "ward_id": "T", "ward_gid": 13, "NDVI_prev": 0.54223137143520472, "LST_C": 30.591881446220956, "NDVI": 0.54308743509670221, "pop_density_km2": 21169.14756268268, "elderly_pct": 4.7571458764952101, "slum_pct": 3.1598331494531699e-05, "hospital_dist_m": 818.57839727315286, "impervious_pct": 7.4700884226750164 }, "geometry": { "type": "Polygon", "coordinates": [ [ [ 72.919702864978291, 19.166207933407616 ], [ 72.919589487665192, 19.175239463455952 ], [ 72.929094414896696, 19.175346978784791 ], [ 72.929204470576138, 19.166539888095986 ], [ 72.928697085784307, 19.166515018789411 ], [ 72.928708029050895, 19.166464217099332 ], [ 72.928718845907383, 19.166410367450798 ], [ 72.928726423036323, 19.166372645007137 ], [ 72.928729901994359, 19.166355483383207 ], [ 72.92873048075748, 19.166350924019603 ], [ 72.928730481165658, 19.166350921784058 ], [ 72.928730485498889, 19.166350897552622 ], [ 72.928730866821979, 19.166348865740144 ], [ 72.928734361155549, 19.166320443998583 ], [ 72.928734370635567, 19.166320360858705 ], [ 72.928734370839649, 19.166320359740922 ], [ 72.92873437324586, 19.166320352794717 ], [ 72.928734413758704, 19.166320031826547 ], [ 72.928735681222832, 19.166310073814515 ], [ 72.919702864978291, 19.166207933407616 ] ] ] } },
{ "type": "Feature", "properties": { "grid_id": "cell_0196", "ward_id": "P/S", "ward_gid": 20, "NDVI_prev": 0.35469354767471256, "LST_C": 33.235439638322667, "NDVI": 0.36980924094303336, "pop_density_km2": 70675.613720377514, "elderly_pct": 4.7571458694189461, "slum_pct": 11.228738475363, "hospital_dist_m": 560.35752662719358, "impervious_pct": 55.443962338119732 }, "geometry": { "type": "Polygon", "coordinates": [ [ [ 72.862561273520996, 19.174584049639932 ], [ 72.862677753041766, 19.16555285172846 ], [ 72.853173795248821, 19.165441952147084 ], [ 72.853056798750345, 19.174473093830947 ], [ 72.859460896085949, 19.174547909740443 ], [ 72.859471017970336, 19.174412537034197 ], [ 72.859473581667274, 19.174357028006646 ], [ 72.860630393540134, 19.174561548271587 ], [ 72.862561273520996, 19.174584049639932 ] ] ] } },
{ "type": "Feature", "properties": { "grid_id": "cell_0197", "ward_id": "S", "ward_gid": 12, "NDVI_prev": 0.38270310924469059, "LST_C": 35.232602758371684, "NDVI": 0.36408007657716429, "pop_density_km2": 16017.094837311508, "elderly_pct": 4.7571458699913522, "slum_pct": 0.0, "hospital_dist_m": 1714.5788483484264, "impervious_pct": 1.4209709525091325 }, "geometry": { "type": "Polygon", "coordinates": [ [ [ 72.948774472601869, 19.121370235795368 ], [ 72.94866296083957, 19.130401976017332 ], [ 72.958165494837317, 19.130507748010167 ], [ 72.958268952320225, 19.122089533720427 ], [ 72.958035120462768, 19.121723423657986 ], [ 72.957883108357024, 19.121471587091921 ], [ 72.948774472601869, 19.121370235795368 ] ] ] } },
{ "type": "Feature", "properties": { "grid_id": "cell_0198", "ward_id": "P/N", "ward_gid": 21, "NDVI_prev": 0.41175368376497856, "LST_C": 31.754747655829988, "NDVI": 0.44971808862351126, "pop_density_km2": 9600.7750808756755, "elderly_pct": 4.7571458686874468, "slum_pct": 0.0, "hospital_dist_m": 2090.8918176630427, "impervious_pct": 1.3514321990520695 }, "geometry": { "type": "Polygon", "coordinates": [ [ [ 72.795911176531391, 19.182827828759155 ], [ 72.805415769313498, 19.182941790709794 ], [ 72.805535417704675, 19.173910943491347 ], [ 72.796031342090984, 19.173797039268056 ], [ 72.795954723510576, 19.179555734864849 ], [ 72.796061916368032, 19.180020238907481 ], [ 72.79594628373556, 19.181737809770315 ], [ 72.795923375885238, 19.181911243947884 ], [ 72.795911176531391, 19.182827828759155 ] ] ] } },
{ "type": "Feature", "properties": { "grid_id": "cell_0199", "ward_id": "P/N", "ward_gid": 21, "NDVI_prev": 0.45530128880000309, "LST_C": 33.047613719412837, "NDVI": 0.5370612999755402, "pop_density_km2": 24260.624201536459, "elderly_pct": 4.7571458772046675, "slum_pct": 30.723041522151469, "hospital_dist_m": 717.61238861119193, "impervious_pct": 25.168495988349132 }, "geometry": { "type": "Polygon", "coordinates": [ [ [ 72.881454908854863, 19.183835786956042 ], [ 72.871949786055552, 19.183725758333839 ], [ 72.871833693075459, 19.192756993117396 ], [ 72.87729053477203, 19.192820248777842 ], [ 72.877416688457942, 19.192811703767333 ], [ 72.877515869753992, 19.192822857367897 ], [ 72.879776519824986, 19.192849012456623 ], [ 72.880725144367403, 19.192724949834176 ], [ 72.881342185833148, 19.19264424906649 ], [ 72.881454908854863, 19.183835786956042 ] ] ] } },
{ "type": "Feature", "properties": { "grid_id": "cell_0200", "ward_id": "R/N", "ward_gid": 15, "NDVI_prev": 0.38545710376283482, "LST_C": 33.454503183497806, "NDVI": 0.41888740991324469, "pop_density_km2": 38689.971789896037, "elderly_pct": 4.7571458695061501, "slum_pct": 23.547955802936485, "hospital_dist_m": 285.73419156438086, "impervious_pct": 34.095449574342908 }, "geometry": { "type": "Polygon", "coordinates": [ [ [ 72.880644516397183, 19.24705461987347 ], [ 72.871135764347457, 19.246944200938234 ], [ 72.871019214265402, 19.255975368724879 ], [ 72.879832877002031, 19.256077778913237 ], [ 72.879851613804163, 19.256062904544883 ], [ 72.880035930413371, 19.255916564399968 ], [ 72.880155397389927, 19.255823028089825 ], [ 72.880265630528228, 19.255736725407242 ], [ 72.8805364661374, 19.255464867983598 ], [ 72.880644516397183, 19.24705461987347 ] ] ] } },
{ "type": "Feature", "properties": { "grid_id": "cell_0201", "ward_id": "T", "ward_gid": 13, "NDVI_prev": 0.68128393669894505, "LST_C": 27.448626638523578, "NDVI": 0.6770664492763695, "pop_density_km2": 4368.8202514751092, "elderly_pct": 4.7571458720272943, "slum_pct": 0.0, "hospital_dist_m": 3239.7333466632545, "impervious_pct": 0.0 }, "geometry": { "type": "Polygon", "coordinates": [ [ [ 72.909856643238982, 19.193194378628434 ], [ 72.909970665755026, 19.18416292237367 ], [ 72.900465348995311, 19.184054368990349 ], [ 72.900368179161717, 19.191716461020508 ], [ 72.900371757640556, 19.19172777790979 ], [ 72.900391310784286, 19.191795355107306 ], [ 72.900402862836259, 19.191836091220839 ], [ 72.900422136486881, 19.191924465740374 ], [ 72.900436483108606, 19.192040682270203 ], [ 72.900444897301114, 19.192075952890885 ], [ 72.900444939147278, 19.192076125605734 ], [ 72.900461363616174, 19.192146782645636 ], [ 72.900490455311669, 19.192269336445822 ], [ 72.900539122027524, 19.192474354492347 ], [ 72.900539138209979, 19.192474427842583 ], [ 72.900585016253672, 19.192668770710227 ], [ 72.900610364409047, 19.192776147331781 ], [ 72.900639698831924, 19.192900415597183 ], [ 72.900676696479351, 19.193004264639118 ], [ 72.900682395113648, 19.19302052734151 ], [ 72.900694062724781, 19.19308970065422 ], [ 72.909856643238982, 19.193194378628434 ] ] ] } },
{ "type": "Feature", "properties": { "grid_id": "cell_0202", "ward_id": "N", "ward_gid": 10, "NDVI_prev": 0.27881889705149376, "LST_C": 35.054042946683225, "NDVI": 0.30283611029403895, "pop_density_km2": 88756.182123083519, "elderly_pct": 4.7571458689826507, "slum_pct": 8.4669081465035667, "hospital_dist_m": 409.20501199291562, "impervious_pct": 68.863211430209361 }, "geometry": { "type": "Polygon", "coordinates": [ [ [ 72.920494722078772, 19.102986956776139 ], [ 72.920607589842362, 19.09395535069115 ], [ 72.9111073695952, 19.093847836217982 ], [ 72.91099398707938, 19.102879387615275 ], [ 72.919164765243011, 19.102971928258555 ], [ 72.919946700145985, 19.10242436166147 ], [ 72.920378130452093, 19.102985639674475 ], [ 72.920494722078772, 19.102986956776139 ] ] ] } },
{ "type": "Feature", "properties": { "grid_id": "cell_0203", "ward_id": "T", "ward_gid": 13, "NDVI_prev": 0.4364224142539127, "LST_C": 29.412341867123232, "NDVI": 0.47446848706269579, "pop_density_km2": 33406.08043639778, "elderly_pct": 4.7571458681820955, "slum_pct": 0.0, "hospital_dist_m": 1072.2715324320666, "impervious_pct": 1.5384923442485081 }, "geometry": { "type": "Polygon", "coordinates": [ [ [ 72.967336276767853, 19.157708514964916 ], [ 72.967225547363313, 19.166740324435807 ], [ 72.976730271891697, 19.166845328613647 ], [ 72.976816131654886, 19.159809601078081 ], [ 72.976814320668055, 19.159802056895764 ], [ 72.976570555934046, 19.15878663005649 ], [ 72.9765705387465, 19.158786558505781 ], [ 72.976366615798668, 19.157950700993208 ], [ 72.97636659861125, 19.157950629442489 ], [ 72.976330605174041, 19.157807848012609 ], [ 72.967336276767853, 19.157708514964916 ] ] ] } },
{ "type": "Feature", "properties": { "grid_id": "cell_0204", "ward_id": "K/E", "ward_gid": 19, "NDVI_prev": 0.25647722185382982, "LST_C": 35.276474592651176, "NDVI": 0.28080017778280791, "pop_density_km2": 49910.603950899815, "elderly_pct": 4.7571458696061217, "slum_pct": 14.444641455394871, "hospital_dist_m": 155.92033213866716, "impervious_pct": 70.679070078161587 }, "geometry": { "type": "Polygon", "coordinates": [ [ [ 72.872991689263927, 19.102444215769111 ], [ 72.872876182810941, 19.111475536407891 ], [ 72.882377175335449, 19.111585119309986 ], [ 72.882483162564142, 19.10326111629595 ], [ 72.882219333711859, 19.103127815383868 ], [ 72.882000809989549, 19.103027752471348 ], [ 72.881933998986696, 19.102889470965899 ], [ 72.881472329721319, 19.102760822302859 ], [ 72.881181523507806, 19.102721223806064 ], [ 72.880980511032334, 19.102645704516501 ], [ 72.880680384956449, 19.102532893503067 ], [ 72.872991689263927, 19.102444215769111 ] ] ] } },
{ "type": "Feature", "properties": { "grid_id": "cell_0205", "ward_id": "M/E", "ward_gid": 16, "NDVI_prev": 0.27090896785059554, "LST_C": 35.379726479151522, "NDVI": 0.30791130864480615, "pop_density_km2": 65552.951649229493, "elderly_pct": 4.7571458618448812, "slum_pct": 9.212204569996489, "hospital_dist_m": 241.20588188400427, "impervious_pct": 58.388570090174582 }, "geometry": { "type": "Polygon", "coordinates": [ [ [ 72.921058424833163, 19.057828831521405 ], [ 72.921170974644141, 19.048797178041173 ], [ 72.91167332380931, 19.048689936920638 ], [ 72.911580659591451, 19.056092428452008 ], [ 72.911589738544379, 19.056105386840024 ], [ 72.911631108748409, 19.05616472375285 ], [ 72.911699507124993, 19.056263315896093 ], [ 72.911748265164746, 19.056333381199437 ], [ 72.911828110524837, 19.056447298032364 ], [ 72.911897444183552, 19.056549118434138 ], [ 72.911982927905271, 19.056674785162787 ], [ 72.912089271614036, 19.05682446221925 ], [ 72.912195823747496, 19.056974016716747 ], [ 72.912272956478361, 19.057083339324606 ], [ 72.9123540578573, 19.057199347795663 ], [ 72.91237327276913, 19.057226712675952 ], [ 72.912153212368153, 19.057366127891836 ], [ 72.911775231305072, 19.057603000213536 ], [ 72.911637947521982, 19.057688085625379 ], [ 72.911582937658821, 19.057721792493908 ], [ 72.921058424833163, 19.057828831521405 ] ] ] } },
{ "type": "Feature", "properties": { "grid_id": "cell_0206", "ward_id": "R/C", "ward_gid": 11, "NDVI_prev": 0.40131105521051741, "LST_C": 32.34986541254915, "NDVI": 0.42255627590329664, "pop_density_km2": 54508.321494471056, "elderly_pct": 4.7571458652219638, "slum_pct": 19.661647667782951, "hospital_dist_m": 211.85796730495974, "impervious_pct": 52.927949782674901 }, "geometry": { "type": "Polygon", "coordinates": [ [ [ 72.871252249080086, 19.237913023568794 ], [ 72.871368668479676, 19.228881836620499 ], [ 72.861861020130192, 19.228771036269819 ], [ 72.861744081700735, 19.23780216719819 ], [ 72.862312549130138, 19.237808808882292 ], [ 72.862322048408302, 19.237802652667479 ], [ 72.862323612712828, 19.237808938126047 ], [ 72.862324635282121, 19.237808950071571 ], [ 72.862329674844176, 19.237797730385338 ], [ 72.862374521923456, 19.237773415273761 ], [ 72.862643016089109, 19.237628039699786 ], [ 72.862723451722061, 19.237584487871853 ], [ 72.862727994954469, 19.23758059033711 ], [ 72.862728819649973, 19.237579883150143 ], [ 72.862795537223491, 19.237522630845049 ], [ 72.862835071526831, 19.237488929599948 ], [ 72.862918374309444, 19.237450216124806 ], [ 72.862938728371688, 19.237405853227003 ], [ 72.864159904758665, 19.23724392560678 ], [ 72.864186725844604, 19.237424677561904 ], [ 72.864249702606415, 19.237831428337188 ], [ 72.871252249080086, 19.237913023568794 ] ] ] } },
{ "type": "Feature", "properties": { "grid_id": "cell_0207", "ward_id": "R/C", "ward_gid": 11, "NDVI_prev": 0.67271194328990669, "LST_C": 28.229974158123284, "NDVI": 0.67283812977411739, "pop_density_km2": 4172.7987320629591, "elderly_pct": 4.7571458685701886, "slum_pct": 0.0, "hospital_dist_m": 2512.1662523612654, "impervious_pct": 0.0 }, "geometry": { "type": "Polygon", "coordinates": [ [ [ 72.899777142051761, 19.238242633350431 ], [ 72.89026877954673, 19.238133256659417 ], [ 72.890154503237412, 19.247073063183041 ], [ 72.890162273403391, 19.247078180556215 ], [ 72.890297715902847, 19.247166210637914 ], [ 72.898942437119175, 19.247265711099562 ], [ 72.899688798987, 19.24518539472103 ], [ 72.899777142051761, 19.238242633350431 ] ] ] } },
{ "type": "Feature", "properties": { "grid_id": "cell_0208", "ward_id": "S", "ward_gid": 12, "NDVI_prev": 0.26817846866641176, "LST_C": 34.796568786152456, "NDVI": 0.27559872920690093, "pop_density_km2": 83387.256980410588, "elderly_pct": 4.7571458705397083, "slum_pct": 13.365756750907465, "hospital_dist_m": 273.84249980167442, "impervious_pct": 72.781777394768525 }, "geometry": { "type": "Polygon", "coordinates": [ [ [ 72.948439748855066, 19.14846542800068 ], [ 72.93893624546071, 19.148359057737068 ], [ 72.938824028665749, 19.15739071551544 ], [ 72.946739643394693, 19.157479387317096 ], [ 72.946749901284306, 19.157457494483271 ], [ 72.946796993544183, 19.15737446383487 ], [ 72.94684432565262, 19.157309588501402 ], [ 72.946896187888285, 19.157247920018253 ], [ 72.946952340341255, 19.157189743525343 ], [ 72.947012523455697, 19.157135328008938 ], [ 72.947082046442361, 19.157080841238798 ], [ 72.947155606839672, 19.157031372966884 ], [ 72.947232804415236, 19.156987192377272 ], [ 72.94731321902897, 19.156948539887953 ], [ 72.947396413196856, 19.156915625806636 ], [ 72.947674100803297, 19.156838420287514 ], [ 72.94833812972216, 19.156682222783079 ], [ 72.948439748855066, 19.14846542800068 ] ] ] } },
{ "type": "Feature", "properties": { "grid_id": "cell_0209", "ward_id": "S", "ward_gid": 12, "NDVI_prev": 0.57998781514395048, "LST_C": 29.220613259484963, "NDVI": 0.61021491117316895, "pop_density_km2": 22315.655484018029, "elderly_pct": 4.7571458713356636, "slum_pct": 0.0, "hospital_dist_m": 1842.2084235494385, "impervious_pct": 0.0 }, "geometry": { "type": "Polygon", "coordinates": [ [ [ 72.958165494837317, 19.130507748010167 ], [ 72.94866296083957, 19.130401976017332 ], [ 72.948551386262523, 19.139433706753735 ], [ 72.956830599511719, 19.139525931409832 ], [ 72.956842033069108, 19.139478373633182 ], [ 72.956891974450016, 19.139354043523372 ], [ 72.957264774191032, 19.138845500186235 ], [ 72.957649461068812, 19.138494837870851 ], [ 72.957979554598069, 19.138084411886478 ], [ 72.958074195552072, 19.13793298866662 ], [ 72.958165494837317, 19.130507748010167 ] ] ] } },
{ "type": "Feature", "properties": { "grid_id": "cell_0210", "ward_id": "P/N", "ward_gid": 21, "NDVI_prev": 0.36415754471490869, "LST_C": 32.536894066162013, "NDVI": 0.40607087295078703, "pop_density_km2": 13934.834119461415, "elderly_pct": 4.7571458738181294, "slum_pct": 6.7122007219280215, "hospital_dist_m": 1819.5842434817187, "impervious_pct": 15.030934767989265 }, "geometry": { "type": "Polygon", "coordinates": [ [ [ 72.795790943411831, 19.191858608647156 ], [ 72.805296053652924, 19.191972628331211 ], [ 72.805415769313498, 19.182941790709794 ], [ 72.795911176531391, 19.182827828759155 ], [ 72.795893312687284, 19.184169914197632 ], [ 72.7960202976451, 19.18489012527526 ], [ 72.796226395560225, 19.186831940728275 ], [ 72.796217009715079, 19.187537042031654 ], [ 72.796017400517101, 19.188592464133208 ], [ 72.795828025251268, 19.189073912235656 ], [ 72.795790943411831, 19.191858608647156 ] ] ] } },
{ "type": "Feature", "properties": { "grid_id": "cell_0211", "ward_id": "P/S", "ward_gid": 20, "NDVI_prev": 0.41287705297153376, "LST_C": 32.622473793428945, "NDVI": 0.44646348870110447, "pop_density_km2": 30783.594682677216, "elderly_pct": 4.7571458747859774, "slum_pct": 12.015655417791937, "hospital_dist_m": 1244.8529970875006, "impervious_pct": 34.450912931031553 }, "geometry": { "type": "Polygon", "coordinates": [ [ [ 72.891419681347145, 19.147819844381317 ], [ 72.881916561129188, 19.147710529401966 ], [ 72.881801245420007, 19.156741858100759 ], [ 72.889453312824557, 19.156829958753335 ], [ 72.890163700459951, 19.156510082084779 ], [ 72.8907899799962, 19.155901056434505 ], [ 72.891122040199491, 19.155585949502999 ], [ 72.891323398441514, 19.155394870652358 ], [ 72.891419681347145, 19.147819844381317 ] ] ] } },
{ "type": "Feature", "properties": { "grid_id": "cell_0212", "ward_id": "R/C", "ward_gid": 11, "NDVI_prev": 0.2872952916306083, "LST_C": 32.996607712187469, "NDVI": 0.29331051541969383, "pop_density_km2": 79599.98410517897, "elderly_pct": 4.7571458655525172, "slum_pct": 11.018173915336897, "hospital_dist_m": 200.06071185424017, "impervious_pct": 79.762969738957423 }, "geometry": { "type": "Polygon", "coordinates": [ [ [ 72.861744081700735, 19.23780216719819 ], [ 72.861861020130192, 19.228771036269819 ], [ 72.852353437388359, 19.228659742970873 ], [ 72.852235979945533, 19.23769081763016 ], [ 72.855493392797129, 19.237729020882245 ], [ 72.855500826029001, 19.237727982759861 ], [ 72.856119534579236, 19.237615876606956 ], [ 72.856920573941835, 19.237393105809044 ], [ 72.857702656550998, 19.23714125409834 ], [ 72.85789922147697, 19.237104207003529 ], [ 72.85798763509159, 19.237101307127411 ], [ 72.85834696807774, 19.237184209107806 ], [ 72.858660260491988, 19.237276880543657 ], [ 72.858633694597401, 19.237479236500118 ], [ 72.858689580423942, 19.237671339272843 ], [ 72.858717344170401, 19.237766774608946 ], [ 72.861744081700735, 19.23780216719819 ] ] ] } },
{ "type": "Feature", "properties": { "grid_id": "cell_0213", "ward_id": "R/C", "ward_gid": 11, "NDVI_prev": 0.45905132205422727, "LST_C": 28.335672452267847, "NDVI": 0.52749345625645039, "pop_density_km2": 4421.2523942101225, "elderly_pct": 4.7571458701459814, "slum_pct": 0.0, "hospital_dist_m": 1956.9830289379549, "impervious_pct": 0.0 }, "geometry": { "type": "Polygon", "coordinates": [ [ [ 72.82371207133572, 19.237353809888454 ], [ 72.814204234987983, 19.237240487677987 ], [ 72.81408463457818, 19.246271325154776 ], [ 72.820077927101991, 19.246342847917024 ], [ 72.820297825412808, 19.24629956901196 ], [ 72.820639967967921, 19.24623018518454 ], [ 72.821064391854208, 19.246131532584126 ], [ 72.821606576441894, 19.246073171755839 ], [ 72.822080410978131, 19.246022638508983 ], [ 72.822312922417012, 19.245986515427624 ], [ 72.822522857987082, 19.245937159239325 ], [ 72.822764695831495, 19.245883862366632 ], [ 72.823120883296568, 19.24578439169964 ], [ 72.823522903094783, 19.245659539293534 ], [ 72.823602833124781, 19.245638425150855 ], [ 72.82371207133572, 19.237353809888454 ] ] ] } },
{ "type": "Feature", "properties": { "grid_id": "cell_0214", "ward_id": "R/S", "ward_gid": 22, "NDVI_prev": 0.53405672376463575, "LST_C": 31.053542076805723, "NDVI": 0.56127590189538767, "pop_density_km2": 9433.6582994966757, "elderly_pct": 4.757145870355826, "slum_pct": 0.0, "hospital_dist_m": 918.26918863054493, "impervious_pct": 0.0 }, "geometry": { "type": "Polygon", "coordinates": [ [ [ 72.890729916367818, 19.202008006333429 ], [ 72.881223693117647, 19.20189835845261 ], [ 72.88110798779212, 19.210929629867 ], [ 72.888263420250141, 19.21101224614711 ], [ 72.889436475036916, 19.210472559993683 ], [ 72.889520457758493, 19.210435119185497 ], [ 72.889521017125233, 19.210434870113549 ], [ 72.889902392493667, 19.210264844074498 ], [ 72.890233764230473, 19.210117110595611 ], [ 72.890608744367754, 19.210266164470788 ], [ 72.890609032550245, 19.210266279938086 ], [ 72.89062451302992, 19.210272425265554 ], [ 72.890729916367818, 19.202008006333429 ] ] ] } },
{ "type": "Feature", "properties": { "grid_id": "cell_0215", "ward_id": "F/S", "ward_gid": 6, "NDVI_prev": 0.25560404775332429, "LST_C": 32.999496138469638, "NDVI": 0.28847934147825688, "pop_density_km2": 57632.146322926528, "elderly_pct": 5.5859844872533166, "slum_pct": 11.129321609294982, "hospital_dist_m": 223.50028483394047, "impervious_pct": 59.202317440833113 }, "geometry": { "type": "Polygon", "coordinates": [ [ [ 72.855268499170123, 19.002879771052012 ], [ 72.845773862855324, 19.002769395846869 ], [ 72.845657536206176, 19.011800652620408 ], [ 72.852109331411469, 19.011875742148501 ], [ 72.852267220830186, 19.011835557092262 ], [ 72.853202131564245, 19.01159803534545 ], [ 72.853298363962963, 19.01157481731267 ], [ 72.853310646871549, 19.011571854548968 ], [ 72.853605614014214, 19.011496912051417 ], [ 72.853987607572691, 19.011400794429896 ], [ 72.854055283993702, 19.011383690123964 ], [ 72.854102157197175, 19.011371843343216 ], [ 72.854161322800351, 19.011356735759691 ], [ 72.854376205972514, 19.011303760865996 ], [ 72.854522286796708, 19.011262975133267 ], [ 72.854681185173348, 19.011225511220466 ], [ 72.854839735190438, 19.011179179380118 ], [ 72.85483175768168, 19.011116182502175 ], [ 72.854816754085547, 19.011014471427004 ], [ 72.854811832597775, 19.010981109547515 ], [ 72.854952454042675, 19.010949475948689 ], [ 72.855165588697048, 19.010905042335043 ], [ 72.855268499170123, 19.002879771052012 ] ] ] } },
{ "type": "Feature", "properties": { "grid_id": "cell_0216", "ward_id": "P/S", "ward_gid": 20, "NDVI_prev": 0.60066376503800933, "LST_C": 30.154579538149523, "NDVI": 0.61779199125816819, "pop_density_km2": 14498.821254472059, "elderly_pct": 4.7571458746645563, "slum_pct": 1.6065206119789281, "hospital_dist_m": 473.37854401979763, "impervious_pct": 2.5774481712455755 }, "geometry": { "type": "Polygon", "coordinates": [ [ [ 72.872413505790462, 19.147600723686629 ], [ 72.881916561129188, 19.147710529401966 ], [ 72.882031811959109, 19.138679191169551 ], [ 72.878700765582153, 19.138640775017233 ], [ 72.878675728244303, 19.138782765544484 ], [ 72.878374452575713, 19.139380591567591 ], [ 72.878375767101033, 19.139402240019329 ], [ 72.878370013693768, 19.139507653024094 ], [ 72.878363460402511, 19.139542010713207 ], [ 72.878348148992671, 19.139556509343393 ], [ 72.878347360877328, 19.139557256386674 ], [ 72.878333463115609, 19.139570417448546 ], [ 72.878269376280315, 19.139573824816178 ], [ 72.878198169204467, 19.139577612429719 ], [ 72.878109975900585, 19.139580739117203 ], [ 72.878078040132763, 19.139540948149605 ], [ 72.878057188422403, 19.139483423335957 ], [ 72.877996282072743, 19.139315390896918 ], [ 72.877859715569812, 19.138938619977875 ], [ 72.877805553242709, 19.138789194300603 ], [ 72.877737457079249, 19.138754634843405 ], [ 72.877485462916326, 19.13862674419671 ], [ 72.877208725242298, 19.138623548102711 ], [ 72.877191127343394, 19.138630532822479 ], [ 72.876997496528531, 19.13867360924074 ], [ 72.876559586702626, 19.138727137413262 ], [ 72.876451373030349, 19.138631041180115 ], [ 72.876441790627638, 19.138614688457395 ], [ 72.875020163164393, 19.138598257323149 ], [ 72.87419574690955, 19.138741148339541 ], [ 72.873614069384232, 19.138901305539328 ], [ 72.872761224790651, 19.139132650670302 ], [ 72.872760881758992, 19.139132743818724 ], [ 72.872760579014198, 19.139132825871666 ], [ 72.872760138321027, 19.139132945637957 ], [ 72.872612441136994, 19.139173008716426 ], [ 72.87256373567736, 19.139186220771698 ], [ 72.872521220888999, 19.139197753356818 ], [ 72.872413505790462, 19.147600723686629 ] ] ] } },
{ "type": "Feature", "properties": { "grid_id": "cell_0217", "ward_id": "P/S", "ward_gid": 20, "NDVI_prev": 0.5587571443596786, "LST_C": 31.252818677645891, "NDVI": 0.58223048563811364, "pop_density_km2": 24636.686214273708, "elderly_pct": 4.7571458709984871, "slum_pct": 7.3616042001237378, "hospital_dist_m": 1080.7427082564811, "impervious_pct": 8.3348233412837907 }, "geometry": { "type": "Polygon", "coordinates": [ [ [ 72.881801245420007, 19.156741858100759 ], [ 72.872297673651929, 19.156631996667489 ], [ 72.872181776327466, 19.165663260104942 ], [ 72.87916155815644, 19.165744031007179 ], [ 72.879905557059743, 19.165416032812924 ], [ 72.880582522548508, 19.165117582808126 ], [ 72.880969148099652, 19.164962215914414 ], [ 72.881275742337905, 19.164839009714505 ], [ 72.881699890098744, 19.164675631777435 ], [ 72.881801245420007, 19.156741858100759 ] ] ] } },
{ "type": "Feature", "properties": { "grid_id": "cell_0218", "ward_id": "F/N", "ward_gid": 8, "NDVI_prev": 0.24777755045583902, "LST_C": 34.610116766078733, "NDVI": 0.26507613960407339, "pop_density_km2": 67654.326316286446, "elderly_pct": 5.5807369870737835, "slum_pct": 25.846264572638482, "hospital_dist_m": 630.43568580859176, "impervious_pct": 40.712864990663874 }, "geometry": { "type": "Polygon", "coordinates": [ [ [ 72.864532529464483, 19.021052388588856 ], [ 72.874028320308412, 19.021161902105192 ], [ 72.87414317660631, 19.012130486446626 ], [ 72.866530941324029, 19.012042774525383 ], [ 72.866466140810161, 19.012159873081846 ], [ 72.86634416783275, 19.012365324463801 ], [ 72.866264609516335, 19.012503153147097 ], [ 72.866192787937166, 19.012588935820908 ], [ 72.866138373050404, 19.012626988617654 ], [ 72.866111682695887, 19.01264013470978 ], [ 72.866054894920623, 19.012656296894033 ], [ 72.86601862053314, 19.012658400720568 ], [ 72.865795087028161, 19.012647410725389 ], [ 72.865709160872385, 19.012660713636926 ], [ 72.86565511076806, 19.012670180186078 ], [ 72.865589290218736, 19.012701373934707 ], [ 72.865492985779312, 19.01276585128052 ], [ 72.865426875358125, 19.01281974567009 ], [ 72.865309681615457, 19.01292770800444 ], [ 72.865190386987464, 19.013061713592872 ], [ 72.865120117873971, 19.013164331545124 ], [ 72.86506311874632, 19.01326626184499 ], [ 72.865024625409148, 19.013303657281515 ], [ 72.864908647872937, 19.01338556571287 ], [ 72.864817120416461, 19.013491301488777 ], [ 72.864625473055668, 19.013776903548514 ], [ 72.864532529464483, 19.021052388588856 ] ] ] } },
{ "type": "Feature", "properties": { "grid_id": "cell_0219", "ward_id": "P/N", "ward_gid": 21, "NDVI_prev": 0.25147826367957199, "LST_C": 34.485366363034949, "NDVI": 0.29007762143034482, "pop_density_km2": 78346.123793670908, "elderly_pct": 4.7571458640858477, "slum_pct": 32.450576475056103, "hospital_dist_m": 184.78026000643229, "impervious_pct": 74.139982691475623 }, "geometry": { "type": "Polygon", "coordinates": [ [ [ 72.862444728491084, 19.183615237994207 ], [ 72.852939736452143, 19.183504225951708 ], [ 72.852822608337746, 19.192535348505427 ], [ 72.860454027693763, 19.192624557747152 ], [ 72.860472596911933, 19.192603027059221 ], [ 72.860567046241528, 19.192495869482773 ], [ 72.860594146341256, 19.192463488236125 ], [ 72.860647216822116, 19.192400075663109 ], [ 72.860698394930452, 19.19233892788295 ], [ 72.860711450555826, 19.192323328637876 ], [ 72.860713847256335, 19.192320639580874 ], [ 72.860723554028823, 19.192309748505568 ], [ 72.860794563462633, 19.192230072160832 ], [ 72.860894821371531, 19.192117579390828 ], [ 72.860990193892093, 19.192008151203567 ], [ 72.861046748755243, 19.191946093692255 ], [ 72.861056736213456, 19.191935134151176 ], [ 72.861090569611733, 19.191898009000159 ], [ 72.861132867976934, 19.19185332531173 ], [ 72.861216098918717, 19.191762574226388 ], [ 72.861280804541096, 19.191692022558552 ], [ 72.861306230070284, 19.191675169740204 ], [ 72.861456239972171, 19.191575738831375 ], [ 72.861467220706132, 19.191572855235847 ], [ 72.861467221850532, 19.191572854960153 ], [ 72.861527840969444, 19.191556937604609 ], [ 72.861616614400077, 19.191533632182985 ], [ 72.861714842269919, 19.191507842681297 ], [ 72.861714843414305, 19.191507842405592 ], [ 72.861857321187529, 19.191470436050693 ], [ 72.862087330417552, 19.191410049204212 ], [ 72.862118682325246, 19.191410322252338 ], [ 72.862188086764689, 19.1914109267993 ], [ 72.862310615221631, 19.191373955606949 ], [ 72.862344684689333, 19.191363675412767 ], [ 72.862444728491084, 19.183615237994207 ] ] ] } },
{ "type": "Feature", "properties": { "grid_id": "cell_0220", "ward_id": "P/N", "ward_gid": 21, "NDVI_prev": 0.40137736603444835, "LST_C": 29.79763363549554, "NDVI": 0.47263383892368682, "pop_density_km2": 12475.779249821953, "elderly_pct": 4.7571458679791156, "slum_pct": 3.0576980397654419, "hospital_dist_m": 1749.5325614292237, "impervious_pct": 6.5220855754592009 }, "geometry": { "type": "Polygon", "coordinates": [ [ [ 72.796391433578904, 19.146704613215789 ], [ 72.796271470597858, 19.155735431492396 ], [ 72.805774512746254, 19.155849220279205 ], [ 72.805857190323181, 19.149598848755243 ], [ 72.805218689180833, 19.148252883641394 ], [ 72.804729275652221, 19.147073408585367 ], [ 72.804652997276548, 19.146803519722614 ], [ 72.796391433578904, 19.146704613215789 ] ] ] } },
{ "type": "Feature", "properties": { "grid_id": "cell_0221", "ward_id": "T", "ward_gid": 13, "NDVI_prev": 0.40713139684111116, "LST_C": 33.291593065465314, "NDVI": 0.37762301048898189, "pop_density_km2": 50777.356561573179, "elderly_pct": 4.7571458703077436, "slum_pct": 10.819873994260018, "hospital_dist_m": 197.96866300049209, "impervious_pct": 49.657731930758594 }, "geometry": { "type": "Polygon", "coordinates": [ [ [ 72.929094414896696, 19.175346978784791 ], [ 72.938599405602886, 19.175454002559349 ], [ 72.938711748718404, 19.166422363790833 ], [ 72.932789353618062, 19.166355767071483 ], [ 72.932004754570073, 19.166886352487797 ], [ 72.931634113911713, 19.167100412532179 ], [ 72.931587066475572, 19.167123067408028 ], [ 72.931499311534239, 19.167149127754922 ], [ 72.931419736651094, 19.167171416047807 ], [ 72.931340209969179, 19.167189840693727 ], [ 72.931287232357505, 19.167198904065607 ], [ 72.931228179963369, 19.167205966900504 ], [ 72.931177283542539, 19.167211189541128 ], [ 72.93098143904011, 19.16722110924669 ], [ 72.930627658050312, 19.167114011975752 ], [ 72.930301069255378, 19.166987236986781 ], [ 72.930093673960428, 19.166903999079757 ], [ 72.930047954868087, 19.166882096322109 ], [ 72.929960488492796, 19.1668336862042 ], [ 72.929821757668932, 19.166737274122099 ], [ 72.929632648210642, 19.166600308998905 ], [ 72.929600638824667, 19.166577630884156 ], [ 72.929573393875955, 19.166565235171113 ], [ 72.929544145586704, 19.166556536375381 ], [ 72.929494857786835, 19.1665541207025 ], [ 72.929204470576138, 19.166539888095986 ], [ 72.929094414896696, 19.175346978784791 ] ] ] } },
{ "type": "Feature", "properties": { "grid_id": "cell_0222", "ward_id": "K/E", "ward_gid": 19, "NDVI_prev": 0.23579212062710808, "LST_C": 37.636297188243844, "NDVI": 0.24426082437627658, "pop_density_km2": 85318.323196446654, "elderly_pct": 4.7571458721122095, "slum_pct": 5.3095055242780234, "hospital_dist_m": 992.11718660709539, "impervious_pct": 74.290318961208527 }, "geometry": { "type": "Polygon", "coordinates": [ [ [ 72.854107400418201, 19.093192474878528 ], [ 72.853990929726208, 19.102223692924991 ], [ 72.863491276805874, 19.102334199078452 ], [ 72.863607232842327, 19.093302924851574 ], [ 72.859941377050106, 19.093260361768962 ], [ 72.859874303721, 19.093295763587889 ], [ 72.859642741884798, 19.093490097136364 ], [ 72.85947768434464, 19.093602245609262 ], [ 72.859344943753541, 19.093745878726054 ], [ 72.859059383380242, 19.093898104860525 ], [ 72.858762916353371, 19.094050203688056 ], [ 72.858488928208658, 19.094150714832487 ], [ 72.858204300451874, 19.094230362371761 ], [ 72.857995750023932, 19.094331633794585 ], [ 72.857874031764297, 19.094425213770855 ], [ 72.857084907396285, 19.09356191432337 ], [ 72.856729183928891, 19.093223006043555 ], [ 72.854107400418201, 19.093192474878528 ] ] ] } },
{ "type": "Feature", "properties": { "grid_id": "cell_0223", "ward_id": "N", "ward_gid": 10, "NDVI_prev": 0.30747818447317715, "LST_C": 36.691437822965042, "NDVI": 0.34525513600232827, "pop_density_km2": 90069.446381918635, "elderly_pct": 4.7571458684299355, "slum_pct": 34.818452119930924, "hospital_dist_m": 240.0384448496448, "impervious_pct": 61.191668144429741 }, "geometry": { "type": "Polygon", "coordinates": [ [ [ 72.91099398707938, 19.102879387615275 ], [ 72.9111073695952, 19.093847836217982 ], [ 72.90160721326022, 19.0937398324591 ], [ 72.901516940328676, 19.100898454785792 ], [ 72.901560769325386, 19.100942949731532 ], [ 72.901646928186409, 19.101017573461647 ], [ 72.901708099551243, 19.101093437386499 ], [ 72.901756412026032, 19.101153356455459 ], [ 72.901985850517377, 19.101396211827922 ], [ 72.902397341586237, 19.101631532221901 ], [ 72.903025961229233, 19.102116005843676 ], [ 72.90330454477197, 19.102211864440374 ], [ 72.903482766829711, 19.102273188578735 ], [ 72.903596944116785, 19.102312475502213 ], [ 72.903642050070218, 19.102327995821483 ], [ 72.903659648607984, 19.102364436112882 ], [ 72.903665747596861, 19.102377064735713 ], [ 72.903730716127015, 19.102511588904342 ], [ 72.903810423461508, 19.102652900666186 ], [ 72.90388892341403, 19.102792070093422 ], [ 72.903896593949355, 19.10279870963512 ], [ 72.91099398707938, 19.102879387615275 ] ] ] } },
{ "type": "Feature", "properties": { "grid_id": "cell_0224", "ward_id": "P/N", "ward_gid": 21, "NDVI_prev": 0.35976876472759328, "LST_C": 33.593340592013341, "NDVI": 0.41169360683958556, "pop_density_km2": 45376.635624034156, "elderly_pct": 4.7571458718280928, "slum_pct": 8.951803658792084, "hospital_dist_m": 483.15102521551466, "impervious_pct": 39.973117912749238 }, "geometry": { "type": "Polygon", "coordinates": [ [ [ 72.871949786055552, 19.183725758333839 ], [ 72.881454908854863, 19.183835786956042 ], [ 72.881570419299081, 19.174804486881737 ], [ 72.87413088857528, 19.174718449765109 ], [ 72.874126946434146, 19.174768490721416 ], [ 72.874083376879227, 19.175321564005046 ], [ 72.874059607066627, 19.175623298385418 ], [ 72.874058567839384, 19.175636486373687 ], [ 72.874032655507804, 19.175965404131773 ], [ 72.873841163164556, 19.175947076386361 ], [ 72.873786295504374, 19.175941826322052 ], [ 72.873580228370017, 19.175922101565085 ], [ 72.873428178203838, 19.175907547536447 ], [ 72.87342813080113, 19.175907543518559 ], [ 72.873081461653257, 19.175874362149951 ], [ 72.872251074331018, 19.17579487897067 ], [ 72.872230768213441, 19.175792934678938 ], [ 72.872093705232132, 19.175779814737044 ], [ 72.872051925364772, 19.17577581535766 ], [ 72.871949786055552, 19.183725758333839 ] ] ] } },
{ "type": "Feature", "properties": { "grid_id": "cell_0225", "ward_id": "M/W", "ward_gid": 17, "NDVI_prev": 0.33307174354864705, "LST_C": 33.06762747563409, "NDVI": 0.3857306622407376, "pop_density_km2": 76667.108087475513, "elderly_pct": 4.7571905063627167, "slum_pct": 0.46142839080453951, "hospital_dist_m": 2195.4810947907717, "impervious_pct": 46.062118596263396 }, "geometry": { "type": "Polygon", "coordinates": [ [ [ 72.883524176095136, 19.02127092838229 ], [ 72.893020096535238, 19.021379467405833 ], [ 72.893133928655203, 19.012347940734749 ], [ 72.884496401095333, 19.012249278297428 ], [ 72.884388590834533, 19.013453346983596 ], [ 72.884387246079882, 19.013468883340128 ], [ 72.884372757121582, 19.013656411575578 ], [ 72.88436268671343, 19.013771537497213 ], [ 72.884358139751427, 19.013836446540367 ], [ 72.884325265922513, 19.01421900978545 ], [ 72.884296343936086, 19.014519438855388 ], [ 72.884048018860582, 19.015360854976439 ], [ 72.883950375601273, 19.015617951711128 ], [ 72.883864284560062, 19.015796610792862 ], [ 72.88374986130863, 19.015964068988751 ], [ 72.883588966720438, 19.016154072733318 ], [ 72.883524176095136, 19.02127092838229 ] ] ] } },
{ "type": "Feature", "properties": { "grid_id": "cell_0226", "ward_id": "P/N", "ward_gid": 21, "NDVI_prev": 0.32144201391574112, "LST_C": 31.351105741324513, "NDVI": 0.41362264657437392, "pop_density_km2": 9561.1078411042636, "elderly_pct": 4.7571458772475195, "slum_pct": 0.26574109154489955, "hospital_dist_m": 2049.778236188034, "impervious_pct": 14.346709294858659 }, "geometry": { "type": "Polygon", "coordinates": [ [ [ 72.795670642715407, 19.200889378928075 ], [ 72.80517627070617, 19.201003456351632 ], [ 72.805296053652924, 19.191972628331211 ], [ 72.795790943411831, 19.191858608647156 ], [ 72.795789388755381, 19.191975346511523 ], [ 72.795943451850576, 19.192404137282942 ], [ 72.796235555724152, 19.193112862123055 ], [ 72.796553494111066, 19.193623555831067 ], [ 72.796522381015819, 19.194218206015801 ], [ 72.796559963487852, 19.194879795570788 ], [ 72.796432853357587, 19.195715708962709 ], [ 72.796402675256289, 19.196165982768836 ], [ 72.795734482523898, 19.196097665238963 ], [ 72.795670642715407, 19.200889378928075 ] ] ] } },
{ "type": "Feature", "properties": { "grid_id": "cell_0227", "ward_id": "R/N", "ward_gid": 15, "NDVI_prev": 0.27709183678472005, "LST_C": 33.675495539406938, "NDVI": 0.31092609756692025, "pop_density_km2": 74800.896435163231, "elderly_pct": 4.7571458741832506, "slum_pct": 25.465451154765507, "hospital_dist_m": 93.265104215701058, "impervious_pct": 73.932134771425126 }, "geometry": { "type": "Polygon", "coordinates": [ [ [ 72.861627077647157, 19.246833288541787 ], [ 72.871135764347457, 19.246944200938234 ], [ 72.871249546735271, 19.238122596576101 ], [ 72.870632976182918, 19.238017639059617 ], [ 72.870278044634205, 19.237962519861881 ], [ 72.87009289809248, 19.237991459692644 ], [ 72.869878338336747, 19.238013979170265 ], [ 72.869563249833561, 19.237988757857405 ], [ 72.869100974684699, 19.237986398446189 ], [ 72.868825643515905, 19.238007905278966 ], [ 72.868639437099361, 19.238035745448602 ], [ 72.868194162487981, 19.238121618128638 ], [ 72.8679916173284, 19.238165299202464 ], [ 72.867952112097868, 19.238176801230587 ], [ 72.867669537766915, 19.238277608887351 ], [ 72.867332257826831, 19.238403973565497 ], [ 72.867159508896648, 19.238446316007735 ], [ 72.867055587859923, 19.238462619654182 ], [ 72.864870680856654, 19.238491701825087 ], [ 72.864352673450057, 19.238495977765982 ], [ 72.864310661027488, 19.238224947772327 ], [ 72.864284792069, 19.238058061608687 ], [ 72.864249702606415, 19.237831428337188 ], [ 72.862324635282121, 19.237808950071571 ], [ 72.862323979198663, 19.237810410724258 ], [ 72.862323952298226, 19.237810302598152 ], [ 72.862323612712828, 19.237808938126047 ], [ 72.862312549130138, 19.237808808882292 ], [ 72.862233187915592, 19.237860240612374 ], [ 72.861914603527666, 19.238066705354342 ], [ 72.861885436863901, 19.238085607349294 ], [ 72.861739494839682, 19.238156306084559 ], [ 72.861627077647157, 19.246833288541787 ] ] ] } },
{ "type": "Feature", "properties": { "grid_id": "cell_0228", "ward_id": "M/W", "ward_gid": 17, "NDVI_prev": 0.26335587812083827, "LST_C": 33.95001756663013, "NDVI": 0.28327018047172769, "pop_density_km2": 91692.09661889945, "elderly_pct": 4.7571458702251688, "slum_pct": 20.379962202513109, "hospital_dist_m": 133.67851351816353, "impervious_pct": 76.569948008716835 }, "geometry": { "type": "Polygon", "coordinates": [ [ [ 72.892564124255543, 19.057505479324472 ], [ 72.892678213927425, 19.048473990567551 ], [ 72.883180755459662, 19.048365285363403 ], [ 72.883100386622004, 19.054699391674458 ], [ 72.884011657464399, 19.055898523944041 ], [ 72.88509822217712, 19.057420028920557 ], [ 72.892564124255543, 19.057505479324472 ] ] ] } },
{ "type": "Feature", "properties": { "grid_id": "cell_0229", "ward_id": "B", "ward_gid": 2, "NDVI_prev": 0.1286158531758162, "LST_C": 36.20857737273645, "NDVI": 0.16220427310473251, "pop_density_km2": 88337.400677060054, "elderly_pct": 5.5859844798296203, "slum_pct": 0.52043965754203847, "hospital_dist_m": 346.67067364237971, "impervious_pct": 71.06710973501805 }, "geometry": { "type": "Polygon", "coordinates": [ [ [ 72.846470441977715, 18.948581655974088 ], [ 72.844115267553065, 18.948554276857017 ], [ 72.842305502024374, 18.948935515577674 ], [ 72.84230549822729, 18.948935515569616 ], [ 72.842073315711147, 18.948935668576979 ], [ 72.842033559843372, 18.948935694374306 ], [ 72.841820789671289, 18.948935833750358 ], [ 72.841742077262964, 18.948935884599745 ], [ 72.841688351449832, 18.948935920173369 ], [ 72.841633912708417, 18.948935956461963 ], [ 72.841633219710658, 18.948935957424609 ], [ 72.84157947398036, 18.948935991831398 ], [ 72.841503670878382, 18.948991194539587 ], [ 72.84137756589088, 18.948995152716929 ], [ 72.841352789585912, 18.948992325083825 ], [ 72.841246190239147, 18.948980160362634 ], [ 72.84096878649683, 18.94893639160987 ], [ 72.840830499336718, 18.948914572919715 ], [ 72.840700903064388, 18.948894125295443 ], [ 72.840665452454843, 18.948888531169526 ], [ 72.840651475967931, 18.948885287306862 ], [ 72.840591640316759, 18.948871398026174 ], [ 72.84054906348473, 18.948861516161077 ], [ 72.840427722650475, 18.948833351340287 ], [ 72.840416708615706, 18.94883079503726 ], [ 72.840302701053432, 18.94880433242388 ], [ 72.840253948166009, 18.948808464021141 ], [ 72.840216645805697, 18.948811625246428 ], [ 72.840210077138408, 18.94881963020287 ], [ 72.840136309660991, 18.948825881090251 ], [ 72.839227426095405, 18.948902893253639 ], [ 72.838865418381815, 18.948943899882455 ], [ 72.83870825562505, 18.948961115304542 ], [ 72.838420834006271, 18.948992596921386 ], [ 72.838419703697213, 18.948992721035165 ], [ 72.838032554660202, 18.94903512640521 ], [ 72.837948613295111, 18.949044414632709 ], [ 72.837947745688254, 18.94904451113317 ], [ 72.837781371266459, 18.949062921667974 ], [ 72.837761097712985, 18.949065165515762 ], [ 72.837713656904967, 18.94905402944255 ], [ 72.83765060565969, 18.949039230064564 ], [ 72.837541134836556, 18.949013534990538 ], [ 72.837248848271088, 18.948944927138623 ], [ 72.8372415924253, 18.948942863424683 ], [ 72.837238544046258, 18.948941995046166 ], [ 72.837156434244662, 18.948916272170109 ], [ 72.837094322216885, 18.948900127774749 ], [ 72.837053221682638, 18.948889445801214 ], [ 72.836973812068905, 18.948868632680067 ], [ 72.836862493514104, 18.957502390752477 ], [ 72.846354509753539, 18.957612969651088 ], [ 72.846423743766678, 18.952220141176355 ], [ 72.846398537700964, 18.95220992055382 ], [ 72.846374420885255, 18.952206475245781 ], [ 72.846328499579045, 18.952005914198303 ], [ 72.846344542943882, 18.951982326676866 ], [ 72.846424594706804, 18.951995576603789 ], [ 72.84642662210257, 18.951995900063682 ], [ 72.846431984317007, 18.95157814020509 ], [ 72.846396339853172, 18.951432340888509 ], [ 72.84637582837172, 18.951325965136768 ], [ 72.846235452175492, 18.950771128441573 ], [ 72.846185452127841, 18.950569723083994 ], [ 72.846446290074397, 18.950463552363662 ], [ 72.846470441977715, 18.948581655974088 ] ] ] } },
{ "type": "Feature", "properties": { "grid_id": "cell_0230", "ward_id": "P/S", "ward_gid": 20, "NDVI_prev": 0.24751944647231636, "LST_C": 34.698956772730725, "NDVI": 0.26773547947351478, "pop_density_km2": 61965.020149055439, "elderly_pct": 4.7571458718070083, "slum_pct": 2.8852929670582639, "hospital_dist_m": 519.16336548782806, "impervious_pct": 70.753020231164371 }, "geometry": { "type": "Polygon", "coordinates": [ [ [ 72.843787350625064, 19.156299466603024 ], [ 72.853290725963987, 19.156410800904073 ], [ 72.85340759091234, 19.147379640105861 ], [ 72.845968417356445, 19.147292569660991 ], [ 72.84595369186961, 19.147302126328036 ], [ 72.845935573117359, 19.147324307724432 ], [ 72.845877140034361, 19.147369681102465 ], [ 72.845806482288083, 19.14742283081068 ], [ 72.845659725482932, 19.147532421897832 ], [ 72.845611215290688, 19.147561209552123 ], [ 72.845560078738373, 19.147591557918297 ], [ 72.845500235648473, 19.147627074624658 ], [ 72.84549100904222, 19.147632551212094 ], [ 72.845477619398977, 19.147687300907247 ], [ 72.845448912087477, 19.147816968915343 ], [ 72.845401643965701, 19.14803079084464 ], [ 72.845396271118375, 19.148055094787036 ], [ 72.845369349740295, 19.148138781229111 ], [ 72.845326543542555, 19.148251392178146 ], [ 72.845286159302276, 19.148359587531779 ], [ 72.845248394502832, 19.148460968772415 ], [ 72.845229009724477, 19.148488829744423 ], [ 72.845193753951719, 19.148539498569978 ], [ 72.845087972031706, 19.148699058694127 ], [ 72.845071595481997, 19.148723761042287 ], [ 72.844990978165612, 19.148821917140285 ], [ 72.844945223378801, 19.148867343127787 ], [ 72.844906482019482, 19.148905804229088 ], [ 72.844882550199884, 19.148933814139365 ], [ 72.844881882344751, 19.148934595744091 ], [ 72.844881017591646, 19.148935608980459 ], [ 72.844839421381593, 19.148984291158417 ], [ 72.844815313934291, 19.149012503131623 ], [ 72.844681894216606, 19.149176983879485 ], [ 72.844531712052955, 19.149361234138006 ], [ 72.844450639118278, 19.149454466403217 ], [ 72.844411656585947, 19.149507081162806 ], [ 72.844152219457882, 19.149745176056939 ], [ 72.843883479316943, 19.149951552144863 ], [ 72.843869784400852, 19.149957695250134 ], [ 72.843787350625064, 19.156299466603024 ] ] ] } },
{ "type": "Feature", "properties": { "grid_id": "cell_0231", "ward_id": "P/N", "ward_gid": 21, "NDVI_prev": 0.27250419454462821, "LST_C": 36.554532339509379, "NDVI": 0.34841921475713494, "pop_density_km2": 63805.37897650199, "elderly_pct": 4.7571458722527691, "slum_pct": 61.298570350380352, "hospital_dist_m": 796.83322489788304, "impervious_pct": 59.912889286759615 }, "geometry": { "type": "Polygon", "coordinates": [ [ [ 72.871833693075459, 19.192756993117396 ], [ 72.871949786055552, 19.183725758333839 ], [ 72.862444728491084, 19.183615237994207 ], [ 72.862344684689333, 19.191363675412767 ], [ 72.862511265288049, 19.19131341091299 ], [ 72.862620654773579, 19.191297090365882 ], [ 72.862667368418101, 19.191290120959238 ], [ 72.862720836592388, 19.191282144631661 ], [ 72.862749067905014, 19.191277932274637 ], [ 72.862789654294744, 19.191267871515929 ], [ 72.862816363976947, 19.1912612493079 ], [ 72.862885958769581, 19.191243997681806 ], [ 72.862891580506769, 19.191242604122714 ], [ 72.862953837124806, 19.191227171147133 ], [ 72.862963094370727, 19.191224876525428 ], [ 72.863060670858729, 19.191200687912666 ], [ 72.863209787825198, 19.191163721875423 ], [ 72.863250510901963, 19.191153626761341 ], [ 72.863268609130586, 19.191148289221218 ], [ 72.863288769294002, 19.19114234444017 ], [ 72.863307552789649, 19.191136805615308 ], [ 72.863310045951067, 19.191136069285765 ], [ 72.863313517538387, 19.191135046066751 ], [ 72.863364486408585, 19.19112450610686 ], [ 72.863429584525349, 19.191111043912802 ], [ 72.863429585669266, 19.191111043673214 ], [ 72.863452970881042, 19.191106208360743 ], [ 72.863477867827982, 19.191101058695413 ], [ 72.863550352588391, 19.191086070720345 ], [ 72.863654661021698, 19.191064499150535 ], [ 72.863661473053142, 19.191063090530267 ], [ 72.863705434619334, 19.191054000751127 ], [ 72.863711475533151, 19.191052750789101 ], [ 72.863744776765614, 19.191045864164181 ], [ 72.863769301148082, 19.191041388786275 ], [ 72.863782917261162, 19.191038904419614 ], [ 72.863839999961101, 19.19102617524435 ], [ 72.864044045943515, 19.190983985475999 ], [ 72.864083286207048, 19.191035986734551 ], [ 72.864101423977061, 19.191060023111675 ], [ 72.864114352534216, 19.191077155465756 ], [ 72.864134716852163, 19.191104142874352 ], [ 72.864184637200736, 19.191101488234814 ], [ 72.864270033310447, 19.191096948324798 ], [ 72.864266206470035, 19.191175584293884 ], [ 72.864262097771899, 19.1912600313361 ], [ 72.864258337109732, 19.191337309579353 ], [ 72.864254099662801, 19.191424377303438 ], [ 72.864257165789624, 19.191433086570811 ], [ 72.864292676446667, 19.19153394206921 ], [ 72.864300078867089, 19.191554965291537 ], [ 72.864315858017804, 19.191599779382656 ], [ 72.864316140906809, 19.191600583900318 ], [ 72.864322965760124, 19.191619969045288 ], [ 72.86433128263333, 19.191643589260288 ], [ 72.864336951116144, 19.191696103580639 ], [ 72.864338353237656, 19.191709097870795 ], [ 72.864339110832717, 19.191716117683129 ], [ 72.864339547743455, 19.191720169351672 ], [ 72.864347511940764, 19.19179394686099 ], [ 72.864352475978379, 19.191839943763625 ], [ 72.864354811861702, 19.191861583174386 ], [ 72.86436444019742, 19.19195077787964 ], [ 72.864431272108973, 19.192025917381198 ], [ 72.864450329586376, 19.192047344575389 ], [ 72.864456399003942, 19.192054168428339 ], [ 72.864493507626449, 19.192095889609785 ], [ 72.864532103626971, 19.192139283737049 ], [ 72.864538631294636, 19.192146622757718 ], [ 72.864543489196492, 19.192152084445468 ], [ 72.864561879787999, 19.192172761605061 ], [ 72.864568496423871, 19.192221305131135 ], [ 72.864572316180585, 19.192249323046561 ], [ 72.864575700046089, 19.192274147180402 ], [ 72.864575700183735, 19.19227414830204 ], [ 72.864585599516133, 19.192346774873414 ], [ 72.864592495245731, 19.192397361125735 ], [ 72.864607271563116, 19.192505766510813 ], [ 72.864630099765634, 19.192673240464558 ], [ 72.871833693075459, 19.192756993117396 ] ] ] } },
{ "type": "Feature", "properties": { "grid_id": "cell_0232", "ward_id": "T", "ward_gid": 13, "NDVI_prev": 0.30081557205801818, "LST_C": 33.498874140949532, "NDVI": 0.29575127301798609, "pop_density_km2": 99082.256901139001, "elderly_pct": 4.7571458717098798, "slum_pct": 7.5757653776119458, "hospital_dist_m": 354.1496678048839, "impervious_pct": 73.29269805391705 }, "geometry": { "type": "Polygon", "coordinates": [ [ [ 72.957609576276482, 19.175666575389332 ], [ 72.948104459493038, 19.175560534765534 ], [ 72.947992570606758, 19.184592218015453 ], [ 72.955370606427351, 19.184674608596545 ], [ 72.955423240229507, 19.184651247983055 ], [ 72.955423296120586, 19.184651187181903 ], [ 72.955527991381828, 19.18436821503386 ], [ 72.955855709947414, 19.184216729881452 ], [ 72.95587002573771, 19.184117281997263 ], [ 72.95588765977871, 19.183798843334174 ], [ 72.955887638216822, 19.183798818704894 ], [ 72.955887226874097, 19.183798331760624 ], [ 72.955887019754599, 19.183798090078959 ], [ 72.955691499587189, 19.183568448446202 ], [ 72.955691467714161, 19.183568411959122 ], [ 72.95578659111392, 19.183330799400355 ], [ 72.956421334774831, 19.183007052915745 ], [ 72.956457566145573, 19.182898982319788 ], [ 72.956557847296637, 19.182764388090092 ], [ 72.956663732659877, 19.182706761121743 ], [ 72.956663822995992, 19.182706759418096 ], [ 72.956996003551595, 19.182695687616274 ], [ 72.957187235276336, 19.182698737735631 ], [ 72.957187328419579, 19.182698739676184 ], [ 72.957262802584253, 19.182699880036953 ], [ 72.957264721643284, 19.182699910439805 ], [ 72.95734300742032, 19.182701092916119 ], [ 72.957503818590538, 19.182590489816157 ], [ 72.957503875334183, 19.182590513933697 ], [ 72.957524103444101, 19.182598501292187 ], [ 72.957609576276482, 19.175666575389332 ] ] ] } },
{ "type": "Feature", "properties": { "grid_id": "cell_0233", "ward_id": "T", "ward_gid": 13, "NDVI_prev": 0.30625391642936833, "LST_C": 30.819858877007906, "NDVI": 0.32069208656978432, "pop_density_km2": 46377.278994670429, "elderly_pct": 4.7571458715543304, "slum_pct": 0.0, "hospital_dist_m": 1552.4490559416492, "impervious_pct": 5.7520197377969193 }, "geometry": { "type": "Polygon", "coordinates": [ [ [ 72.95783213139903, 19.15760307290871 ], [ 72.967336276767853, 19.157708514964916 ], [ 72.967446943891673, 19.148676696007989 ], [ 72.961468913442886, 19.148610461194295 ], [ 72.961468014633141, 19.148612468747135 ], [ 72.961447367394356, 19.148659910330078 ], [ 72.961386245342382, 19.148735505196612 ], [ 72.961168825064163, 19.148876104465664 ], [ 72.960220416942946, 19.149313680915434 ], [ 72.959962695693321, 19.149468132306943 ], [ 72.958947391743152, 19.149956914001844 ], [ 72.958829708495088, 19.14999069088141 ], [ 72.958278153527758, 19.150164111528692 ], [ 72.9579229763673, 19.150223860304621 ], [ 72.95783213139903, 19.15760307290871 ] ] ] } },
{ "type": "Feature", "properties": { "grid_id": "cell_0234", "ward_id": "K/W", "ward_gid": 14, "NDVI_prev": 0.36376308890813924, "LST_C": 32.747192931824969, "NDVI": 0.32637702929849632, "pop_density_km2": 59863.508912487043, "elderly_pct": 4.7571458716750286, "slum_pct": 2.0039251826545361, "hospital_dist_m": 780.38799592452051, "impervious_pct": 34.698886946286144 }, "geometry": { "type": "Polygon", "coordinates": [ [ [ 72.825490283657686, 19.101889237833465 ], [ 72.834990432862114, 19.102001212287863 ], [ 72.835107932816015, 19.092970107348492 ], [ 72.826483659226724, 19.092868523157101 ], [ 72.826474558165145, 19.092958303076024 ], [ 72.826436801847848, 19.093325055433414 ], [ 72.826426788495283, 19.09351880702782 ], [ 72.826416476683136, 19.093736572375061 ], [ 72.826406312289834, 19.093971563431335 ], [ 72.826393437511314, 19.094276656739272 ], [ 72.826369328185038, 19.094691034655021 ], [ 72.826349021731616, 19.095020901113489 ], [ 72.826336821048173, 19.095281919470164 ], [ 72.826310628222828, 19.095681842518935 ], [ 72.826288495673822, 19.096032692316918 ], [ 72.826270952180025, 19.096292903283754 ], [ 72.826270026425362, 19.096345080924952 ], [ 72.826268829903256, 19.096390128769478 ], [ 72.826259309608645, 19.09642802581503 ], [ 72.826209935143311, 19.096559467472677 ], [ 72.826170485244674, 19.096694212021614 ], [ 72.826055561712195, 19.096967866944158 ], [ 72.826011869129886, 19.097105527596579 ], [ 72.825853353361055, 19.097602829380033 ], [ 72.82584408005556, 19.097631916347421 ], [ 72.825809953106244, 19.097740193521972 ], [ 72.825768500997626, 19.097871705950411 ], [ 72.825672307062064, 19.098188748592172 ], [ 72.825533756472694, 19.098563079999614 ], [ 72.825490283657686, 19.101889237833465 ] ] ] } },
{ "type": "Feature", "properties": { "grid_id": "cell_0235", "ward_id": "A", "ward_gid": 1, "NDVI_prev": 0.33803284990076909, "LST_C": 31.799005914921658, "NDVI": 0.32562500914884041, "pop_density_km2": 57831.503968189783, "elderly_pct": 5.5859844916081718, "slum_pct": 9.1782071033763781, "hospital_dist_m": 855.52430657104014, "impervious_pct": 51.45129721400906 }, "geometry": { "type": "Polygon", "coordinates": [ [ [ 72.80909367223974, 18.902981084016027 ], [ 72.808976034156089, 18.912012217297907 ], [ 72.818465304741807, 18.91212396589696 ], [ 72.818538239726109, 18.906500970685986 ], [ 72.818491060392617, 18.906541122248438 ], [ 72.818437694206878, 18.90658654088238 ], [ 72.818198378296884, 18.906788102828987 ], [ 72.817873759056496, 18.907061511663716 ], [ 72.817489077579935, 18.906535707140716 ], [ 72.817463469857685, 18.906351125562892 ], [ 72.817671005686591, 18.90604628943036 ], [ 72.81770534875136, 18.905915250137074 ], [ 72.817688363372199, 18.905869643000702 ], [ 72.817651169058976, 18.905833357824147 ], [ 72.817586419919422, 18.905791969107284 ], [ 72.817579539069243, 18.905741700970225 ], [ 72.817597981429373, 18.905675001331094 ], [ 72.817457387332226, 18.905479769475512 ], [ 72.817390933830936, 18.905376224047458 ], [ 72.817372461058369, 18.905251733682224 ], [ 72.817406773116971, 18.905123083912169 ], [ 72.817487299112315, 18.904916111554041 ], [ 72.817535838036122, 18.904658575958699 ], [ 72.817607684856327, 18.904539926742981 ], [ 72.817742389564046, 18.904414846500124 ], [ 72.817811012640874, 18.904351126329786 ], [ 72.817844084376034, 18.904318056711226 ], [ 72.817521706273297, 18.903231656970149 ], [ 72.817475089724695, 18.903079765852112 ], [ 72.80909367223974, 18.902981084016027 ] ] ] } },
{ "type": "Feature", "properties": { "grid_id": "cell_0236", "ward_id": "R/N", "ward_gid": 15, "NDVI_prev": 0.32700242009197994, "LST_C": 33.275787730055228, "NDVI": 0.35674112515967349, "pop_density_km2": 78730.987462003162, "elderly_pct": 4.757145867354529, "slum_pct": 17.006188538096534, "hospital_dist_m": 76.328634782023187, "impervious_pct": 54.336323821516892 }, "geometry": { "type": "Polygon", "coordinates": [ [ [ 72.852118456587462, 19.246721882698726 ], [ 72.861627077647157, 19.246833288541787 ], [ 72.861739494839682, 19.238156306084559 ], [ 72.861727199465179, 19.23816226232778 ], [ 72.861668733119018, 19.238206635287476 ], [ 72.861604651650154, 19.238264814455363 ], [ 72.861304776217679, 19.238537074385974 ], [ 72.861037727578491, 19.238779529295183 ], [ 72.86101337547187, 19.238891990901568 ], [ 72.860867733561108, 19.23896019008572 ], [ 72.860476177253631, 19.239143541855977 ], [ 72.860459754643145, 19.239148025334842 ], [ 72.860203063900499, 19.239242238123804 ], [ 72.860043623373571, 19.239306353143789 ], [ 72.859793378548304, 19.239406208756144 ], [ 72.859577003219187, 19.239338575705599 ], [ 72.85941614688339, 19.23937743004306 ], [ 72.859365237550548, 19.2393564722226 ], [ 72.859213883783028, 19.239275961392607 ], [ 72.8589375830676, 19.238763585794285 ], [ 72.858906116274582, 19.238625919296236 ], [ 72.858872743185401, 19.238417877160447 ], [ 72.858794303165567, 19.238061960056989 ], [ 72.858756766355754, 19.237903264855213 ], [ 72.858755527025025, 19.237898024522199 ], [ 72.858717344170401, 19.237766774608946 ], [ 72.855493392797129, 19.237729020882245 ], [ 72.855171579612318, 19.237773964884692 ], [ 72.854819658487955, 19.237751498623584 ], [ 72.854327698793739, 19.237789334675476 ], [ 72.852843822147179, 19.237954866585103 ], [ 72.852734098381504, 19.237968577242803 ], [ 72.852577359341922, 19.237984579408657 ], [ 72.852430490491145, 19.237995608537549 ], [ 72.852279822093479, 19.238006922888982 ], [ 72.852236376847898, 19.238009390860437 ], [ 72.852231832042364, 19.23800964906097 ], [ 72.852118456587462, 19.246721882698726 ] ] ] } },
{ "type": "Feature", "properties": { "grid_id": "cell_0237", "ward_id": "S", "ward_gid": 12, "NDVI_prev": 0.44894595092055972, "LST_C": 32.056569981688313, "NDVI": 0.482986343538296, "pop_density_km2": 42666.355732336386, "elderly_pct": 4.7571458761369714, "slum_pct": 9.1204228717357037, "hospital_dist_m": 1265.3034850528998, "impervious_pct": 26.400757420176767 }, "geometry": { "type": "Polygon", "coordinates": [ [ [ 72.901037084657375, 19.138897219700471 ], [ 72.901151238878469, 19.129865761272587 ], [ 72.891649086123948, 19.129757047466303 ], [ 72.891566669803339, 19.136248661711551 ], [ 72.891592468537709, 19.13625329779245 ], [ 72.89184047693476, 19.136345460207586 ], [ 72.891906625372627, 19.136370835255558 ], [ 72.891967815423882, 19.136406462963727 ], [ 72.89227330842418, 19.13672094868171 ], [ 72.892302662059578, 19.136733686296232 ], [ 72.89277666534592, 19.136939342994207 ], [ 72.892819985686245, 19.137379622066355 ], [ 72.893113538760346, 19.137553457267941 ], [ 72.893350340742003, 19.137716935035819 ], [ 72.893779761612919, 19.137989315371474 ], [ 72.893897364977732, 19.138281792260532 ], [ 72.893965072793662, 19.138418420300344 ], [ 72.893974518105992, 19.138436308547469 ], [ 72.89400686821233, 19.138497567028466 ], [ 72.894014178562898, 19.13852387550638 ], [ 72.894018863118234, 19.13854073095716 ], [ 72.894033143940916, 19.138592120986761 ], [ 72.894044818632565, 19.138621269680893 ], [ 72.894123671331272, 19.138818136393034 ], [ 72.901037084657375, 19.138897219700471 ] ] ] } },
{ "type": "Feature", "properties": { "grid_id": "cell_0238", "ward_id": "T", "ward_gid": 13, "NDVI_prev": 0.25369402599096386, "LST_C": 34.09803323859596, "NDVI": 0.31700951401268529, "pop_density_km2": 74445.391447533038, "elderly_pct": 4.7571458722842452, "slum_pct": 1.3281803339043516, "hospital_dist_m": 813.75523517251168, "impervious_pct": 26.06950522002796 }, "geometry": { "type": "Polygon", "coordinates": [ [ [ 72.976730271891697, 19.166845328613647 ], [ 72.967225547363313, 19.166740324435807 ], [ 72.967114755662507, 19.17577212441677 ], [ 72.969006770972683, 19.175793075305716 ], [ 72.969116650157162, 19.175754836025703 ], [ 72.969295269960469, 19.175699996852916 ], [ 72.969637629519923, 19.175643002887256 ], [ 72.96975960411288, 19.175617214506524 ], [ 72.969914761490429, 19.175594344981871 ], [ 72.970221326783729, 19.175555356897128 ], [ 72.970221335260973, 19.175555363314011 ], [ 72.970221414363422, 19.175555424710357 ], [ 72.970500229467433, 19.175768549307204 ], [ 72.970554718781372, 19.175810201718168 ], [ 72.974251878295092, 19.175851054062584 ], [ 72.97427080652767, 19.175828149213331 ], [ 72.974746415693417, 19.175190923804124 ], [ 72.97510030086697, 19.174709839691129 ], [ 72.975405294893349, 19.174294199120741 ], [ 72.975866884722407, 19.173667995595252 ], [ 72.975937898484517, 19.173553609990325 ], [ 72.975992900988118, 19.173485101033311 ], [ 72.976132416849623, 19.173348995657978 ], [ 72.976248504291917, 19.173220179832274 ], [ 72.976308725072101, 19.173169613773048 ], [ 72.9764853015932, 19.17296885247066 ], [ 72.976534602575157, 19.172905880046599 ], [ 72.976578873638729, 19.172854200391257 ], [ 72.976658054247508, 19.17276077038915 ], [ 72.976730271891697, 19.166845328613647 ] ] ] } },
{ "type": "Feature", "properties": { "grid_id": "cell_0239", "ward_id": "R/S", "ward_gid": 22, "NDVI_prev": 0.33844222164928428, "LST_C": 33.06800501834919, "NDVI": 0.41074869532429681, "pop_density_km2": 61452.309316513769, "elderly_pct": 4.7571458629606109, "slum_pct": 17.541093593956646, "hospital_dist_m": 322.36718208649813, "impervious_pct": 49.961685289937897 }, "geometry": { "type": "Polygon", "coordinates": [ [ [ 72.87171753484418, 19.201788218341779 ], [ 72.881223693117647, 19.20189835845261 ], [ 72.881339333466471, 19.19286707748098 ], [ 72.879776519824986, 19.192849012456623 ], [ 72.878841076327873, 19.192971346179338 ], [ 72.878838882222865, 19.192971632963335 ], [ 72.878456150139598, 19.192928594410986 ], [ 72.878416645496628, 19.19292415313118 ], [ 72.877515869753992, 19.192822857367897 ], [ 72.87729053477203, 19.192820248777842 ], [ 72.876966109750754, 19.192842223276571 ], [ 72.876801097981541, 19.192853399522285 ], [ 72.876720003597654, 19.192858891984102 ], [ 72.876706776544538, 19.192860261490715 ], [ 72.876700628328848, 19.192862570852146 ], [ 72.87656009852482, 19.192915355215121 ], [ 72.876541655083088, 19.19292228329692 ], [ 72.876515181115948, 19.192928181872265 ], [ 72.876380915991362, 19.192958096707873 ], [ 72.876289951582848, 19.192978364100508 ], [ 72.876195031860505, 19.192999512881297 ], [ 72.876108879418553, 19.193018708649731 ], [ 72.876061257235051, 19.193029318692854 ], [ 72.876016174993211, 19.193042752614939 ], [ 72.875905551552052, 19.193075715767957 ], [ 72.875827242426269, 19.193099050019832 ], [ 72.875758879355999, 19.193119420581169 ], [ 72.875717097775592, 19.19313187060926 ], [ 72.87544454683389, 19.193213084325226 ], [ 72.875426863153692, 19.193218647558993 ], [ 72.875277523867751, 19.193265624242663 ], [ 72.875263905983516, 19.193269945443731 ], [ 72.875154047746733, 19.193304801543885 ], [ 72.875097081124323, 19.193322875955971 ], [ 72.87506173537146, 19.1933339274497 ], [ 72.874953508559599, 19.193367769868161 ], [ 72.874926910949739, 19.193376086637052 ], [ 72.874894754128235, 19.193386233933435 ], [ 72.874858471086128, 19.193397683806673 ], [ 72.874770815050553, 19.1934253454735 ], [ 72.874760602762962, 19.193428568436779 ], [ 72.874676216647217, 19.193453851559283 ], [ 72.874606747410027, 19.193475055160299 ], [ 72.874592771215006, 19.19347932128327 ], [ 72.874567212944356, 19.193516623702799 ], [ 72.874543031252045, 19.193551915306987 ], [ 72.874426324932372, 19.19372503208708 ], [ 72.874424982674597, 19.193727022483369 ], [ 72.874345150686267, 19.193845959551517 ], [ 72.874312660735498, 19.193893498077099 ], [ 72.874312646933532, 19.19389351861977 ], [ 72.87429731031628, 19.193916262012056 ], [ 72.874296441561938, 19.193917484418314 ], [ 72.874294272459082, 19.19392131856948 ], [ 72.874289210463644, 19.193921859933369 ], [ 72.874280842226483, 19.193922961860981 ], [ 72.87426542980073, 19.193925635441587 ], [ 72.874214327410144, 19.193934501580596 ], [ 72.874179534944645, 19.193940644418422 ], [ 72.874151782750786, 19.193945141560473 ], [ 72.874051118633375, 19.19396182563295 ], [ 72.874019064294913, 19.193958488368995 ], [ 72.873992638000203, 19.193956111237139 ], [ 72.873867466005109, 19.193944418375029 ], [ 72.873855348347249, 19.193941172378349 ], [ 72.87384113433005, 19.193937613027703 ], [ 72.873786260305238, 19.193938744457597 ], [ 72.873751398507011, 19.193936075229587 ], [ 72.873742209353281, 19.193935433355577 ], [ 72.873708987691074, 19.193937804390753 ], [ 72.873597078990286, 19.193946084244732 ], [ 72.873454602670037, 19.193958252636126 ], [ 72.873418027512585, 19.193961451849816 ], [ 72.873362402343105, 19.193965448679734 ], [ 72.87323830332214, 19.193974526880282 ], [ 72.873220500382274, 19.193977333349185 ], [ 72.873215589225026, 19.193978163162978 ], [ 72.873173805933774, 19.193985225956034 ], [ 72.873151925845789, 19.193988639514945 ], [ 72.873095430736896, 19.193997453182977 ], [ 72.873095384441811, 19.193997457270605 ], [ 72.873095377126589, 19.193997458341904 ], [ 72.873095368594633, 19.193997459399107 ], [ 72.873095313737878, 19.193997466855926 ], [ 72.873095095497902, 19.193997499009335 ], [ 72.873091477253325, 19.193997806198951 ], [ 72.873091414020024, 19.193997811499155 ], [ 72.873091405453295, 19.193997812303024 ], [ 72.872987657315704, 19.194007038543447 ], [ 72.872951560488005, 19.194000474943685 ], [ 72.872951552026564, 19.194000473472578 ], [ 72.872910719477829, 19.193993496294347 ], [ 72.872888156296952, 19.193985579518891 ], [ 72.87286390073443, 19.193977068489328 ], [ 72.87281493288765, 19.193959887351586 ], [ 72.872790204384884, 19.193935153223503 ], [ 72.872783473789283, 19.193928421372672 ], [ 72.872714158603031, 19.193927196299203 ], [ 72.872699500066574, 19.19392877897484 ], [ 72.872654024391736, 19.193933686483426 ], [ 72.872648949562915, 19.193934090068286 ], [ 72.87258954874207, 19.193938812862889 ], [ 72.872585727265331, 19.193938366426572 ], [ 72.872585690849377, 19.193938362282594 ], [ 72.87252496860053, 19.193931525362995 ], [ 72.872516782252404, 19.193929174682772 ], [ 72.872476027359937, 19.193911900303473 ], [ 72.872474587093365, 19.193911289319185 ], [ 72.872404701179079, 19.193881667747778 ], [ 72.87238977197822, 19.193875339053836 ], [ 72.872356008006463, 19.193872282267723 ], [ 72.872253032631008, 19.193862960532471 ], [ 72.872245353142276, 19.193862265577597 ], [ 72.872193207280858, 19.193857544442317 ], [ 72.872179268116398, 19.193856368710112 ], [ 72.871984559493484, 19.193860797350307 ], [ 72.871851454151127, 19.193863825052048 ], [ 72.871819451327468, 19.193864553023435 ], [ 72.87171753484418, 19.201788218341779 ] ] ] } },
{ "type": "Feature", "properties": { "grid_id": "cell_0240", "ward_id": "S", "ward_gid": 12, "NDVI_prev": 0.27854055303716169, "LST_C": 35.148066700054855, "NDVI": 0.2674915498306677, "pop_density_km2": 82969.559264800191, "elderly_pct": 4.7571458711604109, "slum_pct": 19.975974187485328, "hospital_dist_m": 203.21795353944179, "impervious_pct": 66.174634289262016 }, "geometry": { "type": "Polygon", "coordinates": [ [ [ 72.92988310437272, 19.112125687427056 ], [ 72.92977062466548, 19.121157328976725 ], [ 72.939272517089009, 19.121264027423305 ], [ 72.939365210712836, 19.113787183346883 ], [ 72.93908742376648, 19.113729817212079 ], [ 72.938694681483213, 19.113657514440874 ], [ 72.938593218724336, 19.113644130880719 ], [ 72.93817185655638, 19.11355580260879 ], [ 72.937909151713981, 19.113516730504852 ], [ 72.937503308548784, 19.113439116119903 ], [ 72.937391910213307, 19.11341881873879 ], [ 72.937184975731583, 19.113368876370529 ], [ 72.937007893839407, 19.113335595524219 ], [ 72.936571852121062, 19.113176954733557 ], [ 72.936456379937411, 19.113138922820955 ], [ 72.936338734568778, 19.113082590120552 ], [ 72.9361507979566, 19.112828398236655 ], [ 72.935931705813118, 19.112532064030983 ], [ 72.935898876831672, 19.112487660205755 ], [ 72.935856247842452, 19.112430003519254 ], [ 72.935842944118079, 19.112412008811354 ], [ 72.935667418065293, 19.112190669457735 ], [ 72.92988310437272, 19.112125687427056 ] ] ] } },
{ "type": "Feature", "properties": { "grid_id": "cell_0241", "ward_id": "A", "ward_gid": 1, "NDVI_prev": 0.20475415303027727, "LST_C": 34.336769228814944, "NDVI": 0.20283310373388583, "pop_density_km2": 93345.991755524388, "elderly_pct": 5.5859844851181482, "slum_pct": 0.0, "hospital_dist_m": 316.40141767056542, "impervious_pct": 73.927963628866323 }, "geometry": { "type": "Polygon", "coordinates": [ [ [ 72.837327866630588, 18.921377305538687 ], [ 72.837005632485941, 18.921373549975964 ], [ 72.834870953868005, 18.923599961500731 ], [ 72.834503457016268, 18.923329833860244 ], [ 72.834388548258161, 18.923242065014101 ], [ 72.834264489809385, 18.923146124986751 ], [ 72.834391594131205, 18.922979038784579 ], [ 72.83442609326876, 18.922939660802413 ], [ 72.834643831343953, 18.922941899164396 ], [ 72.834652611658541, 18.922941989880943 ], [ 72.834915510721629, 18.922944692583528 ], [ 72.834917644124303, 18.922944713862414 ], [ 72.834924623557683, 18.922943285040283 ], [ 72.834927581293002, 18.922942680039817 ], [ 72.834931070049009, 18.92294196652065 ], [ 72.834936605918202, 18.922938394573496 ], [ 72.834941020890483, 18.922935629710963 ], [ 72.834942260040066, 18.92293485291027 ], [ 72.834943219777387, 18.92293425169564 ], [ 72.834944450304491, 18.922933481117184 ], [ 72.834950412264561, 18.92292549447415 ], [ 72.834954071452131, 18.922919287489687 ], [ 72.834956726116133, 18.922903822982665 ], [ 72.834952461923763, 18.922892821163867 ], [ 72.834945401233995, 18.922880075936284 ], [ 72.834739756042154, 18.92243392766532 ], [ 72.834691008727532, 18.922328168444931 ], [ 72.834663125032094, 18.922267674915858 ], [ 72.834663108427222, 18.922267637688307 ], [ 72.834900007809495, 18.921992048638771 ], [ 72.834904183769311, 18.921985216301433 ], [ 72.834906432973852, 18.921980447118898 ], [ 72.834907852868298, 18.921975880527395 ], [ 72.834908428700302, 18.921969935644157 ], [ 72.83490817800579, 18.921964787731699 ], [ 72.834907932941704, 18.921960234232156 ], [ 72.834907066731887, 18.921956080857289 ], [ 72.834905572486292, 18.921951536268057 ], [ 72.834903250454715, 18.921947591723544 ], [ 72.834899885870485, 18.92194345707237 ], [ 72.834896107695116, 18.921939525346204 ], [ 72.834891705901484, 18.921935596279909 ], [ 72.834882700643263, 18.92192873119021 ], [ 72.834506501617838, 18.921642868518045 ], [ 72.834501685338395, 18.921640760101852 ], [ 72.83449863994143, 18.921639478061184 ], [ 72.83449510587316, 18.921638480265447 ], [ 72.834491282704093, 18.921638041828956 ], [ 72.834487168312648, 18.921637885425142 ], [ 72.834484134321272, 18.921638001768589 ], [ 72.834479925645624, 18.921638312154649 ], [ 72.834476501713155, 18.921638711185274 ], [ 72.834472004174543, 18.92163948880037 ], [ 72.834471488283668, 18.921639602010934 ], [ 72.834469363798277, 18.921640068594471 ], [ 72.834465555769526, 18.921641401633014 ], [ 72.834461464449703, 18.921643948060989 ], [ 72.834458347103194, 18.921646113838491 ], [ 72.834455331998413, 18.92164837384513 ], [ 72.834449451303456, 18.921654180946348 ], [ 72.83422333631809, 18.921927674145632 ], [ 72.834221036780292, 18.921930455552364 ], [ 72.834219390337282, 18.9219305049848 ], [ 72.834209634227747, 18.92193079307345 ], [ 72.834201619954925, 18.921940863956419 ], [ 72.834201286583465, 18.921940807676382 ], [ 72.83419519186495, 18.921939799860819 ], [ 72.834188227679334, 18.921938649117774 ], [ 72.834188131091253, 18.921938631731742 ], [ 72.834116335578727, 18.921926761330568 ], [ 72.833895343930109, 18.921888834511083 ], [ 72.833773777678019, 18.92187489443959 ], [ 72.833730303169759, 18.921867472466335 ], [ 72.833729165766542, 18.921867277632973 ], [ 72.833705992475473, 18.92185947932531 ], [ 72.833690894941071, 18.921851716577475 ], [ 72.833675829887454, 18.921838194101554 ], [ 72.833663792397189, 18.921824686193037 ], [ 72.833650801499005, 18.921801569084611 ], [ 72.833589968818941, 18.921668706170671 ], [ 72.833454380640561, 18.921365446170103 ], [ 72.833439438667426, 18.921331949474894 ], [ 72.827837954549565, 18.921266468489456 ], [ 72.827721201081602, 18.930297697184738 ], [ 72.837211622272804, 18.930408591048028 ], [ 72.837227319503782, 18.929189337518185 ], [ 72.836941334739421, 18.92939133118988 ], [ 72.837146395737079, 18.928920353256125 ], [ 72.83717955411592, 18.928844197088893 ], [ 72.83717976758669, 18.928843688330375 ], [ 72.837180223122203, 18.928833519278228 ], [ 72.837180291009673, 18.928832006199627 ], [ 72.837180334560713, 18.92883201483675 ], [ 72.837185151236284, 18.928833004967053 ], [ 72.837188744802972, 18.928833744182487 ], [ 72.837196642113014, 18.928806969575735 ], [ 72.8372048659771, 18.92877908595451 ], [ 72.837205017120894, 18.928778626148809 ], [ 72.837205032921673, 18.92877857846004 ], [ 72.837212750448529, 18.928755225125801 ], [ 72.837212766606825, 18.928755002208032 ], [ 72.837213258077, 18.928748161198257 ], [ 72.83721382335375, 18.928740305780451 ], [ 72.837211240559, 18.92872438635596 ], [ 72.837207952658787, 18.928718631267881 ], [ 72.837207313073833, 18.928717512796908 ], [ 72.837201589282131, 18.928710453901687 ], [ 72.837201190322233, 18.928709961488011 ], [ 72.83719447802676, 18.928703524256154 ], [ 72.837189050434262, 18.928700295039238 ], [ 72.837186004122429, 18.928698482804002 ], [ 72.83717955327792, 18.928696141307984 ], [ 72.837162026062344, 18.928689776706843 ], [ 72.837091814364399, 18.928668140061273 ], [ 72.836770359294022, 18.928454833526047 ], [ 72.836768307601034, 18.928449271692902 ], [ 72.836768172754219, 18.928449129211391 ], [ 72.836762478153844, 18.928443048879739 ], [ 72.836749642332251, 18.928436054273885 ], [ 72.836726180575255, 18.928421533515255 ], [ 72.836721015500416, 18.928418337154987 ], [ 72.836691434746413, 18.928400030819798 ], [ 72.836641487736543, 18.928370651435806 ], [ 72.8365927342969, 18.928341975148705 ], [ 72.836540379855748, 18.928310559711299 ], [ 72.836487710865626, 18.928278953616886 ], [ 72.836424194437669, 18.928240662406765 ], [ 72.836328602249651, 18.92818397065712 ], [ 72.836285138474466, 18.928157815576586 ], [ 72.836251548393051, 18.928137601695258 ], [ 72.836251511648328, 18.928137580491644 ], [ 72.836250934288387, 18.928137232324197 ], [ 72.83625152865396, 18.928133901698232 ], [ 72.836251576759508, 18.928133630377008 ], [ 72.836243263517744, 18.928128647665922 ], [ 72.836241515351048, 18.928127599362828 ], [ 72.836241419161524, 18.928127624435572 ], [ 72.836239307504229, 18.928128194154016 ], [ 72.836236998840405, 18.928126717670292 ], [ 72.836307273908204, 18.927955643630806 ], [ 72.836316065943734, 18.927964677133673 ], [ 72.836315912576055, 18.927964887937062 ], [ 72.836315795084033, 18.927965048865143 ], [ 72.836310371494676, 18.927972473014286 ], [ 72.836310638741352, 18.927972629469139 ], [ 72.836311058845979, 18.92797287413098 ], [ 72.836311241842168, 18.927972980610232 ], [ 72.836322323652098, 18.927979429664198 ], [ 72.83634716362937, 18.927993885282202 ], [ 72.836355614731204, 18.927983133410162 ], [ 72.836359182702452, 18.927978594103287 ], [ 72.836362987834164, 18.927980686648802 ], [ 72.836364170407137, 18.927981336916176 ], [ 72.836364704692571, 18.927981630601867 ], [ 72.83636696502829, 18.927982873839639 ], [ 72.836367740444658, 18.927983299973885 ], [ 72.836382769458623, 18.927991564732611 ], [ 72.836404164488968, 18.928003931854487 ], [ 72.83640572515742, 18.928004834097553 ], [ 72.836430885097172, 18.928018407949512 ], [ 72.836433670788381, 18.928018857672257 ], [ 72.836436574536137, 18.92801932669251 ], [ 72.836438442573524, 18.928019628417317 ], [ 72.836446636411281, 18.928018747005247 ], [ 72.836454519612658, 18.928016361252048 ], [ 72.836455978665811, 18.928015696267575 ], [ 72.836463038540785, 18.928012477135994 ], [ 72.836469352663102, 18.928008285488868 ], [ 72.83647472790615, 18.928002291973712 ], [ 72.83647687575268, 18.927998224876834 ], [ 72.836478530443927, 18.927995092579 ], [ 72.836478609085063, 18.9279948233842 ], [ 72.836479532510026, 18.927991669262322 ], [ 72.836479815272753, 18.927990703394261 ], [ 72.836481079588665, 18.927986385797812 ], [ 72.836481614444111, 18.927979288048437 ], [ 72.836481735735816, 18.927977676306572 ], [ 72.836481258431078, 18.927974420147844 ], [ 72.836480194071342, 18.927967160960648 ], [ 72.836475279615868, 18.927956536332754 ], [ 72.836475188308242, 18.927956338573271 ], [ 72.836467650329894, 18.927949110981945 ], [ 72.836461679340204, 18.927944594545991 ], [ 72.836456453334165, 18.927942442942665 ], [ 72.836452868668189, 18.927940967189286 ], [ 72.836441476773444, 18.927957158258423 ], [ 72.836417897932378, 18.927941485598115 ], [ 72.836407930992436, 18.927933219612143 ], [ 72.836390488921694, 18.927918754461636 ], [ 72.836389932503536, 18.927918292583158 ], [ 72.836390711405514, 18.927913683750599 ], [ 72.836390896223762, 18.927912587393106 ], [ 72.836389337482458, 18.927907478855143 ], [ 72.83638655822098, 18.927904147868681 ], [ 72.83638189495521, 18.927898559296953 ], [ 72.836381805375296, 18.927898451450371 ], [ 72.836381971904814, 18.927898356598792 ], [ 72.83638201175863, 18.927898333903912 ], [ 72.83638192864214, 18.927898302006827 ], [ 72.836381783587385, 18.927898209302327 ], [ 72.836381902349856, 18.927898117759636 ], [ 72.836400041951919, 18.927884135175013 ], [ 72.836464362850165, 18.927775116556884 ], [ 72.836464866882054, 18.927775268221588 ], [ 72.836466013598894, 18.927775612983798 ], [ 72.836466180024217, 18.927775767973586 ], [ 72.836466329907338, 18.927775780560669 ], [ 72.836473023105953, 18.92777633973018 ], [ 72.836480341685885, 18.927776357152812 ], [ 72.836484076312601, 18.927775810765819 ], [ 72.836484221468424, 18.927775789479579 ], [ 72.836484438137845, 18.927775757646192 ], [ 72.836486930730715, 18.927775392855242 ], [ 72.836501482956621, 18.927782188467187 ], [ 72.836502390527755, 18.92778261223987 ], [ 72.836503731959112, 18.927783238489386 ], [ 72.836514432897744, 18.927788235700422 ], [ 72.836516872565852, 18.927789374514724 ], [ 72.836519670003582, 18.927790680811221 ], [ 72.836522568301987, 18.927792457258317 ], [ 72.836523802963598, 18.92779321377775 ], [ 72.836523967503538, 18.927793314694231 ], [ 72.836525021798735, 18.927793961007726 ], [ 72.836544358997031, 18.927805810282493 ], [ 72.836544233211612, 18.927806025598901 ], [ 72.836544197487171, 18.927806087326832 ], [ 72.836544145300635, 18.927806177333665 ], [ 72.836544098871897, 18.92780625656847 ], [ 72.836539800023942, 18.927813631047048 ], [ 72.836536559458963, 18.927819189805795 ], [ 72.836537220530715, 18.927819579631507 ], [ 72.836537324387052, 18.927819640241246 ], [ 72.836616328568667, 18.927865984852904 ], [ 72.836646359967673, 18.927885022526361 ], [ 72.836646527557804, 18.927885128355946 ], [ 72.836650802859111, 18.927887838321343 ], [ 72.836650900516261, 18.927887846686232 ], [ 72.836651117646625, 18.927887864573663 ], [ 72.836656071902098, 18.927888266488338 ], [ 72.836661048975273, 18.927888002060442 ], [ 72.836666321810313, 18.927887177444759 ], [ 72.836670140484799, 18.927885617777616 ], [ 72.836673795042131, 18.927884124844685 ], [ 72.836682445050968, 18.927879539579131 ], [ 72.83669053135749, 18.927868532761757 ], [ 72.836698191096659, 18.927855934296982 ], [ 72.836699192181939, 18.927854288084148 ], [ 72.836715098462648, 18.927828127745993 ], [ 72.836708320184911, 18.927823855576857 ], [ 72.836864840556544, 18.927302004566457 ], [ 72.837105714250427, 18.927413612956851 ], [ 72.837174903612961, 18.927418296054217 ], [ 72.837249890514045, 18.927436011904096 ], [ 72.837327866630588, 18.921377305538687 ] ] ] } },
{ "type": "Feature", "properties": { "grid_id": "cell_0242", "ward_id": "T", "ward_gid": 13, "NDVI_prev": 0.623658104242794, "LST_C": 29.033124715982947, "NDVI": 0.6321816126817088, "pop_density_km2": 9686.732372750268, "elderly_pct": 4.7571458675564342, "slum_pct": 0.0, "hospital_dist_m": 1286.3209856013812, "impervious_pct": 0.10193466406942719 }, "geometry": { "type": "Polygon", "coordinates": [ [ [ 72.938486999303365, 19.184485631817054 ], [ 72.928981491199792, 19.184378553801217 ], [ 72.928868504012314, 19.193410119297212 ], [ 72.935727850217248, 19.193487473161284 ], [ 72.937022781469537, 19.191829023616055 ], [ 72.938411757081909, 19.190528358569779 ], [ 72.938486999303365, 19.184485631817054 ] ] ] } },
{ "type": "Feature", "properties": { "grid_id": "cell_0243", "ward_id": "E", "ward_gid": 5, "NDVI_prev": 0.25717461237057504, "LST_C": 33.738254057494665, "NDVI": 0.27032220617515751, "pop_density_km2": 56135.32926261286, "elderly_pct": 5.5859844845328608, "slum_pct": 4.6622192531050999, "hospital_dist_m": 162.37022753690755, "impervious_pct": 73.488196464533459 }, "geometry": { "type": "Polygon", "coordinates": [ [ [ 72.83651277088461, 18.984596105138099 ], [ 72.836629411107324, 18.975564876496051 ], [ 72.827136440034408, 18.975453698473974 ], [ 72.827058969738019, 18.981426454627105 ], [ 72.827098388186741, 18.981471085220626 ], [ 72.827452572567168, 18.981872096290772 ], [ 72.827787659107599, 18.982253616269844 ], [ 72.828404227886949, 18.982943288436132 ], [ 72.828523659387699, 18.98308279304079 ], [ 72.828878198594367, 18.983468663945345 ], [ 72.829038221961369, 18.983646942528125 ], [ 72.829396018976297, 18.984034083790231 ], [ 72.829580302797595, 18.984242332047817 ], [ 72.829767109197078, 18.9844358315768 ], [ 72.829845092736733, 18.984518031033904 ], [ 72.83651277088461, 18.984596105138099 ] ] ] } },
{ "type": "Feature", "properties": { "grid_id": "cell_0244", "ward_id": "P/N", "ward_gid": 21, "NDVI_prev": 0.21563576144444599, "LST_C": 29.236952738448341, "NDVI": 0.38455663573649485, "pop_density_km2": 5348.7129311943045, "elderly_pct": 4.7571458700457656, "slum_pct": 0.0, "hospital_dist_m": 1615.799892866444, "impervious_pct": 0.0 }, "geometry": { "type": "Polygon", "coordinates": [ [ [ 72.805056420456339, 19.210034274767086 ], [ 72.795550274425153, 19.209920139597944 ], [ 72.795429838524157, 19.21895089065281 ], [ 72.804936502886591, 19.219065083573614 ], [ 72.804962916020173, 19.217076387049712 ], [ 72.804550850310804, 19.217016763623409 ], [ 72.804394334975285, 19.216776471477512 ], [ 72.804204406522061, 19.21631225961006 ], [ 72.804145517502903, 19.215941908050816 ], [ 72.804123321132252, 19.215802315336131 ], [ 72.803734302785202, 19.21452956547353 ], [ 72.803710594867226, 19.21445199981466 ], [ 72.803700829988728, 19.214420051854212 ], [ 72.803606124653982, 19.214143764868712 ], [ 72.803385935590128, 19.213501396860586 ], [ 72.804238452146308, 19.213047374955512 ], [ 72.805019233358223, 19.2128353217194 ], [ 72.805056420456339, 19.210034274767086 ] ] ] } },
{ "type": "Feature", "properties": { "grid_id": "cell_0245", "ward_id": "M/E", "ward_gid": 16, "NDVI_prev": 0.21941005389930365, "LST_C": 37.736309246480396, "NDVI": 0.2704777813825614, "pop_density_km2": 54522.790655941542, "elderly_pct": 4.7571458610119866, "slum_pct": 13.526769456005857, "hospital_dist_m": 431.81095602782727, "impervious_pct": 18.961419866511253 }, "geometry": { "type": "Polygon", "coordinates": [ [ [ 72.930444552768321, 19.066967337421335 ], [ 72.920945811463326, 19.066860475530454 ], [ 72.920866822335626, 19.073192393932676 ], [ 72.920907377194794, 19.073356062269507 ], [ 72.920974586656584, 19.073642389269786 ], [ 72.920986560157942, 19.073693397634262 ], [ 72.921005600379161, 19.07377301342089 ], [ 72.921518951810896, 19.074558031839302 ], [ 72.922216890689867, 19.075061871707351 ], [ 72.923124392466619, 19.075493675749346 ], [ 72.924436738475165, 19.075880440031927 ], [ 72.925016505471405, 19.075939255191948 ], [ 72.927168863032591, 19.075963474519682 ], [ 72.928102058460524, 19.075822484236877 ], [ 72.929149529342638, 19.075487075379691 ], [ 72.929925326076926, 19.074975017669175 ], [ 72.930348115326581, 19.07473306346812 ], [ 72.930444552768321, 19.066967337421335 ] ] ] } },
{ "type": "Feature", "properties": { "grid_id": "cell_0246", "ward_id": "D", "ward_gid": 4, "NDVI_prev": 0.27140011732199865, "LST_C": 31.939484932243101, "NDVI": 0.3048974139748073, "pop_density_km2": 60238.420349649328, "elderly_pct": 5.5859844936243501, "slum_pct": 1.4298562955566756, "hospital_dist_m": 382.61768830061777, "impervious_pct": 39.565660706589782 }, "geometry": { "type": "Polygon", "coordinates": [ [ [ 72.80826880291653, 18.966198817817332 ], [ 72.808386841864973, 18.957167741461628 ], [ 72.798895091301048, 18.95705522088187 ], [ 72.798835679239659, 18.961581843987961 ], [ 72.798954314134775, 18.96174257084088 ], [ 72.799040621895259, 18.961859500551604 ], [ 72.799126634297778, 18.962013228087734 ], [ 72.799191600783971, 18.962113395427359 ], [ 72.799259799253022, 18.962233779451036 ], [ 72.799326373424648, 18.962355807860426 ], [ 72.799405789315003, 18.962510356419642 ], [ 72.799468687330233, 18.962666123851822 ], [ 72.799572019068762, 18.962942913073839 ], [ 72.799638847913755, 18.963136587645742 ], [ 72.799671998502404, 18.96323266104498 ], [ 72.799758932482234, 18.963486265348521 ], [ 72.799829604783454, 18.963708229152225 ], [ 72.799905036788658, 18.96401068984914 ], [ 72.799965505468791, 18.964236201974277 ], [ 72.799978439704788, 18.964284438851255 ], [ 72.800056241425708, 18.964581089102474 ], [ 72.800140100698457, 18.964903698667552 ], [ 72.800230208097332, 18.965290073637473 ], [ 72.800297366640976, 18.965608212829238 ], [ 72.800347694321289, 18.965902596685655 ], [ 72.800385621486583, 18.966105357567422 ], [ 72.80826880291653, 18.966198817817332 ] ] ] } },
{ "type": "Feature", "properties": { "grid_id": "cell_0247", "ward_id": "K/E", "ward_gid": 19, "NDVI_prev": 0.47017239609466005, "LST_C": 33.101396224654415, "NDVI": 0.44339204278835287, "pop_density_km2": 43547.918434859632, "elderly_pct": 4.7571458734695717, "slum_pct": 10.972447759724076, "hospital_dist_m": 661.33803092721132, "impervious_pct": 27.016161538272812 }, "geometry": { "type": "Polygon", "coordinates": [ [ [ 72.882146997926014, 19.129647843407458 ], [ 72.872644974574897, 19.129538149110431 ], [ 72.872529272759365, 19.138569441166293 ], [ 72.875020163164393, 19.138598257323149 ], [ 72.875383003459859, 19.138535367164735 ], [ 72.875328190959976, 19.138524287465753 ], [ 72.875069273767153, 19.138471951969564 ], [ 72.874894240548798, 19.13846923221903 ], [ 72.874844913910451, 19.138468465324852 ], [ 72.874798921292921, 19.138500231340295 ], [ 72.874688609166142, 19.138576419663206 ], [ 72.874453460089697, 19.138388980183521 ], [ 72.874380239802321, 19.138167717421478 ], [ 72.874720324934358, 19.13758295464223 ], [ 72.874909176743785, 19.137635368373356 ], [ 72.875276738475236, 19.137742315246332 ], [ 72.875566492628991, 19.137839350848452 ], [ 72.87567863328043, 19.137770499345919 ], [ 72.87576253682181, 19.13772729496733 ], [ 72.87595788248133, 19.137810263041992 ], [ 72.876117013979382, 19.137922458026612 ], [ 72.876270059312702, 19.138124540192106 ], [ 72.876294278367922, 19.13826758958508 ], [ 72.876348980357463, 19.138456304143208 ], [ 72.876441790627638, 19.138614688457395 ], [ 72.877208725242298, 19.138623548102711 ], [ 72.877360482407482, 19.138563314605413 ], [ 72.877485462916326, 19.13862674419671 ], [ 72.878700765582153, 19.138640775017233 ], [ 72.87876070053818, 19.138300873506221 ], [ 72.878830088991407, 19.137964647849941 ], [ 72.87907602550888, 19.137914924874483 ], [ 72.879153708719159, 19.137899218527846 ], [ 72.879853411831178, 19.137794916073037 ], [ 72.881112287707452, 19.137607252746459 ], [ 72.881125766418549, 19.137605831099233 ], [ 72.881203223074081, 19.137597657234657 ], [ 72.881288917322706, 19.137582471245278 ], [ 72.881316249389712, 19.137577628579141 ], [ 72.882047604642793, 19.137441240790128 ], [ 72.882146997926014, 19.129647843407458 ] ] ] } },
{ "type": "Feature", "properties": { "grid_id": "cell_0248", "ward_id": "R/S", "ward_gid": 22, "NDVI_prev": 0.24122576376800892, "LST_C": 36.273733752624878, "NDVI": 0.26385763002976886, "pop_density_km2": 75928.962984294179, "elderly_pct": 4.7571458648574936, "slum_pct": 34.621832638367877, "hospital_dist_m": 304.59130199393326, "impervious_pct": 89.058796302789858 }, "geometry": { "type": "Polygon", "coordinates": [ [ [ 72.824068914187663, 19.210261068006677 ], [ 72.833575261306123, 19.210373726047273 ], [ 72.833693557333817, 19.201342735889273 ], [ 72.827675576607234, 19.20127150731242 ], [ 72.827426336835742, 19.201593459227624 ], [ 72.827425964248931, 19.201593938078581 ], [ 72.827396154139265, 19.201613306187848 ], [ 72.826724310978747, 19.202049813894 ], [ 72.826177305575868, 19.202405204817474 ], [ 72.825979705304661, 19.202533584708281 ], [ 72.825376223197821, 19.202933874594191 ], [ 72.825192466585676, 19.203055759064593 ], [ 72.824591809893448, 19.203454167791811 ], [ 72.824154621181449, 19.203747082499326 ], [ 72.824068914187663, 19.210261068006677 ] ] ] } },
{ "type": "Feature", "properties": { "grid_id": "cell_0249", "ward_id": "L", "ward_gid": 24, "NDVI_prev": 0.3070296244992709, "LST_C": 32.74247652754309, "NDVI": 0.34118288053115631, "pop_density_km2": 78467.584171496506, "elderly_pct": 4.7571458708268226, "slum_pct": 3.3469810732359715, "hospital_dist_m": 770.63224597198496, "impervious_pct": 43.590365682137879 }, "geometry": { "type": "Polygon", "coordinates": [ [ [ 72.901379354537823, 19.111802815878363 ], [ 72.891878232674443, 19.111694212471594 ], [ 72.891763691669439, 19.120725634726941 ], [ 72.896613694841861, 19.120781159598288 ], [ 72.89661725130162, 19.120779945611343 ], [ 72.89695896094662, 19.120707812634056 ], [ 72.897139161939336, 19.12062993642526 ], [ 72.897264228245263, 19.120575887244076 ], [ 72.897699615193105, 19.120392189017622 ], [ 72.897855929324749, 19.120326236695206 ], [ 72.898041578195958, 19.120240232542407 ], [ 72.898194469187644, 19.120169403674968 ], [ 72.89833954473194, 19.120101472182505 ], [ 72.898662350699638, 19.119923588072588 ], [ 72.898701678470729, 19.119904060187277 ], [ 72.898727715831313, 19.119891131524284 ], [ 72.898939365271389, 19.119778508787395 ], [ 72.899078960924214, 19.119708832269705 ], [ 72.899214103150499, 19.119635541204605 ], [ 72.899418458899831, 19.119533388011291 ], [ 72.899564140261887, 19.119460040258879 ], [ 72.899631072838048, 19.119426920040009 ], [ 72.899658956478973, 19.119413122404726 ], [ 72.899748859659269, 19.119368577892097 ], [ 72.899787157052415, 19.119351286062592 ], [ 72.899925885742817, 19.119293907171851 ], [ 72.900064594435293, 19.119232315778326 ], [ 72.900208661734538, 19.119173351287682 ], [ 72.900677856275522, 19.118959300318803 ], [ 72.900708437618178, 19.118943283666084 ], [ 72.900859525660579, 19.118864367627864 ], [ 72.900956259696301, 19.118813841557525 ], [ 72.901292977919113, 19.118644798282979 ], [ 72.901379354537823, 19.111802815878363 ] ] ] } },
{ "type": "Feature", "properties": { "grid_id": "cell_0250", "ward_id": "T", "ward_gid": 13, "NDVI_prev": 0.45145089697097041, "LST_C": 32.422034075778043, "NDVI": 0.44225734973749292, "pop_density_km2": 34098.255350075189, "elderly_pct": 4.7571458800021018, "slum_pct": 2.0134564706264015, "hospital_dist_m": 1174.2154764269308, "impervious_pct": 15.827082483076953 }, "geometry": { "type": "Polygon", "coordinates": [ [ [ 72.919816178542007, 19.15717639384097 ], [ 72.919702864978291, 19.166207933407616 ], [ 72.928735681222832, 19.166310073814515 ], [ 72.928755322185978, 19.166155761578544 ], [ 72.928764497049528, 19.166075373496746 ], [ 72.928773148522836, 19.165999576583431 ], [ 72.928773163450657, 19.165999453037806 ], [ 72.928773207190901, 19.165999068514662 ], [ 72.928773212663842, 19.165999020015761 ], [ 72.928774427357567, 19.165988374656528 ], [ 72.928828041222005, 19.165558277725037 ], [ 72.928884010223754, 19.165473389292593 ], [ 72.929018211388097, 19.165269845393698 ], [ 72.928726830317586, 19.165313802976012 ], [ 72.928649760319658, 19.165325759200108 ], [ 72.928691999206237, 19.165222899709942 ], [ 72.928691999599039, 19.165222898702709 ], [ 72.928711660732915, 19.165178931887752 ], [ 72.928756811603577, 19.165077964156435 ], [ 72.928859465588957, 19.164830436209556 ], [ 72.928863805116976, 19.164731046798888 ], [ 72.92887568728996, 19.164425081000374 ], [ 72.928878092810692, 19.164211985773516 ], [ 72.92884083608223, 19.163966905259517 ], [ 72.928829094739754, 19.16388967233404 ], [ 72.928819098993742, 19.163856394943821 ], [ 72.928804929441966, 19.163809227207544 ], [ 72.928734443403087, 19.163552235176951 ], [ 72.928661845780397, 19.163264645671074 ], [ 72.928661845527827, 19.163264644584295 ], [ 72.92865702266154, 19.163245543985294 ], [ 72.928656947800732, 19.163228826709105 ], [ 72.928656927561292, 19.163224037474002 ], [ 72.928663352425716, 19.163211718895536 ], [ 72.928669778505665, 19.163199400330466 ], [ 72.928736999762918, 19.163124305780727 ], [ 72.928981143646126, 19.162834045966147 ], [ 72.928883616981011, 19.162210013313523 ], [ 72.92886181358503, 19.162070501917807 ], [ 72.928749037712151, 19.161348914191205 ], [ 72.928696278215881, 19.161041884964249 ], [ 72.928679614984631, 19.160944917871536 ], [ 72.928659587691541, 19.160828365999489 ], [ 72.928636665719182, 19.160694978320922 ], [ 72.928603739517271, 19.160481771211131 ], [ 72.928631396246175, 19.160213048942357 ], [ 72.928630574717388, 19.160200505238372 ], [ 72.928607297830453, 19.160065242811271 ], [ 72.928585347905212, 19.159937713031361 ], [ 72.928553217767885, 19.159741531945247 ], [ 72.928526652664189, 19.159579355238318 ], [ 72.928518187712584, 19.159513257687159 ], [ 72.928509893102429, 19.159468684844928 ], [ 72.92850309025026, 19.15939595669867 ], [ 72.92849270607168, 19.159264255139718 ], [ 72.928494051556086, 19.158830748293138 ], [ 72.928502667207354, 19.158777543195722 ], [ 72.928529429253629, 19.158653077872962 ], [ 72.928553322249314, 19.158541955901075 ], [ 72.928561017583192, 19.158507099823467 ], [ 72.928588673129084, 19.158278751063776 ], [ 72.928608800598496, 19.158164400308952 ], [ 72.928610390692938, 19.158155057593817 ], [ 72.928638287550996, 19.158076284239321 ], [ 72.928686561746929, 19.157865383927987 ], [ 72.928664008675611, 19.157701016337885 ], [ 72.928664008499524, 19.157701015215814 ], [ 72.928624857199097, 19.157428364305289 ], [ 72.928562914450396, 19.157336844448643 ], [ 72.928520913299664, 19.157274787611321 ], [ 72.919816178542007, 19.15717639384097 ] ] ] } },
{ "type": "Feature", "properties": { "grid_id": "cell_0251", "ward_id": "R/C", "ward_gid": 11, "NDVI_prev": 0.4286612676148131, "LST_C": 28.915285011829255, "NDVI": 0.61380408295667455, "pop_density_km2": 6802.7283152225227, "elderly_pct": 4.7571458687844963, "slum_pct": 0.0, "hospital_dist_m": 1568.7644421189798, "impervious_pct": 0.0 }, "geometry": { "type": "Polygon", "coordinates": [ [ [ 72.833101412554612, 19.246497590731529 ], [ 72.83321997447193, 19.23746663896053 ], [ 72.82371207133572, 19.237353809888454 ], [ 72.823602833124781, 19.245638425150855 ], [ 72.824180347823855, 19.245485868892622 ], [ 72.824623020631265, 19.245383103665265 ], [ 72.825024469193536, 19.245301452469757 ], [ 72.825476125850102, 19.245207434020426 ], [ 72.825886671327396, 19.245125888991293 ], [ 72.826273902496652, 19.24508727839449 ], [ 72.826656526924111, 19.245052934195488 ], [ 72.826966425716193, 19.245013402414273 ], [ 72.827203540020761, 19.244973007401526 ], [ 72.827436844116534, 19.245222089010433 ], [ 72.827669920470413, 19.245488451029537 ], [ 72.827866550196859, 19.24575870289965 ], [ 72.828377328797785, 19.246441567134656 ], [ 72.833101412554612, 19.246497590731529 ] ] ] } },
{ "type": "Feature", "properties": { "grid_id": "cell_0252", "ward_id": "R/C", "ward_gid": 11, "NDVI_prev": 0.1026191573593745, "LST_C": 27.87107326853835, "NDVI": 0.26981807674406194, "pop_density_km2": 6389.2671326604222, "elderly_pct": 4.757145858673888, "slum_pct": 0.0, "hospital_dist_m": 1101.6442063402028, "impervious_pct": 1.2585824461426158 }, "geometry": { "type": "Polygon", "coordinates": [ [ [ 72.804816517980029, 19.22809588276726 ], [ 72.814323768318246, 19.228209640586456 ], [ 72.814443234585809, 19.219178783884132 ], [ 72.807053196097101, 19.21909044187996 ], [ 72.80717179762442, 19.219336279260368 ], [ 72.807180469802262, 19.219669790619569 ], [ 72.806989515180035, 19.220388876476907 ], [ 72.806977723341475, 19.220409484149961 ], [ 72.806593070644936, 19.221081701639523 ], [ 72.806103483345922, 19.221395826616217 ], [ 72.806085723540974, 19.221407221177436 ], [ 72.806001833601627, 19.221461046325071 ], [ 72.805030288573306, 19.222084391453517 ], [ 72.80489521489001, 19.222173244298833 ], [ 72.804816517980029, 19.22809588276726 ] ] ] } },
{ "type": "Feature", "properties": { "grid_id": "cell_0253", "ward_id": "H/W", "ward_gid": 23, "NDVI_prev": 0.21540492285602522, "LST_C": 34.82878830552707, "NDVI": 0.23942664866091601, "pop_density_km2": 83284.092489077128, "elderly_pct": 4.7571458677136684, "slum_pct": 3.0372203470407579, "hospital_dist_m": 180.17346659446247, "impervious_pct": 84.325880399844579 }, "geometry": { "type": "Polygon", "coordinates": [ [ [ 72.826197373522547, 19.047702806656467 ], [ 72.826079691405894, 19.056733902356207 ], [ 72.835577270477557, 19.05684559223684 ], [ 72.835674292299501, 19.049367705063158 ], [ 72.835393328873295, 19.049490250368702 ], [ 72.83535740084119, 19.049488514037442 ], [ 72.834673286656454, 19.049383919060791 ], [ 72.833795657891841, 19.049425831339594 ], [ 72.833769973817724, 19.049421665299974 ], [ 72.833718303720858, 19.049394528835094 ], [ 72.833459780942334, 19.049252838424479 ], [ 72.833203998208248, 19.04910672170146 ], [ 72.832343982802342, 19.048597717753552 ], [ 72.831740224012322, 19.047871456605776 ], [ 72.831626097187481, 19.047766678264079 ], [ 72.826197373522547, 19.047702806656467 ] ] ] } },
{ "type": "Feature", "properties": { "grid_id": "cell_0254", "ward_id": "N", "ward_gid": 10, "NDVI_prev": 0.54704947246887403, "LST_C": 29.453757098809699, "NDVI": 0.58805242017085757, "pop_density_km2": 21440.051520302208, "elderly_pct": 4.7571458674384077, "slum_pct": 0.0, "hospital_dist_m": 2346.6275284447061, "impervious_pct": 0.0 }, "geometry": { "type": "Polygon", "coordinates": [ [ [ 72.949219891816966, 19.085243180130277 ], [ 72.939719996082815, 19.085137187534407 ], [ 72.9396082209133, 19.094168911723859 ], [ 72.947882305969785, 19.09426129717729 ], [ 72.947881772105248, 19.094186084220006 ], [ 72.947884608262669, 19.09405215451633 ], [ 72.94788688341518, 19.093635885578241 ], [ 72.947888572068905, 19.093448595941176 ], [ 72.947888593112651, 19.093446118421564 ], [ 72.947891815318286, 19.093088891623868 ], [ 72.94789191612773, 19.092785846151219 ], [ 72.94789191530208, 19.092782753239867 ], [ 72.947891916601918, 19.092776096830264 ], [ 72.947891960170324, 19.09264624420241 ], [ 72.947886204839151, 19.092647338106239 ], [ 72.947884567666236, 19.092647649569084 ], [ 72.947898153144266, 19.092402560171415 ], [ 72.94791893508453, 19.092119241050671 ], [ 72.94791990920632, 19.092087315699715 ], [ 72.947921062663497, 19.092049552506179 ], [ 72.948029481575261, 19.09174021327614 ], [ 72.948173378308866, 19.091316755848887 ], [ 72.948313475195491, 19.090897756621022 ], [ 72.948426093269703, 19.090556826081954 ], [ 72.948822814827764, 19.089264864085777 ], [ 72.948869751236259, 19.089111148898667 ], [ 72.948871027468854, 19.089106969080451 ], [ 72.948871634341089, 19.089104985864669 ], [ 72.949063203243199, 19.088477632348809 ], [ 72.949062540914284, 19.088477561743368 ], [ 72.949056530564604, 19.088476924841181 ], [ 72.949097306891304, 19.08824667827319 ], [ 72.949115258794734, 19.087955807199361 ], [ 72.949150348836881, 19.087029260191308 ], [ 72.949170846623957, 19.086528255168236 ], [ 72.949173231132491, 19.086471889474534 ], [ 72.949176368762352, 19.086397653108211 ], [ 72.949192184314668, 19.086171258446356 ], [ 72.949201515768152, 19.086043099760872 ], [ 72.949201530865622, 19.08604287681333 ], [ 72.949211776992058, 19.085902087747687 ], [ 72.949219891816966, 19.085243180130277 ] ] ] } },
{ "type": "Feature", "properties": { "grid_id": "cell_0255", "ward_id": "S", "ward_gid": 12, "NDVI_prev": 0.52576436841305574, "LST_C": 29.86474097932323, "NDVI": 0.57659219939521034, "pop_density_km2": 33495.315395374251, "elderly_pct": 4.7571458685734243, "slum_pct": 0.71860374859208587, "hospital_dist_m": 1122.0982846023246, "impervious_pct": 7.4624703666934131 }, "geometry": { "type": "Polygon", "coordinates": [ [ [ 72.948551386262523, 19.139433706753735 ], [ 72.948439748855066, 19.14846542800068 ], [ 72.957943315095548, 19.148571307428966 ], [ 72.957995595164533, 19.144322689068375 ], [ 72.957310998978102, 19.143519353622768 ], [ 72.957161292927836, 19.143320502127274 ], [ 72.957012396111054, 19.143055930464207 ], [ 72.956812062141154, 19.142475287193776 ], [ 72.956726939260989, 19.142086539145641 ], [ 72.956661833687022, 19.14175716982502 ], [ 72.956654108207744, 19.141063579109655 ], [ 72.95670014429048, 19.140298450866382 ], [ 72.956783720687753, 19.139720923087246 ], [ 72.956830599511719, 19.139525931409832 ], [ 72.948551386262523, 19.139433706753735 ] ] ] } },
{ "type": "Feature", "properties": { "grid_id": "cell_0256", "ward_id": "M/E", "ward_gid": 16, "NDVI_prev": 0.25187780830571121, "LST_C": 34.698444949048017, "NDVI": 0.32000551631671842, "pop_density_km2": 45491.878954701868, "elderly_pct": 4.7571458804430433, "slum_pct": 6.7729074758552086, "hospital_dist_m": 718.71082066243559, "impervious_pct": 10.916244803303261 }, "geometry": { "type": "Polygon", "coordinates": [ [ [ 72.940054943495454, 19.058041958152081 ], [ 72.930556652529745, 19.057935638996192 ], [ 72.930444552768321, 19.066967337421335 ], [ 72.937578870910087, 19.067047277542475 ], [ 72.937737766864345, 19.066736322023317 ], [ 72.938806997657437, 19.064640504414715 ], [ 72.938946366897113, 19.064450589859732 ], [ 72.939097931987305, 19.064244067011064 ], [ 72.939371124890357, 19.063869900345264 ], [ 72.939510313573678, 19.063679266908643 ], [ 72.93987653469901, 19.063183532043471 ], [ 72.939993413213557, 19.063022834668914 ], [ 72.940054943495454, 19.058041958152081 ] ] ] } },
{ "type": "Feature", "properties": { "grid_id": "cell_0257", "ward_id": "P/S", "ward_gid": 20, "NDVI_prev": 0.37174045516356885, "LST_C": 31.551031711811945, "NDVI": 0.4355577092740765, "pop_density_km2": 29609.618532429522, "elderly_pct": 4.7571458636314174, "slum_pct": 0.0, "hospital_dist_m": 799.14045121153742, "impervious_pct": 13.338710419165082 }, "geometry": { "type": "Polygon", "coordinates": [ [ [ 72.834048046898857, 19.174249707909855 ], [ 72.83416607730328, 19.165218679428087 ], [ 72.824662317731693, 19.165106306319853 ], [ 72.824607920047256, 19.169250970017146 ], [ 72.825031685812533, 19.169629783440577 ], [ 72.825226380618773, 19.170180848218308 ], [ 72.825358757266685, 19.17085244770956 ], [ 72.825545862065781, 19.171857196424931 ], [ 72.825550190885551, 19.171880441998258 ], [ 72.825755143793117, 19.172661520113842 ], [ 72.827028957772285, 19.174166723676468 ], [ 72.834048046898857, 19.174249707909855 ] ] ] } },
{ "type": "Feature", "properties": { "grid_id": "cell_0258", "ward_id": "K/E", "ward_gid": 19, "NDVI_prev": 0.25778864897767956, "LST_C": 32.869332305120736, "NDVI": 0.25440974300169489, "pop_density_km2": 50015.025093913951, "elderly_pct": 4.757145869909559, "slum_pct": 6.451979092191154, "hospital_dist_m": 136.87027376900502, "impervious_pct": 84.333687190375102 }, "geometry": { "type": "Polygon", "coordinates": [ [ [ 72.8538743933658, 19.111254901439956 ], [ 72.853990929726208, 19.102223692924991 ], [ 72.844490648314945, 19.10211269732326 ], [ 72.844480619317864, 19.102886689494362 ], [ 72.844633547801877, 19.103859875612397 ], [ 72.844688863177922, 19.104222957043145 ], [ 72.844958198492435, 19.105994045200667 ], [ 72.845010815284752, 19.106637405876988 ], [ 72.845151633791374, 19.107884865750989 ], [ 72.845531368562703, 19.110212597365788 ], [ 72.845681490471975, 19.11115916609949 ], [ 72.8538743933658, 19.111254901439956 ] ] ] } },
{ "type": "Feature", "properties": { "grid_id": "cell_0259", "ward_id": "M/E", "ward_gid": 16, "NDVI_prev": 0.18064184441502801, "LST_C": 36.207106132212097, "NDVI": 0.21696787744032339, "pop_density_km2": 59315.250153973044, "elderly_pct": 4.7571458660505606, "slum_pct": 30.963512680227957, "hospital_dist_m": 169.65183801973646, "impervious_pct": 84.476398564192891 }, "geometry": { "type": "Polygon", "coordinates": [ [ [ 72.920945811463326, 19.066860475530454 ], [ 72.921058424833163, 19.057828831521405 ], [ 72.911582937658821, 19.057721792493908 ], [ 72.911560082113127, 19.057735797043591 ], [ 72.911474052801822, 19.064604480858616 ], [ 72.911666828193788, 19.064813082609632 ], [ 72.911786233568748, 19.064942290541101 ], [ 72.911772958673211, 19.064946857171854 ], [ 72.911563833127872, 19.065018797409067 ], [ 72.911724578843007, 19.065093493630428 ], [ 72.911738757297996, 19.065100082135583 ], [ 72.911952961625545, 19.06519961949396 ], [ 72.912124902014384, 19.065237124733848 ], [ 72.912437044702358, 19.065305211719384 ], [ 72.912535960055934, 19.065311418998935 ], [ 72.912667350109018, 19.065319664419029 ], [ 72.912970588944901, 19.065315907577578 ], [ 72.913028756363644, 19.065322556532067 ], [ 72.913090547950631, 19.065336722996673 ], [ 72.913213453180347, 19.065399941289051 ], [ 72.913568252865659, 19.065507554321531 ], [ 72.913816428833471, 19.065587363094021 ], [ 72.914322442729173, 19.065774186719864 ], [ 72.914612544658581, 19.065878000273091 ], [ 72.914674798561805, 19.065902172669031 ], [ 72.914792106617838, 19.065950196610217 ], [ 72.915184758854139, 19.066092950853029 ], [ 72.916408528936927, 19.066543726194816 ], [ 72.916582278676572, 19.066619710463044 ], [ 72.916706011745902, 19.066673819063546 ], [ 72.916900543517755, 19.066758890097866 ], [ 72.916913491877807, 19.066764605162497 ], [ 72.917030619531019, 19.066816286791493 ], [ 72.920945811463326, 19.066860475530454 ] ] ] } },
{ "type": "Feature", "properties": { "grid_id": "cell_0260", "ward_id": "M/E", "ward_gid": 16, "NDVI_prev": 0.34461213958654024, "LST_C": 31.815515809791908, "NDVI": 0.44141224636124415, "pop_density_km2": 48625.346081137526, "elderly_pct": 4.7571458714554167, "slum_pct": 1.4052398207826535, "hospital_dist_m": 1619.4407450780752, "impervious_pct": 12.923368560058782 }, "geometry": { "type": "Polygon", "coordinates": [ [ [ 72.949553297440559, 19.058147788975095 ], [ 72.949664307248355, 19.04911597300973 ], [ 72.940166466653324, 19.049010196099726 ], [ 72.940054943495454, 19.058041958152081 ], [ 72.942022200202985, 19.058063917514893 ], [ 72.942295182468968, 19.056732210572498 ], [ 72.942424993612178, 19.056652547510105 ], [ 72.942514780193704, 19.056597445831514 ], [ 72.942673635665841, 19.056500484012364 ], [ 72.942676029515212, 19.056499023875954 ], [ 72.942714732407424, 19.056475396077307 ], [ 72.943630398204277, 19.056435592690743 ], [ 72.943711978758898, 19.05647117173471 ], [ 72.943775495572396, 19.056492601505091 ], [ 72.944146113257261, 19.056651148246694 ], [ 72.944613357573829, 19.0568524087047 ], [ 72.94519380661572, 19.057099501664904 ], [ 72.945310801957561, 19.05714930592147 ], [ 72.945921025875592, 19.057412606706961 ], [ 72.946634430738243, 19.057722942056674 ], [ 72.946946757142726, 19.057852830473763 ], [ 72.947307078508715, 19.058003462122858 ], [ 72.947588745896624, 19.058125940021952 ], [ 72.949553297440559, 19.058147788975095 ] ] ] } },
{ "type": "Feature", "properties": { "grid_id": "cell_0261", "ward_id": "R/C", "ward_gid": 11, "NDVI_prev": 0.55521401366527467, "LST_C": 31.128771057372486, "NDVI": 0.5342739248694669, "pop_density_km2": 6552.7655374288252, "elderly_pct": 4.7571458691090074, "slum_pct": 0.0, "hospital_dist_m": 2886.6631883725695, "impervious_pct": 0.0 }, "geometry": { "type": "Polygon", "coordinates": [ [ [ 72.909700211983662, 19.205576665224381 ], [ 72.909612423834147, 19.205211607920692 ], [ 72.909464582846425, 19.204577413779973 ], [ 72.909344028926512, 19.204079256814065 ], [ 72.909298165570263, 19.203889734690595 ], [ 72.90929339082281, 19.2038700038778 ], [ 72.909134662070059, 19.203167540591444 ], [ 72.908985255192505, 19.202468508537219 ], [ 72.908985224863372, 19.202468500965004 ], [ 72.908800789281685, 19.202428577483918 ], [ 72.908727656201222, 19.202421759740513 ], [ 72.908639202428148, 19.202409819916941 ], [ 72.9085295459343, 19.202380846999599 ], [ 72.907861602131163, 19.202204364018463 ], [ 72.900590043767323, 19.202121215403213 ], [ 72.900311825020211, 19.202867830227099 ], [ 72.900223672893262, 19.20310438950823 ], [ 72.900121535373671, 19.211148544143128 ], [ 72.907546385577945, 19.211233495203754 ], [ 72.907451300814884, 19.210466116113121 ], [ 72.909668010411181, 19.208124389284364 ], [ 72.909700211983662, 19.205576665224381 ] ] ] } },
{ "type": "Feature", "properties": { "grid_id": "cell_0262", "ward_id": "F/S", "ward_gid": 6, "NDVI_prev": 0.29195585431196769, "LST_C": 33.819136098489516, "NDVI": 0.35020187283961929, "pop_density_km2": 115272.17827348065, "elderly_pct": 5.5859844844872848, "slum_pct": 0.074100475201449606, "hospital_dist_m": 607.89320954186201, "impervious_pct": 53.876238949906266 }, "geometry": { "type": "Polygon", "coordinates": [ [ [ 72.864647897827197, 19.012021028809368 ], [ 72.864739646974201, 19.004834993646288 ], [ 72.862980697041579, 19.003946694669338 ], [ 72.8620495428612, 19.003500264544989 ], [ 72.861535555479506, 19.003082670776259 ], [ 72.862355576995085, 19.003074895749986 ], [ 72.862356647976824, 19.003074886164171 ], [ 72.862355561370379, 19.003024845484831 ], [ 72.862354488937299, 19.00302487355286 ], [ 72.86148199177606, 19.003039152286991 ], [ 72.861405362909153, 19.003040406131571 ], [ 72.861397320068804, 19.002970359587444 ], [ 72.861394463809745, 19.002950726706576 ], [ 72.855268499170123, 19.002879771052012 ], [ 72.855165588697048, 19.010905042335043 ], [ 72.855214105827983, 19.010894927604216 ], [ 72.855488291762086, 19.010837766809438 ], [ 72.855711296907643, 19.010787877340686 ], [ 72.855725468398433, 19.010784707320827 ], [ 72.855815057715418, 19.010768845579928 ], [ 72.855822317702504, 19.010767559725551 ], [ 72.855840373026595, 19.010763905220099 ], [ 72.85589087428238, 19.01075368538433 ], [ 72.855899939116057, 19.010751850466253 ], [ 72.8559926395167, 19.010731778074767 ], [ 72.856276156352436, 19.010670388618472 ], [ 72.85625422924825, 19.010586811895255 ], [ 72.856304548696983, 19.010530569226354 ], [ 72.856505145755875, 19.010727701154032 ], [ 72.858321193682912, 19.011947826432603 ], [ 72.864647897827197, 19.012021028809368 ] ] ] } },
{ "type": "Feature", "properties": { "grid_id": "cell_0263", "ward_id": "T", "ward_gid": 13, "NDVI_prev": 0.60157232820382833, "LST_C": 29.995808135777985, "NDVI": 0.60467933778018457, "pop_density_km2": 14813.473487406996, "elderly_pct": 4.7571458687090677, "slum_pct": 0.0, "hospital_dist_m": 2155.872740530282, "impervious_pct": 0.74360893906776571 }, "geometry": { "type": "Polygon", "coordinates": [ [ [ 72.900694236235736, 19.165991537860034 ], [ 72.900808583352074, 19.156960107998128 ], [ 72.89130488208356, 19.156851228549101 ], [ 72.891261508977848, 19.160262113769512 ], [ 72.891551434037837, 19.160266851012107 ], [ 72.891970679183643, 19.161404196910091 ], [ 72.892132667157597, 19.1618950317878 ], [ 72.892475519632683, 19.163176761999278 ], [ 72.892428730604664, 19.163425876405679 ], [ 72.89237175468655, 19.163729226393059 ], [ 72.892343079613909, 19.163881897533862 ], [ 72.892320414406441, 19.163970524483183 ], [ 72.89247544664309, 19.164293689431378 ], [ 72.893249049158769, 19.165906244966969 ], [ 72.900694236235736, 19.165991537860034 ] ] ] } },
{ "type": "Feature", "properties": { "grid_id": "cell_0264", "ward_id": "P/N", "ward_gid": 21, "NDVI_prev": 0.60546894730036216, "LST_C": 28.901383564867931, "NDVI": 0.64458924006894092, "pop_density_km2": 7029.4523733390388, "elderly_pct": 4.7571458674737155, "slum_pct": 0.0, "hospital_dist_m": 1412.2153804790482, "impervious_pct": 0.0 }, "geometry": { "type": "Polygon", "coordinates": [ [ [ 72.890960096598363, 19.183945323846352 ], [ 72.881454908854863, 19.183835786956042 ], [ 72.881342185833148, 19.19264424906649 ], [ 72.882749955358548, 19.192460123462187 ], [ 72.882783863916913, 19.192455689124927 ], [ 72.884744274950577, 19.192462952105949 ], [ 72.885574650367488, 19.192468153503274 ], [ 72.885647849684233, 19.192468629937398 ], [ 72.885858843619374, 19.192470003793616 ], [ 72.887036442246369, 19.192477662902743 ], [ 72.88708096394754, 19.19247795281116 ], [ 72.887112937889384, 19.192467679788312 ], [ 72.88714146487375, 19.192458514150008 ], [ 72.887141465943003, 19.192458513801032 ], [ 72.887254539671673, 19.192422184945315 ], [ 72.887254544711894, 19.192422183341392 ], [ 72.887576025024003, 19.192318895647091 ], [ 72.887668605940405, 19.192289151198178 ], [ 72.887728874506408, 19.192269786937416 ], [ 72.887821402849312, 19.19224005798732 ], [ 72.887840566144789, 19.192233901248773 ], [ 72.890866894236481, 19.191261541688444 ], [ 72.890960096598363, 19.183945323846352 ] ] ] } },
{ "type": "Feature", "properties": { "grid_id": "cell_0265", "ward_id": "P/N", "ward_gid": 21, "NDVI_prev": 0.66266639904062419, "LST_C": 27.731486772317702, "NDVI": 0.68417813830098373, "pop_density_km2": 4944.0453569138272, "elderly_pct": 4.7571458702649814, "slum_pct": 0.0, "hospital_dist_m": 1913.6852739079816, "impervious_pct": 0.0 }, "geometry": { "type": "Polygon", "coordinates": [ [ [ 72.891075089725334, 19.174913968285562 ], [ 72.890960096598363, 19.183945323846352 ], [ 72.900075877608231, 19.184049910614565 ], [ 72.899991873913109, 19.183263227330521 ], [ 72.900004849345294, 19.182516929421919 ], [ 72.900017632529938, 19.181301874603548 ], [ 72.900057018588484, 19.181095115829855 ], [ 72.900265326340275, 19.179927456898241 ], [ 72.900243261878728, 19.179834850229998 ], [ 72.899924706160419, 19.178497843784303 ], [ 72.899776682655855, 19.177853279073901 ], [ 72.899682544520303, 19.17747825143454 ], [ 72.899584636067075, 19.177113982836765 ], [ 72.899571689722421, 19.177052860169667 ], [ 72.899487530784754, 19.176710839358229 ], [ 72.899328860460955, 19.176088511261291 ], [ 72.898889902789961, 19.175619171239138 ], [ 72.898523039874419, 19.175216636389802 ], [ 72.898390562871867, 19.17507127680129 ], [ 72.898322981697419, 19.174997123747726 ], [ 72.891075089725334, 19.174913968285562 ] ] ] } },
{ "type": "Feature", "properties": { "grid_id": "cell_0266", "ward_id": "L", "ward_gid": 24, "NDVI_prev": 0.29387764510494224, "LST_C": 35.525748372633977, "NDVI": 0.29596978805997365, "pop_density_km2": 70017.805923375927, "elderly_pct": 4.7571458700794134, "slum_pct": 7.201905121664427, "hospital_dist_m": 564.90440602016577, "impervious_pct": 63.43901773141382 }, "geometry": { "type": "Polygon", "coordinates": [ [ [ 72.892434675217444, 19.067746653543562 ], [ 72.891629980676782, 19.066527583969766 ], [ 72.882951484888096, 19.066428142572835 ], [ 72.882836752509661, 19.075459556932323 ], [ 72.892335751611682, 19.075568428369163 ], [ 72.892337013277867, 19.075468693989947 ], [ 72.892331863306168, 19.075449902833189 ], [ 72.892292548018261, 19.075318236874836 ], [ 72.892183481784599, 19.074810532079699 ], [ 72.89206487164391, 19.074258397871798 ], [ 72.891851863794386, 19.073514709124037 ], [ 72.891743826131076, 19.073137507813268 ], [ 72.891726944023446, 19.073078565833477 ], [ 72.891724118584733, 19.073068701129237 ], [ 72.891707173602242, 19.07300953947491 ], [ 72.891539493717787, 19.072753902283647 ], [ 72.891491594963213, 19.072572754338015 ], [ 72.891449434751451, 19.072412528152121 ], [ 72.891423956982791, 19.072134040726539 ], [ 72.891388986979109, 19.071773555102407 ], [ 72.891345899334013, 19.07136284430576 ], [ 72.89124824158641, 19.070587446054802 ], [ 72.891245408784286, 19.070564953557515 ], [ 72.891219381623131, 19.070406196210918 ], [ 72.891205644397346, 19.070260907662565 ], [ 72.891171243250383, 19.069779211472596 ], [ 72.891163542168144, 19.069668322206493 ], [ 72.891151480648048, 19.069494646526405 ], [ 72.891061967304822, 19.068429939894497 ], [ 72.89106167126711, 19.068427766944769 ], [ 72.892333865371768, 19.06823649998617 ], [ 72.892396230285428, 19.068225277914408 ], [ 72.892413753924345, 19.068222125268516 ], [ 72.892428697213816, 19.068219436100186 ], [ 72.892434675217444, 19.067746653543562 ] ] ] } },
{ "type": "Feature", "properties": { "grid_id": "cell_0267", "ward_id": "G/N", "ward_gid": 9, "NDVI_prev": 0.2404346710186033, "LST_C": 34.76721622986291, "NDVI": 0.26953766659782524, "pop_density_km2": 60969.883343902868, "elderly_pct": 5.5859844776589318, "slum_pct": 13.952942428159551, "hospital_dist_m": 604.08991221807833, "impervious_pct": 73.844141470040753 }, "geometry": { "type": "Polygon", "coordinates": [ [ [ 72.845424685507879, 19.029863137670141 ], [ 72.845308161426047, 19.0388943659384 ], [ 72.854804846449142, 19.039004966659853 ], [ 72.854865303214623, 19.034299153919839 ], [ 72.854625544524808, 19.033935940830581 ], [ 72.854570574681304, 19.033854846678235 ], [ 72.854570328593439, 19.033854484320162 ], [ 72.85455091703983, 19.033825714754684 ], [ 72.854523191656483, 19.033784628339323 ], [ 72.854489532022583, 19.033734745639372 ], [ 72.854404524483243, 19.033609294541119 ], [ 72.854404456435802, 19.03360919439147 ], [ 72.854389334158554, 19.033586782140368 ], [ 72.854389303400581, 19.033586736619799 ], [ 72.854389123496404, 19.033586471679762 ], [ 72.854379179657997, 19.033571730496213 ], [ 72.854379133046208, 19.033571662209845 ], [ 72.854352113932663, 19.033531349949037 ], [ 72.854277541334824, 19.033420353040668 ], [ 72.854179632646208, 19.033274619115581 ], [ 72.85406927209084, 19.033111694966745 ], [ 72.853951176619233, 19.032937176012545 ], [ 72.853905327639055, 19.032869940794686 ], [ 72.853905166189634, 19.032869703275043 ], [ 72.853699140073786, 19.032566797533949 ], [ 72.85350521749578, 19.032290640735539 ], [ 72.853430092785729, 19.032183370335353 ], [ 72.853324176777932, 19.032023244336443 ], [ 72.853244670062111, 19.03190902652732 ], [ 72.853149236367187, 19.031771930861222 ], [ 72.853124790432631, 19.031736815042155 ], [ 72.853102563095632, 19.031703995816329 ], [ 72.853102377767001, 19.031703721671253 ], [ 72.852912637975535, 19.031422898105312 ], [ 72.852831021468532, 19.031302100653932 ], [ 72.852633591251973, 19.031018266192465 ], [ 72.852633541804266, 19.03101819696953 ], [ 72.852633220116815, 19.03101773166177 ], [ 72.852633081177089, 19.031017531328409 ], [ 72.852633064385728, 19.031017507648315 ], [ 72.852632945942972, 19.03101733826422 ], [ 72.852629943694637, 19.031013056213297 ], [ 72.85262956597019, 19.031012517089657 ], [ 72.852336085401433, 19.03059382572043 ], [ 72.852087159316312, 19.030229514634552 ], [ 72.851964170403932, 19.030038334035346 ], [ 72.851932041217495, 19.029967854532348 ], [ 72.851911510733871, 19.029938703229512 ], [ 72.845424685507879, 19.029863137670141 ] ] ] } },
{ "type": "Feature", "properties": { "grid_id": "cell_0268", "ward_id": "K/W", "ward_gid": 14, "NDVI_prev": 0.30637305949396587, "LST_C": 34.294884859448899, "NDVI": 0.30024691224603589, "pop_density_km2": 87091.023523870128, "elderly_pct": 4.7571458635139781, "slum_pct": 6.8998280571507529, "hospital_dist_m": 194.78955114762425, "impervious_pct": 62.507598182910279 }, "geometry": { "type": "Polygon", "coordinates": [ [ [ 72.835107932816015, 19.092970107348492 ], [ 72.834990432862114, 19.102001212287863 ], [ 72.84434135806859, 19.1021109491932 ], [ 72.844305814763558, 19.101939284385413 ], [ 72.844208436348367, 19.10112300371895 ], [ 72.844199386034404, 19.100764880897671 ], [ 72.843990457575657, 19.098865627100466 ], [ 72.843976332826742, 19.09873721877473 ], [ 72.843971909154931, 19.09868425984596 ], [ 72.843948219762993, 19.098423093234487 ], [ 72.843945695507273, 19.098399826594338 ], [ 72.843945002759241, 19.098393454163141 ], [ 72.843698235133161, 19.096620914270233 ], [ 72.843528692929326, 19.094971660315313 ], [ 72.843474465961449, 19.094717325935488 ], [ 72.843471852090687, 19.094697900715669 ], [ 72.843265271538058, 19.093420188654886 ], [ 72.843241803067272, 19.093227614885517 ], [ 72.843228738084434, 19.093065392113122 ], [ 72.835107932816015, 19.092970107348492 ] ] ] } },
{ "type": "Feature", "properties": { "grid_id": "cell_0269", "ward_id": "L", "ward_gid": 24, "NDVI_prev": 0.19810104272653514, "LST_C": 36.822916443076231, "NDVI": 0.20392163974005229, "pop_density_km2": 87536.854438133072, "elderly_pct": 4.7571458647319727, "slum_pct": 12.627716095944935, "hospital_dist_m": 264.02108717573248, "impervious_pct": 67.712886711062708 }, "geometry": { "type": "Polygon", "coordinates": [ [ [ 72.882721955381314, 19.084490961789719 ], [ 72.882836752509661, 19.075459556932323 ], [ 72.873337818157566, 19.075350196750065 ], [ 72.873319379035038, 19.076794719408028 ], [ 72.873623319028354, 19.076889927912365 ], [ 72.873687824974695, 19.076909116905338 ], [ 72.873768784921111, 19.076933199028421 ], [ 72.87399145352299, 19.07704201752534 ], [ 72.874092889958604, 19.07709780289877 ], [ 72.874340001554216, 19.077217052096891 ], [ 72.874450516864329, 19.07726963243179 ], [ 72.874656996771364, 19.077366608602517 ], [ 72.874733187414463, 19.077403686660912 ], [ 72.874926684175861, 19.077497849091305 ], [ 72.875180380274102, 19.077767530450117 ], [ 72.875278565345027, 19.077871974793251 ], [ 72.875323634793872, 19.078079183159034 ], [ 72.87551133060569, 19.078243828925107 ], [ 72.875583552092408, 19.078307165926525 ], [ 72.875840761882955, 19.078750362633233 ], [ 72.875903791807801, 19.07887294379843 ], [ 72.875902605285646, 19.078873425330315 ], [ 72.875934974624016, 19.078926156547727 ], [ 72.87560207404519, 19.079083801087666 ], [ 72.875546468264986, 19.07911013295756 ], [ 72.874680228238972, 19.079520335173111 ], [ 72.874641590693045, 19.079538631572863 ], [ 72.874571406462479, 19.079571866485804 ], [ 72.874422895465685, 19.079642192112971 ], [ 72.874292915255893, 19.079703742336655 ], [ 72.874131163731477, 19.079780337856349 ], [ 72.874015802477572, 19.079834322517701 ], [ 72.873785389217261, 19.079942419461283 ], [ 72.873276142931644, 19.08018132795787 ], [ 72.873235877440322, 19.083334608346767 ], [ 72.874673890483095, 19.08397617918887 ], [ 72.875417700807361, 19.084329866303726 ], [ 72.875519793033618, 19.084408051265815 ], [ 72.882721955381314, 19.084490961789719 ] ] ] } },
{ "type": "Feature", "properties": { "grid_id": "cell_0270", "ward_id": "N", "ward_gid": 10, "NDVI_prev": 0.27248925111816119, "LST_C": 35.854758575027581, "NDVI": 0.32205970993445326, "pop_density_km2": 84509.057927503512, "elderly_pct": 4.7571458726657418, "slum_pct": 36.344069194090892, "hospital_dist_m": 538.87046570696543, "impervious_pct": 55.029312885778943 }, "geometry": { "type": "Polygon", "coordinates": [ [ [ 72.91144713373302, 19.066753125086016 ], [ 72.911333942906097, 19.075784704949417 ], [ 72.920833134518801, 19.075892110064384 ], [ 72.920866822335626, 19.073192393932676 ], [ 72.920822836759513, 19.073014879863408 ], [ 72.920775579185445, 19.072826718951138 ], [ 72.920753453720295, 19.072738627102353 ], [ 72.920679091236124, 19.072442541519624 ], [ 72.920668080537254, 19.072390978545297 ], [ 72.920618611019279, 19.072208419255762 ], [ 72.920528567878506, 19.071860545456559 ], [ 72.920509638843725, 19.07178940647098 ], [ 72.920474170163047, 19.071656110671164 ], [ 72.920442306969349, 19.071536360634468 ], [ 72.920376383697757, 19.071280915276784 ], [ 72.920339650493176, 19.071138576810785 ], [ 72.920312187900024, 19.071032156580298 ], [ 72.920281287171406, 19.070892773532115 ], [ 72.920261102868821, 19.070801725402408 ], [ 72.920187239035755, 19.07046853455941 ], [ 72.920102371362461, 19.070089740695757 ], [ 72.920041379943882, 19.069811656650391 ], [ 72.919992088961948, 19.069592505188034 ], [ 72.919851943656113, 19.069481167872837 ], [ 72.919819961235348, 19.069168095158879 ], [ 72.919806831588105, 19.069039563276558 ], [ 72.919797441323254, 19.06894657018232 ], [ 72.919784092950906, 19.068809303723828 ], [ 72.919776107541082, 19.068749821385726 ], [ 72.919773028911678, 19.06870480550419 ], [ 72.91976185963621, 19.068611099511962 ], [ 72.919757918257361, 19.06856548585364 ], [ 72.91973611714424, 19.068544493096201 ], [ 72.919706075858727, 19.068515564993508 ], [ 72.919424249100871, 19.068247253799239 ], [ 72.919414928862253, 19.06823520260976 ], [ 72.919175861714436, 19.067925975849487 ], [ 72.918431711956785, 19.067477567179697 ], [ 72.918177107095261, 19.067323016679723 ], [ 72.917935485439912, 19.067215625987593 ], [ 72.917849959111606, 19.067180354139168 ], [ 72.917647973256649, 19.067089523573884 ], [ 72.917500618154151, 19.06702473111989 ], [ 72.917368883774529, 19.066966806566271 ], [ 72.917118817146218, 19.066855203207648 ], [ 72.917030619531019, 19.066816286791493 ], [ 72.91144713373302, 19.066753125086016 ] ] ] } },
{ "type": "Feature", "properties": { "grid_id": "cell_0271", "ward_id": "E", "ward_gid": 5, "NDVI_prev": 0.25249621460656807, "LST_C": 34.562787011334436, "NDVI": 0.28546544902504095, "pop_density_km2": 65572.9884467222, "elderly_pct": 5.585984479498892, "slum_pct": 3.6178708500959091, "hospital_dist_m": 375.84370414995942, "impervious_pct": 64.747519183061371 }, "geometry": { "type": "Polygon", "coordinates": [ [ [ 72.846122448198557, 18.975675568579152 ], [ 72.836629411107324, 18.975564876496051 ], [ 72.83651277088461, 18.984596105138099 ], [ 72.842255515923, 18.984663156349644 ], [ 72.842304088576086, 18.984473057730039 ], [ 72.842385927999601, 18.984125099162824 ], [ 72.842465217072657, 18.983806369236785 ], [ 72.842551321234254, 18.983472086844248 ], [ 72.842589960622462, 18.983319522951675 ], [ 72.842590797899291, 18.983316219548286 ], [ 72.842596123863245, 18.983295191377952 ], [ 72.842606327606916, 18.983254905624218 ], [ 72.842590709276578, 18.983243714595719 ], [ 72.842595368545446, 18.983225204172829 ], [ 72.842606795488123, 18.983179812087037 ], [ 72.842720733985061, 18.98316221696863 ], [ 72.842772081031541, 18.983154287818703 ], [ 72.84284037599285, 18.983143741641491 ], [ 72.842857041349617, 18.983141168303383 ], [ 72.84286873574662, 18.983139361699443 ], [ 72.843091210682161, 18.983105006842258 ], [ 72.843135016109443, 18.983098241612065 ], [ 72.843318058116097, 18.983069975538861 ], [ 72.843576559251787, 18.983029667653511 ], [ 72.844077460397983, 18.982951561383711 ], [ 72.844132840426084, 18.982949560872008 ], [ 72.84443517213704, 18.982831592830042 ], [ 72.844777908567565, 18.982687385315334 ], [ 72.845365542304137, 18.982440782043817 ], [ 72.846039287083883, 18.982143460764064 ], [ 72.846122448198557, 18.975675568579152 ] ] ] } },
{ "type": "Feature", "properties": { "grid_id": "cell_0272", "ward_id": "M/W", "ward_gid": 17, "NDVI_prev": 0.11862114708702254, "LST_C": 34.097291771757611, "NDVI": 0.21437024031998902, "pop_density_km2": 46248.461495455747, "elderly_pct": 4.7571458688856083, "slum_pct": 0.0, "hospital_dist_m": 4006.8244292036911, "impervious_pct": 42.078313578849084 }, "geometry": { "type": "Polygon", "coordinates": [ [ [ 72.893247696427167, 19.003316404594994 ], [ 72.902742657294681, 19.003424346089592 ], [ 72.902855060508003, 18.994455692959097 ], [ 72.901231126231082, 18.995002610294332 ], [ 72.90034534398113, 18.995212127864296 ], [ 72.899903470238769, 18.995235751028549 ], [ 72.898829188613391, 18.995271283329387 ], [ 72.89664108815397, 18.995294146873718 ], [ 72.895819227446097, 18.99520842713239 ], [ 72.89542896647319, 18.995118068550326 ], [ 72.894469508419448, 18.994801661203216 ], [ 72.893799849055981, 18.994584014199805 ], [ 72.893358210325104, 18.994538276387789 ], [ 72.893247696427167, 19.003316404594994 ] ] ] } },
{ "type": "Feature", "properties": { "grid_id": "cell_0273", "ward_id": "R/S", "ward_gid": 22, "NDVI_prev": 0.31191711786735632, "LST_C": 35.03073077886814, "NDVI": 0.35048432640251692, "pop_density_km2": 71952.05561145836, "elderly_pct": 4.7571458735091454, "slum_pct": 34.768356579218349, "hospital_dist_m": 579.34618263786911, "impervious_pct": 59.915888794309872 }, "geometry": { "type": "Polygon", "coordinates": [ [ [ 72.862328117935633, 19.192646416787358 ], [ 72.862211441838241, 19.201677586015439 ], [ 72.87171753484418, 19.201788218341779 ], [ 72.871819451327468, 19.193864553023435 ], [ 72.871542947224782, 19.193870842455883 ], [ 72.87133930015446, 19.19385154609563 ], [ 72.871317258447277, 19.1938501166752 ], [ 72.871256680224207, 19.193846188780309 ], [ 72.871067480268437, 19.19384108997712 ], [ 72.87100441283242, 19.193839388782123 ], [ 72.871003117575754, 19.193839141351628 ], [ 72.87100153949136, 19.193838838609306 ], [ 72.870984725638621, 19.193835610734478 ], [ 72.870959428158031, 19.193835359755244 ], [ 72.870848050379166, 19.193834254836766 ], [ 72.87079930365816, 19.19383377198853 ], [ 72.870725119539031, 19.193833036490862 ], [ 72.870530247083664, 19.193831103906085 ], [ 72.870496359341871, 19.193830768121082 ], [ 72.870491421784081, 19.193830717709687 ], [ 72.870297244140119, 19.193828790634928 ], [ 72.870069491850529, 19.193751898118691 ], [ 72.869704769390566, 19.193712384911766 ], [ 72.869651382765539, 19.193706601157057 ], [ 72.869578710755036, 19.193698728398576 ], [ 72.869539648946841, 19.19370915636744 ], [ 72.869529003386305, 19.193711998239202 ], [ 72.869415930731037, 19.193739243979561 ], [ 72.869339497408959, 19.193757638341136 ], [ 72.869262989611698, 19.193770001229765 ], [ 72.869228192829823, 19.193775623943832 ], [ 72.869207256205371, 19.193779008681421 ], [ 72.868911307687839, 19.193781813472945 ], [ 72.868898527113572, 19.193784131026046 ], [ 72.868807918926947, 19.193800563712649 ], [ 72.868759874033842, 19.193809277703938 ], [ 72.868755203645847, 19.193810401405123 ], [ 72.868755202501447, 19.193810401680864 ], [ 72.868683733660674, 19.193827596568401 ], [ 72.868429674940757, 19.193886974378387 ], [ 72.86841999452578, 19.19388923660204 ], [ 72.868350610278696, 19.193898868960723 ], [ 72.868290142413713, 19.193907263807052 ], [ 72.86818536392397, 19.193918448905233 ], [ 72.868150127669551, 19.193923325195069 ], [ 72.868101985005097, 19.193929989141683 ], [ 72.86804337289432, 19.19393810141074 ], [ 72.868044397485065, 19.193929319514105 ], [ 72.86805492966559, 19.193839020427408 ], [ 72.868086929135586, 19.19380182053651 ], [ 72.868124455788404, 19.193758195337733 ], [ 72.868085640946518, 19.19370646219323 ], [ 72.868063825761851, 19.193707198208468 ], [ 72.867842523767948, 19.193714661985549 ], [ 72.867706207272093, 19.193719259367796 ], [ 72.867685213386281, 19.19372009853879 ], [ 72.867674633060716, 19.193720520044035 ], [ 72.867613280345068, 19.193709569791761 ], [ 72.867573436678029, 19.193702471145414 ], [ 72.867448608372655, 19.193681281185953 ], [ 72.867425255697398, 19.19367393508389 ], [ 72.867423575915552, 19.193673406723683 ], [ 72.867206726630044, 19.193605193227718 ], [ 72.86700018993848, 19.193545449301158 ], [ 72.866959829737169, 19.193533774189369 ], [ 72.866826912374165, 19.19352792223177 ], [ 72.866727219676761, 19.193523519272361 ], [ 72.866695576333882, 19.193522122106451 ], [ 72.866406787807819, 19.193497728750863 ], [ 72.866342752640733, 19.19348946848736 ], [ 72.866125577185073, 19.193486538694309 ], [ 72.866095870113497, 19.193482014563315 ], [ 72.866022903041625, 19.19347327332471 ], [ 72.865848945247905, 19.193454066766769 ], [ 72.865834524600359, 19.19345239705126 ], [ 72.865834276717791, 19.193452368730263 ], [ 72.865670428669304, 19.193433470450518 ], [ 72.865326887969275, 19.193428845533195 ], [ 72.865306202108926, 19.193426940969132 ], [ 72.865293212512668, 19.193425745714872 ], [ 72.865290976063534, 19.193425540470336 ], [ 72.865276834212253, 19.193424239306044 ], [ 72.865262796909533, 19.193422946294927 ], [ 72.865242758661509, 19.193424043733909 ], [ 72.865145114595251, 19.193422911444042 ], [ 72.865122775649439, 19.193422652490334 ], [ 72.865103038883888, 19.193422075827655 ], [ 72.865100373208577, 19.19342203297407 ], [ 72.864983313492075, 19.193420147563099 ], [ 72.864887845005285, 19.1934181860635 ], [ 72.864761105233512, 19.193430040492885 ], [ 72.864736831653403, 19.193292811351675 ], [ 72.864736830312481, 19.193292803279032 ], [ 72.864639669058747, 19.192743443360516 ], [ 72.864630099765634, 19.192673240464558 ], [ 72.862328117935633, 19.192646416787358 ] ] ] } },
{ "type": "Feature", "properties": { "grid_id": "cell_0274", "ward_id": "F/N", "ward_gid": 8, "NDVI_prev": 0.27232086258002325, "LST_C": 32.904398394384998, "NDVI": 0.30464791697836724, "pop_density_km2": 57253.301327495785, "elderly_pct": 5.5859844884396885, "slum_pct": 5.1141967569465967, "hospital_dist_m": 384.55602070640595, "impervious_pct": 73.259797898023848 }, "geometry": { "type": "Polygon", "coordinates": [ [ [ 72.845541143762489, 19.020831899896148 ], [ 72.855036803852713, 19.020942387847686 ], [ 72.855152684264056, 19.011911084195809 ], [ 72.852109331411469, 19.011875742148501 ], [ 72.851935931280394, 19.011919874714476 ], [ 72.850330974104807, 19.012328351654411 ], [ 72.850080954206959, 19.01239284679458 ], [ 72.850049605141422, 19.012402879587228 ], [ 72.850008922329692, 19.012414870462646 ], [ 72.849980255643374, 19.012421537274761 ], [ 72.849908415123608, 19.012433256899058 ], [ 72.849883659208871, 19.012440508438573 ], [ 72.849507763422693, 19.012543846447265 ], [ 72.849290259981586, 19.012609031332044 ], [ 72.849201258616048, 19.012636431228962 ], [ 72.849216879536272, 19.012675119993478 ], [ 72.849145783869261, 19.012740326527638 ], [ 72.849102637032033, 19.012746300788397 ], [ 72.848944394340847, 19.012775066161737 ], [ 72.848744882393035, 19.012815993090964 ], [ 72.848658218718469, 19.012833739657751 ], [ 72.848597094278148, 19.012847131676629 ], [ 72.848494269622037, 19.01287791108582 ], [ 72.848023818721245, 19.013015516876113 ], [ 72.847762878090506, 19.013092690697913 ], [ 72.847562681950222, 19.013150501120133 ], [ 72.847482624026753, 19.013176793021536 ], [ 72.847451154407707, 19.013192628300175 ], [ 72.847404242021568, 19.013232311367538 ], [ 72.847350319473634, 19.013279939151214 ], [ 72.847252081902724, 19.013374246144124 ], [ 72.847019927677238, 19.013574647360759 ], [ 72.84690508907569, 19.013674525352418 ], [ 72.846880712420074, 19.013698099196894 ], [ 72.846851619709199, 19.013725876969737 ], [ 72.846807820682102, 19.013780847695834 ], [ 72.846683710330339, 19.013937787607595 ], [ 72.846595590102865, 19.013994832408123 ], [ 72.846449326938725, 19.014082434403385 ], [ 72.846310372401845, 19.014173417440414 ], [ 72.845983465716031, 19.014359655354777 ], [ 72.845624543459508, 19.014602535015598 ], [ 72.845621405282742, 19.014604709514018 ], [ 72.845541143762489, 19.020831899896148 ] ] ] } },
{ "type": "Feature", "properties": { "grid_id": "cell_0275", "ward_id": "M/W", "ward_gid": 17, "NDVI_prev": 0.2848763458803793, "LST_C": 34.362095089362434, "NDVI": 0.29469866437972003, "pop_density_km2": 80648.063341585104, "elderly_pct": 4.7571458717361566, "slum_pct": 16.988458006247193, "hospital_dist_m": 316.36909781622933, "impervious_pct": 66.790459744369841 }, "geometry": { "type": "Polygon", "coordinates": [ [ [ 72.902175736807195, 19.048582207758045 ], [ 72.902062160406345, 19.057613751671408 ], [ 72.911560260695467, 19.057721535741777 ], [ 72.911580659591451, 19.056092428452008 ], [ 72.911547972430611, 19.056045774054056 ], [ 72.911491310579507, 19.055965150881168 ], [ 72.911447508874062, 19.055902335097681 ], [ 72.911408105085471, 19.055845335001052 ], [ 72.911338686385264, 19.055743086529166 ], [ 72.911305713511481, 19.055693195730687 ], [ 72.911259060257663, 19.055614617668919 ], [ 72.911215289928236, 19.055534490549292 ], [ 72.911173371448299, 19.055441160840491 ], [ 72.911161174173586, 19.055411598319566 ], [ 72.911142991013108, 19.055367527125323 ], [ 72.911115005747291, 19.055281287800355 ], [ 72.91108406394801, 19.055171954427038 ], [ 72.910883165832047, 19.054023698971029 ], [ 72.910799656561153, 19.05346594988924 ], [ 72.910536417323002, 19.051171641582471 ], [ 72.910517028861307, 19.050939989630709 ], [ 72.910513810596001, 19.050901528922637 ], [ 72.910503141598326, 19.05079071960547 ], [ 72.910494963631294, 19.050708988984255 ], [ 72.910363828430533, 19.050128218777964 ], [ 72.910343994192516, 19.05003719814864 ], [ 72.910300388595701, 19.049837088604541 ], [ 72.910243765984546, 19.049573193039265 ], [ 72.910211107904615, 19.049420986356729 ], [ 72.910199222707845, 19.049365593967735 ], [ 72.910178342540974, 19.049269291631941 ], [ 72.910119697094601, 19.049007889805136 ], [ 72.910112753114149, 19.048975963409195 ], [ 72.91002830865115, 19.048671312850605 ], [ 72.902175736807195, 19.048582207758045 ] ] ] } },
{ "type": "Feature", "properties": { "grid_id": "cell_0276", "ward_id": "F/S", "ward_gid": 6, "NDVI_prev": 0.25239877776289132, "LST_C": 34.274286282951053, "NDVI": 0.27473501299455289, "pop_density_km2": 55500.048678244428, "elderly_pct": 5.5859844812003141, "slum_pct": 1.4569228240679728, "hospital_dist_m": 235.96197479328731, "impervious_pct": 71.66734183075566 }, "geometry": { "type": "Polygon", "coordinates": [ [ [ 72.845657536206176, 19.011800652620408 ], [ 72.845773862855324, 19.002769395846869 ], [ 72.836279292318764, 19.002658533942881 ], [ 72.836220764924875, 19.007183137575865 ], [ 72.836220918540917, 19.007183373246594 ], [ 72.836289778823641, 19.007289129533167 ], [ 72.83628995574314, 19.007289400774411 ], [ 72.836358763884149, 19.00739508326776 ], [ 72.836574492831858, 19.00768698175224 ], [ 72.836775913843155, 19.007996327927337 ], [ 72.836821401721863, 19.00806484837927 ], [ 72.836931104059715, 19.008230100320855 ], [ 72.837115769626962, 19.008508273860237 ], [ 72.837401729283854, 19.008939564717956 ], [ 72.837516035300297, 19.009111962634048 ], [ 72.837600288437343, 19.009245581658224 ], [ 72.837762038893771, 19.009490161872105 ], [ 72.837849260588229, 19.009612205066954 ], [ 72.837914074600732, 19.009702895110649 ], [ 72.838199588658796, 19.010134356868441 ], [ 72.838460104159239, 19.010525604682186 ], [ 72.838742883612298, 19.010953717069857 ], [ 72.839076449314263, 19.011437783572362 ], [ 72.839205431516703, 19.011629149986543 ], [ 72.839270773150574, 19.011726098187182 ], [ 72.845657536206176, 19.011800652620408 ] ] ] } },
{ "type": "Feature", "properties": { "grid_id": "cell_0277", "ward_id": "N", "ward_gid": 10, "NDVI_prev": 0.36055763303329652, "LST_C": 29.688608356112631, "NDVI": 0.48160571202116675, "pop_density_km2": 15418.842623712866, "elderly_pct": 4.6172272736053985, "slum_pct": 0.0, "hospital_dist_m": 1776.6024483748454, "impervious_pct": 0.0 }, "geometry": { "type": "Polygon", "coordinates": [ [ [ 72.939943357358203, 19.067073710744598 ], [ 72.949442224943141, 19.067179595486262 ], [ 72.949540553032293, 19.059184353833157 ], [ 72.949444576446155, 19.059069450498072 ], [ 72.949331207408321, 19.058928210008503 ], [ 72.949250130400316, 19.058829633708605 ], [ 72.949129054923745, 19.058779932737473 ], [ 72.949024932891348, 19.058732689306161 ], [ 72.948903782257631, 19.058684785840786 ], [ 72.948790278462454, 19.058635378427173 ], [ 72.94866375584283, 19.058580064889167 ], [ 72.948557694851317, 19.058537328816854 ], [ 72.948536085010872, 19.058528132213894 ], [ 72.948458824723659, 19.05849957309184 ], [ 72.948445086962153, 19.058494496384338 ], [ 72.948251590122283, 19.058414527196678 ], [ 72.948034117909216, 19.058319600674487 ], [ 72.947588745896624, 19.058125940021952 ], [ 72.942022200202985, 19.058063917514893 ], [ 72.941864936402766, 19.058831095156403 ], [ 72.941813275859161, 19.059100681587609 ], [ 72.941340257641556, 19.061417185394738 ], [ 72.940479588666406, 19.062354410934798 ], [ 72.940403662453406, 19.062458800177488 ], [ 72.940078355614972, 19.062906046294973 ], [ 72.939993413213557, 19.063022834668914 ], [ 72.939943357358203, 19.067073710744598 ] ] ] } },
{ "type": "Feature", "properties": { "grid_id": "cell_0278", "ward_id": "A", "ward_gid": 1, "NDVI_prev": 0.075661926860160378, "LST_C": 35.115754294692259, "NDVI": 0.083377654237434179, "pop_density_km2": 69629.175462458574, "elderly_pct": 5.5859844895679061, "slum_pct": 0.0, "hospital_dist_m": 449.04156587485329, "impervious_pct": 58.447576752268809 }, "geometry": { "type": "Polygon", "coordinates": [ [ [ 72.846495143424008, 18.946656709326788 ], [ 72.846002114820678, 18.944672227222057 ], [ 72.845836379139897, 18.944105892501796 ], [ 72.845754868963752, 18.943954638869378 ], [ 72.845749806822084, 18.943926931020986 ], [ 72.845738380129248, 18.943864383424803 ], [ 72.845699973061983, 18.943714580192683 ], [ 72.845699907056002, 18.943714323801238 ], [ 72.845623754914783, 18.943417291197818 ], [ 72.84552572837633, 18.943030156456977 ], [ 72.845463752312995, 18.942785393488741 ], [ 72.845426726112095, 18.942639194953017 ], [ 72.84535414473649, 18.942352604000874 ], [ 72.845239464937379, 18.941919654365499 ], [ 72.845224191258993, 18.941871076224679 ], [ 72.84520193724012, 18.941781785321602 ], [ 72.845182895033815, 18.941704734875277 ], [ 72.845172728687956, 18.941663602100093 ], [ 72.845136412169296, 18.941425390608234 ], [ 72.845111493381339, 18.941325473413784 ], [ 72.845111443742113, 18.941325273214979 ], [ 72.845111426613201, 18.941325202561096 ], [ 72.845090546957238, 18.941241478197348 ], [ 72.845040539178839, 18.941044780673312 ], [ 72.844975965982101, 18.94079300609156 ], [ 72.844906855796523, 18.940520578870643 ], [ 72.844877408302608, 18.940401735270971 ], [ 72.844877379438302, 18.940401617510851 ], [ 72.844851942634278, 18.940298961896911 ], [ 72.844804025880791, 18.940111111751445 ], [ 72.844754331240708, 18.939911137164472 ], [ 72.844709177827539, 18.939732462892241 ], [ 72.84467203979554, 18.939588550954682 ], [ 72.844657530257862, 18.939527923095458 ], [ 72.837095311978345, 18.939439867089423 ], [ 72.836978935730869, 18.948471133658899 ], [ 72.844115267553065, 18.948554276857017 ], [ 72.844836482962975, 18.948402342668775 ], [ 72.84557927262756, 18.948233861913895 ], [ 72.845593833516801, 18.948231431632319 ], [ 72.845618306404106, 18.948227346987895 ], [ 72.845655132252844, 18.94822120053999 ], [ 72.84647682764296, 18.948084052987998 ], [ 72.846495143424008, 18.946656709326788 ] ] ] } },
{ "type": "Feature", "properties": { "grid_id": "cell_0279", "ward_id": "F/N", "ward_gid": 8, "NDVI_prev": 0.25251273479341257, "LST_C": 33.339476156703618, "NDVI": 0.27548453158857761, "pop_density_km2": 50195.195562160116, "elderly_pct": 5.585984486354616, "slum_pct": 7.2310225224066977, "hospital_dist_m": 82.529216343421012, "impervious_pct": 73.629081947011827 }, "geometry": { "type": "Polygon", "coordinates": [ [ [ 72.864301597026355, 19.039115079673802 ], [ 72.864417095869612, 19.030083738878321 ], [ 72.854920857919836, 19.029973682003696 ], [ 72.854865303214623, 19.034299153919839 ], [ 72.856087380135619, 19.036150464949227 ], [ 72.856122256432357, 19.03620996415361 ], [ 72.856353751964178, 19.036556708006437 ], [ 72.856369778511478, 19.036580708637302 ], [ 72.856498242238857, 19.036773123033342 ], [ 72.856518064331411, 19.036802813120374 ], [ 72.858116191836857, 19.039043416545674 ], [ 72.864301597026355, 19.039115079673802 ] ] ] } },
{ "type": "Feature", "properties": { "grid_id": "cell_0280", "ward_id": "M/E", "ward_gid": 16, "NDVI_prev": 0.53473503405888401, "LST_C": 31.517110838937541, "NDVI": 0.51512158595538526, "pop_density_km2": 29738.534697973941, "elderly_pct": 4.757145868189836, "slum_pct": 0.0, "hospital_dist_m": 3679.9447968198415, "impervious_pct": 12.466978778361558 }, "geometry": { "type": "Polygon", "coordinates": [ [ [ 72.912237682204974, 19.003531800799266 ], [ 72.912124938096156, 19.01256344694584 ], [ 72.921620538615272, 19.012670469487041 ], [ 72.921671493280655, 19.008570613202515 ], [ 72.921543389301277, 19.008406530735371 ], [ 72.920614027911839, 19.007144334899969 ], [ 72.919688479706906, 19.005387815892959 ], [ 72.918487893218412, 19.003602268037888 ], [ 72.912237682204974, 19.003531800799266 ] ] ] } },
{ "type": "Feature", "properties": { "grid_id": "cell_0281", "ward_id": "R/C", "ward_gid": 11, "NDVI_prev": 0.43225167325821845, "LST_C": 31.513083742559804, "NDVI": 0.47836333158940525, "pop_density_km2": 27677.732775075972, "elderly_pct": 4.7571458646802682, "slum_pct": 0.0, "hospital_dist_m": 873.32075487787768, "impervious_pct": 7.0538276897328736 }, "geometry": { "type": "Polygon", "coordinates": [ [ [ 72.842727944105562, 19.237578974879362 ], [ 72.83321997447193, 19.23746663896053 ], [ 72.833101412554612, 19.246497590731529 ], [ 72.838329333607362, 19.246559447213361 ], [ 72.838833939390469, 19.246115474288043 ], [ 72.84191524518026, 19.243387270762767 ], [ 72.842659774669357, 19.242794986800678 ], [ 72.842727944105562, 19.237578974879362 ] ] ] } },
{ "type": "Feature", "properties": { "grid_id": "cell_0282", "ward_id": "H/E", "ward_gid": 18, "NDVI_prev": 0.30798838215302754, "LST_C": 34.088722839586843, "NDVI": 0.33386009717903931, "pop_density_km2": 92927.933413650928, "elderly_pct": 4.7571458668832625, "slum_pct": 10.945099775944673, "hospital_dist_m": 256.95705222448692, "impervious_pct": 59.945565220589664 }, "geometry": { "type": "Polygon", "coordinates": [ [ [ 72.863838948845213, 19.07524034783679 ], [ 72.854340144862405, 19.07513001020693 ], [ 72.854223805458147, 19.084161247304518 ], [ 72.859285171902272, 19.084220127579837 ], [ 72.85929279276796, 19.084090115269607 ], [ 72.859317425939778, 19.084002231640429 ], [ 72.859316851601108, 19.083974823636318 ], [ 72.859308469664271, 19.083931639097056 ], [ 72.859306904918853, 19.083926720904689 ], [ 72.859283774764762, 19.083854019743757 ], [ 72.859252615477018, 19.083790987227584 ], [ 72.859244334040724, 19.083774234576616 ], [ 72.859196300129796, 19.083671936573314 ], [ 72.859155614941827, 19.08358062436394 ], [ 72.859128883861871, 19.083520666720709 ], [ 72.859112027090362, 19.083485035657432 ], [ 72.859111138116589, 19.083483156552479 ], [ 72.859094471758198, 19.083446348005619 ], [ 72.859081514155761, 19.083419023872978 ], [ 72.85906232568766, 19.083367928076306 ], [ 72.859048762633208, 19.083321578997158 ], [ 72.859007959512638, 19.083248343335644 ], [ 72.858988133642484, 19.083217485748641 ], [ 72.858964917597703, 19.083181351583733 ], [ 72.858926180224771, 19.083140122004085 ], [ 72.858890223085822, 19.083088752707145 ], [ 72.858862711155169, 19.083050193683199 ], [ 72.858846948673332, 19.083029824859185 ], [ 72.858797360102699, 19.082962973201067 ], [ 72.858752671048848, 19.082893323446275 ], [ 72.85873654982511, 19.082868197847702 ], [ 72.858687644513708, 19.082792760265942 ], [ 72.858632690501821, 19.082693390099053 ], [ 72.858586987009048, 19.082579193135174 ], [ 72.858580400261772, 19.082558890942298 ], [ 72.858576193975125, 19.082545925965114 ], [ 72.858561181791259, 19.082499651359072 ], [ 72.858552096977633, 19.082470953586824 ], [ 72.858538038635146, 19.082426537631889 ], [ 72.858513368036668, 19.082352098806204 ], [ 72.858497692958807, 19.082304802238856 ], [ 72.858466719241051, 19.08222140119463 ], [ 72.858465152288304, 19.082196578425531 ], [ 72.858463724984702, 19.082173949349276 ], [ 72.858459807625749, 19.082111840434877 ], [ 72.858460927715868, 19.082087528709156 ], [ 72.858463130908873, 19.08203959159491 ], [ 72.858823350742327, 19.082082634883644 ], [ 72.858822468281048, 19.082120320387691 ], [ 72.858823316508094, 19.082129731097332 ], [ 72.858823772541967, 19.082134838593618 ], [ 72.858826919073081, 19.082169795088635 ], [ 72.85883457960297, 19.082254985469156 ], [ 72.858850433638537, 19.082335575842329 ], [ 72.858855027963131, 19.082351658250975 ], [ 72.858860915171235, 19.082372266280856 ], [ 72.858876616524896, 19.082415925518632 ], [ 72.858895364999597, 19.082455736576303 ], [ 72.858920735664952, 19.082502594005025 ], [ 72.858950198589966, 19.082557197949619 ], [ 72.858967830989542, 19.082589078551724 ], [ 72.858989868118172, 19.082628923193564 ], [ 72.859032959168914, 19.082695395224206 ], [ 72.859088171062069, 19.082781441067624 ], [ 72.859131567646884, 19.082839949434121 ], [ 72.859177532462411, 19.082902538868971 ], [ 72.859201949349867, 19.082937421095192 ], [ 72.859202741324879, 19.08293871599939 ], [ 72.85922184824895, 19.082969956973486 ], [ 72.859245221833788, 19.083012968852792 ], [ 72.859263600707465, 19.083055716897178 ], [ 72.859365395764613, 19.083223163293283 ], [ 72.85937137139463, 19.083233114544242 ], [ 72.859381198939388, 19.08324926602122 ], [ 72.859387348793661, 19.083261179011657 ], [ 72.859396151812376, 19.083278227337694 ], [ 72.859406230863257, 19.083299484836786 ], [ 72.859412664927859, 19.083313054711038 ], [ 72.859429390495563, 19.083349992257713 ], [ 72.859447536464359, 19.083388348745501 ], [ 72.859475722722053, 19.083451568639287 ], [ 72.859475774736111, 19.083451684861032 ], [ 72.859516340634769, 19.083542734331701 ], [ 72.859549951163658, 19.083606068857932 ], [ 72.85958765990307, 19.083667052305156 ], [ 72.859629303114474, 19.08372541987157 ], [ 72.859674699975031, 19.083780918114019 ], [ 72.859723653362906, 19.083833306048501 ], [ 72.859763391771736, 19.083851783596835 ], [ 72.859804955086773, 19.083865677904054 ], [ 72.859847816638577, 19.083874812908473 ], [ 72.859891433307141, 19.083879072855936 ], [ 72.860001470399638, 19.083850589350568 ], [ 72.860247153252161, 19.083794516141911 ], [ 72.860402294656794, 19.08375441003 ], [ 72.860542952355317, 19.083561240687459 ], [ 72.860570315635002, 19.083498005805634 ], [ 72.860590631109048, 19.083454692063846 ], [ 72.860610141758102, 19.08323225778971 ], [ 72.860620829325512, 19.083113314349216 ], [ 72.860634992371132, 19.083070392781853 ], [ 72.860616271928166, 19.083024101825817 ], [ 72.860651208498311, 19.082910058868595 ], [ 72.860686436569893, 19.082794051473826 ], [ 72.860737489634829, 19.082721202844379 ], [ 72.86081924753239, 19.082612000971295 ], [ 72.86085228921668, 19.082577201022495 ], [ 72.860897729495221, 19.082504858320441 ], [ 72.861017924539155, 19.082356879330678 ], [ 72.8611040673849, 19.082250412840985 ], [ 72.861211077221341, 19.082143064723148 ], [ 72.861282570896364, 19.082013494179385 ], [ 72.861314373858377, 19.081987353378672 ], [ 72.8613792946892, 19.081930687771418 ], [ 72.861531902902328, 19.081846205999739 ], [ 72.861688650096227, 19.081761281902651 ], [ 72.861888292490079, 19.081734469988373 ], [ 72.861942268845311, 19.0817217193711 ], [ 72.862050259087752, 19.081700018873423 ], [ 72.86216062097877, 19.081681135680469 ], [ 72.862305588562919, 19.081698746267531 ], [ 72.862461792349791, 19.081711176776128 ], [ 72.862706854945401, 19.081761803203573 ], [ 72.86294075091331, 19.081812299801818 ], [ 72.863129774237407, 19.081878204359754 ], [ 72.863274062353497, 19.081948897968445 ], [ 72.863395878298675, 19.082029950371474 ], [ 72.863517559389237, 19.082121619469209 ], [ 72.86360580696919, 19.082207591672425 ], [ 72.863694667480885, 19.082245787304256 ], [ 72.863748985320598, 19.082255551173624 ], [ 72.863838948845213, 19.07524034783679 ] ] ] } },
{ "type": "Feature", "properties": { "grid_id": "cell_0283", "ward_id": "P/N", "ward_gid": 21, "NDVI_prev": 0.25912085310546806, "LST_C": 35.693557608243971, "NDVI": 0.30709860953216256, "pop_density_km2": 68027.501012802983, "elderly_pct": 4.7571458743324611, "slum_pct": 47.185979865482061, "hospital_dist_m": 363.05173574286738, "impervious_pct": 71.378448329817388 }, "geometry": { "type": "Polygon", "coordinates": [ [ [ 72.862444728491084, 19.183615237994207 ], [ 72.871949786055552, 19.183725758333839 ], [ 72.872051925364772, 19.17577581535766 ], [ 72.871851581338547, 19.17575663728454 ], [ 72.871707091853551, 19.175742807748374 ], [ 72.871484242454599, 19.175721474332967 ], [ 72.871445695021791, 19.175717784114489 ], [ 72.8713079546324, 19.175687322413562 ], [ 72.87129582015865, 19.175684639219771 ], [ 72.871172083811146, 19.175661268817922 ], [ 72.871048345073987, 19.175637898307631 ], [ 72.87101736927481, 19.175633101525488 ], [ 72.870885472004701, 19.17561267582288 ], [ 72.870576909750937, 19.175603565261138 ], [ 72.870486908844043, 19.175600907923155 ], [ 72.869003957809852, 19.175560949744533 ], [ 72.868836070513765, 19.175563194489726 ], [ 72.868148321013294, 19.17557238836908 ], [ 72.868072460639269, 19.175579448721678 ], [ 72.868054164828393, 19.175581658324099 ], [ 72.868018951151655, 19.175586355947928 ], [ 72.867838365717773, 19.175610446517492 ], [ 72.86767587706457, 19.175652524428454 ], [ 72.86721369690693, 19.175775054249325 ], [ 72.866947934539283, 19.175833917186075 ], [ 72.866865767241507, 19.17584495271846 ], [ 72.866771136909705, 19.175843852585036 ], [ 72.866689201177493, 19.17583690460906 ], [ 72.866579864149983, 19.175812041950905 ], [ 72.866466911847724, 19.175786357105036 ], [ 72.86615147044094, 19.17571073504736 ], [ 72.865441833133971, 19.175579590463379 ], [ 72.863428812865337, 19.17511466623457 ], [ 72.862556691996204, 19.174939172546662 ], [ 72.862444728491084, 19.183615237994207 ] ] ] } },
{ "type": "Feature", "properties": { "grid_id": "cell_0284", "ward_id": "A", "ward_gid": 1, "NDVI_prev": 0.11480770572024858, "LST_C": 30.989528829212496, "NDVI": 0.11191217184602713, "pop_density_km2": 56616.512680420834, "elderly_pct": 5.5859844753794601, "slum_pct": 0.53937774034941921, "hospital_dist_m": 496.90336100160141, "impervious_pct": 58.236391935852737 }, "geometry": { "type": "Polygon", "coordinates": [ [ [ 72.827721201081602, 18.930297697184738 ], [ 72.827837954549565, 18.921266468489456 ], [ 72.818348108677498, 18.921155147005706 ], [ 72.818287872816242, 18.925794953209476 ], [ 72.818334344107484, 18.925847013235668 ], [ 72.818616633512704, 18.926173450240256 ], [ 72.81862357488086, 18.926181476884697 ], [ 72.81867774783683, 18.926242163113866 ], [ 72.818775498787303, 18.926351664139485 ], [ 72.818989819459034, 18.926600321673199 ], [ 72.819037109026638, 18.926655185809295 ], [ 72.819461344587907, 18.927100576258344 ], [ 72.81956457079761, 18.92722547406348 ], [ 72.819580344944313, 18.927244560075181 ], [ 72.819582818068483, 18.927247369361638 ], [ 72.819596423931685, 18.927262829512493 ], [ 72.819632722808436, 18.927304072428715 ], [ 72.819689923487132, 18.927369063692314 ], [ 72.819766847098862, 18.927468194035274 ], [ 72.819896061859183, 18.927634711114894 ], [ 72.819897332391477, 18.927636351002114 ], [ 72.819910636137749, 18.927652276374122 ], [ 72.820069963106562, 18.927843031095797 ], [ 72.820242595126786, 18.928049715593865 ], [ 72.820448059456396, 18.928283162577994 ], [ 72.820684611694006, 18.928562474297536 ], [ 72.820916601981196, 18.92883659447082 ], [ 72.821015436212804, 18.928953981862062 ], [ 72.821504589917751, 18.929574240007238 ], [ 72.821595042295698, 18.929697814482992 ], [ 72.821608617984225, 18.929716362395414 ], [ 72.821647784775308, 18.929769871476434 ], [ 72.821934501114399, 18.930229842390727 ], [ 72.827721201081602, 18.930297697184738 ] ] ] } },
{ "type": "Feature", "properties": { "grid_id": "cell_0285", "ward_id": "H/E", "ward_gid": 18, "NDVI_prev": 0.18586029024540182, "LST_C": 34.117875468760722, "NDVI": 0.20149665291034549, "pop_density_km2": 90903.832154375224, "elderly_pct": 4.7571458738878416, "slum_pct": 3.5720133535160055, "hospital_dist_m": 373.50415851318547, "impervious_pct": 67.637641083730415 }, "geometry": { "type": "Polygon", "coordinates": [ [ [ 72.863954708844204, 19.066209045056791 ], [ 72.863838948845213, 19.07524034783679 ], [ 72.871214033941783, 19.075325678902711 ], [ 72.871233696249362, 19.075240985303889 ], [ 72.871307810510402, 19.074922902978599 ], [ 72.871342938148615, 19.074767383026629 ], [ 72.871355103049396, 19.074700620300526 ], [ 72.871358775280029, 19.074667945457495 ], [ 72.871368305171785, 19.0745831574006 ], [ 72.871372283076084, 19.074554887709553 ], [ 72.871372065684497, 19.074542679344276 ], [ 72.871369012524099, 19.074371329452262 ], [ 72.871369010189881, 19.074371214710325 ], [ 72.871435825330977, 19.074182920680649 ], [ 72.87147302111174, 19.074078096965284 ], [ 72.871476379667897, 19.074068634277825 ], [ 72.871484462751155, 19.074045854174997 ], [ 72.871584472256401, 19.073839116578135 ], [ 72.871805029757184, 19.073383176295778 ], [ 72.871851187703029, 19.073250148424517 ], [ 72.871960673162533, 19.072934609300397 ], [ 72.872002717153038, 19.072810739976859 ], [ 72.872125279221052, 19.072449643579063 ], [ 72.872205714050338, 19.072305077262957 ], [ 72.872255809009971, 19.072230908266899 ], [ 72.87244401339747, 19.071892088698672 ], [ 72.87255429624318, 19.071692136818424 ], [ 72.872554557344472, 19.071691999825216 ], [ 72.872705602362387, 19.071612944714879 ], [ 72.87281107018444, 19.071596290634858 ], [ 72.872905260203709, 19.071579506357477 ], [ 72.873022279437706, 19.07154154184872 ], [ 72.873173351500526, 19.071486097174184 ], [ 72.873317135177317, 19.071412698917168 ], [ 72.873364732879409, 19.071338667842284 ], [ 72.873355815128036, 19.071260503573228 ], [ 72.873328332100499, 19.071201044992556 ], [ 72.873323246536074, 19.071190041414948 ], [ 72.873312158289806, 19.071166052746577 ], [ 72.873296050093245, 19.071131204876348 ], [ 72.87329157932048, 19.071121530776296 ], [ 72.873267698122845, 19.071069863788743 ], [ 72.873245632269985, 19.071004360696971 ], [ 72.873232230061689, 19.07096457245078 ], [ 72.873230487260486, 19.070959400099273 ], [ 72.873223386074116, 19.070938325304279 ], [ 72.873199095975778, 19.070866221654956 ], [ 72.873190323481765, 19.07084017947108 ], [ 72.873187449408206, 19.070831419833318 ], [ 72.873182377036514, 19.070815959677542 ], [ 72.87316200330541, 19.070753872392565 ], [ 72.873134819747605, 19.070671033427899 ], [ 72.873091020959222, 19.070537553399003 ], [ 72.873055925032631, 19.070433563428409 ], [ 72.873016030611083, 19.070315362062846 ], [ 72.87299528672682, 19.070253851298041 ], [ 72.872990384492027, 19.070154720614109 ], [ 72.872983443109248, 19.070014387285692 ], [ 72.872968573323561, 19.069769447967367 ], [ 72.87292138151092, 19.06942582937226 ], [ 72.872890242188205, 19.06924222396437 ], [ 72.872853238041401, 19.068958918538797 ], [ 72.872798136811085, 19.068536776940999 ], [ 72.872780526641819, 19.068406902299582 ], [ 72.872753575410044, 19.068208162158641 ], [ 72.872745967619409, 19.0681568238134 ], [ 72.872704648281825, 19.067842454849426 ], [ 72.872673313426503, 19.067702408206042 ], [ 72.87262860949825, 19.067456887068971 ], [ 72.872615481406797, 19.067384632162923 ], [ 72.872609067404341, 19.067349327963939 ], [ 72.872598688337789, 19.067303292344516 ], [ 72.872582589519709, 19.067210654321123 ], [ 72.872572835998355, 19.067159522450474 ], [ 72.872556610430394, 19.067074435193465 ], [ 72.872528901819265, 19.066939750633082 ], [ 72.872509787871806, 19.066860877955683 ], [ 72.872508913840107, 19.066843613630862 ], [ 72.872508850876571, 19.066786024102122 ], [ 72.872508506019955, 19.066473110661608 ], [ 72.872507333421311, 19.066365803252765 ], [ 72.8724936717513, 19.066307770496515 ], [ 72.863954708844204, 19.066209045056791 ] ] ] } },
{ "type": "Feature", "properties": { "grid_id": "cell_0286", "ward_id": "P/N", "ward_gid": 21, "NDVI_prev": 0.42150853274293359, "LST_C": 30.059576014789982, "NDVI": 0.50021040689093788, "pop_density_km2": 6955.6800434799634, "elderly_pct": 4.7571458644436317, "slum_pct": 0.0, "hospital_dist_m": 2173.8182409726273, "impervious_pct": 0.49306522834365685 }, "geometry": { "type": "Polygon", "coordinates": [ [ [ 72.805774512746254, 19.155849220279205 ], [ 72.805654998843323, 19.164880086679826 ], [ 72.815158624814885, 19.164993442065477 ], [ 72.815223133482874, 19.160098392297762 ], [ 72.811041075459187, 19.155995335300794 ], [ 72.81095516621005, 19.155911045996149 ], [ 72.805774512746254, 19.155849220279205 ] ] ] } },
{ "type": "Feature", "properties": { "grid_id": "cell_0287", "ward_id": "P/N", "ward_gid": 21, "NDVI_prev": 0.43088774536172619, "LST_C": 29.289690738218717, "NDVI": 0.57761499559031948, "pop_density_km2": 8648.8469754060006, "elderly_pct": 4.7571458745223234, "slum_pct": 0.0, "hospital_dist_m": 1635.2908726662652, "impervious_pct": 0.0 }, "geometry": { "type": "Polygon", "coordinates": [ [ [ 72.815158624814885, 19.164993442065477 ], [ 72.815039560570938, 19.174024356349349 ], [ 72.824543770399174, 19.174137277827139 ], [ 72.824607920047256, 19.169250970017146 ], [ 72.823510125861432, 19.168269616101288 ], [ 72.822308276102916, 19.167022146354434 ], [ 72.821587423878412, 19.166341922768975 ], [ 72.820274803815892, 19.16505426207452 ], [ 72.815158624814885, 19.164993442065477 ] ] ] } },
{ "type": "Feature", "properties": { "grid_id": "cell_0288", "ward_id": "N", "ward_gid": 10, "NDVI_prev": 0.30747428063016347, "LST_C": 34.47548700127664, "NDVI": 0.33066382140721357, "pop_density_km2": 85822.846592814938, "elderly_pct": 4.7571458724067446, "slum_pct": 4.5739026601989492, "hospital_dist_m": 425.47847672533373, "impervious_pct": 63.247650162609645 }, "geometry": { "type": "Polygon", "coordinates": [ [ [ 72.901721046310101, 19.084708326499918 ], [ 72.901834815173771, 19.075676811046282 ], [ 72.892364436756267, 19.075568756398578 ], [ 72.89241151395359, 19.075740530790778 ], [ 72.892572238918831, 19.076326983223382 ], [ 72.892636696319215, 19.076556761557715 ], [ 72.892724463576698, 19.076865306619112 ], [ 72.892765338015977, 19.077005346570882 ], [ 72.892856171019233, 19.077316556994141 ], [ 72.893049669229384, 19.077979514828328 ], [ 72.8931007934127, 19.078590756311353 ], [ 72.893175357742606, 19.078854048774097 ], [ 72.893253490815482, 19.079121238110115 ], [ 72.893260526732703, 19.079145295139583 ], [ 72.893270933012062, 19.079180656374284 ], [ 72.893290606695373, 19.079243772873944 ], [ 72.893333578462247, 19.079393528900621 ], [ 72.893341296614381, 19.079419758883393 ], [ 72.893361391205474, 19.079476040574871 ], [ 72.893633717269125, 19.080249221932679 ], [ 72.893644994343589, 19.080281239276413 ], [ 72.893664746446987, 19.080330434434927 ], [ 72.893675766066451, 19.08035960257147 ], [ 72.893685396297599, 19.08038286636074 ], [ 72.893693694913523, 19.080404522450433 ], [ 72.893702678317055, 19.080427021899027 ], [ 72.893707317702678, 19.080439027096286 ], [ 72.893712490816043, 19.080452852175291 ], [ 72.893716193663877, 19.080459805476199 ], [ 72.893726642953368, 19.080487795540868 ], [ 72.893728266237943, 19.080492484039919 ], [ 72.893735078644966, 19.080512060958007 ], [ 72.893737147870738, 19.08051672113308 ], [ 72.893745001519079, 19.080540959121546 ], [ 72.893747705919097, 19.080548207220357 ], [ 72.893751421092688, 19.080558844226871 ], [ 72.893756661998438, 19.080573845243865 ], [ 72.893765677913365, 19.080601137851943 ], [ 72.893773663550206, 19.080625306892713 ], [ 72.893838552284635, 19.080821716534629 ], [ 72.893843123858304, 19.080835554607813 ], [ 72.893845129666346, 19.080841624073283 ], [ 72.893849346609485, 19.080854730954623 ], [ 72.893855851125423, 19.080881828651606 ], [ 72.893863972993373, 19.080915662508897 ], [ 72.893874801014277, 19.080984707242354 ], [ 72.893873018293263, 19.080993378201054 ], [ 72.893872294917685, 19.081002348510253 ], [ 72.893870341109448, 19.081026653245143 ], [ 72.893868567152495, 19.081039439635713 ], [ 72.893867389304205, 19.081048737156234 ], [ 72.893864604073258, 19.081072674689796 ], [ 72.893860685301021, 19.081113675725685 ], [ 72.893857118545242, 19.081141414349865 ], [ 72.893853406005704, 19.08117437044417 ], [ 72.8938484489383, 19.081216787692572 ], [ 72.893832983462644, 19.081450687115016 ], [ 72.893842495175164, 19.081472434750054 ], [ 72.893909209404256, 19.08168904808192 ], [ 72.893921226197122, 19.081725169295655 ], [ 72.893940215658787, 19.081780445618246 ], [ 72.893935521552933, 19.081787640765267 ], [ 72.893847914268633, 19.081921953943535 ], [ 72.893820795745441, 19.081979764434941 ], [ 72.893818700583537, 19.081983013962521 ], [ 72.893728991499501, 19.08212213647613 ], [ 72.893714331732937, 19.082208909328102 ], [ 72.893681659480876, 19.082403099936425 ], [ 72.893694833430857, 19.082524186707992 ], [ 72.893751047077629, 19.083350596286458 ], [ 72.893499415938066, 19.083484746629534 ], [ 72.893289429316084, 19.08412623667261 ], [ 72.893148197095911, 19.084363272811839 ], [ 72.893107604387538, 19.084424104061657 ], [ 72.89302370975696, 19.084609065179571 ], [ 72.901721046310101, 19.084708326499918 ] ] ] } },
{ "type": "Feature", "properties": { "grid_id": "cell_0289", "ward_id": "M/E", "ward_gid": 16, "NDVI_prev": 0.39377690655727265, "LST_C": 33.013738244548136, "NDVI": 0.40102236163788202, "pop_density_km2": 52760.801091468173, "elderly_pct": 4.7571458717327335, "slum_pct": 0.0, "hospital_dist_m": 3239.7821901521838, "impervious_pct": 37.881439882020914 }, "geometry": { "type": "Polygon", "coordinates": [ [ [ 72.902629401346346, 19.012455937357032 ], [ 72.912124938096156, 19.01256344694584 ], [ 72.912237682204974, 19.003531800799266 ], [ 72.904951182729064, 19.003449383368409 ], [ 72.905074860431483, 19.004418121287806 ], [ 72.905277611790467, 19.005850330025712 ], [ 72.90539558070023, 19.006724577690552 ], [ 72.905386269259466, 19.00677019610119 ], [ 72.905363953516613, 19.006807353732729 ], [ 72.905341715835959, 19.006838277166803 ], [ 72.905290998549503, 19.006875112987633 ], [ 72.905203140743296, 19.006911527954642 ], [ 72.903833386117952, 19.00723893117668 ], [ 72.902691347132517, 19.00751670703006 ], [ 72.902629401346346, 19.012455937357032 ] ] ] } },
{ "type": "Feature", "properties": { "grid_id": "cell_0290", "ward_id": "H/W", "ward_gid": 23, "NDVI_prev": 0.25561125987648414, "LST_C": 33.646620567791309, "NDVI": 0.26439625820318363, "pop_density_km2": 87270.600762691887, "elderly_pct": 4.7571458642605684, "slum_pct": 15.369915329567316, "hospital_dist_m": 585.21142606375406, "impervious_pct": 68.003859939343883 }, "geometry": { "type": "Polygon", "coordinates": [ [ [ 72.83522536653804, 19.083938992869747 ], [ 72.83534273404463, 19.074907868855583 ], [ 72.825844127789239, 19.074796065163305 ], [ 72.825776637823978, 19.079967189187585 ], [ 72.825884381033532, 19.079902554672447 ], [ 72.826519376604651, 19.080267372775534 ], [ 72.82678931731509, 19.080370406843421 ], [ 72.826789657327396, 19.080370536874462 ], [ 72.826871976198689, 19.080401957390158 ], [ 72.827087755672295, 19.080541266012879 ], [ 72.827147869347201, 19.080580074838917 ], [ 72.827277487410342, 19.080694957379865 ], [ 72.827343892958552, 19.080753814082176 ], [ 72.827498919243666, 19.08078116988748 ], [ 72.827505659670393, 19.080788172419151 ], [ 72.827511175061872, 19.080793906078274 ], [ 72.827577116662994, 19.08086009304326 ], [ 72.827577131057339, 19.080860108242984 ], [ 72.82760039835226, 19.080883462897653 ], [ 72.827654567507025, 19.080938549532164 ], [ 72.82767917264438, 19.080963569785389 ], [ 72.827804765224855, 19.081079929518936 ], [ 72.827903851495407, 19.081335610262229 ], [ 72.827932050143204, 19.081408373523246 ], [ 72.828087564661473, 19.081799137529487 ], [ 72.828096651219511, 19.081821970037119 ], [ 72.828218186133228, 19.082125348895364 ], [ 72.828257506474046, 19.08218790256133 ], [ 72.828352188088843, 19.082347998078649 ], [ 72.828352241294397, 19.082357533523066 ], [ 72.828523952604471, 19.082471520639292 ], [ 72.828600421652595, 19.082681326536694 ], [ 72.829793899187848, 19.083710297322135 ], [ 72.829843056478708, 19.083855496524915 ], [ 72.82985192499028, 19.083875775962444 ], [ 72.83522536653804, 19.083938992869747 ] ] ] } },
{ "type": "Feature", "properties": { "grid_id": "cell_0291", "ward_id": "K/W", "ward_gid": 14, "NDVI_prev": 0.35241902148336862, "LST_C": 32.627639688628129, "NDVI": 0.37455617873279967, "pop_density_km2": 52238.06000493584, "elderly_pct": 4.757145874991318, "slum_pct": 2.1430110123043278, "hospital_dist_m": 525.80558953551576, "impervious_pct": 37.845027646984271 }, "geometry": { "type": "Polygon", "coordinates": [ [ [ 72.815634212505415, 19.128869689139066 ], [ 72.825135840680517, 19.128982324559882 ], [ 72.825254054905628, 19.119951305206989 ], [ 72.819127150664585, 19.119878764000543 ], [ 72.81910770607189, 19.119920501990766 ], [ 72.818006722016264, 19.121862965435731 ], [ 72.816739504487344, 19.123592351874969 ], [ 72.815680128423665, 19.125377780805263 ], [ 72.815634212505415, 19.128869689139066 ] ] ] } },
{ "type": "Feature", "properties": { "grid_id": "cell_0292", "ward_id": "S", "ward_gid": 12, "NDVI_prev": 0.25674952451646782, "LST_C": 36.82801903977461, "NDVI": 0.26068930974301036, "pop_density_km2": 68223.013214363848, "elderly_pct": 4.7571458737775387, "slum_pct": 44.024451791625829, "hospital_dist_m": 373.52643057906084, "impervious_pct": 83.321520316513883 }, "geometry": { "type": "Polygon", "coordinates": [ [ [ 72.938824028665749, 19.15739071551544 ], [ 72.929320071882415, 19.157283800206329 ], [ 72.929207275118955, 19.166315394251857 ], [ 72.932789353618062, 19.166355767071483 ], [ 72.932939724924893, 19.166254077600644 ], [ 72.933521289497463, 19.16586018883417 ], [ 72.934001904707841, 19.165557894599999 ], [ 72.934379170498985, 19.165361921677441 ], [ 72.93530795647078, 19.164868662650214 ], [ 72.936321975464253, 19.164298376710114 ], [ 72.936982912214859, 19.163941196423362 ], [ 72.937061883316758, 19.163907573356827 ], [ 72.937143202982114, 19.163879456252065 ], [ 72.937226446731799, 19.163856991873192 ], [ 72.937311180074715, 19.163840297461562 ], [ 72.937396960682094, 19.163829460145859 ], [ 72.93748334086338, 19.163824536572548 ], [ 72.937569869664131, 19.163825552351426 ], [ 72.938317843722032, 19.163781264233609 ], [ 72.938480554019179, 19.163771098056195 ], [ 72.93864265436774, 19.163754297585182 ], [ 72.938745109211837, 19.163739421919512 ], [ 72.938824028665749, 19.15739071551544 ] ] ] } },
{ "type": "Feature", "properties": { "grid_id": "cell_0293", "ward_id": "R/N", "ward_gid": 15, "NDVI_prev": 0.49878201233782188, "LST_C": 31.378943289027717, "NDVI": 0.51724924957694729, "pop_density_km2": 21041.075870590816, "elderly_pct": 4.7571458732561416, "slum_pct": 14.504918419164738, "hospital_dist_m": 854.56040655714332, "impervious_pct": 21.67723897423566 }, "geometry": { "type": "Polygon", "coordinates": [ [ [ 72.871135764347457, 19.246944200938234 ], [ 72.880644516397183, 19.24705461987347 ], [ 72.880722201884325, 19.241005137087559 ], [ 72.880651074247254, 19.240960420804722 ], [ 72.880651016287572, 19.240960384292094 ], [ 72.880650887084201, 19.240960303019769 ], [ 72.880645257890819, 19.240956757527183 ], [ 72.880644390759826, 19.240956211236917 ], [ 72.880643355317076, 19.240955560278572 ], [ 72.880320893405042, 19.240752463772029 ], [ 72.879682134386925, 19.240348309273401 ], [ 72.879682094535298, 19.240348284532036 ], [ 72.879648039854004, 19.24032664181437 ], [ 72.879103770105061, 19.239935695298001 ], [ 72.878445741855813, 19.239463032123417 ], [ 72.878375599984039, 19.239418927264872 ], [ 72.878374923790346, 19.239418502047556 ], [ 72.878374841683552, 19.239418450224111 ], [ 72.87805363560031, 19.23921598946102 ], [ 72.87766306618451, 19.238976051150868 ], [ 72.877663044041512, 19.238976202388223 ], [ 72.872974898515679, 19.238377504407435 ], [ 72.872865528092447, 19.238370318770237 ], [ 72.872448876288431, 19.238326749709355 ], [ 72.871249546735271, 19.238122596576101 ], [ 72.871135764347457, 19.246944200938234 ] ] ] } },
{ "type": "Feature", "properties": { "grid_id": "cell_0294", "ward_id": "P/N", "ward_gid": 21, "NDVI_prev": 0.44750456136691791, "LST_C": 31.473866052856906, "NDVI": 0.44747546825292295, "pop_density_km2": 17968.059268919304, "elderly_pct": 4.757145871015136, "slum_pct": 0.0, "hospital_dist_m": 2377.124291084448, "impervious_pct": 11.748818111615456 }, "geometry": { "type": "Polygon", "coordinates": [ [ [ 72.786768495958739, 19.155621151853094 ], [ 72.796271470597858, 19.155735431492396 ], [ 72.796391433578904, 19.146704613215789 ], [ 72.789094424784551, 19.146616945323871 ], [ 72.789139803154455, 19.147115399057952 ], [ 72.789144311952072, 19.147891994873955 ], [ 72.78906278322178, 19.148685278668033 ], [ 72.788725844013925, 19.149750657417076 ], [ 72.788434016192028, 19.150467209581521 ], [ 72.788250683066764, 19.150846213234491 ], [ 72.788082862201662, 19.151175987140896 ], [ 72.787855717164803, 19.151497986932018 ], [ 72.787529475755008, 19.152009398145225 ], [ 72.787136952023147, 19.15247765328602 ], [ 72.78680565366281, 19.152836465856463 ], [ 72.786768495958739, 19.155621151853094 ] ] ] } },
{ "type": "Feature", "properties": { "grid_id": "cell_0295", "ward_id": "M/E", "ward_gid": 16, "NDVI_prev": 0.20502319367580407, "LST_C": 30.573243228381102, "NDVI": 0.38934486127347262, "pop_density_km2": 20008.374249795015, "elderly_pct": 4.7571458649347615, "slum_pct": 0.26061677929774624, "hospital_dist_m": 846.49021080573254, "impervious_pct": 0.53254929194722112 }, "geometry": { "type": "Polygon", "coordinates": [ [ [ 72.949775254382089, 19.040084147594076 ], [ 72.949664307248355, 19.04911597300973 ], [ 72.95916221051742, 19.04922126182165 ], [ 72.959198213066912, 19.046277345099647 ], [ 72.959190970865038, 19.046256379840617 ], [ 72.959107758511877, 19.046053463307512 ], [ 72.9588306505606, 19.045394143262126 ], [ 72.958829328446811, 19.045393587557413 ], [ 72.958631962307734, 19.04490296611252 ], [ 72.958538189986967, 19.044671877616619 ], [ 72.958339192644189, 19.044194679170925 ], [ 72.957905371948826, 19.043543809405573 ], [ 72.957604521307815, 19.043106518054863 ], [ 72.957603815041892, 19.043073108711372 ], [ 72.957363085501783, 19.042755585455705 ], [ 72.956965935593189, 19.042166031826795 ], [ 72.95669898594555, 19.041764690198065 ], [ 72.956170386568047, 19.041164990996798 ], [ 72.955817185842534, 19.040774619933572 ], [ 72.955248529337908, 19.040148153285504 ], [ 72.955245544976222, 19.040144820416529 ], [ 72.949775254382089, 19.040084147594076 ] ] ] } },
{ "type": "Feature", "properties": { "grid_id": "cell_0296", "ward_id": "R/C", "ward_gid": 11, "NDVI_prev": 0.65104475767199255, "LST_C": 29.072527558250933, "NDVI": 0.64923388700106388, "pop_density_km2": 4237.9277821842525, "elderly_pct": 4.7571458728533109, "slum_pct": 0.0, "hospital_dist_m": 2988.2679330232318, "impervious_pct": 0.0 }, "geometry": { "type": "Polygon", "coordinates": [ [ [ 72.900121535373671, 19.211148544143128 ], [ 72.900006802032365, 19.220179916766963 ], [ 72.909514191098168, 19.220288690161926 ], [ 72.909541470925205, 19.21813202584454 ], [ 72.908245114381884, 19.216870690120338 ], [ 72.908244867393734, 19.216870446125924 ], [ 72.907546385577945, 19.211233495203754 ], [ 72.900121535373671, 19.211148544143128 ] ] ] } },
{ "type": "Feature", "properties": { "grid_id": "cell_0297", "ward_id": "P/N", "ward_gid": 21, "NDVI_prev": 0.28957768566445158, "LST_C": 33.328262302716013, "NDVI": 0.29998148990238843, "pop_density_km2": 74111.006079172075, "elderly_pct": 4.7571458661070096, "slum_pct": 15.006456896618648, "hospital_dist_m": 154.45470128688373, "impervious_pct": 69.217485898162465 }, "geometry": { "type": "Polygon", "coordinates": [ [ [ 72.843317164572539, 19.192423788286209 ], [ 72.833811786930752, 19.192311736144397 ], [ 72.833716333035127, 19.199603403026163 ], [ 72.83372368236931, 19.199607167124238 ], [ 72.833750866308449, 19.199621089302408 ], [ 72.833896599251858, 19.199695728574127 ], [ 72.83390526036527, 19.200047882179788 ], [ 72.833905301552846, 19.200047896540298 ], [ 72.833906450673638, 19.200048149442598 ], [ 72.834084892091042, 19.200087420146303 ], [ 72.834110956645361, 19.200093156251501 ], [ 72.834228914551403, 19.200119115882579 ], [ 72.83450094783332, 19.200256563300005 ], [ 72.834798107590771, 19.200405633980001 ], [ 72.834927181140273, 19.20047038370874 ], [ 72.835086157586176, 19.200547757938317 ], [ 72.835228525798044, 19.200647333927503 ], [ 72.835397595203091, 19.200765585937141 ], [ 72.835601431015377, 19.200908152871005 ], [ 72.835699025678181, 19.200934291990972 ], [ 72.835931687177919, 19.200996607394785 ], [ 72.836075890271701, 19.200953932389314 ], [ 72.836092458436042, 19.200943918056932 ], [ 72.836355083033837, 19.20078519707609 ], [ 72.836355312311696, 19.200785159317483 ], [ 72.836473744721332, 19.200765047206804 ], [ 72.836516412779147, 19.200757801197934 ], [ 72.836688794900596, 19.200728528549703 ], [ 72.83676705093913, 19.200715239648972 ], [ 72.83678309413672, 19.2007125155036 ], [ 72.836818296728964, 19.200706537473661 ], [ 72.836852116246931, 19.200700793997935 ], [ 72.836924772874923, 19.200688456353859 ], [ 72.836954207749073, 19.200683458855266 ], [ 72.836984541526633, 19.200678306630735 ], [ 72.836989852068385, 19.200671897183206 ], [ 72.837017940954411, 19.200670906029764 ], [ 72.837310473617606, 19.200660610224109 ], [ 72.837391530634576, 19.200655260999095 ], [ 72.837453513984329, 19.200651170033829 ], [ 72.837612930164426, 19.200640650009465 ], [ 72.837729503500384, 19.200656897976323 ], [ 72.837909853503518, 19.200682035178275 ], [ 72.837978497698344, 19.200675388899988 ], [ 72.838025580926939, 19.2006708294752 ], [ 72.838092518019735, 19.200664349157101 ], [ 72.838195950062101, 19.200588284030108 ], [ 72.838448101657576, 19.200528115941509 ], [ 72.83866417930993, 19.200506897089429 ], [ 72.838707567622592, 19.20050263613313 ], [ 72.838737397278564, 19.2005016016507 ], [ 72.838859105830593, 19.200497380861105 ], [ 72.838985536990975, 19.200492998314441 ], [ 72.839000259768255, 19.200489156590969 ], [ 72.839036690444331, 19.200477380638283 ], [ 72.839052355069612, 19.200472704869352 ], [ 72.839120343855697, 19.200450638949217 ], [ 72.83913694787779, 19.200445130258331 ], [ 72.839166425351834, 19.200436585829184 ], [ 72.839185353863996, 19.200429854739678 ], [ 72.839246160520332, 19.200411962198284 ], [ 72.839270518753025, 19.20040627436769 ], [ 72.839357741055807, 19.200393906268392 ], [ 72.839368791095893, 19.20039081086934 ], [ 72.839387404690484, 19.200392724045958 ], [ 72.839514442768191, 19.200407745006387 ], [ 72.839757315133554, 19.200427035383385 ], [ 72.839869897925269, 19.200374345756092 ], [ 72.83988634576427, 19.200366070798761 ], [ 72.839910452194687, 19.200353942469032 ], [ 72.839923933911507, 19.200349057068653 ], [ 72.840018462422961, 19.20031480211664 ], [ 72.840037352236976, 19.200307956019785 ], [ 72.840115280250373, 19.20028276152572 ], [ 72.840123333872654, 19.200280155661822 ], [ 72.840427212418248, 19.200212370579742 ], [ 72.840446068630527, 19.200209681559308 ], [ 72.840494652261043, 19.200208473497351 ], [ 72.840560463557196, 19.200206835975838 ], [ 72.840596475456707, 19.200188534074432 ], [ 72.840686339818248, 19.200142861159243 ], [ 72.840704470716602, 19.200133646345332 ], [ 72.840711410692649, 19.200130118600239 ], [ 72.840724986808553, 19.200123219078627 ], [ 72.840808262154709, 19.200059026715607 ], [ 72.840886657761473, 19.200001717200497 ], [ 72.840898805449754, 19.199992838850289 ], [ 72.840911463212194, 19.199985252147158 ], [ 72.840959281804629, 19.199956592548968 ], [ 72.840961694363273, 19.199955148030714 ], [ 72.840961890234411, 19.199955059002004 ], [ 72.840989597724658, 19.199942535909951 ], [ 72.841011213900273, 19.199926045992648 ], [ 72.841163925786333, 19.199809550804879 ], [ 72.841268362332286, 19.199703739739768 ], [ 72.841615292215423, 19.199648537884055 ], [ 72.841741599280184, 19.199629185530227 ], [ 72.841909689058596, 19.19961351716573 ], [ 72.842162871307508, 19.199551959210606 ], [ 72.842407747561353, 19.199469987220986 ], [ 72.842593108742477, 19.199393963432755 ], [ 72.842886521256503, 19.199012236502078 ], [ 72.842986114282695, 19.198878127139864 ], [ 72.843105010644564, 19.198722965865976 ], [ 72.843168828957232, 19.198634817932394 ], [ 72.843237936912871, 19.198502834049773 ], [ 72.843317164572539, 19.192423788286209 ] ] ] } },
{ "type": "Feature", "properties": { "grid_id": "cell_0298", "ward_id": "N", "ward_gid": 10, "NDVI_prev": 0.58048527114349668, "LST_C": 29.425097993313116, "NDVI": 0.62494126769486158, "pop_density_km2": 21340.518009939424, "elderly_pct": 4.7425839326590742, "slum_pct": 0.0, "hospital_dist_m": 1764.2868363708199, "impervious_pct": 0.0 }, "geometry": { "type": "Polygon", "coordinates": [ [ [ 72.9396082209133, 19.094168911723859 ], [ 72.939496382701634, 19.103200626437772 ], [ 72.947742796653174, 19.103292745398999 ], [ 72.94776190914888, 19.10296076628844 ], [ 72.947768504548577, 19.102707742394795 ], [ 72.947773780287449, 19.102505459304673 ], [ 72.947814208112732, 19.101294232327358 ], [ 72.947818559717462, 19.101143968083019 ], [ 72.947824341352231, 19.100944402298587 ], [ 72.947815943277249, 19.100946413376114 ], [ 72.947804374274554, 19.100255871331445 ], [ 72.947797697706548, 19.100155909072416 ], [ 72.947790957371851, 19.100082918645953 ], [ 72.947790931222002, 19.100078721621763 ], [ 72.947789254161876, 19.099806693943528 ], [ 72.947785974977052, 19.099551464238246 ], [ 72.947782094865104, 19.099095109831485 ], [ 72.94777924475774, 19.099075192811572 ], [ 72.947775645871218, 19.098989946189239 ], [ 72.947777492025182, 19.098948427599733 ], [ 72.947774081585067, 19.098877023444125 ], [ 72.947777202060635, 19.098766003776593 ], [ 72.947777236158942, 19.098764856965264 ], [ 72.947779838559129, 19.098672190197277 ], [ 72.947784794660635, 19.098536989764153 ], [ 72.947788504464981, 19.098435735013776 ], [ 72.947794976303115, 19.09818417928539 ], [ 72.947803451194005, 19.097987703838992 ], [ 72.947803523092801, 19.09798603443793 ], [ 72.947806593717686, 19.097914875944834 ], [ 72.947813157024555, 19.097762681553945 ], [ 72.947833959855885, 19.097110973475537 ], [ 72.947837981562131, 19.096950434054413 ], [ 72.947841668580807, 19.096803240778211 ], [ 72.9478799227292, 19.094732105281675 ], [ 72.947883430456457, 19.094419641166883 ], [ 72.947883398413296, 19.094414996037514 ], [ 72.947883396914108, 19.094414963501986 ], [ 72.947883387398875, 19.094413654513193 ], [ 72.947882305969785, 19.09426129717729 ], [ 72.9396082209133, 19.094168911723859 ] ] ] } },
{ "type": "Feature", "properties": { "grid_id": "cell_0299", "ward_id": "S", "ward_gid": 12, "NDVI_prev": 0.27372598642536733, "LST_C": 37.063832743233057, "NDVI": 0.28788668138788009, "pop_density_km2": 62372.092242685409, "elderly_pct": 4.7571458691248987, "slum_pct": 63.103758387756223, "hospital_dist_m": 9.051842836151673, "impervious_pct": 76.300551558295425 }, "geometry": { "type": "Polygon", "coordinates": [ [ [ 72.92943280520295, 19.148252196652134 ], [ 72.929545475096418, 19.139220583593183 ], [ 72.920042614484998, 19.139113286168406 ], [ 72.919992645800335, 19.143101109111328 ], [ 72.920666893137707, 19.144063146957031 ], [ 72.920860272763576, 19.144069906658761 ], [ 72.921642649017215, 19.144613032347745 ], [ 72.922155791088855, 19.145308192038513 ], [ 72.922378572278348, 19.145531667359233 ], [ 72.92261342155021, 19.145752218569775 ], [ 72.922755000300555, 19.14602704670224 ], [ 72.922965094505273, 19.146297762536459 ], [ 72.923109790108114, 19.146727264504957 ], [ 72.923162092056003, 19.1468784017381 ], [ 72.923245350513895, 19.147052566756503 ], [ 72.923338946467737, 19.147336395407972 ], [ 72.923397539394898, 19.147594282590358 ], [ 72.923438290511982, 19.147725768321692 ], [ 72.92354974196553, 19.148146970712776 ], [ 72.923562293512958, 19.148185940306121 ], [ 72.92943280520295, 19.148252196652134 ] ] ] } },
{ "type": "Feature", "properties": { "grid_id": "cell_0300", "ward_id": "T", "ward_gid": 13, "NDVI_prev": 0.30284081186790862, "LST_C": 29.979017491712728, "NDVI": 0.39343748864042422, "pop_density_km2": 19839.848884897288, "elderly_pct": 4.7571458709593495, "slum_pct": 0.0, "hospital_dist_m": 2030.0337376068753, "impervious_pct": 1.958427574660252 }, "geometry": { "type": "Polygon", "coordinates": [ [ [ 72.967446943891673, 19.148676696007989 ], [ 72.967550868524739, 19.140190509420698 ], [ 72.967034180734643, 19.139732723032221 ], [ 72.966835906462322, 19.139636885925203 ], [ 72.958054436236438, 19.13953953246148 ], [ 72.957995595164533, 19.144322689068375 ], [ 72.958040487023737, 19.144375366825329 ], [ 72.958224851759695, 19.144568029941741 ], [ 72.958389198988044, 19.144701314280223 ], [ 72.95869112265413, 19.144895283135753 ], [ 72.959982058981325, 19.145646858308247 ], [ 72.960962347757871, 19.146085078703244 ], [ 72.96134606993958, 19.146289553536775 ], [ 72.961422431904282, 19.146353067284647 ], [ 72.961493955812486, 19.146421479412115 ], [ 72.96156029451987, 19.146494457957843 ], [ 72.961621126131831, 19.146571648730287 ], [ 72.961676155387821, 19.146652677129438 ], [ 72.961725115235893, 19.146737149970839 ], [ 72.961767768104053, 19.146824657233847 ], [ 72.961803906937263, 19.146914774313295 ], [ 72.961833356353495, 19.147007063874948 ], [ 72.961855973416121, 19.14710107799571 ], [ 72.961871648403999, 19.147196360484692 ], [ 72.961858647910532, 19.147284696150017 ], [ 72.961839485300416, 19.147372012746445 ], [ 72.961814245663291, 19.147457922433919 ], [ 72.961783041081745, 19.147542043705343 ], [ 72.961746010156077, 19.147624002935213 ], [ 72.961606027549507, 19.147994281249879 ], [ 72.961569163137526, 19.148136884274756 ], [ 72.961536904156304, 19.1483129078849 ], [ 72.961525702215155, 19.148408124934786 ], [ 72.961504118076604, 19.14853182919671 ], [ 72.961468913442886, 19.148610461194295 ], [ 72.967446943891673, 19.148676696007989 ] ] ] } },
{ "type": "Feature", "properties": { "grid_id": "cell_0301", "ward_id": "F/N", "ward_gid": 8, "NDVI_prev": 0.29003147101392668, "LST_C": 33.833618471534294, "NDVI": 0.31864038135196393, "pop_density_km2": 83905.017776327528, "elderly_pct": 5.5859844767103812, "slum_pct": 4.4761743548623807, "hospital_dist_m": 342.24009044929528, "impervious_pct": 62.346234623462344 }, "geometry": { "type": "Polygon", "coordinates": [ [ [ 72.855152684264056, 19.011911084195809 ], [ 72.855036803852713, 19.020942387847686 ], [ 72.864532529464483, 19.021052388588856 ], [ 72.864625473055668, 19.013776903548514 ], [ 72.864553957110985, 19.013883479696879 ], [ 72.864490057502863, 19.013971875793366 ], [ 72.864401267261968, 19.014070915782433 ], [ 72.86437160245994, 19.014109253978305 ], [ 72.864358711490027, 19.014149467785295 ], [ 72.864306693089588, 19.014276682053531 ], [ 72.864275013311016, 19.014334337420287 ], [ 72.86425427397964, 19.014366051584314 ], [ 72.86423362060269, 19.014391039622343 ], [ 72.86421128521944, 19.014409281102559 ], [ 72.864124001501565, 19.014459566704716 ], [ 72.864031403251005, 19.014510631707466 ], [ 72.864006308503733, 19.014537250161151 ], [ 72.863985612063004, 19.014565601225879 ], [ 72.863980988166759, 19.014581524698908 ], [ 72.863980751842689, 19.014600021570534 ], [ 72.86398459157428, 19.014645474051129 ], [ 72.864002145131252, 19.014724720650907 ], [ 72.864003300767365, 19.014772664758194 ], [ 72.863995906788773, 19.014797806051366 ], [ 72.863978853590709, 19.014817790291161 ], [ 72.863959527683875, 19.01483220623409 ], [ 72.863940625671631, 19.014838871352598 ], [ 72.86390153704221, 19.01483945204944 ], [ 72.863848474175441, 19.014829201722804 ], [ 72.863827440858088, 19.014832744558611 ], [ 72.863760230869516, 19.014877469400307 ], [ 72.863766618268272, 19.014912995317456 ], [ 72.863771721277132, 19.014966843471864 ], [ 72.863782987263903, 19.015042863331626 ], [ 72.863791019305026, 19.015155775095916 ], [ 72.86359755196483, 19.015093508216889 ], [ 72.863597353316464, 19.015093720284202 ], [ 72.863274126222521, 19.014991281115517 ], [ 72.863168176469955, 19.014951096750139 ], [ 72.863100564284437, 19.014925452913737 ], [ 72.863099308671735, 19.014924970140392 ], [ 72.863191665838684, 19.015293136600018 ], [ 72.863154973967369, 19.015267519012955 ], [ 72.863085099797672, 19.015218732119127 ], [ 72.862691196696503, 19.014943708441269 ], [ 72.860664714431664, 19.01352879003047 ], [ 72.860418464568355, 19.013356851288467 ], [ 72.858321193682912, 19.011947826432603 ], [ 72.855152684264056, 19.011911084195809 ] ] ] } },
{ "type": "Feature", "properties": { "grid_id": "cell_0302", "ward_id": "G/N", "ward_gid": 9, "NDVI_prev": 0.1825476145343049, "LST_C": 34.007913330023477, "NDVI": 0.22076901088834394, "pop_density_km2": 68374.525975113022, "elderly_pct": 5.3972138277514068, "slum_pct": 10.400140741507633, "hospital_dist_m": 348.11514047761773, "impervious_pct": 72.775046288372664 }, "geometry": { "type": "Polygon", "coordinates": [ [ [ 72.845191571500607, 19.047925584696983 ], [ 72.845308161426047, 19.0388943659384 ], [ 72.837915014946503, 19.038807925388852 ], [ 72.837891829478139, 19.039035923505146 ], [ 72.837835027735466, 19.039419743099749 ], [ 72.83776257200887, 19.039774288154096 ], [ 72.837672077933163, 19.040165358112723 ], [ 72.837579824985667, 19.040577491140386 ], [ 72.837501558494452, 19.040914175582007 ], [ 72.837465438188346, 19.041190348823541 ], [ 72.837419399460671, 19.041533917784246 ], [ 72.83737889336679, 19.041908556640195 ], [ 72.837368943834022, 19.0420463218503 ], [ 72.837361696425091, 19.042107850626433 ], [ 72.837359002066194, 19.042149395856629 ], [ 72.837358091261976, 19.042184725915849 ], [ 72.837359533246982, 19.042246221917146 ], [ 72.837366976310491, 19.042324718831694 ], [ 72.837375018839154, 19.042374541733771 ], [ 72.837382287598544, 19.042409749946462 ], [ 72.837392599359205, 19.042451281366741 ], [ 72.837393825590837, 19.042455512270106 ], [ 72.837375859636509, 19.043102926527776 ], [ 72.837270235452536, 19.044055315385805 ], [ 72.836426240710296, 19.046196626016048 ], [ 72.83623049837135, 19.046904006030488 ], [ 72.836246915822926, 19.047436454708695 ], [ 72.836492173962995, 19.047823794338449 ], [ 72.845191571500607, 19.047925584696983 ] ] ] } },
{ "type": "Feature", "properties": { "grid_id": "cell_0303", "ward_id": "A", "ward_gid": 1, "NDVI_prev": -0.29055502415359935, "LST_C": 28.018877531028064, "NDVI": -0.041736929889720518, "pop_density_km2": 7551.6965596752643, "elderly_pct": 5.5859844757763861, "slum_pct": 3.8247008339024946, "hospital_dist_m": 1602.5366549438615, "impervious_pct": 17.092641171861906 }, "geometry": { "type": "Polygon", "coordinates": [ [ [ 72.818348108677498, 18.921155147005706 ], [ 72.818465304741807, 18.91212396589696 ], [ 72.808976034156089, 18.912012217297907 ], [ 72.808927435613157, 18.915741653093068 ], [ 72.809392674795404, 18.916308660052817 ], [ 72.809620918238025, 18.916588854208321 ], [ 72.809748054912035, 18.916744927043005 ], [ 72.809954295356192, 18.916998111436019 ], [ 72.810278991551584, 18.917383114628837 ], [ 72.811031573733544, 18.918211674262661 ], [ 72.813786734747225, 18.92110146674376 ], [ 72.818348108677498, 18.921155147005706 ] ] ] } },
{ "type": "Feature", "properties": { "grid_id": "cell_0304", "ward_id": "N", "ward_gid": 10, "NDVI_prev": 0.44423077960676449, "LST_C": 33.223563747774904, "NDVI": 0.47181661636420419, "pop_density_km2": 48377.537128288393, "elderly_pct": 4.7571458667005322, "slum_pct": 0.27205676344023211, "hospital_dist_m": 557.97480504747784, "impervious_pct": 7.004659643435982 }, "geometry": { "type": "Polygon", "coordinates": [ [ [ 72.939384481432114, 19.112232331672224 ], [ 72.939496382701634, 19.103200626437772 ], [ 72.929995520716218, 19.103094036388327 ], [ 72.929909626015288, 19.109995369456048 ], [ 72.930504711668291, 19.109774273978775 ], [ 72.931132990007953, 19.109536373803152 ], [ 72.931312123290269, 19.109468543732376 ], [ 72.932959704131463, 19.108846943883695 ], [ 72.933103406597112, 19.108805854800874 ], [ 72.933137832607983, 19.108804377138803 ], [ 72.933172115644794, 19.108807702551761 ], [ 72.933205518141179, 19.108815759490426 ], [ 72.933237321432557, 19.108828374582277 ], [ 72.933268973493952, 19.108846726843677 ], [ 72.933297194213011, 19.108869583877841 ], [ 72.933321280864234, 19.108896376524967 ], [ 72.934021006202443, 19.110655057047968 ], [ 72.934070046024189, 19.110775709884035 ], [ 72.934617349902339, 19.110866512860628 ], [ 72.935667418065293, 19.112190669457735 ], [ 72.939384481432114, 19.112232331672224 ] ] ] } },
{ "type": "Feature", "properties": { "grid_id": "cell_0305", "ward_id": "P/N", "ward_gid": 21, "NDVI_prev": 0.25597959510341883, "LST_C": 34.159623121314432, "NDVI": 0.28831676611497925, "pop_density_km2": 68672.999752223172, "elderly_pct": 4.7571458749142934, "slum_pct": 20.519152252081028, "hospital_dist_m": 191.99728857054811, "impervious_pct": 71.860061943627457 }, "geometry": { "type": "Polygon", "coordinates": [ [ [ 72.852939736452143, 19.183504225951708 ], [ 72.862444728491084, 19.183615237994207 ], [ 72.862556691996204, 19.174939172546662 ], [ 72.861039991527122, 19.174633961915692 ], [ 72.860630393540134, 19.174561548271587 ], [ 72.859460896085949, 19.174547909740443 ], [ 72.859445492861241, 19.174753915725763 ], [ 72.859445264406745, 19.174755926412978 ], [ 72.85944227146949, 19.174782302633815 ], [ 72.859441913109961, 19.174785465260435 ], [ 72.859434338423569, 19.174852222178849 ], [ 72.859430015223637, 19.174890328790088 ], [ 72.859412852323146, 19.175041589742712 ], [ 72.859378014438363, 19.175400448367022 ], [ 72.858394435145144, 19.175377972866258 ], [ 72.857977907056892, 19.175364862137833 ], [ 72.857866016295844, 19.175364053992798 ], [ 72.857761789049462, 19.175396304407471 ], [ 72.85770204515353, 19.175429074076398 ], [ 72.85756761563151, 19.175503246038986 ], [ 72.857434766172204, 19.175598573535733 ], [ 72.857208147387908, 19.175799222022341 ], [ 72.857182039619843, 19.175829396483994 ], [ 72.857150676301345, 19.175865646261869 ], [ 72.857098506906013, 19.17596332849266 ], [ 72.857080865695849, 19.176006410546314 ], [ 72.857060451592091, 19.176100013078894 ], [ 72.857061949291804, 19.176416658159944 ], [ 72.857066542465972, 19.176752389806737 ], [ 72.857069395931049, 19.176960960853709 ], [ 72.857066273033979, 19.177025375512507 ], [ 72.857058857135883, 19.177178340477997 ], [ 72.857053352030931, 19.177230586987058 ], [ 72.857045808485466, 19.177249568559599 ], [ 72.856998654442251, 19.177308749303005 ], [ 72.856950005249189, 19.177344975056215 ], [ 72.856874331647731, 19.177399611358091 ], [ 72.85679836505615, 19.177447206061281 ], [ 72.856781163621477, 19.177459785243176 ], [ 72.856767581316461, 19.177469853205583 ], [ 72.856764513519593, 19.177472580273459 ], [ 72.856698501086228, 19.177484325046464 ], [ 72.856623081398098, 19.177490785890811 ], [ 72.856570027178918, 19.177485577436254 ], [ 72.856524746092859, 19.177476788816509 ], [ 72.85629948483178, 19.177377840479213 ], [ 72.856263095986009, 19.177359961781267 ], [ 72.856226563203549, 19.177344758633428 ], [ 72.856026514239062, 19.177261508734606 ], [ 72.855940022088802, 19.17723693039304 ], [ 72.855893923762068, 19.17722383108018 ], [ 72.855872208619971, 19.177218678658942 ], [ 72.855696675626561, 19.1771770291775 ], [ 72.855624234052627, 19.177159427442369 ], [ 72.855519638201301, 19.177134013397001 ], [ 72.855173561227048, 19.177049925347884 ], [ 72.855171679285604, 19.177049468089706 ], [ 72.854379385921433, 19.176844586803771 ], [ 72.854094918630395, 19.176770817447117 ], [ 72.853797067135247, 19.176696392808925 ], [ 72.853330485949542, 19.176713708893672 ], [ 72.853041800538676, 19.176724422190009 ], [ 72.853027672162298, 19.176720629724354 ], [ 72.852939736452143, 19.183504225951708 ] ] ] } },
{ "type": "Feature", "properties": { "grid_id": "cell_0306", "ward_id": "T", "ward_gid": 13, "NDVI_prev": 0.014484815118974204, "LST_C": 26.745615771671105, "NDVI": 0.042647419797839967, "pop_density_km2": 565.2214003885133, "elderly_pct": 4.7571458922370375, "slum_pct": 0.0, "hospital_dist_m": 1720.9387461922029, "impervious_pct": 0.0 }, "geometry": { "type": "Polygon", "coordinates": [ [ [ 72.90092286615392, 19.147928668610298 ], [ 72.910426115259114, 19.148037002074588 ], [ 72.910522013540657, 19.140420029215253 ], [ 72.910326370168264, 19.140257723674498 ], [ 72.910143699157828, 19.140115370799389 ], [ 72.910030178079424, 19.140026535810552 ], [ 72.909988408845891, 19.140011835960724 ], [ 72.909941361972912, 19.140004079210595 ], [ 72.909852744133389, 19.139978257397743 ], [ 72.909727358045956, 19.139944619503659 ], [ 72.909506087942532, 19.139887909593874 ], [ 72.909202976534417, 19.13980676235585 ], [ 72.908829680968395, 19.139706232011733 ], [ 72.908689059801404, 19.139672021746115 ], [ 72.908477235136459, 19.139615360323258 ], [ 72.908273309967285, 19.139558588949086 ], [ 72.908174795277247, 19.139531544501001 ], [ 72.908114010747454, 19.139519915754882 ], [ 72.907943859429693, 19.13947327663227 ], [ 72.90764535002414, 19.139395275768052 ], [ 72.907362272273488, 19.139325232796104 ], [ 72.907082455076534, 19.140048223732851 ], [ 72.906960284258346, 19.140260754927482 ], [ 72.906628278065185, 19.140304735235155 ], [ 72.906542703064247, 19.140184779764013 ], [ 72.906448799276916, 19.140050085440162 ], [ 72.906438115001208, 19.139950131624136 ], [ 72.906200464412564, 19.139725958580602 ], [ 72.906162016337959, 19.139676000140831 ], [ 72.905960592359776, 19.139764820702702 ], [ 72.90553682750101, 19.139970449257742 ], [ 72.905327194186171, 19.140067099058101 ], [ 72.905261553757143, 19.140107616241238 ], [ 72.904960177468865, 19.140248613192441 ], [ 72.904780932554914, 19.140345607820375 ], [ 72.904778889004234, 19.140571143715228 ], [ 72.904814158648364, 19.140969889311496 ], [ 72.904567929379667, 19.14102785623751 ], [ 72.904275856300444, 19.141103069298008 ], [ 72.903794441764802, 19.141237597471342 ], [ 72.903479074618133, 19.141242867442323 ], [ 72.903478983367975, 19.141242868207868 ], [ 72.903099512217068, 19.141248362772462 ], [ 72.903099467530865, 19.141248364069135 ], [ 72.903099420955499, 19.141248364440983 ], [ 72.903071727215774, 19.141248768357482 ], [ 72.902626847051607, 19.141257806148868 ], [ 72.902073837659117, 19.141263146170871 ], [ 72.902073746409002, 19.141263146935728 ], [ 72.901982801328998, 19.141264066096564 ], [ 72.902024721966541, 19.140841642573221 ], [ 72.901957541956023, 19.14052751382598 ], [ 72.901780063762288, 19.140473012714157 ], [ 72.90159827688008, 19.140413595392904 ], [ 72.901178180320656, 19.140642885754218 ], [ 72.901052707921806, 19.14042026043176 ], [ 72.901018574772948, 19.140361173212089 ], [ 72.90092286615392, 19.147928668610298 ] ] ] } },
{ "type": "Feature", "properties": { "grid_id": "cell_0307", "ward_id": "P/S", "ward_gid": 20, "NDVI_prev": 0.30148668002244816, "LST_C": 32.860054441550496, "NDVI": 0.37415619923349719, "pop_density_km2": 10183.649152802471, "elderly_pct": 4.7571458716113417, "slum_pct": 0.0, "hospital_dist_m": 1495.1605827320991, "impervious_pct": 0.0 }, "geometry": { "type": "Polygon", "coordinates": [ [ [ 72.824662317731693, 19.165106306319853 ], [ 72.824780798409435, 19.15607532523552 ], [ 72.819808219272744, 19.15601635978058 ], [ 72.819745918781805, 19.156037647018195 ], [ 72.819660389378313, 19.156066076233888 ], [ 72.819275677218641, 19.1561923767255 ], [ 72.818876420027422, 19.15632071877614 ], [ 72.818225296818994, 19.156534817842463 ], [ 72.817872937837066, 19.156208722165989 ], [ 72.817579012015017, 19.155989881864098 ], [ 72.815277622113584, 19.15596251819855 ], [ 72.815223133482874, 19.160098392297762 ], [ 72.816174976487687, 19.161032215561452 ], [ 72.820274803815892, 19.16505426207452 ], [ 72.824662317731693, 19.165106306319853 ] ] ] } },
{ "type": "Feature", "properties": { "grid_id": "cell_0308", "ward_id": "L", "ward_gid": 24, "NDVI_prev": 0.20028691186893807, "LST_C": 39.028409369784292, "NDVI": 0.24984896221474079, "pop_density_km2": 91339.22320805362, "elderly_pct": 4.7571458675048879, "slum_pct": 60.964283729260302, "hospital_dist_m": 424.39800701417414, "impervious_pct": 87.164897348177604 }, "geometry": { "type": "Polygon", "coordinates": [ [ [ 72.892107121127481, 19.093631339428715 ], [ 72.891992709155105, 19.102662780704208 ], [ 72.901493316008143, 19.102771328919889 ], [ 72.901516940328676, 19.100898454785792 ], [ 72.901337360389178, 19.100716145927809 ], [ 72.901187085448981, 19.100608726333238 ], [ 72.901092063838547, 19.100502294585951 ], [ 72.900987729322679, 19.100385431419308 ], [ 72.900947354333198, 19.100245222703364 ], [ 72.900932676457529, 19.10019425089801 ], [ 72.900919128843853, 19.100147202237249 ], [ 72.900772885765321, 19.09978718539891 ], [ 72.900704803706859, 19.099574996170446 ], [ 72.900698740760618, 19.09956860000349 ], [ 72.900585093804651, 19.099448706393133 ], [ 72.900553381527928, 19.099430123115251 ], [ 72.900384404863559, 19.099331102246321 ], [ 72.900326523682509, 19.099315067060669 ], [ 72.899990645936981, 19.099222017663141 ], [ 72.899960027045964, 19.099199035402805 ], [ 72.899861600583137, 19.09912495153824 ], [ 72.89978156509649, 19.099064710201194 ], [ 72.899687249998792, 19.098993720743501 ], [ 72.89958669663001, 19.098805893626253 ], [ 72.89953501420716, 19.098650917365877 ], [ 72.89950164703167, 19.098465793453997 ], [ 72.899382924372574, 19.097789823444874 ], [ 72.899377706126131, 19.097760112350034 ], [ 72.899306827124505, 19.097541210732263 ], [ 72.899233925959265, 19.097298674797567 ], [ 72.899171189521127, 19.097107859118246 ], [ 72.899102630094433, 19.096889642336961 ], [ 72.899039473846486, 19.096690203517095 ], [ 72.89893638021222, 19.096448215927246 ], [ 72.898895630207491, 19.096353542412093 ], [ 72.898867220839236, 19.096281791289709 ], [ 72.898841073815703, 19.096213430583077 ], [ 72.898793600691008, 19.096097456836283 ], [ 72.898791198069759, 19.096091587557606 ], [ 72.898763185476113, 19.096017736639059 ], [ 72.898966221482041, 19.095928943037844 ], [ 72.899009498917238, 19.095910016516143 ], [ 72.899340354856776, 19.095765322612795 ], [ 72.899379695968719, 19.095568100171985 ], [ 72.899387730258411, 19.095534462131461 ], [ 72.899395133766603, 19.095494939368521 ], [ 72.899427700823125, 19.095326675125737 ], [ 72.899516256750786, 19.095117187022915 ], [ 72.899538051706728, 19.094863995534933 ], [ 72.899554039277461, 19.09480753985245 ], [ 72.899593219448406, 19.09466938178052 ], [ 72.899684035587143, 19.094664289531114 ], [ 72.899701461200223, 19.094551786381285 ], [ 72.899694783847423, 19.094391214576927 ], [ 72.899692739213108, 19.094342047463762 ], [ 72.899679555107866, 19.094209047997435 ], [ 72.899669580528382, 19.094161530590512 ], [ 72.899645985449425, 19.094055393181328 ], [ 72.899614840329733, 19.093951670225007 ], [ 72.899575873232834, 19.09382354178344 ], [ 72.899496764617879, 19.093823091674427 ], [ 72.899440767002503, 19.093752565443765 ], [ 72.899412501768481, 19.093714811920986 ], [ 72.892107121127481, 19.093631339428715 ] ] ] } },
{ "type": "Feature", "properties": { "grid_id": "cell_0309", "ward_id": "G/N", "ward_gid": 9, "NDVI_prev": 0.17647559361432263, "LST_C": 32.54489365295909, "NDVI": 0.19763347729077316, "pop_density_km2": 84709.195057742356, "elderly_pct": 5.5859844857569652, "slum_pct": 0.73357622517908472, "hospital_dist_m": 137.37132600221724, "impervious_pct": 79.174293508425976 }, "geometry": { "type": "Polygon", "coordinates": [ [ [ 72.845308161426047, 19.0388943659384 ], [ 72.845424685507879, 19.029863137670141 ], [ 72.835948232356373, 19.02975233619112 ], [ 72.836102190057773, 19.03018888032922 ], [ 72.836263220399843, 19.030572734614186 ], [ 72.83644872732792, 19.030952652858691 ], [ 72.836592856567279, 19.031267035616807 ], [ 72.836637704666359, 19.031356096261366 ], [ 72.836639449204995, 19.031362562325992 ], [ 72.836728197902673, 19.031691430262693 ], [ 72.836818710126863, 19.031908725296056 ], [ 72.836927296713839, 19.032148304865736 ], [ 72.83710118481666, 19.032474497358201 ], [ 72.837286690168412, 19.032846310116096 ], [ 72.837377864305139, 19.033172622972838 ], [ 72.837461650591592, 19.033514767347125 ], [ 72.837498354367881, 19.033772234721688 ], [ 72.837507489554042, 19.033959323653953 ], [ 72.83754695429711, 19.03436356799358 ], [ 72.837624125947769, 19.03494688618208 ], [ 72.837711286922811, 19.035333696254192 ], [ 72.837808753201486, 19.035825118254817 ], [ 72.837894087754236, 19.036223494756641 ], [ 72.837957026492262, 19.036652021571861 ], [ 72.838023741539743, 19.037277080393544 ], [ 72.837984560604554, 19.037676981236199 ], [ 72.837983173287029, 19.037688691046348 ], [ 72.837949453702748, 19.038144678393355 ], [ 72.837923618773345, 19.038723317996045 ], [ 72.837915014946503, 19.038807925388852 ], [ 72.845308161426047, 19.0388943659384 ] ] ] } },
{ "type": "Feature", "properties": { "grid_id": "cell_0310", "ward_id": "R/N", "ward_gid": 15, "NDVI_prev": 0.47332781422470016, "LST_C": 31.822813306081098, "NDVI": 0.47385542812417553, "pop_density_km2": 76705.256053184276, "elderly_pct": 4.7571458709462906, "slum_pct": 3.3516320278562937, "hospital_dist_m": 331.10645201667887, "impervious_pct": 27.896654260451751 }, "geometry": { "type": "Polygon", "coordinates": [ [ [ 72.871019214265402, 19.255975368724879 ], [ 72.861510007952958, 19.255864400296666 ], [ 72.861392872601655, 19.264895502458888 ], [ 72.866012250010598, 19.264949494708386 ], [ 72.865986754818593, 19.264842202663516 ], [ 72.865935322855819, 19.264663560947319 ], [ 72.865934693900499, 19.264661377676987 ], [ 72.865934411792779, 19.264660099898862 ], [ 72.866067778365348, 19.264473087525907 ], [ 72.866189871018179, 19.264296954922113 ], [ 72.866317729361413, 19.264114404188319 ], [ 72.866440436265577, 19.263936257064472 ], [ 72.866610884420155, 19.263691112137831 ], [ 72.86672510671643, 19.263528624725858 ], [ 72.866821863569996, 19.263387969068443 ], [ 72.866922923804509, 19.263242698279342 ], [ 72.867025768004325, 19.263097142936115 ], [ 72.867085080586534, 19.263010567587067 ], [ 72.867085435392241, 19.263010049648901 ], [ 72.867126968870707, 19.26295780799104 ], [ 72.8674863040372, 19.262623702750208 ], [ 72.867895072960081, 19.262227394676096 ], [ 72.868119194894987, 19.262014564531803 ], [ 72.868119535861283, 19.262014160239232 ], [ 72.868122820912106, 19.262010265799894 ], [ 72.868123155128245, 19.262009868654616 ], [ 72.868348022756791, 19.261745717865818 ], [ 72.868348180179623, 19.261745532728725 ], [ 72.868625685430416, 19.261415912622802 ], [ 72.86884478988982, 19.261150713849041 ], [ 72.868849416114514, 19.26114511433655 ], [ 72.868852768858602, 19.261141057181646 ], [ 72.868853132472722, 19.261141990865557 ], [ 72.868889589144999, 19.261235422689353 ], [ 72.868882292609655, 19.261286467030704 ], [ 72.868863455608789, 19.261419836384242 ], [ 72.868863385734812, 19.261421636651306 ], [ 72.86883760373405, 19.261624099572234 ], [ 72.868843750686565, 19.261656989038315 ], [ 72.868853830253528, 19.261708802288801 ], [ 72.868854205717142, 19.261710732396285 ], [ 72.868906845841863, 19.261950557547898 ], [ 72.868920534044619, 19.262002654937827 ], [ 72.869091535358223, 19.262105007690803 ], [ 72.869092682075987, 19.262105693980114 ], [ 72.869357731871418, 19.262092910715108 ], [ 72.869388551843244, 19.262068145120324 ], [ 72.869405719638166, 19.262054350253095 ], [ 72.869587353634017, 19.261930821391044 ], [ 72.86984084498782, 19.261772685219341 ], [ 72.869915188525695, 19.26172756882438 ], [ 72.869909103084666, 19.261693508576524 ], [ 72.869895119125772, 19.261617901583577 ], [ 72.869885657054567, 19.261516354426547 ], [ 72.869861174420777, 19.261459482267092 ], [ 72.869849897789791, 19.261383028860099 ], [ 72.869848296348437, 19.261372265124503 ], [ 72.869782860562381, 19.261316709593252 ], [ 72.869729892411684, 19.261236225987375 ], [ 72.869729637638272, 19.261235627776003 ], [ 72.869747325871288, 19.261230274391856 ], [ 72.869765014056668, 19.261224924618336 ], [ 72.869769258582309, 19.261169879380848 ], [ 72.869771703198893, 19.261134669335757 ], [ 72.869725566839321, 19.261071630344112 ], [ 72.869822508359974, 19.260933811988714 ], [ 72.869752547707265, 19.26080079421514 ], [ 72.869689955929232, 19.26068178590873 ], [ 72.869815408498241, 19.260611076227971 ], [ 72.869851385612392, 19.260615925895674 ], [ 72.869910392229386, 19.260665851477178 ], [ 72.869946407828849, 19.26081982292008 ], [ 72.8699645773047, 19.260912749745209 ], [ 72.869965080457263, 19.260912674315282 ], [ 72.869965603162271, 19.260915281769034 ], [ 72.869980201685934, 19.260987932353128 ], [ 72.870105023168165, 19.261077333567247 ], [ 72.870633437612966, 19.261172497660766 ], [ 72.87080046175474, 19.261204891746701 ], [ 72.870951963959172, 19.261184115627291 ], [ 72.871019214265402, 19.255975368724879 ] ] ] } },
{ "type": "Feature", "properties": { "grid_id": "cell_0311", "ward_id": "K/W", "ward_gid": 14, "NDVI_prev": 0.28086959519645965, "LST_C": 33.13205127413849, "NDVI": 0.2961129712397364, "pop_density_km2": 70505.850891954484, "elderly_pct": 4.7571458672699594, "slum_pct": 7.1159868006676259, "hospital_dist_m": 640.1515196566944, "impervious_pct": 54.733597882551209 }, "geometry": { "type": "Polygon", "coordinates": [ [ [ 72.835107932816015, 19.092970107348492 ], [ 72.835192004382947, 19.08650519256291 ], [ 72.834863181767986, 19.086482598397989 ], [ 72.834517652437938, 19.086490350524556 ], [ 72.834517689355906, 19.086490083307705 ], [ 72.83435993528532, 19.08647772046584 ], [ 72.834314073835699, 19.086490721084697 ], [ 72.834307923246328, 19.086492465101632 ], [ 72.834297999306003, 19.086495278210425 ], [ 72.834070197473025, 19.086559852453068 ], [ 72.834046544827444, 19.086543194758082 ], [ 72.834042375825334, 19.086540258630141 ], [ 72.834035683475165, 19.08653554537095 ], [ 72.833990940957833, 19.086504036433713 ], [ 72.833985174193074, 19.086503516641244 ], [ 72.833966076149053, 19.08650179514521 ], [ 72.833783269859126, 19.086485320505481 ], [ 72.833330074169282, 19.086444476289358 ], [ 72.833311965619544, 19.086442843068571 ], [ 72.832973066235155, 19.086423083218016 ], [ 72.832804668495186, 19.08640498301299 ], [ 72.832703321307449, 19.086384643547245 ], [ 72.832692728703464, 19.086382518878935 ], [ 72.83268708859876, 19.086381387194788 ], [ 72.832666106321838, 19.086377176264889 ], [ 72.832521676063877, 19.086369670393783 ], [ 72.832476246565292, 19.086149987824339 ], [ 72.832210381509725, 19.084864340084923 ], [ 72.832196040422446, 19.084833430900776 ], [ 72.830406960123398, 19.085355017034878 ], [ 72.830375177702592, 19.085274819824264 ], [ 72.830372643031879, 19.085267753602967 ], [ 72.830346730998272, 19.085195493859096 ], [ 72.830314488127087, 19.085103536103837 ], [ 72.830260125003861, 19.084946509456714 ], [ 72.830205470310617, 19.084790680612912 ], [ 72.830098017715088, 19.084488107878549 ], [ 72.830014934062319, 19.084272909639612 ], [ 72.830000843229413, 19.084236713203094 ], [ 72.82997488724105, 19.084195843719076 ], [ 72.829930943037283, 19.084077243205062 ], [ 72.829875154075467, 19.083928893992745 ], [ 72.829864951243664, 19.083905562811591 ], [ 72.82985192499028, 19.083875775962444 ], [ 72.825726246256153, 19.083827132262719 ], [ 72.825681230449732, 19.087274509269935 ], [ 72.825818318913818, 19.087623491111664 ], [ 72.825826310598302, 19.08764010669508 ], [ 72.825865222764349, 19.08772807778406 ], [ 72.826022745887101, 19.088084214106441 ], [ 72.826152551973877, 19.088381118999866 ], [ 72.826175762468353, 19.088485896587919 ], [ 72.826240959725851, 19.088797124947703 ], [ 72.826313591556982, 19.0891541244678 ], [ 72.826392968410616, 19.089540075806617 ], [ 72.826457001569864, 19.089859882964941 ], [ 72.826531401141395, 19.09021987498264 ], [ 72.82654200567859, 19.090268295742426 ], [ 72.826535243327427, 19.090627953223205 ], [ 72.826531040864751, 19.090831131089889 ], [ 72.826526733553536, 19.091039425501553 ], [ 72.826522916758975, 19.091264941549362 ], [ 72.826519665199413, 19.09144578343523 ], [ 72.826517990194787, 19.091539136632779 ], [ 72.826512119683215, 19.091848872294527 ], [ 72.826508263655086, 19.092080072883192 ], [ 72.826501216132627, 19.092356678961806 ], [ 72.826495547642565, 19.092650344636727 ], [ 72.826493270671591, 19.092773708258225 ], [ 72.826483659226724, 19.092868523157101 ], [ 72.835107932816015, 19.092970107348492 ] ] ] } },
{ "type": "Feature", "properties": { "grid_id": "cell_0312", "ward_id": "T", "ward_gid": 13, "NDVI_prev": 0.54666012492438154, "LST_C": 31.153457774395036, "NDVI": 0.57226888652032193, "pop_density_km2": 12905.731959739176, "elderly_pct": 4.7571458644010285, "slum_pct": 0.0, "hospital_dist_m": 2279.3742465388618, "impervious_pct": 0.10118605933867968 }, "geometry": { "type": "Polygon", "coordinates": [ [ [ 72.89130488208356, 19.156851228549101 ], [ 72.900808583352074, 19.156960107998128 ], [ 72.90092286615392, 19.147928668610298 ], [ 72.894654467389856, 19.147856942202274 ], [ 72.894330165454051, 19.148400349074585 ], [ 72.893630153707761, 19.149579758887199 ], [ 72.893424563321005, 19.149925235007913 ], [ 72.893174547439074, 19.150352792815568 ], [ 72.892984813775385, 19.150677152793545 ], [ 72.893059099011467, 19.151715614006406 ], [ 72.893113670289551, 19.152327973025788 ], [ 72.893171505760321, 19.152455225322701 ], [ 72.893591364632641, 19.153159001805758 ], [ 72.893522816551993, 19.153573009549817 ], [ 72.893500468048927, 19.153707986433872 ], [ 72.893457893716516, 19.153729021293039 ], [ 72.892667802441991, 19.154119374321169 ], [ 72.892667793898681, 19.154119382424845 ], [ 72.891983529629428, 19.154768434346479 ], [ 72.891941789254417, 19.154808044417933 ], [ 72.891323398441514, 19.155394870652358 ], [ 72.89130488208356, 19.156851228549101 ] ] ] } },
{ "type": "Feature", "properties": { "grid_id": "cell_0313", "ward_id": "S", "ward_gid": 12, "NDVI_prev": 0.3053781017779662, "LST_C": 32.518006142425079, "NDVI": 0.35106272281480794, "pop_density_km2": 66091.1053137407, "elderly_pct": 4.7571458709265917, "slum_pct": 2.7398307558603743, "hospital_dist_m": 422.56360349470248, "impervious_pct": 48.50438226732625 }, "geometry": { "type": "Polygon", "coordinates": [ [ [ 72.910880540635432, 19.111910929515997 ], [ 72.910767030247385, 19.120942461916226 ], [ 72.920268795621524, 19.121050140469666 ], [ 72.920381790677112, 19.112018553370284 ], [ 72.918411453197734, 19.111996275008284 ], [ 72.918405310452314, 19.11205035034417 ], [ 72.918382946976948, 19.11224828732767 ], [ 72.918373394417529, 19.112282638754721 ], [ 72.918373367647391, 19.112283410761343 ], [ 72.918371639545157, 19.112333118799906 ], [ 72.918358389994907, 19.112635452043332 ], [ 72.91835779135566, 19.11274233304 ], [ 72.918351449076951, 19.113018355165558 ], [ 72.918348899427286, 19.113252787528435 ], [ 72.918337358566276, 19.113324690900637 ], [ 72.918336028522873, 19.113335826952952 ], [ 72.918312083663025, 19.113536309733547 ], [ 72.91830789160332, 19.113603769694429 ], [ 72.918300503563358, 19.113784742153189 ], [ 72.918290863074191, 19.114037965856632 ], [ 72.918282077539146, 19.114210764305316 ], [ 72.918270404773409, 19.114503881844389 ], [ 72.91829544246653, 19.11466010529551 ], [ 72.918316517926726, 19.114791606223061 ], [ 72.918368746854384, 19.115147439024472 ], [ 72.918398116771812, 19.115350966367199 ], [ 72.91839774897015, 19.11535450019521 ], [ 72.918371894963556, 19.115604068342524 ], [ 72.918339767075281, 19.115888391555689 ], [ 72.918333393702781, 19.115945755472215 ], [ 72.918314331810919, 19.116117322668874 ], [ 72.918300339269905, 19.116377394986337 ], [ 72.91828257270879, 19.116650737138279 ], [ 72.918303523913451, 19.117047269400608 ], [ 72.918098908590181, 19.116919306056086 ], [ 72.918025208376505, 19.116873215039039 ], [ 72.917643329921134, 19.116634393306484 ], [ 72.917374240535651, 19.116421964065747 ], [ 72.917096060676911, 19.116155976062732 ], [ 72.916887795343129, 19.115959800229373 ], [ 72.916726936108347, 19.115811029738076 ], [ 72.916597422133975, 19.115687816632033 ], [ 72.916354773381343, 19.115500482497712 ], [ 72.916291846495426, 19.115481171197121 ], [ 72.916194117804594, 19.115446144198877 ], [ 72.916103048783143, 19.115419905666236 ], [ 72.916029386865191, 19.115398682379954 ], [ 72.915862883523189, 19.115350708956736 ], [ 72.915672141670527, 19.11528991508149 ], [ 72.915568916546832, 19.115259458447952 ], [ 72.91538269324235, 19.115209294747036 ], [ 72.91521243635907, 19.115155440309799 ], [ 72.915145537459097, 19.114924205669787 ], [ 72.91507259350179, 19.114674069038998 ], [ 72.914675012899735, 19.113609339058335 ], [ 72.914542665756045, 19.113247326651841 ], [ 72.914132206130461, 19.111947817434313 ], [ 72.910880540635432, 19.111910929515997 ] ] ] } },
{ "type": "Feature", "properties": { "grid_id": "cell_0314", "ward_id": "F/N", "ward_gid": 8, "NDVI_prev": 0.24932774171545019, "LST_C": 35.006770887124581, "NDVI": 0.29939358843312752, "pop_density_km2": 52046.230896254128, "elderly_pct": 5.1256472275229807, "slum_pct": 1.1891614479021995, "hospital_dist_m": 1537.5690688500088, "impervious_pct": 4.4608509501732092 }, "geometry": { "type": "Polygon", "coordinates": [ [ [ 72.88363852031209, 19.012239457093195 ], [ 72.87414317660631, 19.012130486446626 ], [ 72.874028320308412, 19.021161902105192 ], [ 72.878452231071194, 19.021212755769113 ], [ 72.878594271195951, 19.021040268685748 ], [ 72.878801219624279, 19.020769319972629 ], [ 72.878987479723207, 19.02052350647616 ], [ 72.879252525344683, 19.020191449941951 ], [ 72.879424017468381, 19.019959591796983 ], [ 72.879547408334091, 19.019792974233219 ], [ 72.879619404163421, 19.019706381431298 ], [ 72.879645985105398, 19.019674167635323 ], [ 72.879675860961228, 19.019637957615473 ], [ 72.879696721085935, 19.019612833008914 ], [ 72.879707358456088, 19.019599687760625 ], [ 72.87972167188984, 19.019584618264279 ], [ 72.879733532950141, 19.019570313700928 ], [ 72.879764006224548, 19.019528257289785 ], [ 72.879779970842179, 19.019505055572044 ], [ 72.8797910242114, 19.01948958644547 ], [ 72.879807385092633, 19.019470258906665 ], [ 72.879831932291808, 19.019439718092297 ], [ 72.879842972553405, 19.019428126575793 ], [ 72.879850338652417, 19.019418459330691 ], [ 72.879856083053852, 19.019405689691993 ], [ 72.879863451360947, 19.019395249267159 ], [ 72.879874491663116, 19.019383654135645 ], [ 72.879888806546816, 19.019367419413523 ], [ 72.879909662910165, 19.019344233164119 ], [ 72.879924791676331, 19.019327999647857 ], [ 72.879935429913147, 19.019314858006002 ], [ 72.87994647817338, 19.019300163819903 ], [ 72.879966101330098, 19.019280458188234 ], [ 72.880054813655448, 19.019186893997979 ], [ 72.880511862678148, 19.018776204756723 ], [ 72.880530263025165, 19.018756306177718 ], [ 72.880640356010119, 19.018637241710387 ], [ 72.880707737648223, 19.018571051060402 ], [ 72.880771075340604, 19.018508832677554 ], [ 72.880862854274056, 19.018416997736878 ], [ 72.880935868131942, 19.018342742090546 ], [ 72.881008880997783, 19.018268484591299 ], [ 72.881200379068758, 19.018091980785137 ], [ 72.881287445722322, 19.018017103873099 ], [ 72.881377684735682, 19.017939496548721 ], [ 72.881480195814788, 19.017848322644394 ], [ 72.881652884261626, 19.017715937271944 ], [ 72.881763240049224, 19.017629375824523 ], [ 72.881807806539086, 19.017588180589819 ], [ 72.881947862538937, 19.01747041796909 ], [ 72.882039050854061, 19.017397142425558 ], [ 72.882043781084604, 19.017394388353399 ], [ 72.882088587232985, 19.017368297679585 ], [ 72.882121181238873, 19.01734931944025 ], [ 72.882245791278535, 19.017261433333704 ], [ 72.88250217733902, 19.017081994346654 ], [ 72.882528709890551, 19.017059745351027 ], [ 72.882548568293885, 19.017043090649441 ], [ 72.882551203505201, 19.017040708191573 ], [ 72.882806272101007, 19.016810171462595 ], [ 72.883305545047762, 19.016425410401158 ], [ 72.883575053608368, 19.01617050298573 ], [ 72.883588966720438, 19.016154072733318 ], [ 72.88363852031209, 19.012239457093195 ] ] ] } },
{ "type": "Feature", "properties": { "grid_id": "cell_0315", "ward_id": "M/W", "ward_gid": 17, "NDVI_prev": 0.30569170007296409, "LST_C": 35.028216063089076, "NDVI": 0.32107679768853203, "pop_density_km2": 62987.049682676596, "elderly_pct": 4.7571458671882967, "slum_pct": 23.174705576759376, "hospital_dist_m": 484.78040449383826, "impervious_pct": 57.600890219592863 }, "geometry": { "type": "Polygon", "coordinates": [ [ [ 72.911560260695467, 19.057721535741777 ], [ 72.902062160406345, 19.057613751671408 ], [ 72.90194851986719, 19.06664528610213 ], [ 72.910872252572588, 19.066746612295876 ], [ 72.911461237348504, 19.065627429325005 ], [ 72.911474052801822, 19.064604480858616 ], [ 72.911465820108049, 19.06459557226702 ], [ 72.911402047820076, 19.064526564367064 ], [ 72.911019529168087, 19.064112639292379 ], [ 72.910773580059811, 19.063846494849525 ], [ 72.910467474769163, 19.063515253130394 ], [ 72.910440221082197, 19.063485761658871 ], [ 72.91027756455405, 19.063327566990473 ], [ 72.9101686304937, 19.063221620672959 ], [ 72.910116638729917, 19.063165777514079 ], [ 72.909941705878595, 19.062969985851971 ], [ 72.909892000079381, 19.062914353542538 ], [ 72.909774860176441, 19.062777293408303 ], [ 72.909763735029344, 19.062764276368483 ], [ 72.909428277380556, 19.062376826108125 ], [ 72.909157651240875, 19.062072308544554 ], [ 72.908894352073958, 19.061785450379062 ], [ 72.908783246341031, 19.061651712042785 ], [ 72.908599004947604, 19.061429939494335 ], [ 72.908452237060132, 19.061263143449146 ], [ 72.908449696658693, 19.061260256498173 ], [ 72.908334893526956, 19.06114788821942 ], [ 72.908334873119671, 19.061147867176263 ], [ 72.908264046319346, 19.061078542512345 ], [ 72.908259897341139, 19.061074482265603 ], [ 72.908213825317063, 19.06102316298114 ], [ 72.908021723507176, 19.060809184543569 ], [ 72.90796773728664, 19.060748643004221 ], [ 72.907900047771093, 19.06067273410158 ], [ 72.907659432776924, 19.060402897623753 ], [ 72.907568446052522, 19.060300860764446 ], [ 72.907632207777695, 19.060245588645422 ], [ 72.907677361400758, 19.060206446991714 ], [ 72.907772215680922, 19.060124221909909 ], [ 72.908000011056131, 19.060015603176506 ], [ 72.907896472453487, 19.059901481331469 ], [ 72.907801631978984, 19.059804487858909 ], [ 72.907725829108472, 19.059730886557446 ], [ 72.907840886391483, 19.05967766985075 ], [ 72.908090781987397, 19.059562086874337 ], [ 72.90836093583728, 19.059437133361783 ], [ 72.908628208629779, 19.059314800386552 ], [ 72.908777105100896, 19.059249160059061 ], [ 72.908900068772766, 19.059194951980611 ], [ 72.909159352820495, 19.059069724516345 ], [ 72.909605135303735, 19.058836319102596 ], [ 72.909957283306355, 19.058642906039875 ], [ 72.910346717279808, 19.058429012704973 ], [ 72.910699679965205, 19.058235149694408 ], [ 72.91092804132191, 19.058109722708508 ], [ 72.911138322532622, 19.05799422575836 ], [ 72.911349244509267, 19.057864985777258 ], [ 72.911480065642863, 19.057784826441697 ], [ 72.911560082113127, 19.057735797043591 ], [ 72.911560260695467, 19.057721535741777 ] ] ] } },
{ "type": "Feature", "properties": { "grid_id": "cell_0316", "ward_id": "M/W", "ward_gid": 17, "NDVI_prev": 0.44835839591246457, "LST_C": 31.572809718371513, "NDVI": 0.50192650595201738, "pop_density_km2": 68410.39195961463, "elderly_pct": 4.7571458657938219, "slum_pct": 0.0, "hospital_dist_m": 2932.1986392125327, "impervious_pct": 9.9590525893215567 }, "geometry": { "type": "Polygon", "coordinates": [ [ [ 72.893133928655203, 19.012347940734749 ], [ 72.893247696427167, 19.003316404594994 ], [ 72.88607451143649, 19.003234534459306 ], [ 72.886033973196419, 19.003651008931406 ], [ 72.886011200376686, 19.003870801196026 ], [ 72.885999531604568, 19.003962309180036 ], [ 72.885909060821078, 19.004743304954687 ], [ 72.885874972726413, 19.005061821843213 ], [ 72.885847825309213, 19.005289050386917 ], [ 72.885562081190812, 19.005898266093325 ], [ 72.885423405948657, 19.007464153189442 ], [ 72.885382178240661, 19.007929661011715 ], [ 72.885380978306756, 19.007943210174471 ], [ 72.885334628626083, 19.008466570271253 ], [ 72.885321548567262, 19.008614264025315 ], [ 72.885293631910912, 19.00871029298311 ], [ 72.885262370439676, 19.008817819451387 ], [ 72.885193694370386, 19.009046101851062 ], [ 72.885132817975617, 19.009248449056095 ], [ 72.88511215120954, 19.009318084884896 ], [ 72.885041901311311, 19.009554758706777 ], [ 72.884894908361659, 19.010050219189857 ], [ 72.884856759245068, 19.010178805765928 ], [ 72.884834641283732, 19.010253357197865 ], [ 72.884546036007833, 19.011694926060862 ], [ 72.884496401095333, 19.012249278297428 ], [ 72.893133928655203, 19.012347940734749 ] ] ] } },
{ "type": "Feature", "properties": { "grid_id": "cell_0317", "ward_id": "T", "ward_gid": 13, "NDVI_prev": 0.30513310566077256, "LST_C": 30.245039431026875, "NDVI": 0.33908693754911529, "pop_density_km2": 30231.10543944336, "elderly_pct": 4.7571458679812046, "slum_pct": 0.0, "hospital_dist_m": 1742.082149433558, "impervious_pct": 3.127275067472719 }, "geometry": { "type": "Polygon", "coordinates": [ [ [ 72.967446943891673, 19.148676696007989 ], [ 72.967336276767853, 19.157708514964916 ], [ 72.976330605174041, 19.157807848012609 ], [ 72.976293465254201, 19.157660518418037 ], [ 72.976172763309634, 19.157181706073448 ], [ 72.976172745171937, 19.157181634512249 ], [ 72.976301749509091, 19.156266761254766 ], [ 72.976256728464492, 19.15578340999183 ], [ 72.97622236039895, 19.155631760616384 ], [ 72.976222344195207, 19.155631686366583 ], [ 72.976093953806313, 19.154924131318904 ], [ 72.975839405590776, 19.153617902429744 ], [ 72.975817044708108, 19.15352798823255 ], [ 72.975817027521202, 19.153527916681817 ], [ 72.975765836625712, 19.153210050236183 ], [ 72.975734854144335, 19.153023268725786 ], [ 72.975659514027299, 19.152655511997505 ], [ 72.975659500564944, 19.152655446810968 ], [ 72.97554465570019, 19.152472251265557 ], [ 72.975336165093751, 19.152318251802768 ], [ 72.975229071753347, 19.152175518499881 ], [ 72.975018305237029, 19.151894517463422 ], [ 72.975018301534675, 19.151894509292831 ], [ 72.975018293047327, 19.151894503779424 ], [ 72.974884575448471, 19.15171617554596 ], [ 72.974833826133306, 19.15164775867509 ], [ 72.974692059606653, 19.151456456811683 ], [ 72.974649696849013, 19.151399794970946 ], [ 72.974624769221677, 19.151366426547973 ], [ 72.973732025444875, 19.150171295703952 ], [ 72.973560048460641, 19.149995959202553 ], [ 72.973554319654312, 19.149988341649873 ], [ 72.973554293473967, 19.149988306132091 ], [ 72.973433378311896, 19.149827491588834 ], [ 72.973431641439944, 19.149825181641361 ], [ 72.973052656704766, 19.149321136528997 ], [ 72.973035137507367, 19.149297836637359 ], [ 72.972933527823884, 19.149133610767656 ], [ 72.972696183847447, 19.148734695666132 ], [ 72.967446943891673, 19.148676696007989 ] ] ] } },
{ "type": "Feature", "properties": { "grid_id": "cell_0318", "ward_id": "R/C", "ward_gid": 11, "NDVI_prev": 0.54219362435681828, "LST_C": 29.506318410618857, "NDVI": 0.56307334501368911, "pop_density_km2": 11328.477510243725, "elderly_pct": 4.756263099801993, "slum_pct": 0.0, "hospital_dist_m": 5380.3234239845269, "impervious_pct": 0.33384208343233152 }, "geometry": { "type": "Polygon", "coordinates": [ [ [ 72.794947418473683, 19.25507379864279 ], [ 72.785438745572336, 19.254958881062649 ], [ 72.785317451593784, 19.263989525951605 ], [ 72.786334359807057, 19.264001845005406 ], [ 72.786420132723336, 19.26396644102299 ], [ 72.786591133785365, 19.263895511654887 ], [ 72.787062005158376, 19.263704228200957 ], [ 72.787487883036462, 19.263534364915884 ], [ 72.788311160356614, 19.263205988940229 ], [ 72.789681041739556, 19.261673422477955 ], [ 72.789860124035087, 19.261473068311528 ], [ 72.789932295502055, 19.261442852192452 ], [ 72.790054886807255, 19.261479536387117 ], [ 72.790078285339604, 19.261486516595795 ], [ 72.790330950843412, 19.261491436183977 ], [ 72.791321138520019, 19.261510305477035 ], [ 72.791920275606145, 19.261700043642808 ], [ 72.792068002001258, 19.261707711602664 ], [ 72.792269175400406, 19.261773317675143 ], [ 72.792293087957574, 19.261748884598269 ], [ 72.79229517292751, 19.261746735742292 ], [ 72.792341856492854, 19.261776156364395 ], [ 72.792400702368013, 19.261744628619212 ], [ 72.792400733699594, 19.261744632610451 ], [ 72.792400886030578, 19.261744549547988 ], [ 72.792494601588643, 19.26175634919727 ], [ 72.792605717777235, 19.261778733252964 ], [ 72.792619350340928, 19.261769921730473 ], [ 72.79261980425818, 19.261769973275857 ], [ 72.793067318902644, 19.261821751509739 ], [ 72.793651015832978, 19.261890641841131 ], [ 72.793911985896997, 19.26191975726411 ], [ 72.794211687020606, 19.261952724050133 ], [ 72.79443134838688, 19.261979386605383 ], [ 72.794513381218607, 19.261993621151003 ], [ 72.794659946496907, 19.26201867077539 ], [ 72.794854162422936, 19.262047320351659 ], [ 72.794947418473683, 19.25507379864279 ] ] ] } },
{ "type": "Feature", "properties": { "grid_id": "cell_0319", "ward_id": "S", "ward_gid": 12, "NDVI_prev": 0.46330761784505375, "LST_C": 31.949789384617642, "NDVI": 0.46302167204849431, "pop_density_km2": 30884.557339701598, "elderly_pct": 4.757145866387118, "slum_pct": 7.2457917812691495, "hospital_dist_m": 505.63004328776668, "impervious_pct": 22.906078512430181 }, "geometry": { "type": "Polygon", "coordinates": [ [ [ 72.939272517089009, 19.121264027423305 ], [ 72.948774472601869, 19.121370235795368 ], [ 72.948885921565093, 19.112338486091758 ], [ 72.947864689611961, 19.112327099951361 ], [ 72.947755643659448, 19.112426309890296 ], [ 72.947216933126938, 19.112943534109991 ], [ 72.94707801381422, 19.113080501524831 ], [ 72.946438306645121, 19.113596648615598 ], [ 72.946362964995387, 19.113658910363643 ], [ 72.946274352879641, 19.113719762049772 ], [ 72.946197100129766, 19.113763174038485 ], [ 72.946092534608979, 19.113852248154782 ], [ 72.945989809056613, 19.113939757453142 ], [ 72.94598965058502, 19.113939892985425 ], [ 72.945612175881706, 19.114261450500791 ], [ 72.945614627966933, 19.114293105955845 ], [ 72.945365386020242, 19.114591489642315 ], [ 72.944076225386951, 19.114808172512539 ], [ 72.944074197777013, 19.114816676982251 ], [ 72.944009239550226, 19.114807858485005 ], [ 72.943512056190926, 19.11474036753291 ], [ 72.94338430870998, 19.114675622142563 ], [ 72.942925890683483, 19.114758472284716 ], [ 72.942248377968326, 19.114499023792295 ], [ 72.941803894926664, 19.114317383744055 ], [ 72.941282442795725, 19.114108956916919 ], [ 72.941031020417967, 19.114055318760197 ], [ 72.940532672177497, 19.113950101615508 ], [ 72.940067251411449, 19.113893860851295 ], [ 72.939562696032326, 19.11382017978271 ], [ 72.939382885373206, 19.113790833348194 ], [ 72.939365210712836, 19.113787183346883 ], [ 72.939272517089009, 19.121264027423305 ] ] ] } },
{ "type": "Feature", "properties": { "grid_id": "cell_0320", "ward_id": "T", "ward_gid": 13, "NDVI_prev": 0.66090084398058824, "LST_C": 28.468615008990035, "NDVI": 0.62278445342099653, "pop_density_km2": 4246.2905956643608, "elderly_pct": 4.757145862845543, "slum_pct": 0.0, "hospital_dist_m": 3221.1735923670053, "impervious_pct": 0.0 }, "geometry": { "type": "Polygon", "coordinates": [ [ [ 72.909742556634853, 19.202225825347352 ], [ 72.909856643238982, 19.193194378628434 ], [ 72.900694062724781, 19.19308970065422 ], [ 72.900695273859938, 19.193096881061823 ], [ 72.900907060760105, 19.19403178141458 ], [ 72.900936783840407, 19.194162988516197 ], [ 72.901152313227669, 19.195057393666115 ], [ 72.901257953044421, 19.195495772614599 ], [ 72.901330964077914, 19.195798749002041 ], [ 72.901330987594903, 19.195798846788399 ], [ 72.901468599892453, 19.196369895627715 ], [ 72.901468625077598, 19.19636999982831 ], [ 72.902141081486576, 19.197036576598752 ], [ 72.902357622481816, 19.197251222995099 ], [ 72.902358246514012, 19.197846899677003 ], [ 72.902373754257951, 19.198462382639324 ], [ 72.902382414747692, 19.198811768841892 ], [ 72.902390396076612, 19.199188027496451 ], [ 72.902390397362353, 19.199188097063054 ], [ 72.902391460692598, 19.199239154282228 ], [ 72.902392703255089, 19.199298814826239 ], [ 72.902396689618982, 19.199490205811177 ], [ 72.902397380761002, 19.199523356548436 ], [ 72.902414155656331, 19.199718504250367 ], [ 72.902414403363551, 19.199734662090862 ], [ 72.90241591715538, 19.199833410571436 ], [ 72.902418146640585, 19.199978829726078 ], [ 72.902419172818725, 19.200045762628672 ], [ 72.90242599662399, 19.20049073429356 ], [ 72.902425996246109, 19.200490764097182 ], [ 72.90243946872954, 19.201388052582281 ], [ 72.902638639758962, 19.201416814786583 ], [ 72.903909944831625, 19.201600398123389 ], [ 72.904456530098074, 19.20167932453618 ], [ 72.906712116088812, 19.202005014055128 ], [ 72.907388207096915, 19.20210263095327 ], [ 72.907583090574207, 19.202130775355815 ], [ 72.907861602131163, 19.202204364018463 ], [ 72.909742556634853, 19.202225825347352 ] ] ] } },
{ "type": "Feature", "properties": { "grid_id": "cell_0321", "ward_id": "P/N", "ward_gid": 21, "NDVI_prev": 0.32664601900001072, "LST_C": 33.955897146165924, "NDVI": 0.32143738863100085, "pop_density_km2": 83591.313751024165, "elderly_pct": 4.7571458707046803, "slum_pct": 5.8735730872456244, "hospital_dist_m": 362.81925466208185, "impervious_pct": 48.303959960716838 }, "geometry": { "type": "Polygon", "coordinates": [ [ [ 72.833811786930752, 19.192311736144397 ], [ 72.824306475703082, 19.192199192094741 ], [ 72.824187728306143, 19.201230134847147 ], [ 72.827675576607234, 19.20127150731242 ], [ 72.827857700971634, 19.201036249665769 ], [ 72.827881758819728, 19.201005177874766 ], [ 72.827960222411761, 19.200903822623587 ], [ 72.827961126114644, 19.200902654067296 ], [ 72.827871716631108, 19.200810923011474 ], [ 72.827840707082999, 19.200779108247783 ], [ 72.827782253933549, 19.200720002539988 ], [ 72.827759755901425, 19.200697252394718 ], [ 72.827760348712687, 19.200696683661384 ], [ 72.827772901608611, 19.200684615472298 ], [ 72.827784873670964, 19.200673104415472 ], [ 72.827842275247747, 19.200600451896783 ], [ 72.82784426955358, 19.200598523962423 ], [ 72.82796538609621, 19.20047504631934 ], [ 72.82798621127462, 19.200453815256527 ], [ 72.828002545220372, 19.200437198498797 ], [ 72.828002695681036, 19.200437046514782 ], [ 72.828007080198759, 19.200433808089116 ], [ 72.828017482321471, 19.200426128546511 ], [ 72.828017546229319, 19.200426080745824 ], [ 72.828157925479218, 19.200275133313561 ], [ 72.828214336933982, 19.200216579463024 ], [ 72.828294027436684, 19.200134069808389 ], [ 72.828352308672109, 19.200073725877854 ], [ 72.8283737178743, 19.200051558954634 ], [ 72.828373789581974, 19.200051484763289 ], [ 72.828392911945542, 19.20003175733839 ], [ 72.828429295293475, 19.19994926749181 ], [ 72.828455363703753, 19.199890159822289 ], [ 72.828467415792446, 19.199862834955638 ], [ 72.828467528682154, 19.199862578473137 ], [ 72.828472945564926, 19.19985031353654 ], [ 72.828513232592087, 19.199759117907796 ], [ 72.828521062457526, 19.199741395655575 ], [ 72.828523956338216, 19.199734844835859 ], [ 72.8285489091692, 19.199678359647599 ], [ 72.828574537230395, 19.199620343915569 ], [ 72.828671757634311, 19.199550953529648 ], [ 72.828693019293979, 19.199535777816582 ], [ 72.828883537486647, 19.199399794492027 ], [ 72.82899497299455, 19.199320257170793 ], [ 72.829019221497234, 19.199315983529871 ], [ 72.829037682246238, 19.199312730134366 ], [ 72.829347301376743, 19.199258162008547 ], [ 72.829385472380466, 19.19925141060622 ], [ 72.829385978852216, 19.199248787026811 ], [ 72.829386767399939, 19.199244707083785 ], [ 72.829387643550177, 19.199240164564422 ], [ 72.829407303696968, 19.1991383503347 ], [ 72.829412087586917, 19.199113570700558 ], [ 72.829413273150408, 19.199107427117109 ], [ 72.829442185994367, 19.198951774457303 ], [ 72.829261740352592, 19.198289040117839 ], [ 72.829227231738713, 19.198162292675175 ], [ 72.829213885802247, 19.198111190302633 ], [ 72.829107694639973, 19.197704559772895 ], [ 72.829366578168717, 19.197466013324519 ], [ 72.829774138654329, 19.197100185917495 ], [ 72.830168073847929, 19.196721293586211 ], [ 72.830650578822159, 19.196263907892209 ], [ 72.830784826266267, 19.196586739458926 ], [ 72.83099482060986, 19.196936475854613 ], [ 72.831059466580882, 19.197044140227334 ], [ 72.831141988187014, 19.197181574084127 ], [ 72.831143142986335, 19.197185848141935 ], [ 72.831181799127506, 19.197246110569957 ], [ 72.831411563902378, 19.197592770475445 ], [ 72.831431196306497, 19.197622389628467 ], [ 72.831616240383568, 19.197896168718369 ], [ 72.831724941386426, 19.198029584604068 ], [ 72.831802310985097, 19.198143939598715 ], [ 72.83185776411851, 19.198220771617006 ], [ 72.831810519169622, 19.19836782598529 ], [ 72.831759454684459, 19.198602412010935 ], [ 72.831691908834429, 19.198912709766539 ], [ 72.831689184459719, 19.198925221716131 ], [ 72.831782819021328, 19.199048917724102 ], [ 72.831892035878937, 19.199193199240565 ], [ 72.832838977415804, 19.199422670461558 ], [ 72.832880471576317, 19.199175298919386 ], [ 72.832945629000349, 19.199208671417473 ], [ 72.833221653273824, 19.199350043114297 ], [ 72.833339214242812, 19.199410254028926 ], [ 72.833716333035127, 19.199603403026163 ], [ 72.833811786930752, 19.192311736144397 ] ] ] } },
{ "type": "Feature", "properties": { "grid_id": "cell_0322", "ward_id": "T", "ward_gid": 13, "NDVI_prev": 0.63339800548321534, "LST_C": 29.744760046828965, "NDVI": 0.63036130037406557, "pop_density_km2": 4915.2671721960323, "elderly_pct": 4.7571458682118424, "slum_pct": 0.0, "hospital_dist_m": 3980.4951312004814, "impervious_pct": 0.0 }, "geometry": { "type": "Polygon", "coordinates": [ [ [ 72.919135340599738, 19.211365488387607 ], [ 72.919248973069998, 19.202333996451785 ], [ 72.909742556634853, 19.202225825347352 ], [ 72.909700211983662, 19.205576665224381 ], [ 72.909921386511883, 19.206496389261154 ], [ 72.910168742569127, 19.207595403102808 ], [ 72.910168757026597, 19.207595462883791 ], [ 72.911116028888088, 19.207805012501417 ], [ 72.911627022447874, 19.207881534606813 ], [ 72.912237063735148, 19.207945979818511 ], [ 72.912787236943515, 19.20801999416722 ], [ 72.913300029721512, 19.208079159513677 ], [ 72.91346449585221, 19.208264037837431 ], [ 72.914114370753097, 19.209147661523282 ], [ 72.914114418417569, 19.209147727101762 ], [ 72.914657726365377, 19.20989448844017 ], [ 72.914657773079583, 19.209894554007729 ], [ 72.914860525665944, 19.210172686820577 ], [ 72.915273919937377, 19.211321589900574 ], [ 72.919135340599738, 19.211365488387607 ] ] ] } },
{ "type": "Feature", "properties": { "grid_id": "cell_0323", "ward_id": "R/S", "ward_gid": 22, "NDVI_prev": 0.34449394712256642, "LST_C": 33.438412621297658, "NDVI": 0.34098171139504513, "pop_density_km2": 69956.341353724987, "elderly_pct": 4.7571458684708468, "slum_pct": 6.6669504858187345, "hospital_dist_m": 415.69929517659364, "impervious_pct": 51.138316062283408 }, "geometry": { "type": "Polygon", "coordinates": [ [ [ 72.852705414390655, 19.201566461488142 ], [ 72.862211441838241, 19.201677586015439 ], [ 72.862328117935633, 19.192646416787358 ], [ 72.860454027693763, 19.192624557747152 ], [ 72.860371080893032, 19.192720733031738 ], [ 72.860331221619546, 19.192766949135716 ], [ 72.860325713445761, 19.192774613807671 ], [ 72.860288999166002, 19.192806196047471 ], [ 72.860261110376385, 19.19283387285563 ], [ 72.860218467259841, 19.192876193701053 ], [ 72.860131700971877, 19.192988713983418 ], [ 72.860115353228196, 19.193006878433909 ], [ 72.86007880335319, 19.193044279197686 ], [ 72.860008833402318, 19.193115881128538 ], [ 72.85996701027031, 19.19315867740675 ], [ 72.859840611625657, 19.193371433241783 ], [ 72.859817693901817, 19.193410009330218 ], [ 72.859799759087437, 19.193488412110042 ], [ 72.859808326878223, 19.193510932429227 ], [ 72.859808589385679, 19.193511617629472 ], [ 72.860009994339649, 19.19389861116171 ], [ 72.860054285629857, 19.194004505431177 ], [ 72.860192995728667, 19.194336144142497 ], [ 72.860344874330352, 19.194678805557924 ], [ 72.860064745166511, 19.194724336550294 ], [ 72.859921546708662, 19.194704120214261 ], [ 72.859751323064799, 19.194658041715368 ], [ 72.859617885656732, 19.194628218047342 ], [ 72.859612766330869, 19.194627073837299 ], [ 72.859542997184022, 19.194611478919949 ], [ 72.859524377075473, 19.194624198988713 ], [ 72.859510789535733, 19.194633480419757 ], [ 72.859497651351674, 19.194642454932122 ], [ 72.859489230200268, 19.194648206795389 ], [ 72.859470785659909, 19.194660806354548 ], [ 72.859456362005758, 19.194670659568779 ], [ 72.859449268044983, 19.19467550546403 ], [ 72.859394782793942, 19.194712723227834 ], [ 72.859391090930274, 19.194715245646712 ], [ 72.85938652813752, 19.19471529295852 ], [ 72.85935205455047, 19.194715658139508 ], [ 72.859334554129461, 19.194711055761971 ], [ 72.859334544399431, 19.194711055359324 ], [ 72.859326531605419, 19.194710732013647 ], [ 72.859305616812037, 19.194699523920882 ], [ 72.859305608354802, 19.194699519197485 ], [ 72.859288486742457, 19.194690562506931 ], [ 72.859266779998606, 19.194683098065891 ], [ 72.859264743436768, 19.194682397931096 ], [ 72.859225450336723, 19.194668884893769 ], [ 72.85918582412107, 19.194660333675664 ], [ 72.859113673251116, 19.19464476050074 ], [ 72.859090371287408, 19.194639731944431 ], [ 72.859081938999566, 19.194634115114845 ], [ 72.859057793096397, 19.194618035350686 ], [ 72.859049203393525, 19.194615650467163 ], [ 72.859027634248307, 19.194609685992425 ], [ 72.858888790498412, 19.194571291668645 ], [ 72.85887113433887, 19.194566407639122 ], [ 72.858842805142871, 19.19455857445702 ], [ 72.858839066123338, 19.194557875246161 ], [ 72.858711416063514, 19.194534019613251 ], [ 72.858505437403068, 19.194497482732228 ], [ 72.858335431859459, 19.194564185626209 ], [ 72.858336397952144, 19.194564865606655 ], [ 72.858311054625119, 19.194575203499486 ], [ 72.858305804440917, 19.194577589763149 ], [ 72.858227172254885, 19.194614878867675 ], [ 72.858189014106671, 19.194633094701732 ], [ 72.858166401686688, 19.194653114234811 ], [ 72.85785768491553, 19.194572091989308 ], [ 72.857624165466419, 19.194497394645278 ], [ 72.857439173718234, 19.194438220238471 ], [ 72.85738928929014, 19.194436711181428 ], [ 72.857372098752151, 19.194436191253686 ], [ 72.857371969810828, 19.194436187362204 ], [ 72.857249008270429, 19.194432679624164 ], [ 72.857249007054165, 19.194432679573829 ], [ 72.857163481878501, 19.194430239450654 ], [ 72.856817998248346, 19.194377911804985 ], [ 72.856733804576848, 19.194365781042471 ], [ 72.856725458582872, 19.194364596685368 ], [ 72.856637674533914, 19.194352131398926 ], [ 72.85642709657219, 19.194347092403493 ], [ 72.856426162283086, 19.19434706991839 ], [ 72.856425187827355, 19.194347048119784 ], [ 72.856297887142063, 19.194344090220905 ], [ 72.856297804989282, 19.19434404417008 ], [ 72.856297506305779, 19.194343992118974 ], [ 72.856049062179963, 19.194200392699006 ], [ 72.856013695436801, 19.194177470993612 ], [ 72.856013608537125, 19.194177415637874 ], [ 72.856008652229036, 19.194174215162647 ], [ 72.855780086228378, 19.194026608302739 ], [ 72.855749273320299, 19.194008560998288 ], [ 72.855657237545799, 19.193971597373938 ], [ 72.855560809267587, 19.193948404225527 ], [ 72.855560702511326, 19.193948378697499 ], [ 72.855560663696323, 19.193948368994228 ], [ 72.855540527221464, 19.193943615196595 ], [ 72.855525117366554, 19.193939976844575 ], [ 72.855494589503948, 19.193918902575266 ], [ 72.855492781543518, 19.193917654742251 ], [ 72.855492726054038, 19.193917617096087 ], [ 72.855435729283556, 19.193878528901994 ], [ 72.855413574485837, 19.193866505827817 ], [ 72.855275435186513, 19.193791537377159 ], [ 72.855275293804922, 19.193791460572903 ], [ 72.85525503467548, 19.193780492107411 ], [ 72.855239351822647, 19.193772001640699 ], [ 72.85510026176722, 19.193696698223903 ], [ 72.854778623863055, 19.193685822501024 ], [ 72.854564494483355, 19.193718363631461 ], [ 72.854324748817319, 19.19375479695357 ], [ 72.854271403101947, 19.193765374346217 ], [ 72.854254217537004, 19.193768781916919 ], [ 72.854193729553117, 19.193780775561343 ], [ 72.854193591690048, 19.193780802851801 ], [ 72.854117598834691, 19.19379592393323 ], [ 72.853854556143062, 19.193848263239346 ], [ 72.853730874129894, 19.193872874097565 ], [ 72.85371343360994, 19.193876343050722 ], [ 72.853679271072451, 19.193893279733466 ], [ 72.853650057868379, 19.193907759703855 ], [ 72.853641628798357, 19.194199917215816 ], [ 72.853625576178189, 19.194756351615531 ], [ 72.853622446113235, 19.194864828579121 ], [ 72.853617892849428, 19.195022705422964 ], [ 72.853617491203579, 19.195036596594509 ], [ 72.853612543393069, 19.195208096460362 ], [ 72.853605812569896, 19.195457194713757 ], [ 72.853598234899849, 19.19573763236297 ], [ 72.853706687420384, 19.195737797956252 ], [ 72.853708762208242, 19.195737801327269 ], [ 72.853848212442784, 19.195738016524459 ], [ 72.85388219972323, 19.195755923268006 ], [ 72.854043832739336, 19.195841086540341 ], [ 72.854104870459935, 19.1958946779481 ], [ 72.854004316962687, 19.196402713807583 ], [ 72.85399569301012, 19.196475504053218 ], [ 72.853940029905203, 19.196945325875859 ], [ 72.85394683260175, 19.196980033627696 ], [ 72.853947793658989, 19.196984936586738 ], [ 72.8538593775137, 19.19769928516352 ], [ 72.853846097760339, 19.197799661413676 ], [ 72.853804135714626, 19.198116834884786 ], [ 72.853802883399169, 19.198126300362439 ], [ 72.853742640037822, 19.198581647565078 ], [ 72.853732944467524, 19.198654930819345 ], [ 72.853711892422709, 19.198814060782269 ], [ 72.853709185867572, 19.198822886422004 ], [ 72.853698069853522, 19.19885913941788 ], [ 72.853681640304629, 19.198894485043894 ], [ 72.853679767458047, 19.198898517762409 ], [ 72.853679673577616, 19.19889871899089 ], [ 72.853667768540348, 19.198898139096414 ], [ 72.853653724247479, 19.198897456689409 ], [ 72.85352868785526, 19.19889137139571 ], [ 72.853435698654778, 19.198886845213742 ], [ 72.853062865054255, 19.198868700844002 ], [ 72.85292522807228, 19.198862001625162 ], [ 72.85290654170133, 19.198861092519948 ], [ 72.852810208103463, 19.198856404296066 ], [ 72.85274063284055, 19.198853017661385 ], [ 72.852705414390655, 19.201566461488142 ] ] ] } },
{ "type": "Feature", "properties": { "grid_id": "cell_0324", "ward_id": "D", "ward_gid": 4, "NDVI_prev": 0.13990373448082463, "LST_C": 34.59681100207839, "NDVI": 0.15832451911246659, "pop_density_km2": 68120.782667052554, "elderly_pct": 5.5859844888881671, "slum_pct": 1.0560314171877312, "hospital_dist_m": 336.10156851789259, "impervious_pct": 89.323073223518108 }, "geometry": { "type": "Polygon", "coordinates": [ [ [ 72.817878659280993, 18.957279776643123 ], [ 72.81776113056479, 18.966310910333167 ], [ 72.825035082382158, 18.966396477402888 ], [ 72.825033316967918, 18.96638015110813 ], [ 72.825027330560914, 18.966324797993103 ], [ 72.82500620124982, 18.966129403442704 ], [ 72.824992955395246, 18.966006911043227 ], [ 72.824977105604731, 18.96588008495646 ], [ 72.82493023825252, 18.965505073070812 ], [ 72.824868249770887, 18.965009067832089 ], [ 72.824847415023541, 18.964842352364009 ], [ 72.824798905324229, 18.964454188749475 ], [ 72.824773413110904, 18.964375349542777 ], [ 72.82475550244439, 18.964245740702435 ], [ 72.824747552475458, 18.964188219291312 ], [ 72.824704307112341, 18.9638752926884 ], [ 72.824702076693143, 18.963859147909432 ], [ 72.824703677727513, 18.963799041547922 ], [ 72.824704768404615, 18.963758148650822 ], [ 72.824705070295352, 18.963746807314269 ], [ 72.824696201797849, 18.963649957330141 ], [ 72.824692521386126, 18.963609761714444 ], [ 72.824628964264775, 18.963230918178663 ], [ 72.824621174237322, 18.963184488807478 ], [ 72.824604314072232, 18.963088805004297 ], [ 72.824589523033026, 18.96300486794398 ], [ 72.824575717996609, 18.962926522772328 ], [ 72.824558998447387, 18.962831638192906 ], [ 72.824541838633195, 18.962734248232405 ], [ 72.824541755476076, 18.962733779369696 ], [ 72.824531354416479, 18.962674753248461 ], [ 72.824525031582453, 18.962638865833728 ], [ 72.824522655500658, 18.96262538846134 ], [ 72.824521246123055, 18.962597110867915 ], [ 72.82451529961395, 18.962477889054718 ], [ 72.824512074661371, 18.962413201608637 ], [ 72.824494486514226, 18.961925155161637 ], [ 72.824493649294411, 18.961900047485752 ], [ 72.824488974846474, 18.961759976320202 ], [ 72.825488677576786, 18.961719050229952 ], [ 72.826247067300315, 18.961687999430815 ], [ 72.826246800429999, 18.961675777054076 ], [ 72.826244170098661, 18.961555133530826 ], [ 72.826241286747191, 18.961413435756242 ], [ 72.826237790015327, 18.961306458260935 ], [ 72.826235453857763, 18.961235037502625 ], [ 72.826232270824931, 18.961093753512447 ], [ 72.826230447783587, 18.960994613334687 ], [ 72.826229758852236, 18.960914176635548 ], [ 72.826229486768469, 18.960882362576442 ], [ 72.826227276569952, 18.960831324360399 ], [ 72.826223260725968, 18.960738539049128 ], [ 72.82622208432943, 18.960697171479286 ], [ 72.826219665692705, 18.96061211871514 ], [ 72.826215648868924, 18.960498462759713 ], [ 72.82621159440896, 18.960318500149921 ], [ 72.826208917324365, 18.960237345513367 ], [ 72.826205311323434, 18.960093972738669 ], [ 72.826203743507222, 18.960043032383645 ], [ 72.826192973270906, 18.959693231229267 ], [ 72.826188959702833, 18.959492458974324 ], [ 72.826179992965635, 18.959043796821966 ], [ 72.826169912908199, 18.958614957094724 ], [ 72.826169562276164, 18.958600553272362 ], [ 72.826167403160625, 18.958511733350402 ], [ 72.826165421961534, 18.958430207501777 ], [ 72.826162058977914, 18.958291809082013 ], [ 72.826161763615474, 18.958281197776873 ], [ 72.826160245097142, 18.958226524836643 ], [ 72.826158693608534, 18.958170660114561 ], [ 72.826142301105079, 18.958131274588006 ], [ 72.826099302074127, 18.958039328020515 ], [ 72.826083364243502, 18.958000534942048 ], [ 72.826039847628962, 18.957894618856791 ], [ 72.826005633290109, 18.957803010201015 ], [ 72.82595737484489, 18.957693577185225 ], [ 72.825922120772162, 18.957615319992343 ], [ 72.825884301423798, 18.957531365664316 ], [ 72.825809584077433, 18.95737301523436 ], [ 72.817878659280993, 18.957279776643123 ] ] ] } },
{ "type": "Feature", "properties": { "grid_id": "cell_0325", "ward_id": "G/S", "ward_gid": 7, "NDVI_prev": 0.17513440912445777, "LST_C": 33.837262223782886, "NDVI": 0.21103249508756927, "pop_density_km2": 61856.99024085563, "elderly_pct": 5.5859844866815962, "slum_pct": 4.744680591052723, "hospital_dist_m": 530.15608782287973, "impervious_pct": 76.805569384977957 }, "geometry": { "type": "Polygon", "coordinates": [ [ [ 72.836220764924875, 19.007183137575865 ], [ 72.836149283956033, 19.007073474649424 ], [ 72.835952211184576, 19.006758062008277 ], [ 72.835780498129665, 19.006475864376984 ], [ 72.835612944181648, 19.006185873248324 ], [ 72.83550296732848, 19.005986330794112 ], [ 72.835314097014177, 19.005606477822312 ], [ 72.835097058232307, 19.005150389722886 ], [ 72.835074615878824, 19.005103227145728 ], [ 72.834871511406206, 19.004649083259871 ], [ 72.834737927185387, 19.0043246029174 ], [ 72.834700846691291, 19.004234535823407 ], [ 72.834504634853289, 19.003747272312271 ], [ 72.834345537474647, 19.003308697141875 ], [ 72.834196251772951, 19.002905135023486 ], [ 72.834107979994528, 19.002633112460288 ], [ 72.826784787849647, 19.002547185354629 ], [ 72.82666743776339, 19.011578328642184 ], [ 72.831720353037397, 19.011637675436802 ], [ 72.83184157409282, 19.01134777809348 ], [ 72.831862094113532, 19.011298700212635 ], [ 72.831874034837355, 19.0112701447941 ], [ 72.831875655780223, 19.011266270781999 ], [ 72.831887769224338, 19.011237301963401 ], [ 72.831887851308139, 19.011237105944549 ], [ 72.831901486543941, 19.011204497662444 ], [ 72.83190148748497, 19.011204495397294 ], [ 72.831901488425999, 19.011204493132119 ], [ 72.831944516785256, 19.011101590582271 ], [ 72.831964570232955, 19.011072526038806 ], [ 72.832037170100151, 19.010967298496144 ], [ 72.832039252855992, 19.010964280764384 ], [ 72.83205060355732, 19.01094782924439 ], [ 72.832214184898604, 19.010710731342332 ], [ 72.832444571664965, 19.010376804652228 ], [ 72.832834396638034, 19.009811780378673 ], [ 72.833016079717282, 19.00954769586183 ], [ 72.833089040242072, 19.009441643717519 ], [ 72.83312459279388, 19.009389964348369 ], [ 72.833138733261293, 19.009369411244872 ], [ 72.833163352792468, 19.009333624739117 ], [ 72.833248677755677, 19.009284636981945 ], [ 72.833352340290105, 19.009207854176623 ], [ 72.833414549714476, 19.009166301057796 ], [ 72.833519141541544, 19.009106324166627 ], [ 72.833554349588184, 19.009086133558593 ], [ 72.833595058869676, 19.009062789118179 ], [ 72.834150811694499, 19.008744097096905 ], [ 72.834298617809566, 19.008656035284584 ], [ 72.834708273929976, 19.00841196381273 ], [ 72.834952518313159, 19.008266442800942 ], [ 72.835155563299153, 19.008145467923079 ], [ 72.835477862190075, 19.007940620567801 ], [ 72.835563300194153, 19.007886317271808 ], [ 72.83571471577504, 19.007790079523907 ], [ 72.835769716732258, 19.007752101108277 ], [ 72.83593810854444, 19.007635827146988 ], [ 72.836167148298301, 19.007487229009463 ], [ 72.836217141828328, 19.007463187723491 ], [ 72.836220764924875, 19.007183137575865 ] ] ] } },
{ "type": "Feature", "properties": { "grid_id": "cell_0326", "ward_id": "S", "ward_gid": 12, "NDVI_prev": 0.33305486685090635, "LST_C": 31.564923261797183, "NDVI": 0.39689126339542624, "pop_density_km2": 74318.594290944617, "elderly_pct": 4.7571458636592601, "slum_pct": 0.0, "hospital_dist_m": 163.92721915431872, "impervious_pct": 40.493323041937423 }, "geometry": { "type": "Polygon", "coordinates": [ [ [ 72.90126532883329, 19.120834293330571 ], [ 72.910767030247385, 19.120942461916226 ], [ 72.910880540635432, 19.111910929515997 ], [ 72.904930520140084, 19.111843281862299 ], [ 72.904548301966358, 19.111985039715684 ], [ 72.904517212222757, 19.112317641772908 ], [ 72.904473930252777, 19.112707711609204 ], [ 72.904423587868109, 19.113161385812205 ], [ 72.904316028034458, 19.114100214517958 ], [ 72.904336471910156, 19.114336857262433 ], [ 72.904408097748103, 19.114912545348307 ], [ 72.904486837083866, 19.115271696308508 ], [ 72.904309741687868, 19.115542723332073 ], [ 72.904189702453863, 19.115719015583711 ], [ 72.904135927113131, 19.115797990922104 ], [ 72.90409625958408, 19.115853283929287 ], [ 72.904090749880538, 19.115858668224611 ], [ 72.904068576705683, 19.115891871384981 ], [ 72.903893314791944, 19.116136170687444 ], [ 72.903860265188612, 19.11618565398506 ], [ 72.903558696121465, 19.116585825343112 ], [ 72.903489711036542, 19.11667640988162 ], [ 72.903450064146128, 19.116728470326304 ], [ 72.903406061568006, 19.116789959514378 ], [ 72.903377745808157, 19.116831196346826 ], [ 72.903357072866484, 19.116861302782667 ], [ 72.9033175547643, 19.116910173447078 ], [ 72.903285227129231, 19.117178181385075 ], [ 72.903272812093405, 19.117179597285915 ], [ 72.903275192606301, 19.11720234714992 ], [ 72.903278614213207, 19.117232434541414 ], [ 72.903279808117517, 19.117257743418911 ], [ 72.903280618511317, 19.11726407820699 ], [ 72.903280618534737, 19.117264079363473 ], [ 72.903276202261367, 19.11735662535084 ], [ 72.903272263203235, 19.117426089841643 ], [ 72.90326588324281, 19.117502128755739 ], [ 72.903166897700231, 19.117552799820299 ], [ 72.902930949705848, 19.117694211005741 ], [ 72.902837216922208, 19.117755440845102 ], [ 72.902755543200115, 19.117805811850364 ], [ 72.902721714280787, 19.117826675267629 ], [ 72.902362713865827, 19.118057181748831 ], [ 72.90218543251288, 19.118169489042106 ], [ 72.90207803052823, 19.118232623449483 ], [ 72.901761827597454, 19.118402923553109 ], [ 72.901606580081165, 19.118483981820678 ], [ 72.901438439175593, 19.118571771787288 ], [ 72.901292977919113, 19.118644798282979 ], [ 72.90126532883329, 19.120834293330571 ] ] ] } },
{ "type": "Feature", "properties": { "grid_id": "cell_0327", "ward_id": "H/E", "ward_gid": 18, "NDVI_prev": 0.16029910593802016, "LST_C": 33.397590697327445, "NDVI": 0.18273253690098959, "pop_density_km2": 66119.075261822407, "elderly_pct": 4.7571458723292306, "slum_pct": 2.1025079412576213, "hospital_dist_m": 495.411275461983, "impervious_pct": 55.514268851259828 }, "geometry": { "type": "Polygon", "coordinates": [ [ [ 72.86407040352988, 19.057177732766991 ], [ 72.863954708844204, 19.066209045056791 ], [ 72.8724936717513, 19.066307770496515 ], [ 72.872478737153813, 19.0662443304956 ], [ 72.872483855590161, 19.066199897244875 ], [ 72.87249804942256, 19.066076691665575 ], [ 72.872506930164406, 19.066004536243693 ], [ 72.872501865838018, 19.065789865654025 ], [ 72.872520267495076, 19.06579137868405 ], [ 72.872550846465941, 19.065793892126859 ], [ 72.87266131374642, 19.065640067267818 ], [ 72.872812161869106, 19.065458357275002 ], [ 72.872814629546909, 19.065452875802293 ], [ 72.872880164644911, 19.065307306763486 ], [ 72.872977164699677, 19.065041409447854 ], [ 72.873018090381279, 19.064675231038677 ], [ 72.873026049560622, 19.064604022391855 ], [ 72.873045539203261, 19.064429631717541 ], [ 72.873045301857815, 19.064412047748188 ], [ 72.873042704508237, 19.064220175152087 ], [ 72.872942843046133, 19.063847295480958 ], [ 72.872926520196586, 19.0637777216713 ], [ 72.872794211844678, 19.063601360483304 ], [ 72.872480904091418, 19.063179904616753 ], [ 72.871824020411069, 19.062283969124678 ], [ 72.871390388317863, 19.061546602337206 ], [ 72.871337490669362, 19.061418961492944 ], [ 72.871322484739068, 19.061354191030432 ], [ 72.871322332650266, 19.061352561584822 ], [ 72.871305111203071, 19.061167860247675 ], [ 72.871282194355729, 19.060936987627418 ], [ 72.871274668979268, 19.060756086248855 ], [ 72.871281335418914, 19.060513301340418 ], [ 72.871153240157, 19.060258007008763 ], [ 72.870800429701887, 19.059584244641712 ], [ 72.870645951625491, 19.059344544820544 ], [ 72.870464826373819, 19.059054854763385 ], [ 72.870147883021872, 19.058491595072649 ], [ 72.869707339694287, 19.057675937160365 ], [ 72.869517687992413, 19.057401291238342 ], [ 72.869354468607796, 19.057238844658425 ], [ 72.86407040352988, 19.057177732766991 ] ] ] } },
{ "type": "Feature", "properties": { "grid_id": "cell_0328", "ward_id": "S", "ward_gid": 12, "NDVI_prev": 0.2583747578220032, "LST_C": 30.233280147561999, "NDVI": 0.40123138052362756, "pop_density_km2": 33854.88678917873, "elderly_pct": 4.7571458724525453, "slum_pct": 0.0, "hospital_dist_m": 713.1883029006915, "impervious_pct": 20.619100638128167 }, "geometry": { "type": "Polygon", "coordinates": [ [ [ 72.891649086123948, 19.129757047466303 ], [ 72.901151238878469, 19.129865761272587 ], [ 72.90126532883329, 19.120834293330571 ], [ 72.896613694841861, 19.120781159598288 ], [ 72.896336267508445, 19.120875858315816 ], [ 72.896087361061433, 19.120960821097771 ], [ 72.896073570703152, 19.121006533003015 ], [ 72.896024077646047, 19.121168557751883 ], [ 72.896010503804121, 19.121231424883426 ], [ 72.895955092102426, 19.121325013486693 ], [ 72.895932444584915, 19.121366028373679 ], [ 72.895875939242501, 19.121468359985823 ], [ 72.895865016057115, 19.121655326379877 ], [ 72.895828654007971, 19.122245215534782 ], [ 72.895822669788544, 19.122342294747867 ], [ 72.895822681795622, 19.122345279016105 ], [ 72.89579467447092, 19.122955900006676 ], [ 72.895769781695577, 19.123498608316162 ], [ 72.895764537481085, 19.123641692022133 ], [ 72.895737815459555, 19.124370769298839 ], [ 72.895732346665511, 19.124519977257055 ], [ 72.895731034997581, 19.124548802649727 ], [ 72.895113887760431, 19.124678562129805 ], [ 72.89493232643494, 19.124706852587398 ], [ 72.893077826131204, 19.125027639330806 ], [ 72.89247435572625, 19.125225080587054 ], [ 72.892354560078815, 19.12527541218854 ], [ 72.892213950701105, 19.12533289153804 ], [ 72.892075900022476, 19.125392862204727 ], [ 72.891867356981322, 19.125496342860405 ], [ 72.891702021165557, 19.125586170519416 ], [ 72.891649086123948, 19.129757047466303 ] ] ] } },
{ "type": "Feature", "properties": { "grid_id": "cell_0329", "ward_id": "M/W", "ward_gid": 17, "NDVI_prev": 0.20244602635517386, "LST_C": 36.174489078135345, "NDVI": 0.22509276583798288, "pop_density_km2": 76357.351629650817, "elderly_pct": 4.7571458574149172, "slum_pct": 0.22422545678639022, "hospital_dist_m": 3112.1615614763282, "impervious_pct": 61.595897879849836 }, "geometry": { "type": "Polygon", "coordinates": [ [ [ 72.902742657294681, 19.003424346089592 ], [ 72.893247696427167, 19.003316404594994 ], [ 72.893133928655203, 19.012347940734749 ], [ 72.898313955822744, 19.012406916163457 ], [ 72.898330183275462, 19.012116686131737 ], [ 72.898341147502691, 19.012063139761384 ], [ 72.89836889903097, 19.011313132474445 ], [ 72.898378894295419, 19.011101162233938 ], [ 72.898384232225951, 19.011006158571512 ], [ 72.898388973737454, 19.010880942262524 ], [ 72.898385690502323, 19.010780443408418 ], [ 72.898399967515616, 19.010509000671682 ], [ 72.898450113894768, 19.009555576166871 ], [ 72.898467655913379, 19.009334167207072 ], [ 72.898924387237912, 19.009089053921819 ], [ 72.898983662728895, 19.009066865771832 ], [ 72.89985606500386, 19.00884816043207 ], [ 72.899937344384753, 19.008813751821858 ], [ 72.899983537267545, 19.008789336315058 ], [ 72.900358727748184, 19.008492236896004 ], [ 72.900981555267975, 19.007963094465502 ], [ 72.901014613254858, 19.007940607916677 ], [ 72.901045460413741, 19.007920174613915 ], [ 72.901089337769733, 19.007906124312726 ], [ 72.901873977628455, 19.007715509150326 ], [ 72.902691347132517, 19.00751670703006 ], [ 72.902742657294681, 19.003424346089592 ] ] ] } },
{ "type": "Feature", "properties": { "grid_id": "cell_0330", "ward_id": "R/C", "ward_gid": 11, "NDVI_prev": 0.63221089227055405, "LST_C": 29.222322727647938, "NDVI": 0.63488063543458695, "pop_density_km2": 2823.4680798217987, "elderly_pct": 4.7571458696997517, "slum_pct": 0.0, "hospital_dist_m": 3776.9352125743826, "impervious_pct": 0.0 }, "geometry": { "type": "Polygon", "coordinates": [ [ [ 72.909399912133466, 19.229320108249748 ], [ 72.899892004263776, 19.229211279837372 ], [ 72.899777142051761, 19.238242633350431 ], [ 72.903866636892531, 19.238289523747341 ], [ 72.904572334792803, 19.23749319087343 ], [ 72.904573649824727, 19.237491705601592 ], [ 72.905122847184131, 19.236871896854538 ], [ 72.905487037503704, 19.236468001763271 ], [ 72.905488180486657, 19.23646673400869 ], [ 72.908791998325924, 19.232801963140894 ], [ 72.909365697163778, 19.22984101012392 ], [ 72.909365713428244, 19.229840927208656 ], [ 72.909395251087162, 19.229688360989492 ], [ 72.909399912133466, 19.229320108249748 ] ] ] } },
{ "type": "Feature", "properties": { "grid_id": "cell_0331", "ward_id": "G/S", "ward_gid": 7, "NDVI_prev": 0.2298362895048339, "LST_C": 33.244843857864694, "NDVI": 0.2445106980467282, "pop_density_km2": 77732.945109085311, "elderly_pct": 5.5859844787776955, "slum_pct": 8.3719241304614567, "hospital_dist_m": 279.62225767536074, "impervious_pct": 68.272435009611115 }, "geometry": { "type": "Polygon", "coordinates": [ [ [ 72.82666743776339, 19.011578328642184 ], [ 72.817172487957023, 19.011466436268577 ], [ 72.817054559514517, 19.020497512924852 ], [ 72.818814757920521, 19.020518302135532 ], [ 72.818918566489828, 19.019848429392802 ], [ 72.818926927035847, 19.019600151423059 ], [ 72.8189538283453, 19.019500631301383 ], [ 72.818990651302798, 19.019425578979224 ], [ 72.81926695210548, 19.019048970048683 ], [ 72.819575630412345, 19.018661823627752 ], [ 72.8195962413361, 19.018691900265217 ], [ 72.819619296437651, 19.018682749649063 ], [ 72.819658038937447, 19.018663143887345 ], [ 72.819713845515622, 19.018641554518425 ], [ 72.819744544967165, 19.018629680471751 ], [ 72.819860925997219, 19.018593960034618 ], [ 72.820052804295372, 19.018541153823492 ], [ 72.820093253283062, 19.018534000404124 ], [ 72.820101788752055, 19.018532490613769 ], [ 72.820140759991233, 19.018526869723136 ], [ 72.820154735185241, 19.018524853253712 ], [ 72.820198701766728, 19.018521196234239 ], [ 72.820273208045819, 19.018514998250147 ], [ 72.820370702523107, 19.018506887362086 ], [ 72.82039694881459, 19.01850470310519 ], [ 72.820416890505953, 19.018500309195122 ], [ 72.820441335890209, 19.018491303131057 ], [ 72.820443268565825, 19.018490350420819 ], [ 72.820502207471833, 19.018461299883217 ], [ 72.820524046890441, 19.018450330116412 ], [ 72.820567668754833, 19.018423291064934 ], [ 72.820574823531459, 19.018418856506134 ], [ 72.820577697051078, 19.018416541954309 ], [ 72.820590976337215, 19.01840584154094 ], [ 72.82059265591937, 19.018404488414358 ], [ 72.820601989999005, 19.018396136880288 ], [ 72.820602102425042, 19.018396036139301 ], [ 72.82060212165122, 19.018396018301104 ], [ 72.820631613335692, 19.018369625487569 ], [ 72.820682030882523, 19.018318564277877 ], [ 72.820723323440063, 19.018270596540297 ], [ 72.82075635739379, 19.018230144869214 ], [ 72.8207650628149, 19.018218584797864 ], [ 72.820769432875636, 19.018212785095152 ], [ 72.820780869778375, 19.018194799011326 ], [ 72.820782609728212, 19.018191000597639 ], [ 72.820783964529596, 19.018188043985329 ], [ 72.820813542127794, 19.018132256828778 ], [ 72.820825665897374, 19.018108277658516 ], [ 72.820877163527626, 19.018005025867907 ], [ 72.820882838800912, 19.017994827378622 ], [ 72.820891599799253, 19.01796610894089 ], [ 72.820900015368409, 19.017916172731724 ], [ 72.820901031144459, 19.017910155526565 ], [ 72.820901282654262, 19.01790681647282 ], [ 72.820905380222854, 19.017852640975438 ], [ 72.820904350805151, 19.017817631636412 ], [ 72.821520127654964, 19.017715204544647 ], [ 72.822099384177633, 19.017677013513619 ], [ 72.822181369290945, 19.017659562791568 ], [ 72.822253051621033, 19.017607202826131 ], [ 72.822300617645269, 19.017589346387112 ], [ 72.822736447246285, 19.017570112613317 ], [ 72.822839437649094, 19.017591042485499 ], [ 72.82301203525337, 19.017630657563952 ], [ 72.823139577415787, 19.017660869072053 ], [ 72.823295001823922, 19.017695261316714 ], [ 72.823450062128401, 19.017722978646887 ], [ 72.823582635368567, 19.017753884109069 ], [ 72.823730537121136, 19.017787948033458 ], [ 72.82389412663882, 19.017828433541812 ], [ 72.823971556616854, 19.017852732371534 ], [ 72.824059407554103, 19.017884244403231 ], [ 72.824168242020818, 19.017925724268764 ], [ 72.824327400573281, 19.017998242490858 ], [ 72.824525840093074, 19.018100079213013 ], [ 72.824716563425923, 19.018190043806147 ], [ 72.824904307577555, 19.018288420347545 ], [ 72.825115310196878, 19.018405074980031 ], [ 72.825301287707362, 19.018519201118778 ], [ 72.825544052092042, 19.018656370724507 ], [ 72.82575296688546, 19.018773569180542 ], [ 72.825932295378195, 19.018877708751265 ], [ 72.826118348623368, 19.018981790896021 ], [ 72.826152089501875, 19.019001470476731 ], [ 72.826313680233596, 19.019097069435748 ], [ 72.826472940914485, 19.019186804049379 ], [ 72.826567791752183, 19.019242969764274 ], [ 72.82666743776339, 19.011578328642184 ] ] ] } },
{ "type": "Feature", "properties": { "grid_id": "cell_0332", "ward_id": "K/E", "ward_gid": 19, "NDVI_prev": 0.24906146306053326, "LST_C": 33.157850147833408, "NDVI": 0.27329333386244359, "pop_density_km2": 45304.686457423544, "elderly_pct": 4.7571458759554375, "slum_pct": 6.904530969936526, "hospital_dist_m": 191.8484764048315, "impervious_pct": 78.247419638981299 }, "geometry": { "type": "Polygon", "coordinates": [ [ [ 72.853757791320604, 19.120286100419488 ], [ 72.8538743933658, 19.111254901439956 ], [ 72.845681490471975, 19.11115916609949 ], [ 72.845898969405653, 19.112530430527588 ], [ 72.845970841910756, 19.112983613548611 ], [ 72.846211268694645, 19.114777229111557 ], [ 72.846313674550757, 19.115541183945655 ], [ 72.846315886640596, 19.115555278394936 ], [ 72.846326506632664, 19.115622954940928 ], [ 72.846353833733829, 19.115813325073347 ], [ 72.846524945863649, 19.117118299601579 ], [ 72.846703707893042, 19.118285994114625 ], [ 72.846936807372742, 19.120206385421511 ], [ 72.853757791320604, 19.120286100419488 ] ] ] } },
{ "type": "Feature", "properties": { "grid_id": "cell_0333", "ward_id": "L", "ward_gid": 24, "NDVI_prev": 0.29585304419508635, "LST_C": 33.471373615693714, "NDVI": 0.3441585024556944, "pop_density_km2": 92757.986527847519, "elderly_pct": 4.7571458698583511, "slum_pct": 12.87466495229709, "hospital_dist_m": 112.85404970153671, "impervious_pct": 50.979987012220327 }, "geometry": { "type": "Polygon", "coordinates": [ [ [ 72.873568245527608, 19.057287469857929 ], [ 72.883066152532734, 19.057396718715211 ], [ 72.883100386622004, 19.054699391674458 ], [ 72.88300475682945, 19.054573552215349 ], [ 72.882646076129987, 19.054101559489474 ], [ 72.882474402948333, 19.053875651980821 ], [ 72.882437431568562, 19.053827000891101 ], [ 72.882368593921299, 19.053736415329489 ], [ 72.882173695666253, 19.053479945185526 ], [ 72.882155765496023, 19.053456350872594 ], [ 72.882154952667733, 19.053455280194278 ], [ 72.881995632029756, 19.053222221102931 ], [ 72.881947043317879, 19.053151143756029 ], [ 72.88192892916571, 19.053115784876379 ], [ 72.88192871134801, 19.053115358740055 ], [ 72.881899687236228, 19.053058700049416 ], [ 72.881875785426487, 19.05302176173473 ], [ 72.881807384505265, 19.052916055697981 ], [ 72.88178881158872, 19.052887355898459 ], [ 72.881537446738193, 19.052555738473352 ], [ 72.881475953333705, 19.05247461206535 ], [ 72.881253873753195, 19.05215963380866 ], [ 72.88100743848365, 19.05181011263544 ], [ 72.880472136233053, 19.051056711754836 ], [ 72.880349395616207, 19.050859097130111 ], [ 72.880227323147238, 19.05070184748562 ], [ 72.880118380546662, 19.050574707506094 ], [ 72.879860699808731, 19.050201299855303 ], [ 72.878557083308706, 19.048312187242807 ], [ 72.877387999930519, 19.048298743175142 ], [ 72.877273690277747, 19.048386389322935 ], [ 72.877127694600617, 19.048498330276079 ], [ 72.876920550301264, 19.048740063563489 ], [ 72.876875024896933, 19.048801776305819 ], [ 72.876817700521471, 19.048879483330371 ], [ 72.876817684680944, 19.048879503959501 ], [ 72.876772699724896, 19.048940168046439 ], [ 72.876723504207291, 19.048996906282984 ], [ 72.876723337653146, 19.048997096040839 ], [ 72.876695805516533, 19.049015170757148 ], [ 72.876693165626733, 19.049016354522365 ], [ 72.87667963741228, 19.049021953238888 ], [ 72.876654203091661, 19.049025947601354 ], [ 72.876634172488167, 19.049029094439021 ], [ 72.87662644817712, 19.049030308793991 ], [ 72.876620901269519, 19.049031179055572 ], [ 72.876619404832937, 19.049031229291881 ], [ 72.876593629468317, 19.049032094363486 ], [ 72.876580887062843, 19.049032387912174 ], [ 72.876551441882782, 19.049029691562779 ], [ 72.876507746325558, 19.049019778467713 ], [ 72.876489333098746, 19.04901353610656 ], [ 72.876482596207424, 19.049011251486654 ], [ 72.876482595375336, 19.049011251188027 ], [ 72.876454892270147, 19.049001626577638 ], [ 72.87643326359435, 19.048992645881544 ], [ 72.876416545502593, 19.048985501214602 ], [ 72.876368236848094, 19.048962793009448 ], [ 72.876322172141727, 19.048940928729746 ], [ 72.876219095880415, 19.048899502430615 ], [ 72.876144943808214, 19.048878663132779 ], [ 72.876128553166737, 19.048873982578783 ], [ 72.87610209265452, 19.048866427526001 ], [ 72.876064995365837, 19.048862751604315 ], [ 72.876001894194928, 19.048856162684473 ], [ 72.875954658719834, 19.048854346980622 ], [ 72.875940436841162, 19.048857224951202 ], [ 72.875865174907261, 19.048872456527597 ], [ 72.875756350948564, 19.048908637422187 ], [ 72.875687857388684, 19.04894598244287 ], [ 72.875687634512246, 19.048946104528518 ], [ 72.875659282303204, 19.048961562617251 ], [ 72.875454888686804, 19.049104208207993 ], [ 72.875363531542376, 19.049167966022129 ], [ 72.874976016246691, 19.049425011383278 ], [ 72.874975839804122, 19.049425091332179 ], [ 72.87455393781994, 19.049615689165076 ], [ 72.87442433788479, 19.049662927061938 ], [ 72.874246162680294, 19.049727869932827 ], [ 72.87419236896362, 19.049744628905337 ], [ 72.874094510688579, 19.049775115945486 ], [ 72.873702655350371, 19.049897194034941 ], [ 72.873662343965123, 19.049905408184202 ], [ 72.873568245527608, 19.057287469857929 ] ] ] } },
{ "type": "Feature", "properties": { "grid_id": "cell_0334", "ward_id": "P/S", "ward_gid": 20, "NDVI_prev": 0.5390740169114292, "LST_C": 31.137721622874103, "NDVI": 0.56667826419596634, "pop_density_km2": 36531.724763449027, "elderly_pct": 4.757145865025155, "slum_pct": 0.39806529356539289, "hospital_dist_m": 910.9343248878713, "impervious_pct": 12.742396321155052 }, "geometry": { "type": "Polygon", "coordinates": [ [ [ 72.862910515621394, 19.147490427249753 ], [ 72.872413505790462, 19.147600723686629 ], [ 72.872521220888999, 19.139197753356818 ], [ 72.872514894710221, 19.13919946939858 ], [ 72.87247184905992, 19.139207600804777 ], [ 72.872376195991819, 19.139225668677472 ], [ 72.872331916239176, 19.139234033184678 ], [ 72.872182459403845, 19.139262265191359 ], [ 72.872083256436326, 19.139281004010684 ], [ 72.871630286398286, 19.139372595528332 ], [ 72.871475256793843, 19.139408398940304 ], [ 72.87131078385336, 19.139443312420049 ], [ 72.871287899890007, 19.139448170378984 ], [ 72.871103058613087, 19.139495059269397 ], [ 72.870899794463497, 19.139548018352848 ], [ 72.870890692410228, 19.139550590609172 ], [ 72.86954376879315, 19.139931151889684 ], [ 72.869470786192878, 19.139963611748229 ], [ 72.869395161342325, 19.139987443631476 ], [ 72.869298384606395, 19.140017941862936 ], [ 72.86918479101918, 19.140078466295311 ], [ 72.869102614714194, 19.140137209072485 ], [ 72.869099237102674, 19.140139623310862 ], [ 72.869010650561066, 19.140161627125526 ], [ 72.868815485805484, 19.140205195397144 ], [ 72.86857942301863, 19.14025789332171 ], [ 72.86797644463212, 19.140480108185169 ], [ 72.86752923205762, 19.140571264512442 ], [ 72.867322243457153, 19.140624302221855 ], [ 72.866624007782647, 19.14081132986875 ], [ 72.866423139247388, 19.140861884729489 ], [ 72.866253186884947, 19.140894097236266 ], [ 72.865988216517295, 19.140973785117854 ], [ 72.865931547561729, 19.14099129398701 ], [ 72.865878106717275, 19.141056626071823 ], [ 72.865602091524494, 19.141117462046562 ], [ 72.865378541117522, 19.141166830795886 ], [ 72.865066760865247, 19.141232616285578 ], [ 72.864855204114946, 19.141262764770627 ], [ 72.864582765817815, 19.14130140175352 ], [ 72.864531840774873, 19.141308623398903 ], [ 72.864149067412626, 19.141311756052247 ], [ 72.863877395848476, 19.141298836815185 ], [ 72.863469968519667, 19.141535430259182 ], [ 72.863375968728548, 19.141590016228562 ], [ 72.863247504042477, 19.141644197937715 ], [ 72.862984368375152, 19.14175517962477 ], [ 72.862910515621394, 19.147490427249753 ] ] ] } },
{ "type": "Feature", "properties": { "grid_id": "cell_0335", "ward_id": "R/N", "ward_gid": 15, "NDVI_prev": 0.44100470474987474, "LST_C": 30.939512532338146, "NDVI": 0.46253195837265226, "pop_density_km2": 64715.256082679829, "elderly_pct": 4.757145867393624, "slum_pct": 0.069303100836851997, "hospital_dist_m": 433.72621842686686, "impervious_pct": 31.0870743711343 }, "geometry": { "type": "Polygon", "coordinates": [ [ [ 72.842609901459554, 19.246609983423728 ], [ 72.852118456587462, 19.246721882698726 ], [ 72.852231832042364, 19.23800964906097 ], [ 72.85210373005728, 19.238016926773096 ], [ 72.851978675701503, 19.238024031227134 ], [ 72.85185821072416, 19.238027411270245 ], [ 72.851680118744696, 19.238032408135794 ], [ 72.851580413787303, 19.238034267575475 ], [ 72.851395588851503, 19.238037714341026 ], [ 72.851314720719415, 19.238040942654834 ], [ 72.85106088985053, 19.238051075495928 ], [ 72.850914555598948, 19.238058313298325 ], [ 72.850754980987929, 19.238066205861639 ], [ 72.849844342735835, 19.23809465956375 ], [ 72.849648576103149, 19.238121785016617 ], [ 72.849512436499154, 19.238145083951519 ], [ 72.849419185908189, 19.238168886846172 ], [ 72.849178285594391, 19.238273208140246 ], [ 72.849013333982342, 19.238351598155155 ], [ 72.848948759035082, 19.23838363261611 ], [ 72.848524088618291, 19.238627592852033 ], [ 72.848422436050257, 19.238694355018922 ], [ 72.848203868861034, 19.238829579586472 ], [ 72.847439671591474, 19.239319899154626 ], [ 72.847142207087501, 19.239510645474819 ], [ 72.847011724905059, 19.23959660879963 ], [ 72.846949556290227, 19.239637565738523 ], [ 72.846839537983627, 19.239709811519511 ], [ 72.846494547032179, 19.239927484838763 ], [ 72.846227887044563, 19.240103234892576 ], [ 72.845972133065288, 19.240269832486426 ], [ 72.84579520770032, 19.240399885837075 ], [ 72.8457613743645, 19.240424727062962 ], [ 72.84558753293166, 19.240552363468598 ], [ 72.845377799634505, 19.240706784353293 ], [ 72.844169238780751, 19.241594162469415 ], [ 72.842659774669357, 19.242794986800678 ], [ 72.842609901459554, 19.246609983423728 ] ] ] } },
{ "type": "Feature", "properties": { "grid_id": "cell_0336", "ward_id": "F/S", "ward_gid": 6, "NDVI_prev": 0.20646339946686013, "LST_C": 34.721142253833406, "NDVI": 0.23871407404261233, "pop_density_km2": 56449.570543164569, "elderly_pct": 5.5859844777380161, "slum_pct": 12.662963487653483, "hospital_dist_m": 35.907352129361868, "impervious_pct": 84.352068796827822 }, "geometry": { "type": "Polygon", "coordinates": [ [ [ 72.836396064627209, 18.993627324288369 ], [ 72.845890123726235, 18.993738129579494 ], [ 72.846006318835208, 18.984706853822271 ], [ 72.842255515923, 18.984663156349644 ], [ 72.84223648101171, 18.984737653065341 ], [ 72.842222649092278, 18.984791786825973 ], [ 72.842134092781308, 18.985149197225457 ], [ 72.842092802787704, 18.985280577438779 ], [ 72.842015336704151, 18.985590485370132 ], [ 72.841852578158012, 18.986217114280894 ], [ 72.841708405519284, 18.9867725271049 ], [ 72.841547711678146, 18.987383953292035 ], [ 72.841539202517239, 18.987402854121644 ], [ 72.841518891544752, 18.987482030074592 ], [ 72.841520552800063, 18.987663771097662 ], [ 72.841505004730294, 18.987725549800093 ], [ 72.841486061391791, 18.987799170383937 ], [ 72.841434687763808, 18.98804885830377 ], [ 72.841428174183775, 18.98808052018865 ], [ 72.841427525916302, 18.988082047265742 ], [ 72.841426124763814, 18.988085114651579 ], [ 72.841424100547712, 18.98808907983571 ], [ 72.841421116002721, 18.988094178247493 ], [ 72.841419073475024, 18.988097280603835 ], [ 72.841415950519817, 18.988101551820339 ], [ 72.841413115086041, 18.988105027005385 ], [ 72.841409685019514, 18.988108815007305 ], [ 72.841407304981587, 18.988111214301991 ], [ 72.841405233545871, 18.988113170986157 ], [ 72.841401530713838, 18.988116389461091 ], [ 72.841396461182654, 18.98812029743771 ], [ 72.841391960111707, 18.988123344915888 ], [ 72.841387647223726, 18.988125936636223 ], [ 72.841384221221745, 18.988127788997083 ], [ 72.841378787896886, 18.988130381194171 ], [ 72.841376090812133, 18.988131521256928 ], [ 72.841372328321199, 18.988132959611402 ], [ 72.841368989470794, 18.988134091283374 ], [ 72.841365763746438, 18.988135065301229 ], [ 72.841363385491206, 18.988135705967288 ], [ 72.841358366649771, 18.988136860491977 ], [ 72.84135260159897, 18.988137859078993 ], [ 72.841349755912034, 18.98813822602289 ], [ 72.841241653881241, 18.988139658287633 ], [ 72.840753657325877, 18.9881488433093 ], [ 72.840295123722854, 18.988184062383976 ], [ 72.840147357565215, 18.988202790010501 ], [ 72.839903801627415, 18.988218249448117 ], [ 72.839442812615047, 18.98824660906234 ], [ 72.839066969663961, 18.988268636552693 ], [ 72.838629328084295, 18.988295978746518 ], [ 72.838136805353116, 18.988328025935331 ], [ 72.837945409323908, 18.988339130609489 ], [ 72.837909175190447, 18.988341233606725 ], [ 72.83769020542735, 18.988353937024357 ], [ 72.837600456315414, 18.988359144083887 ], [ 72.837055424692323, 18.988389612682862 ], [ 72.836771222309991, 18.988411196486052 ], [ 72.836498652875989, 18.988434361991278 ], [ 72.836463139425646, 18.988437421115801 ], [ 72.836396064627209, 18.993627324288369 ] ] ] } },
{ "type": "Feature", "properties": { "grid_id": "cell_0337", "ward_id": "K/W", "ward_gid": 14, "NDVI_prev": 0.51594158825937586, "LST_C": 29.956170222428803, "NDVI": 0.60094075018224236, "pop_density_km2": 28201.5557652674, "elderly_pct": 4.757145864521652, "slum_pct": 0.0, "hospital_dist_m": 694.3685391872599, "impervious_pct": 4.6945954314022291 }, "geometry": { "type": "Polygon", "coordinates": [ [ [ 72.824899212449054, 19.147044334578105 ], [ 72.815396552483762, 19.146931584752522 ], [ 72.815299157825422, 19.154327589348636 ], [ 72.815846435586053, 19.154699884717861 ], [ 72.817579012015017, 19.155989881864098 ], [ 72.819808219272744, 19.15601635978058 ], [ 72.819847338433661, 19.15600299327674 ], [ 72.820026678096056, 19.15590617834323 ], [ 72.820354640181321, 19.155702833597253 ], [ 72.820445032125548, 19.155507296150009 ], [ 72.820554245578791, 19.155272699715397 ], [ 72.820676359147527, 19.155005439131905 ], [ 72.820965481824231, 19.154383779896747 ], [ 72.821326485532083, 19.153040709547167 ], [ 72.821368566177654, 19.152884148334437 ], [ 72.82187596676944, 19.150996375504917 ], [ 72.822006074639276, 19.150512303237893 ], [ 72.822845624941465, 19.151006886175704 ], [ 72.823745616832539, 19.15151654935914 ], [ 72.824832395813047, 19.152140812399512 ], [ 72.824899212449054, 19.147044334578105 ] ] ] } },
{ "type": "Feature", "properties": { "grid_id": "cell_0338", "ward_id": "P/N", "ward_gid": 21, "NDVI_prev": 0.43105617334548552, "LST_C": 31.389548790814203, "NDVI": 0.54410194542609114, "pop_density_km2": 12497.330773991383, "elderly_pct": 4.7571458725784925, "slum_pct": 0.0, "hospital_dist_m": 990.20500292436634, "impervious_pct": 4.8274017283556478 }, "geometry": { "type": "Polygon", "coordinates": [ [ [ 72.814681966, 19.201117041662975 ], [ 72.80517627070617, 19.201003456351632 ], [ 72.805056420456339, 19.210034274767086 ], [ 72.8087060416442, 19.210077962786986 ], [ 72.808678021753863, 19.209979770555822 ], [ 72.808663378749898, 19.209928456307779 ], [ 72.808596324124252, 19.20969347085687 ], [ 72.80915726233826, 19.2089484077961 ], [ 72.809383413002834, 19.208649624178001 ], [ 72.809406634064146, 19.208618947565391 ], [ 72.809408341172158, 19.20861704186169 ], [ 72.809461302856064, 19.208557966687444 ], [ 72.809462720917111, 19.208556383556246 ], [ 72.80946989757588, 19.208548379910436 ], [ 72.809597012381602, 19.208406590239278 ], [ 72.809598793774882, 19.208407895997034 ], [ 72.81001530735783, 19.208713151047665 ], [ 72.810017006351472, 19.208712684624054 ], [ 72.810184568972474, 19.208666601566161 ], [ 72.810437601999638, 19.208597011285892 ], [ 72.810433443364815, 19.208524053629038 ], [ 72.810427594836469, 19.208421464938944 ], [ 72.810391542900447, 19.208063780242437 ], [ 72.810391030998673, 19.208058691771189 ], [ 72.811061015540332, 19.208256046049197 ], [ 72.811066488825986, 19.208257659497786 ], [ 72.810904616870246, 19.20794829049408 ], [ 72.811020558635875, 19.207600992079868 ], [ 72.811069888607307, 19.20745324042737 ], [ 72.811046580065479, 19.20730457013061 ], [ 72.810920740607386, 19.206501794524588 ], [ 72.811406128064291, 19.206239837020604 ], [ 72.811550001189417, 19.206162189187577 ], [ 72.811731607729726, 19.206064177991568 ], [ 72.811802016036111, 19.206032454006962 ], [ 72.812104084247977, 19.205896353848214 ], [ 72.812373854930385, 19.205774807120086 ], [ 72.812647060003215, 19.205647149169497 ], [ 72.814324350948368, 19.204797578909517 ], [ 72.814526750062669, 19.204753054943247 ], [ 72.814634240938034, 19.204729410387344 ], [ 72.814681966, 19.201117041662975 ] ] ] } },
{ "type": "Feature", "properties": { "grid_id": "cell_0339", "ward_id": "R/C", "ward_gid": 11, "NDVI_prev": 0.71815930794597072, "LST_C": 28.910659259292334, "NDVI": 0.62945482817442566, "pop_density_km2": 5736.6609843087062, "elderly_pct": 4.7571458728897511, "slum_pct": 0.0, "hospital_dist_m": 3323.7432230614641, "impervious_pct": 0.0 }, "geometry": { "type": "Polygon", "coordinates": [ [ [ 72.81408463457818, 19.246271325154776 ], [ 72.80457634608895, 19.246157452300018 ], [ 72.804456159070625, 19.255188222631219 ], [ 72.807567978457044, 19.255225561516774 ], [ 72.807843591058656, 19.254991884825735 ], [ 72.808239988909008, 19.254607729837776 ], [ 72.808548973556569, 19.254295987146637 ], [ 72.808834523372553, 19.254035817042304 ], [ 72.809313832867247, 19.253574871702636 ], [ 72.809595059835885, 19.253297362498454 ], [ 72.810000603825202, 19.252908991449875 ], [ 72.810543824174133, 19.25243152354 ], [ 72.810944413526073, 19.252073338741464 ], [ 72.811188670498183, 19.251838596099613 ], [ 72.811423940696073, 19.251595105270319 ], [ 72.811641016462843, 19.251351394547953 ], [ 72.81182613270559, 19.251115943165356 ], [ 72.81209922753014, 19.25076487272586 ], [ 72.812376238857183, 19.250461382639401 ], [ 72.812731156838225, 19.250115609876925 ], [ 72.813361421413518, 19.249591638891502 ], [ 72.813968938685818, 19.249067394415864 ], [ 72.814048443074924, 19.249003088338625 ], [ 72.81408463457818, 19.246271325154776 ] ] ] } },
{ "type": "Feature", "properties": { "grid_id": "cell_0340", "ward_id": "T", "ward_gid": 13, "NDVI_prev": 0.41072995424978453, "LST_C": 28.845216289496829, "NDVI": 0.41679528666072796, "pop_density_km2": 6488.8539019296113, "elderly_pct": 4.757145864419611, "slum_pct": 0.0, "hospital_dist_m": 1092.173372103767, "impervious_pct": 0.33672404913970311 }, "geometry": { "type": "Polygon", "coordinates": [ [ [ 72.910426115259114, 19.148037002074588 ], [ 72.919929428372257, 19.148144844759926 ], [ 72.919992645800335, 19.143101109111328 ], [ 72.919639057496212, 19.142596592907374 ], [ 72.919192320587541, 19.141954358573287 ], [ 72.918874251003558, 19.141506829029705 ], [ 72.918446329595824, 19.140869902696888 ], [ 72.918129383476682, 19.141404892527206 ], [ 72.917719396551831, 19.141409820536168 ], [ 72.917684605821862, 19.141410219411604 ], [ 72.917124729199529, 19.141340267276505 ], [ 72.916807437533492, 19.141333716206759 ], [ 72.916258062223221, 19.141309182843216 ], [ 72.915924674955406, 19.141407805699888 ], [ 72.915619783437378, 19.141498001028793 ], [ 72.915591290199274, 19.141506427945139 ], [ 72.915546832183736, 19.141519580404058 ], [ 72.915290236869254, 19.141591877931432 ], [ 72.915249951006402, 19.141603229528414 ], [ 72.915146270553308, 19.141630999894719 ], [ 72.91454287163144, 19.141711162951296 ], [ 72.914366807165777, 19.141736744755121 ], [ 72.914276529831341, 19.141749511465772 ], [ 72.91392081994212, 19.141794670261337 ], [ 72.91353518576642, 19.141271359932539 ], [ 72.913085299659329, 19.141202012087238 ], [ 72.912875605435559, 19.141168584041374 ], [ 72.912813090299395, 19.140866375124904 ], [ 72.912765471515641, 19.140638830767919 ], [ 72.912722297351905, 19.140448523154731 ], [ 72.912386480506399, 19.140374124656109 ], [ 72.912223769782202, 19.140340537738403 ], [ 72.911834450665907, 19.140244365700759 ], [ 72.91168658566761, 19.140290946946365 ], [ 72.911353597621954, 19.14039584829926 ], [ 72.910731579149882, 19.140593884078349 ], [ 72.910522013540657, 19.140420029215253 ], [ 72.910426115259114, 19.148037002074588 ] ] ] } },
{ "type": "Feature", "properties": { "grid_id": "cell_0341", "ward_id": "M/E", "ward_gid": 16, "NDVI_prev": 0.40054723727100944, "LST_C": 32.400171609416724, "NDVI": 0.43253152485960111, "pop_density_km2": 73929.846040459175, "elderly_pct": 4.7571458653688214, "slum_pct": 5.126211659678364, "hospital_dist_m": 581.64743829435758, "impervious_pct": 37.99554663903524 }, "geometry": { "type": "Polygon", "coordinates": [ [ [ 72.91167332380931, 19.048689936920638 ], [ 72.911786323090453, 19.039658328626544 ], [ 72.902289249085683, 19.039550654365986 ], [ 72.902209488726839, 19.045897285287143 ], [ 72.902722588117115, 19.045852685728779 ], [ 72.902951676169707, 19.045833393945074 ], [ 72.903042452551304, 19.045825749179059 ], [ 72.903586439366933, 19.04577993609805 ], [ 72.903712414754295, 19.045769897516799 ], [ 72.905082450450649, 19.045805750381081 ], [ 72.905457801594011, 19.045805272613102 ], [ 72.905723252591571, 19.045805091597849 ], [ 72.906060005142947, 19.045804861444736 ], [ 72.906610895998185, 19.045795592819744 ], [ 72.907109439709984, 19.045787203511352 ], [ 72.907589039341204, 19.045772566858187 ], [ 72.907816104285573, 19.045765636739677 ], [ 72.90816404162652, 19.045755020688919 ], [ 72.9084345585173, 19.045746763956984 ], [ 72.908583079609841, 19.045742230180764 ], [ 72.90876179399821, 19.045735442731829 ], [ 72.908972034492749, 19.045727458365544 ], [ 72.909044272443694, 19.045724715703479 ], [ 72.909247126073907, 19.045717013846787 ], [ 72.909340020653687, 19.045713485304631 ], [ 72.909344665677082, 19.045756248246231 ], [ 72.909374566187097, 19.045879476838934 ], [ 72.909415213825781, 19.046074799925734 ], [ 72.909427794104403, 19.046135251434279 ], [ 72.909488051641347, 19.046424804489138 ], [ 72.909513813210538, 19.046576810558161 ], [ 72.909617766756909, 19.047190186231845 ], [ 72.91002830865115, 19.048671312850605 ], [ 72.91167332380931, 19.048689936920638 ] ] ] } },
{ "type": "Feature", "properties": { "grid_id": "cell_0342", "ward_id": "R/C", "ward_gid": 11, "NDVI_prev": 0.31976238774265531, "LST_C": 32.578052991160114, "NDVI": 0.32192737655922543, "pop_density_km2": 74709.261853344316, "elderly_pct": 4.7571458663482673, "slum_pct": 5.4004025910893487, "hospital_dist_m": 127.72359489038519, "impervious_pct": 62.83458527295813 }, "geometry": { "type": "Polygon", "coordinates": [ [ [ 72.842963830795185, 19.219516929004524 ], [ 72.852470828932482, 19.219628658724805 ], [ 72.852546023805658, 19.21384114939508 ], [ 72.852430655198276, 19.213825916038822 ], [ 72.851845867461932, 19.213742153619531 ], [ 72.851626256884856, 19.213634105543928 ], [ 72.851487221478209, 19.213538940276607 ], [ 72.851155692893215, 19.21385505365998 ], [ 72.85043828781906, 19.213411902750178 ], [ 72.850070832963411, 19.21323377318868 ], [ 72.849498240540157, 19.212956197772169 ], [ 72.848903678857667, 19.212697902297862 ], [ 72.84824227449522, 19.212442295692387 ], [ 72.84765802583658, 19.21229963009943 ], [ 72.847237087639755, 19.212240363192272 ], [ 72.846676748410957, 19.212182851920883 ], [ 72.84626975037574, 19.212150907070626 ], [ 72.845980227891701, 19.21215429320636 ], [ 72.845450721983411, 19.212198992252478 ], [ 72.84478798760496, 19.212320208502625 ], [ 72.843770961156721, 19.212587963124566 ], [ 72.843073327111213, 19.212809285022978 ], [ 72.843051306861454, 19.212813644673773 ], [ 72.842963830795185, 19.219516929004524 ] ] ] } },
{ "type": "Feature", "properties": { "grid_id": "cell_0343", "ward_id": "A", "ward_gid": 1, "NDVI_prev": 0.20871721465174403, "LST_C": 35.171538616931741, "NDVI": 0.20273996447466949, "pop_density_km2": 90196.444175802491, "elderly_pct": 5.5859844806115273, "slum_pct": 0.0, "hospital_dist_m": 134.9742188245956, "impervious_pct": 80.225070444929315 }, "geometry": { "type": "Polygon", "coordinates": [ [ [ 72.836978935730869, 18.948471133658899 ], [ 72.837095311978345, 18.939439867089423 ], [ 72.827604381388326, 18.939328916406179 ], [ 72.827558016577811, 18.942911914309107 ], [ 72.827642013433035, 18.942937863908803 ], [ 72.827710828693029, 18.942954782590132 ], [ 72.827750628964381, 18.942964566904084 ], [ 72.827793506786094, 18.942971315323717 ], [ 72.828007633596272, 18.943005012654481 ], [ 72.828176580635755, 18.943031600249473 ], [ 72.828196070261157, 18.943040071625234 ], [ 72.828198022380249, 18.943040920143748 ], [ 72.828200075193422, 18.943041812909165 ], [ 72.828203196134908, 18.943043170249851 ], [ 72.828203223507231, 18.943043182312859 ], [ 72.828205311516385, 18.943044089942671 ], [ 72.828274711402869, 18.943074257219724 ], [ 72.828312578338981, 18.943086568705265 ], [ 72.828349707004662, 18.94309864120476 ], [ 72.828432478796913, 18.943127144778757 ], [ 72.828572500581956, 18.943175361365874 ], [ 72.828586780757533, 18.943181265217451 ], [ 72.828711417831315, 18.943232800736457 ], [ 72.828776862263837, 18.943267965092907 ], [ 72.828793351943219, 18.943277714686985 ], [ 72.828821280012065, 18.943294228156351 ], [ 72.828840796558936, 18.943308112182677 ], [ 72.828854462564834, 18.943317834122919 ], [ 72.828869248830856, 18.943331949082733 ], [ 72.828874236340283, 18.943336710759219 ], [ 72.828897601467162, 18.943359013058597 ], [ 72.828920405553475, 18.943385645366135 ], [ 72.828920407498657, 18.943385647629 ], [ 72.828920409406336, 18.94338564985528 ], [ 72.82895453885358, 18.943425508425364 ], [ 72.828962229184924, 18.943434872240427 ], [ 72.828972512064084, 18.943451492484648 ], [ 72.828973243809813, 18.943450695347053 ], [ 72.82897530354677, 18.943453202525738 ], [ 72.829007239311849, 18.94349086302573 ], [ 72.829009473581806, 18.943493497800912 ], [ 72.829145074908595, 18.943653405269679 ], [ 72.829222524961494, 18.943740752228269 ], [ 72.829226937953095, 18.943745887550129 ], [ 72.829227543167676, 18.943746591844146 ], [ 72.829227724598169, 18.943746802621344 ], [ 72.829227817170775, 18.943746911193102 ], [ 72.829229469361337, 18.943748832513013 ], [ 72.829230955685347, 18.943750560977975 ], [ 72.829231408224658, 18.943751100572516 ], [ 72.829328268374937, 18.943866591322401 ], [ 72.829400445060045, 18.943952648947789 ], [ 72.829417523754032, 18.943973014166144 ], [ 72.829472495157603, 18.9440512910775 ], [ 72.829513959583437, 18.944110333010503 ], [ 72.829540029618769, 18.944132687688089 ], [ 72.829556406548434, 18.94414845070558 ], [ 72.829697818014893, 18.944284570807895 ], [ 72.829956339053922, 18.944532176214942 ], [ 72.830157672758105, 18.944726071684148 ], [ 72.830157712142551, 18.94472610917876 ], [ 72.830202732538993, 18.944769465966953 ], [ 72.830498762384096, 18.945039994595408 ], [ 72.830655252258481, 18.945180987501821 ], [ 72.830871968006491, 18.945371106052857 ], [ 72.83089175618629, 18.945388463397503 ], [ 72.831165615577561, 18.945601660162787 ], [ 72.831493943458838, 18.945850383076831 ], [ 72.831653882448379, 18.945973026152124 ], [ 72.831753324505414, 18.946058998203494 ], [ 72.831839479879505, 18.94612504063938 ], [ 72.831893875723807, 18.946166738158627 ], [ 72.831917458355349, 18.946184095530757 ], [ 72.831917491271597, 18.946184119400499 ], [ 72.831959286307381, 18.946214880987391 ], [ 72.83202351494667, 18.946265312382057 ], [ 72.832071589791653, 18.946298107466603 ], [ 72.832105844418891, 18.946321475271301 ], [ 72.832183340460887, 18.946375342421419 ], [ 72.832270534189533, 18.946437233701904 ], [ 72.832386804039373, 18.94652090292989 ], [ 72.832433857441913, 18.946554152069901 ], [ 72.832496878195471, 18.946598682652329 ], [ 72.832561781243001, 18.946644316247106 ], [ 72.832916884150478, 18.946893989739976 ], [ 72.833058497047404, 18.947001299647155 ], [ 72.833101538931203, 18.947033309439668 ], [ 72.83310159440552, 18.947033350734877 ], [ 72.833281910403514, 18.947167444779641 ], [ 72.833346071519813, 18.947219122391083 ], [ 72.833413743683877, 18.947273623968059 ], [ 72.833607268570034, 18.94742631851722 ], [ 72.83366301412812, 18.947470303062246 ], [ 72.834055843537556, 18.947780247379288 ], [ 72.834198022765804, 18.947892255592684 ], [ 72.834495307238541, 18.948126454370833 ], [ 72.834723565987815, 18.948314589401285 ], [ 72.834789484011068, 18.948367678130438 ], [ 72.834878635815357, 18.948420701324341 ], [ 72.834940856669149, 18.948447338197198 ], [ 72.836978935730869, 18.948471133658899 ] ] ] } },
{ "type": "Feature", "properties": { "grid_id": "cell_0344", "ward_id": "P/N", "ward_gid": 21, "NDVI_prev": 0.46556457152926517, "LST_C": 32.594617709224529, "NDVI": 0.41912906583150428, "pop_density_km2": 31465.797246763017, "elderly_pct": 4.7571458797041437, "slum_pct": 0.00096692260638574765, "hospital_dist_m": 723.13672871499455, "impervious_pct": 8.2482693363446042 }, "geometry": { "type": "Polygon", "coordinates": [ [ [ 72.824543770399174, 19.174137277827139 ], [ 72.824425156395193, 19.183168239753417 ], [ 72.833929950113557, 19.183280726816609 ], [ 72.8339907115149, 19.178634856576057 ], [ 72.833683133435088, 19.17861633128588 ], [ 72.833528562446915, 19.178605700851278 ], [ 72.833025308950027, 19.17858240826687 ], [ 72.832662381819887, 19.178563420821753 ], [ 72.832301635672977, 19.17854812342215 ], [ 72.831943635458842, 19.178537136669384 ], [ 72.831856788137841, 19.178534470936032 ], [ 72.831685867324467, 19.178531309846154 ], [ 72.831514060039353, 19.178538796606503 ], [ 72.831514058821824, 19.178538796664373 ], [ 72.831433855721144, 19.17854229197081 ], [ 72.831307268919389, 19.178547808604961 ], [ 72.83129806367657, 19.178548209616984 ], [ 72.831298062459041, 19.178548209674855 ], [ 72.831159798114669, 19.178554468213175 ], [ 72.831096805145549, 19.178557319147192 ], [ 72.831022338536073, 19.178560689950565 ], [ 72.831012319799513, 19.178561143798834 ], [ 72.830770051325615, 19.178572108134574 ], [ 72.8297624563168, 19.178496890582451 ], [ 72.829638441646736, 19.178488525409602 ], [ 72.829544617320977, 19.177462853575896 ], [ 72.829303861162572, 19.176419925711976 ], [ 72.828701727308498, 19.175412076074796 ], [ 72.827959337086597, 19.174723021714236 ], [ 72.827233710480797, 19.17440866678972 ], [ 72.827028957772285, 19.174166723676468 ], [ 72.824543770399174, 19.174137277827139 ] ] ] } },
{ "type": "Feature", "properties": { "grid_id": "cell_0345", "ward_id": "K/W", "ward_gid": 14, "NDVI_prev": 0.41975978718565576, "LST_C": 29.201437048239988, "NDVI": 0.4936293784750676, "pop_density_km2": 11189.61479434498, "elderly_pct": 4.7571458672571607, "slum_pct": 0.0, "hospital_dist_m": 1376.1284812198344, "impervious_pct": 0.024504354060689092 }, "geometry": { "type": "Polygon", "coordinates": [ [ [ 72.815396552483762, 19.146931584752522 ], [ 72.805893959430279, 19.146818344293457 ], [ 72.805857190323181, 19.149598848755243 ], [ 72.806021660833139, 19.149945550367672 ], [ 72.806785398464442, 19.150850285333409 ], [ 72.807768740501558, 19.151844406887768 ], [ 72.807871366453867, 19.151973884217199 ], [ 72.808167160703405, 19.152373659035767 ], [ 72.808614136582761, 19.152912991835244 ], [ 72.809104647157739, 19.153474665164339 ], [ 72.809462469955989, 19.154032361357523 ], [ 72.810160889596361, 19.154999968616472 ], [ 72.810907034795633, 19.155863822118466 ], [ 72.81095516621005, 19.155911045996149 ], [ 72.811122653090806, 19.155913042339698 ], [ 72.813748621504658, 19.153263979643253 ], [ 72.814185140740165, 19.153569749852842 ], [ 72.815299157825422, 19.154327589348636 ], [ 72.815396552483762, 19.146931584752522 ] ] ] } },
{ "type": "Feature", "properties": { "grid_id": "cell_0346", "ward_id": "G/S", "ward_gid": 7, "NDVI_prev": 0.087136660505825789, "LST_C": 33.481672808291933, "NDVI": 0.14575333935451501, "pop_density_km2": 54033.104890851049, "elderly_pct": 5.5859844804264656, "slum_pct": 8.6582487554658396, "hospital_dist_m": 956.12507731273547, "impervious_pct": 46.37336286506622 }, "geometry": { "type": "Polygon", "coordinates": [ [ [ 72.817408144871493, 18.993404254413292 ], [ 72.817525873376539, 18.984373149222233 ], [ 72.808761058348097, 18.984269570220548 ], [ 72.808970960083812, 18.984636908931392 ], [ 72.80941318928113, 18.98546295427116 ], [ 72.80958982307331, 18.985891218917658 ], [ 72.810225715725025, 18.987541031153832 ], [ 72.81052674458418, 18.988386423404016 ], [ 72.810614548792671, 18.988633006485031 ], [ 72.811053898990096, 18.989866835745762 ], [ 72.811409462472838, 18.991187712733801 ], [ 72.811852886076224, 18.993181376636137 ], [ 72.811854885037604, 18.993338646456547 ], [ 72.817408144871493, 18.993404254413292 ] ] ] } },
{ "type": "Feature", "properties": { "grid_id": "cell_0347", "ward_id": "G/N", "ward_gid": 9, "NDVI_prev": 0.2263514971935352, "LST_C": 32.604229082483606, "NDVI": 0.22456950483790006, "pop_density_km2": 97830.447623092507, "elderly_pct": 5.5859844879157068, "slum_pct": 1.8383323240389544, "hospital_dist_m": 181.10871399412233, "impervious_pct": 79.131084690869386 }, "geometry": { "type": "Polygon", "coordinates": [ [ [ 72.836045549483146, 19.020720924748758 ], [ 72.836162453942876, 19.011689734097668 ], [ 72.831720353037397, 19.011637675436802 ], [ 72.831553580767874, 19.012036505414727 ], [ 72.83147639630856, 19.012221092096549 ], [ 72.831476021969692, 19.012221987345512 ], [ 72.83146408201803, 19.01225054182963 ], [ 72.831301790615356, 19.012727037929714 ], [ 72.831143924996141, 19.013190537317662 ], [ 72.830912012036976, 19.013596329264299 ], [ 72.830781222835256, 19.013815147417038 ], [ 72.83075443381972, 19.013867122328485 ], [ 72.830649685982891, 19.01404581457912 ], [ 72.830586634399765, 19.014154414183324 ], [ 72.830478522723823, 19.014340625237477 ], [ 72.830315403812818, 19.014621574857095 ], [ 72.830311885626543, 19.014627624188936 ], [ 72.830203600192164, 19.014813709234403 ], [ 72.829829007381662, 19.015416952494764 ], [ 72.829727065218236, 19.015581118341082 ], [ 72.829324587795242, 19.016252270773538 ], [ 72.829282260374796, 19.016323034778388 ], [ 72.828982460446596, 19.016319230955805 ], [ 72.828778641859827, 19.016231205199894 ], [ 72.828762986480129, 19.016253948510606 ], [ 72.828725780937674, 19.016308001859652 ], [ 72.828718222605147, 19.016315597920599 ], [ 72.828685550005247, 19.016348506993104 ], [ 72.828677107159137, 19.016357008556668 ], [ 72.828674753495363, 19.016359377228998 ], [ 72.828661925634464, 19.016372294752703 ], [ 72.828655412361314, 19.016383806044139 ], [ 72.828655352223734, 19.016383902888755 ], [ 72.828554948007508, 19.016544462142907 ], [ 72.828056822391062, 19.017341031162992 ], [ 72.827981424081599, 19.017461602199397 ], [ 72.827525654367165, 19.01827562452586 ], [ 72.827391802637109, 19.018499541157269 ], [ 72.827362828515177, 19.018556327517498 ], [ 72.827336546939648, 19.018607837122509 ], [ 72.827207465940788, 19.018860823911847 ], [ 72.827146764404731, 19.018979794547363 ], [ 72.827101137502495, 19.019069219972291 ], [ 72.827081039343881, 19.019102818506859 ], [ 72.827060874214169, 19.019136527350735 ], [ 72.827012215498641, 19.019217871864456 ], [ 72.826998744881948, 19.019240389564288 ], [ 72.82690563666651, 19.019396037513008 ], [ 72.826894210506708, 19.019415136957434 ], [ 72.827186723254783, 19.019611699534735 ], [ 72.827478998812339, 19.019777175319039 ], [ 72.827984946948121, 19.020068057374793 ], [ 72.828159906446274, 19.020187141241955 ], [ 72.828225618011118, 19.02022862233963 ], [ 72.828301681850476, 19.02027342080725 ], [ 72.828435765611829, 19.020386687558201 ], [ 72.828619379594073, 19.020539527034863 ], [ 72.828735333094457, 19.020635157715478 ], [ 72.836045549483146, 19.020720924748758 ] ] ] } },
{ "type": "Feature", "properties": { "grid_id": "cell_0348", "ward_id": "H/E", "ward_gid": 18, "NDVI_prev": 0.26034621280998227, "LST_C": 35.35518001102259, "NDVI": 0.31499743273421243, "pop_density_km2": 97456.345708000241, "elderly_pct": 4.7571458702387677, "slum_pct": 19.187659927191589, "hospital_dist_m": 536.26558462599155, "impervious_pct": 76.181408075728442 }, "geometry": { "type": "Polygon", "coordinates": [ [ [ 72.873319379035038, 19.076794719408028 ], [ 72.872729545299677, 19.076609953654668 ], [ 72.872593948046259, 19.076573825814194 ], [ 72.872381888477136, 19.076463800423774 ], [ 72.872232865016684, 19.076391859031951 ], [ 72.871864451549214, 19.076225202253951 ], [ 72.871653837370573, 19.076138202627586 ], [ 72.8715437022597, 19.076096899722256 ], [ 72.871443576389794, 19.076055848748908 ], [ 72.871303419814552, 19.075999642825352 ], [ 72.871291667682698, 19.075994306976956 ], [ 72.871266499984642, 19.075982886225017 ], [ 72.871267423972512, 19.075935181796893 ], [ 72.871213391931875, 19.075834351934727 ], [ 72.871130074161115, 19.075677695171798 ], [ 72.871182357536668, 19.075462121901154 ], [ 72.871214033941783, 19.075325678902711 ], [ 72.863838948845213, 19.07524034783679 ], [ 72.863748985320598, 19.082255551173624 ], [ 72.863789383830948, 19.082262812971692 ], [ 72.863850734603261, 19.082268834588081 ], [ 72.863895062782845, 19.082295894340554 ], [ 72.863944839436456, 19.082333636736973 ], [ 72.864078028332642, 19.082398893088481 ], [ 72.864194942395457, 19.082426794217881 ], [ 72.864277402834389, 19.082528627711778 ], [ 72.864381652551955, 19.082673187072995 ], [ 72.864485767522012, 19.082828363161017 ], [ 72.864539629177614, 19.082982957913554 ], [ 72.864559648632607, 19.083163706253089 ], [ 72.864579465108093, 19.0833603808959 ], [ 72.864572928662071, 19.083434635786951 ], [ 72.864616984985147, 19.083482930072812 ], [ 72.864677995951169, 19.083515492195342 ], [ 72.864766585165626, 19.083574922067207 ], [ 72.864856103844062, 19.08361346129378 ], [ 72.864922042456342, 19.083645744001686 ], [ 72.865023227981638, 19.083593823737051 ], [ 72.86514788211268, 19.083518054013513 ], [ 72.8652739799617, 19.083387139675185 ], [ 72.865459866059169, 19.083196789723353 ], [ 72.866000214440106, 19.082745033678663 ], [ 72.866225598880291, 19.082588364229544 ], [ 72.866428445124498, 19.082447362152674 ], [ 72.866574094217228, 19.08241188331878 ], [ 72.866775238869664, 19.082403593918549 ], [ 72.86703766782081, 19.082406632112143 ], [ 72.867495114294201, 19.082443783379109 ], [ 72.8679803436264, 19.082491873367871 ], [ 72.868197832332314, 19.08251562660109 ], [ 72.868315156336365, 19.082511674853581 ], [ 72.868505745798913, 19.082455477683411 ], [ 72.868629196717691, 19.082409122025723 ], [ 72.870123395498467, 19.081725568841591 ], [ 72.870110049476764, 19.081713397116062 ], [ 72.870110170674977, 19.08170391982032 ], [ 72.870110246423522, 19.081697996533066 ], [ 72.87044847857878, 19.081494476289841 ], [ 72.870475987943834, 19.08145740065326 ], [ 72.870526802425076, 19.081434791389359 ], [ 72.87070172049205, 19.081356963488851 ], [ 72.870985424101434, 19.081230732089494 ], [ 72.871912491334101, 19.080815715596632 ], [ 72.872335090350944, 19.080622809114093 ], [ 72.872427203165003, 19.080579596114031 ], [ 72.872540852485912, 19.080526279259129 ], [ 72.873276142931644, 19.08018132795787 ], [ 72.873319379035038, 19.076794719408028 ] ] ] } },
{ "type": "Feature", "properties": { "grid_id": "cell_0349", "ward_id": "D", "ward_gid": 4, "NDVI_prev": 0.1239040483392474, "LST_C": 32.819428511931193, "NDVI": 0.21078088463992642, "pop_density_km2": 53170.999749337803, "elderly_pct": 5.5859844911020557, "slum_pct": 0.0, "hospital_dist_m": 193.18753516317693, "impervious_pct": 48.48871978596754 }, "geometry": { "type": "Polygon", "coordinates": [ [ [ 72.80815069709945, 18.975229884671396 ], [ 72.80826880291653, 18.966198817817332 ], [ 72.800385621486583, 18.966105357567422 ], [ 72.800508963242279, 18.966764747498974 ], [ 72.80065143253475, 18.967543162134632 ], [ 72.800665159060685, 18.967618159931074 ], [ 72.800787127217163, 18.96827428020902 ], [ 72.800917551302305, 18.968995532064579 ], [ 72.80104093118112, 18.969773774788887 ], [ 72.801198246924884, 18.97060788335148 ], [ 72.801222361211885, 18.970741045008914 ], [ 72.8012674352087, 18.970983185797927 ], [ 72.801327491100992, 18.97123956097272 ], [ 72.801347172310884, 18.971296308505945 ], [ 72.801775561471104, 18.97253148916171 ], [ 72.801776845832222, 18.972535206407386 ], [ 72.80177881250934, 18.972540455561539 ], [ 72.801992512687434, 18.973085828897414 ], [ 72.801994912830821, 18.973091663584292 ], [ 72.802146260932901, 18.973442553330248 ], [ 72.802149657411292, 18.973449976834306 ], [ 72.802403349368646, 18.973974182619937 ], [ 72.802405727501764, 18.973978917541992 ], [ 72.802405838837444, 18.973979138532371 ], [ 72.802487472249496, 18.97413232181847 ], [ 72.802583475546243, 18.974319379775508 ], [ 72.802760676288358, 18.974611642366611 ], [ 72.80301961064103, 18.97498745874336 ], [ 72.803132375424553, 18.975170400795346 ], [ 72.80815069709945, 18.975229884671396 ] ] ] } },
{ "type": "Feature", "properties": { "grid_id": "cell_0350", "ward_id": "R/C", "ward_gid": 11, "NDVI_prev": 0.31518784484981538, "LST_C": 35.783891868218419, "NDVI": 0.33509466401160126, "pop_density_km2": 76954.427237930882, "elderly_pct": 4.7571458618103426, "slum_pct": 6.9474091559366125, "hospital_dist_m": 457.9268513340225, "impervious_pct": 60.67078389193437 }, "geometry": { "type": "Polygon", "coordinates": [ [ [ 72.852470828932482, 19.219628658724805 ], [ 72.861977892951955, 19.219739895760604 ], [ 72.862063925906199, 19.213088604255599 ], [ 72.860626013144881, 19.213001186005677 ], [ 72.858905805042866, 19.212972181162272 ], [ 72.85878361225096, 19.212970120208762 ], [ 72.857438922721954, 19.212892386883116 ], [ 72.856836154658168, 19.212909186402573 ], [ 72.856396274303719, 19.212949355378768 ], [ 72.85625018532977, 19.212985806458491 ], [ 72.855735868364263, 19.213151509612121 ], [ 72.854096067622436, 19.213759571958121 ], [ 72.853786006156085, 19.213856110867827 ], [ 72.853597055910186, 19.213906367714355 ], [ 72.85342118322842, 19.213916232053297 ], [ 72.85286675770152, 19.213883498944472 ], [ 72.852546023805658, 19.21384114939508 ], [ 72.852470828932482, 19.219628658724805 ] ] ] } },
{ "type": "Feature", "properties": { "grid_id": "cell_0351", "ward_id": "M/E", "ward_gid": 16, "NDVI_prev": 0.33232691132132125, "LST_C": 31.894909601125907, "NDVI": 0.33240818842241737, "pop_density_km2": 35650.491850709157, "elderly_pct": 4.7571458733699368, "slum_pct": 0.0, "hospital_dist_m": 4162.3279455041202, "impervious_pct": 16.451755098253035 }, "geometry": { "type": "Polygon", "coordinates": [ [ [ 72.912237682204974, 19.003531800799266 ], [ 72.912320125205781, 18.996924258972523 ], [ 72.911808214052471, 18.996668868575039 ], [ 72.910619342608143, 18.996235392591451 ], [ 72.910199798675322, 18.996077907520167 ], [ 72.909879647174705, 18.995997917386568 ], [ 72.909308275326211, 18.995943726969571 ], [ 72.908004265231597, 18.995890796478086 ], [ 72.907373523370524, 18.995769102693568 ], [ 72.906744453944995, 18.995513773844142 ], [ 72.906036663409978, 18.995133446600487 ], [ 72.905230085047862, 18.994627892902741 ], [ 72.905009824422649, 18.994417153387317 ], [ 72.904313792984652, 18.994409268967615 ], [ 72.904299513097953, 18.994454928007578 ], [ 72.904257958767104, 18.994605402043927 ], [ 72.904255832814272, 18.99477519091889 ], [ 72.904298890526604, 18.997114072405296 ], [ 72.904299637306551, 18.997114210723929 ], [ 72.904314849623304, 18.997334832610751 ], [ 72.904376258379088, 18.998225433747272 ], [ 72.904396558487136, 18.998519841905054 ], [ 72.904416404635768, 18.998807667126673 ], [ 72.904423832931286, 18.998937779667301 ], [ 72.904441846999092, 18.999253309066205 ], [ 72.904428226951097, 18.999676374307256 ], [ 72.904399949355934, 19.000554714039911 ], [ 72.904372237428518, 19.001415459351968 ], [ 72.90435475102926, 19.001958582740933 ], [ 72.904330531563872, 19.002710819513183 ], [ 72.90432224907552, 19.002968061998104 ], [ 72.904759627328716, 19.003089844416287 ], [ 72.904798653620759, 19.003101260228185 ], [ 72.904910582278163, 19.003131368273674 ], [ 72.904951182729064, 19.003449383368409 ], [ 72.912237682204974, 19.003531800799266 ] ] ] } },
{ "type": "Feature", "properties": { "grid_id": "cell_0352", "ward_id": "P/N", "ward_gid": 21, "NDVI_prev": 0.45729767010621936, "LST_C": 30.820306293965242, "NDVI": 0.42551846187733644, "pop_density_km2": 9141.5979858430801, "elderly_pct": 4.7571458793983217, "slum_pct": 0.0, "hospital_dist_m": 3418.7614709795939, "impervious_pct": 2.0710182816120506 }, "geometry": { "type": "Polygon", "coordinates": [ [ [ 72.796031342090984, 19.173797039268056 ], [ 72.796151440107508, 19.164766240177805 ], [ 72.786647948897851, 19.164651902574406 ], [ 72.786616602624647, 19.166999366745969 ], [ 72.787359105192834, 19.167690549931979 ], [ 72.787686945928399, 19.168405122803691 ], [ 72.788101772992292, 19.168771135036884 ], [ 72.788364889912572, 19.169300149837227 ], [ 72.788642603598745, 19.169841142639189 ], [ 72.788663299292608, 19.169854049730109 ], [ 72.788830076557147, 19.169960394641176 ], [ 72.788862409432298, 19.169981010000917 ], [ 72.788987832342684, 19.170060984703358 ], [ 72.789794718453351, 19.170574243871606 ], [ 72.790141528820413, 19.170780643261399 ], [ 72.790298561768282, 19.170874473849786 ], [ 72.790516383049024, 19.171010409129746 ], [ 72.790729785137771, 19.171053984463992 ], [ 72.791067321882679, 19.171117456864636 ], [ 72.791554998938963, 19.17120827587312 ], [ 72.791977164898071, 19.171295287782076 ], [ 72.792495269965471, 19.171395173916707 ], [ 72.792513961861033, 19.171398777709054 ], [ 72.792542300467261, 19.171401838001749 ], [ 72.793155534353218, 19.171853304068144 ], [ 72.793266489775235, 19.17222928324065 ], [ 72.793443491147627, 19.17287051175699 ], [ 72.793597597966297, 19.173489426962263 ], [ 72.793798037973204, 19.173770202203574 ], [ 72.796031342090984, 19.173797039268056 ] ] ] } },
{ "type": "Feature", "properties": { "grid_id": "cell_0353", "ward_id": "K/E", "ward_gid": 19, "NDVI_prev": 0.11013428666415623, "LST_C": 38.550802901216628, "NDVI": 0.12548805669658644, "pop_density_km2": 85782.609490408257, "elderly_pct": 4.7571458735874179, "slum_pct": 0.0, "hospital_dist_m": 599.28826771877459, "impervious_pct": 82.515411579837973 }, "geometry": { "type": "Polygon", "coordinates": [ [ [ 72.873107130628554, 19.093412885610583 ], [ 72.872991689263927, 19.102444215769111 ], [ 72.880680384956449, 19.102532893503067 ], [ 72.880637778859352, 19.102516878726298 ], [ 72.880361021243417, 19.102413143912301 ], [ 72.880227848574023, 19.102193350543072 ], [ 72.880174448510104, 19.102096666406627 ], [ 72.880164199362483, 19.102074386962197 ], [ 72.880108131929703, 19.101952508350898 ], [ 72.880083181281222, 19.101890838824758 ], [ 72.880056589383557, 19.101825112349101 ], [ 72.880021663589091, 19.101736414099292 ], [ 72.880017251095367, 19.101725207801849 ], [ 72.879794455907046, 19.101354313317177 ], [ 72.879661788490708, 19.101050528809019 ], [ 72.879600001614321, 19.100909025912397 ], [ 72.879540204961785, 19.100768340115682 ], [ 72.879531752181265, 19.100753480087509 ], [ 72.879472307699515, 19.10061126978448 ], [ 72.879453803816077, 19.100555505276169 ], [ 72.87928173758641, 19.100130449838261 ], [ 72.879203771109786, 19.099927964439384 ], [ 72.879132057846576, 19.099750187717387 ], [ 72.879090676340141, 19.099311225998896 ], [ 72.879059875684831, 19.099200348268059 ], [ 72.878952519331833, 19.098933184425842 ], [ 72.879013136491437, 19.098706693697281 ], [ 72.879093973275644, 19.09855461544818 ], [ 72.879211528680599, 19.098492966823585 ], [ 72.879390989560363, 19.098492754956034 ], [ 72.87980788956726, 19.098513209791225 ], [ 72.879962800113091, 19.098480616760806 ], [ 72.880328891627016, 19.098232815744645 ], [ 72.880559920026926, 19.098122758805815 ], [ 72.880677803621808, 19.098039205435896 ], [ 72.880731898927948, 19.097913277801037 ], [ 72.880749670738382, 19.097767881562508 ], [ 72.880721420159972, 19.097624887768394 ], [ 72.88073871684395, 19.097428565368332 ], [ 72.880828073724317, 19.097172532023517 ], [ 72.880887106009141, 19.096927065378988 ], [ 72.880950599350115, 19.096651213371182 ], [ 72.880935015044429, 19.096548774992907 ], [ 72.880920329789134, 19.09645224607317 ], [ 72.880869193548335, 19.096277850450168 ], [ 72.880760203978312, 19.096079406659779 ], [ 72.880600857540344, 19.095923499099356 ], [ 72.880295781036608, 19.095662681933547 ], [ 72.880153429481226, 19.095530062460313 ], [ 72.880096481948357, 19.095426992009312 ], [ 72.880035688810594, 19.09531696429643 ], [ 72.879980270784074, 19.095220533985515 ], [ 72.879870111635597, 19.095042537090173 ], [ 72.879786667739808, 19.094877299707164 ], [ 72.879738888818608, 19.094786488523649 ], [ 72.879481707843837, 19.094544838647284 ], [ 72.879341481707485, 19.094475195214407 ], [ 72.879132020280579, 19.094503979339624 ], [ 72.878861553661665, 19.094406348141113 ], [ 72.878696355497851, 19.094257357711339 ], [ 72.878514167423674, 19.093984618075034 ], [ 72.878364569558826, 19.093582816773992 ], [ 72.878337813570795, 19.093473221295088 ], [ 72.873107130628554, 19.093412885610583 ] ] ] } },
{ "type": "Feature", "properties": { "grid_id": "cell_0354", "ward_id": "P/N", "ward_gid": 21, "NDVI_prev": 0.23077412987756105, "LST_C": 29.794435188306007, "NDVI": 0.30191297321961347, "pop_density_km2": 7701.5680606661244, "elderly_pct": 4.7571458724657028, "slum_pct": 0.0, "hospital_dist_m": 3062.7229181223324, "impervious_pct": 1.3055377139825182 }, "geometry": { "type": "MultiPolygon", "coordinates": [ [ [ [ 72.795790943411831, 19.191858608647156 ], [ 72.795747256656298, 19.191858083460083 ], [ 72.795789388755381, 19.191975346511523 ], [ 72.795790943411831, 19.191858608647156 ] ] ], [ [ [ 72.786165082318419, 19.200774809407314 ], [ 72.795670642715407, 19.200889378928075 ], [ 72.795734482523898, 19.196097665238963 ], [ 72.794661679168001, 19.195987974248311 ], [ 72.79295349455063, 19.195586607346726 ], [ 72.792735518207749, 19.195344981256117 ], [ 72.792517632857127, 19.195251271987189 ], [ 72.792409991968583, 19.195106840972695 ], [ 72.79234369284039, 19.19494338941638 ], [ 72.792258068213243, 19.194688619306675 ], [ 72.792252696666395, 19.194577950434578 ], [ 72.792145143224715, 19.194427014255702 ], [ 72.791975708047062, 19.194294851162351 ], [ 72.791847354168013, 19.194163182733714 ], [ 72.791733128110067, 19.193999153740009 ], [ 72.79164550829735, 19.19389400034251 ], [ 72.791517849411946, 19.193710291078222 ], [ 72.791280815635858, 19.193512251881526 ], [ 72.790974619895096, 19.193365428140307 ], [ 72.79072952481549, 19.193258376950105 ], [ 72.790511469794509, 19.193177675783261 ], [ 72.790286047127253, 19.19313592235688 ], [ 72.790115051351592, 19.19312084914429 ], [ 72.789738565494361, 19.193109804761797 ], [ 72.789457847705435, 19.193106420426339 ], [ 72.788631628299186, 19.19344128122415 ], [ 72.788423964622297, 19.193607935387661 ], [ 72.78828529008986, 19.193736384842701 ], [ 72.788098687791432, 19.193864255949364 ], [ 72.787802797197998, 19.193971289842537 ], [ 72.787624345528826, 19.194001667062413 ], [ 72.787357320236239, 19.193998444605043 ], [ 72.787282353326802, 19.193971515384092 ], [ 72.787016893894219, 19.193851201353493 ], [ 72.786715635003176, 19.193847564762333 ], [ 72.786585806951564, 19.193826479100764 ], [ 72.786497929747682, 19.193740838737302 ], [ 72.786260329880918, 19.193655845044233 ], [ 72.786165082318419, 19.200774809407314 ] ] ] ] } },
{ "type": "Feature", "properties": { "grid_id": "cell_0355", "ward_id": "D", "ward_gid": 4, "NDVI_prev": 0.30569974276179002, "LST_C": 30.99552941291379, "NDVI": 0.29384042478001315, "pop_density_km2": 58477.207022006653, "elderly_pct": 5.5859844802207546, "slum_pct": 0.0, "hospital_dist_m": 587.25674926029922, "impervious_pct": 50.374496049963874 }, "geometry": { "type": "Polygon", "coordinates": [ [ [ 72.799013573324231, 18.948024192605189 ], [ 72.798895091301048, 18.95705522088187 ], [ 72.808386841864973, 18.957167741461628 ], [ 72.808415933212146, 18.954941195625736 ], [ 72.808081807891256, 18.954957149409648 ], [ 72.807885419022369, 18.95478424243462 ], [ 72.807826982716378, 18.954662884948284 ], [ 72.80780262588128, 18.954675872903692 ], [ 72.807777531452302, 18.954689254182675 ], [ 72.807718620404643, 18.954720667507672 ], [ 72.807701044784466, 18.954707020252663 ], [ 72.807656484054704, 18.954672418922634 ], [ 72.807636836811497, 18.954627791196277 ], [ 72.807616454960367, 18.954576986680067 ], [ 72.807597529047996, 18.954530773506669 ], [ 72.807590459737412, 18.954513511540735 ], [ 72.807589432825807, 18.954510878166104 ], [ 72.807564830574734, 18.954447753563084 ], [ 72.807536854774369, 18.954377852621967 ], [ 72.807508053084049, 18.954305700949089 ], [ 72.807478057775683, 18.954236191601094 ], [ 72.807433263190831, 18.954123434877939 ], [ 72.807417234023163, 18.954083859105424 ], [ 72.807410843196507, 18.954070211288712 ], [ 72.807404451311911, 18.954058460279043 ], [ 72.807395591517519, 18.954044217814687 ], [ 72.807387602809641, 18.954030948519126 ], [ 72.807378815705974, 18.954017681518327 ], [ 72.807368034837381, 18.954004794677061 ], [ 72.807331705249581, 18.953971065672551 ], [ 72.807280149294925, 18.953926622814102 ], [ 72.807156501201362, 18.953780359126505 ], [ 72.806937157638842, 18.953574051254964 ], [ 72.806936063850756, 18.953568488722556 ], [ 72.806938605948559, 18.953553237886844 ], [ 72.806939855252566, 18.953542721242155 ], [ 72.806940602673137, 18.953532207906957 ], [ 72.806939590815091, 18.953522887715341 ], [ 72.806937823852323, 18.953516117161655 ], [ 72.806933542795022, 18.953504887618234 ], [ 72.806932743858425, 18.953503632982301 ], [ 72.806916639999628, 18.953481233783471 ], [ 72.806874832490877, 18.95346519099629 ], [ 72.806828123675757, 18.953466859377386 ], [ 72.806786548433863, 18.953433051254731 ], [ 72.806706933165259, 18.953383608179376 ], [ 72.806704582207701, 18.953381527850532 ], [ 72.80670245696534, 18.953379647245661 ], [ 72.80716249457609, 18.953336922925811 ], [ 72.807416775678675, 18.953310302965061 ], [ 72.807429915165699, 18.953232350786323 ], [ 72.806725575358314, 18.952661076140952 ], [ 72.806267132479761, 18.952708143771225 ], [ 72.806219093611929, 18.952555266528435 ], [ 72.806123442868298, 18.952462840609929 ], [ 72.806089249477907, 18.9524333272585 ], [ 72.805976961541333, 18.952298824868311 ], [ 72.805952644576095, 18.952275626579684 ], [ 72.80571948115643, 18.952224381335977 ], [ 72.805685874767136, 18.952220696456912 ], [ 72.805527262566116, 18.952222781575973 ], [ 72.805531131911707, 18.952191438921236 ], [ 72.805545989642084, 18.952124775180408 ], [ 72.805545694691361, 18.952109422562661 ], [ 72.805529771049976, 18.952003037617338 ], [ 72.805520169467542, 18.951980826311782 ], [ 72.80551418389868, 18.95197116511968 ], [ 72.805506395164187, 18.951964938324604 ], [ 72.805466315137892, 18.951929828742394 ], [ 72.805270224641546, 18.951821296299499 ], [ 72.805231685908097, 18.951816803743341 ], [ 72.805152516247389, 18.951811705102955 ], [ 72.805105055419688, 18.951811644761843 ], [ 72.805053708349476, 18.951817092550872 ], [ 72.805078234454243, 18.951592458747246 ], [ 72.804948982149114, 18.951495896493022 ], [ 72.804888712669324, 18.951366961504625 ], [ 72.804713107475166, 18.951225720769049 ], [ 72.804647752140255, 18.951295033876754 ], [ 72.804531501992486, 18.951337374436925 ], [ 72.804518992300387, 18.951366464249404 ], [ 72.804447355325664, 18.951455170450778 ], [ 72.804377845021918, 18.951367994208056 ], [ 72.804377655157836, 18.951367994668367 ], [ 72.804293905080314, 18.951180184000101 ], [ 72.804254481157983, 18.951136947293904 ], [ 72.804003981867154, 18.950990333864816 ], [ 72.804175623830233, 18.950745468281539 ], [ 72.803980804092973, 18.950543543947155 ], [ 72.803943948534581, 18.950502292647897 ], [ 72.803671734986224, 18.950393353853496 ], [ 72.803641457673663, 18.950394456419328 ], [ 72.803624468523438, 18.950398621877014 ], [ 72.803558691914176, 18.950261558279095 ], [ 72.80321473090379, 18.950023056168043 ], [ 72.803091530185128, 18.950035957567717 ], [ 72.802930644847834, 18.949755436823953 ], [ 72.802785988493326, 18.949616433227046 ], [ 72.802789048109432, 18.949508231478145 ], [ 72.802664677154695, 18.949324781773512 ], [ 72.802285475360549, 18.948905752385144 ], [ 72.802258786723343, 18.948880392466307 ], [ 72.802210742259788, 18.948856032581158 ], [ 72.802188718009646, 18.948853516917698 ], [ 72.802166412852273, 18.948857234215961 ], [ 72.802150280725641, 18.948862121903073 ], [ 72.802092165379989, 18.948823320129165 ], [ 72.801720584399959, 18.948584110063692 ], [ 72.801654586558897, 18.948540433982988 ], [ 72.801632935510511, 18.948524460429045 ], [ 72.80162105764019, 18.948505954043547 ], [ 72.801614777237546, 18.948482837406569 ], [ 72.801604604851107, 18.948459358976802 ], [ 72.801584944225056, 18.948440315159225 ], [ 72.801569940689745, 18.948427135095049 ], [ 72.801539263021041, 18.948401415611727 ], [ 72.801505934291399, 18.948383099903523 ], [ 72.801438425904692, 18.948352342043695 ], [ 72.80137908790455, 18.94833241596665 ], [ 72.80126173485678, 18.948284889875204 ], [ 72.801210282524181, 18.94827471348799 ], [ 72.801073869611614, 18.948254111130115 ], [ 72.801012075434414, 18.948249902613007 ], [ 72.800962238176979, 18.948243882037421 ], [ 72.800942101010207, 18.948223843994867 ], [ 72.800924439496413, 18.948212293741374 ], [ 72.800896048968482, 18.948197496888682 ], [ 72.800856554023497, 18.948186681873729 ], [ 72.80081677404155, 18.948173881821912 ], [ 72.800735222414474, 18.948151170412348 ], [ 72.800706078527682, 18.948143237925208 ], [ 72.800685669774978, 18.948142256978851 ], [ 72.800591977091301, 18.94812984844636 ], [ 72.800555738232248, 18.948138341613269 ], [ 72.800411616745109, 18.948327769755043 ], [ 72.800340212163846, 18.948303628367341 ], [ 72.800352447940512, 18.94828916916061 ], [ 72.800358325291214, 18.948275166215709 ], [ 72.800320333994421, 18.948237888403071 ], [ 72.800281386333694, 18.948193204479146 ], [ 72.800272166551636, 18.948172708612471 ], [ 72.800258196786203, 18.948147878606186 ], [ 72.800167779299272, 18.948066374252527 ], [ 72.800130176563286, 18.948042192139656 ], [ 72.800124872259914, 18.948037385655066 ], [ 72.799013573324231, 18.948024192605189 ] ] ] } },
{ "type": "Feature", "properties": { "grid_id": "cell_0356", "ward_id": "P/N", "ward_gid": 21, "NDVI_prev": 0.47414100625514294, "LST_C": 30.503918541476974, "NDVI": 0.49294102745266094, "pop_density_km2": 8880.1579363870369, "elderly_pct": 4.7571458634453965, "slum_pct": 0.0, "hospital_dist_m": 2700.8246098110217, "impervious_pct": 0.23781434626701409 }, "geometry": { "type": "Polygon", "coordinates": [ [ [ 72.795429838524157, 19.21895089065281 ], [ 72.785923241789448, 19.218836205136729 ], [ 72.785839510937066, 19.225084750779992 ], [ 72.786126155170209, 19.225098430802568 ], [ 72.786442673116809, 19.225113535387763 ], [ 72.787958628750914, 19.225141505506361 ], [ 72.79061472355076, 19.22534556488764 ], [ 72.790650465385596, 19.225348276280627 ], [ 72.790674815270904, 19.225350123469752 ], [ 72.792315456606602, 19.225474576052886 ], [ 72.794409028442701, 19.225568907950645 ], [ 72.794823712192098, 19.225609980407679 ], [ 72.794824180345216, 19.225610026691289 ], [ 72.794824693732835, 19.225609106172371 ], [ 72.794996943790508, 19.225300997352722 ], [ 72.795079356398034, 19.225153143907946 ], [ 72.795131294872704, 19.225060446101732 ], [ 72.795179976868212, 19.224975495710321 ], [ 72.795234668400042, 19.224880055424414 ], [ 72.79535153029957, 19.224820021265668 ], [ 72.795429838524157, 19.21895089065281 ] ] ] } },
{ "type": "Feature", "properties": { "grid_id": "cell_0357", "ward_id": "L", "ward_gid": 24, "NDVI_prev": 0.23067058725843068, "LST_C": 36.26625067780725, "NDVI": 0.26194433722161725, "pop_density_km2": 50443.360864450326, "elderly_pct": 4.7571458684897481, "slum_pct": 22.177632304771173, "hospital_dist_m": 68.921563002630947, "impervious_pct": 76.747936984246067 }, "geometry": { "type": "Polygon", "coordinates": [ [ [ 72.891878232674443, 19.111694212471594 ], [ 72.891992709155105, 19.102662780704208 ], [ 72.882492166810351, 19.102553742982501 ], [ 72.882483162564142, 19.10326111629595 ], [ 72.882545134724595, 19.103292427972857 ], [ 72.882709762343197, 19.103380508653075 ], [ 72.882705584164313, 19.103410529635106 ], [ 72.883048831411585, 19.103666841795896 ], [ 72.883129047264646, 19.103719719686982 ], [ 72.88319784302432, 19.103753762233616 ], [ 72.883539224367283, 19.10379421469689 ], [ 72.883638689516388, 19.103821046628447 ], [ 72.883821660983898, 19.104051414075052 ], [ 72.883885914948223, 19.104245552793579 ], [ 72.884109156041845, 19.104644673638031 ], [ 72.884049605983776, 19.104909474966814 ], [ 72.884076189036193, 19.105022269389039 ], [ 72.884103246748069, 19.105126176238791 ], [ 72.884120828747044, 19.105299417227137 ], [ 72.884125844290281, 19.105423611468986 ], [ 72.884108518554655, 19.105541279247269 ], [ 72.88439839687355, 19.105908878171679 ], [ 72.884434049192848, 19.105954951884733 ], [ 72.884534217414824, 19.106030607617441 ], [ 72.884653877221936, 19.106086731190274 ], [ 72.884830689054183, 19.106090781806497 ], [ 72.88490450469601, 19.106302997363773 ], [ 72.885063361645038, 19.106371541496959 ], [ 72.885102011343918, 19.106389887973332 ], [ 72.8856967683965, 19.106683860992831 ], [ 72.885837803120268, 19.106705577635076 ], [ 72.885946131038395, 19.106761822937209 ], [ 72.88601356637389, 19.106842019641142 ], [ 72.886120606464871, 19.106977706820352 ], [ 72.886264936556259, 19.10715445423013 ], [ 72.88629565941774, 19.107190803421123 ], [ 72.886343322636336, 19.10723793429533 ], [ 72.886507440389181, 19.107666000030676 ], [ 72.886526540374192, 19.107683935993588 ], [ 72.88653521630647, 19.107709712062725 ], [ 72.886536517628343, 19.107713578304281 ], [ 72.886533360710231, 19.107745007740807 ], [ 72.886625159626973, 19.108009126827689 ], [ 72.886667588347876, 19.108158459860238 ], [ 72.886806351951591, 19.108403865624343 ], [ 72.886823473623764, 19.108455295184662 ], [ 72.886824574392818, 19.108486206910904 ], [ 72.886862203469434, 19.108724190544741 ], [ 72.886877584581015, 19.108843766682433 ], [ 72.886892652370321, 19.108889901668224 ], [ 72.886909263750127, 19.108920554521131 ], [ 72.887018566765562, 19.109088087192511 ], [ 72.887056564093484, 19.109247412629369 ], [ 72.887073782855737, 19.109559794054654 ], [ 72.887055242170291, 19.109617339778204 ], [ 72.887052950360342, 19.109624453214316 ], [ 72.887019060283109, 19.109716149807458 ], [ 72.886971353177259, 19.109809983425272 ], [ 72.886956145569044, 19.109841162564845 ], [ 72.886700289752284, 19.110013567396475 ], [ 72.88626324358907, 19.110298223864145 ], [ 72.886194269354917, 19.110374586112716 ], [ 72.886029528664011, 19.110556972375878 ], [ 72.885989007353231, 19.110584583944945 ], [ 72.885778155007642, 19.110743671559792 ], [ 72.885698764468614, 19.110779121571731 ], [ 72.885570422480114, 19.110887254254198 ], [ 72.885357639797462, 19.111015732032193 ], [ 72.88527091372768, 19.111618397774485 ], [ 72.891878232674443, 19.111694212471594 ] ] ] } },
{ "type": "Feature", "properties": { "grid_id": "cell_0358", "ward_id": "N", "ward_gid": 10, "NDVI_prev": 0.58111437199130811, "LST_C": 30.291252130260514, "NDVI": 0.6086179783090504, "pop_density_km2": 20160.213771182691, "elderly_pct": 4.7571458685278882, "slum_pct": 0.0, "hospital_dist_m": 1017.9574830364442, "impervious_pct": 0.0 }, "geometry": { "type": "Polygon", "coordinates": [ [ [ 72.939496382701634, 19.103200626437772 ], [ 72.939384481432114, 19.112232331672224 ], [ 72.944164430574475, 19.112285796757188 ], [ 72.945385220758752, 19.109848467601509 ], [ 72.946139663710227, 19.108295530889158 ], [ 72.946453468459197, 19.107215526372922 ], [ 72.946659944139569, 19.106591365849951 ], [ 72.946982018618925, 19.105651793975092 ], [ 72.94716740250071, 19.105113073370429 ], [ 72.947167748351703, 19.105112152248836 ], [ 72.947280714515784, 19.104811678394654 ], [ 72.947404221033693, 19.10450127998082 ], [ 72.947569233731699, 19.104077389349683 ], [ 72.947719548227496, 19.103696561130281 ], [ 72.947742796653174, 19.103292745398999 ], [ 72.939496382701634, 19.103200626437772 ] ] ] } },
{ "type": "Feature", "properties": { "grid_id": "cell_0359", "ward_id": "M/E", "ward_gid": 16, "NDVI_prev": 0.3802784956969763, "LST_C": 32.877958718043445, "NDVI": 0.43592274076542198, "pop_density_km2": 77428.483764037126, "elderly_pct": 4.757145867484561, "slum_pct": 11.343867322466373, "hospital_dist_m": 304.04159087224605, "impervious_pct": 39.351930842290855 }, "geometry": { "type": "Polygon", "coordinates": [ [ [ 72.902289249085683, 19.039550654365986 ], [ 72.902402697257756, 19.030519091499166 ], [ 72.896887136083961, 19.0304563625028 ], [ 72.89688429576492, 19.030497260965248 ], [ 72.896870504330764, 19.03069584680674 ], [ 72.896840254568914, 19.031161960615584 ], [ 72.896834077926115, 19.031204781832908 ], [ 72.896822230803053, 19.031250219160739 ], [ 72.896767610846879, 19.03144663016721 ], [ 72.896751688079405, 19.031479957869404 ], [ 72.896715631839271, 19.031545224874236 ], [ 72.896675246822099, 19.031618484781944 ], [ 72.896637511349667, 19.031705178416772 ], [ 72.896599775833607, 19.031791872075495 ], [ 72.89658801297665, 19.031830608556337 ], [ 72.896558259887669, 19.03195492322261 ], [ 72.896515840648433, 19.032301593457859 ], [ 72.896503554524543, 19.032381875152115 ], [ 72.896485732929676, 19.032454051645573 ], [ 72.896425357114765, 19.032659779400042 ], [ 72.896040265875314, 19.033692831064439 ], [ 72.895805247457915, 19.034336206579493 ], [ 72.895562387214937, 19.035042489140068 ], [ 72.895246917916708, 19.035914127809711 ], [ 72.895207281450169, 19.036034414536172 ], [ 72.895180558314919, 19.036121076996249 ], [ 72.895147761554966, 19.036229603587575 ], [ 72.895125430154806, 19.03631801405329 ], [ 72.895091357276897, 19.036471972855214 ], [ 72.895075644788477, 19.036560983033457 ], [ 72.895062864614175, 19.036650483338907 ], [ 72.895053556529433, 19.036718101664796 ], [ 72.895037644284827, 19.036829510942088 ], [ 72.895023232945178, 19.036918782213121 ], [ 72.895010555875359, 19.037008295244789 ], [ 72.895000269197681, 19.037083519453578 ], [ 72.894995035564207, 19.037123037680459 ], [ 72.894976653414304, 19.037277309192689 ], [ 72.894964115354483, 19.037393779527964 ], [ 72.894952121318482, 19.037507475147713 ], [ 72.894943027969205, 19.037595355280203 ], [ 72.89493031106737, 19.037726740466368 ], [ 72.894922305106007, 19.037816716032307 ], [ 72.89491269722177, 19.037906556554255 ], [ 72.894902613184172, 19.037996361583478 ], [ 72.89488911664175, 19.038113382194442 ], [ 72.894883728533358, 19.038158838663144 ], [ 72.894871780028254, 19.038277525120499 ], [ 72.894856549998622, 19.03844578208335 ], [ 72.894840679431198, 19.038625784510813 ], [ 72.894821941654271, 19.038805524151076 ], [ 72.894809651332451, 19.038905797672378 ], [ 72.894782249740828, 19.039073775908101 ], [ 72.894776219485152, 19.039106741042794 ], [ 72.894765983413208, 19.039162697597387 ], [ 72.894737389865881, 19.03927844822568 ], [ 72.894712862351653, 19.039369864424444 ], [ 72.894685599338246, 19.039464094910343 ], [ 72.902289249085683, 19.039550654365986 ] ] ] } },
{ "type": "Feature", "properties": { "grid_id": "cell_0360", "ward_id": "M/W", "ward_gid": 17, "NDVI_prev": 0.26442462690347823, "LST_C": 30.222431500076272, "NDVI": 0.37959020824808681, "pop_density_km2": 17262.127654108404, "elderly_pct": 4.7571458733334921, "slum_pct": 0.0, "hospital_dist_m": 3368.133733903695, "impervious_pct": 0.36325648757092993 }, "geometry": { "type": "Polygon", "coordinates": [ [ [ 72.893247696427167, 19.003316404594994 ], [ 72.893358210325104, 18.994538276387789 ], [ 72.893178440949896, 18.994519658471219 ], [ 72.892736329516211, 18.994562354814491 ], [ 72.892144313332139, 18.99454461811202 ], [ 72.891830207434452, 18.994464961695634 ], [ 72.891400276671305, 18.994361700897073 ], [ 72.891282935408441, 18.994329353009199 ], [ 72.891157002560618, 18.994259740506163 ], [ 72.886924993496166, 18.994211444341662 ], [ 72.886836319976396, 18.994902497556957 ], [ 72.886725657088505, 18.995820131515984 ], [ 72.886842830983269, 18.997329405725733 ], [ 72.886783333367106, 18.998118035807583 ], [ 72.88645965620033, 19.001107275380303 ], [ 72.886141920845233, 19.002561885158467 ], [ 72.886100186525425, 19.002970756671036 ], [ 72.88607451143649, 19.003234534459306 ], [ 72.893247696427167, 19.003316404594994 ] ] ] } },
{ "type": "Feature", "properties": { "grid_id": "cell_0361", "ward_id": "F/N", "ward_gid": 8, "NDVI_prev": 0.19634869096964103, "LST_C": 34.685736228356291, "NDVI": 0.23261601175853813, "pop_density_km2": 41519.648723463215, "elderly_pct": 4.9058767155790637, "slum_pct": 0.0, "hospital_dist_m": 1239.11206719334, "impervious_pct": 64.61968797354352 }, "geometry": { "type": "Polygon", "coordinates": [ [ [ 72.873913399067732, 19.030193308279557 ], [ 72.87379841286814, 19.039224704965768 ], [ 72.881108773575349, 19.039308758456837 ], [ 72.88111247750642, 19.03927937767936 ], [ 72.881120533298798, 19.039210127524182 ], [ 72.881117973463489, 19.039201899114779 ], [ 72.88111494094602, 19.03919214777785 ], [ 72.881151345216622, 19.039023812157183 ], [ 72.881155256008924, 19.039005747281657 ], [ 72.881175698362739, 19.038923630319324 ], [ 72.881183911758555, 19.038879977168023 ], [ 72.88118533499869, 19.038865201469815 ], [ 72.881192661060908, 19.038789305663464 ], [ 72.881193294152311, 19.038782754248963 ], [ 72.881208491516475, 19.038701316861346 ], [ 72.881208501625053, 19.038701262780865 ], [ 72.881215839279776, 19.038661948844339 ], [ 72.881245290727549, 19.038517626438914 ], [ 72.881259292761257, 19.038449012669194 ], [ 72.881299694784289, 19.038254677824533 ], [ 72.881299722087533, 19.038254547162978 ], [ 72.88129975745818, 19.038254379559717 ], [ 72.88133513156383, 19.038078863639608 ], [ 72.881358918669591, 19.03784272057932 ], [ 72.881372414364051, 19.037696254905157 ], [ 72.881381565874946, 19.037515031019286 ], [ 72.881359421747547, 19.037205660726872 ], [ 72.881355855899315, 19.037156873649501 ], [ 72.881353016560809, 19.037113034921987 ], [ 72.881348404453121, 19.037069004228481 ], [ 72.881344349748261, 19.037030299319934 ], [ 72.881340470434296, 19.036995812010101 ], [ 72.881336332579778, 19.036959019284421 ], [ 72.881328287197761, 19.036880830674992 ], [ 72.881326948055545, 19.036867798206373 ], [ 72.881326466189151, 19.036864454170956 ], [ 72.881312388398825, 19.036766664812397 ], [ 72.881302523609534, 19.036707680636034 ], [ 72.881291215409163, 19.036640064454929 ], [ 72.881280969913391, 19.036586307679993 ], [ 72.881279600411162, 19.036548196325782 ], [ 72.881279582972141, 19.036547699324196 ], [ 72.881278864491748, 19.036533210671855 ], [ 72.881278224621383, 19.036520236811093 ], [ 72.881278183744371, 19.036519416167966 ], [ 72.881278224300431, 19.036506339012707 ], [ 72.88127823586504, 19.036502433382751 ], [ 72.88127826392963, 19.036493260040238 ], [ 72.881221352354842, 19.036205566836873 ], [ 72.881221351105509, 19.036205560499607 ], [ 72.881221349856645, 19.036205554126216 ], [ 72.88121607837337, 19.036178905721112 ], [ 72.881215298278804, 19.036174962101381 ], [ 72.881195258913209, 19.036102150343069 ], [ 72.881187002836654, 19.036072159892122 ], [ 72.881182149671801, 19.036054390967529 ], [ 72.881177297468923, 19.036036621150604 ], [ 72.881173544641186, 19.036020088791492 ], [ 72.881159639214701, 19.035950342685428 ], [ 72.881156452455443, 19.035929021333516 ], [ 72.881150061033807, 19.035886292612979 ], [ 72.881135087964282, 19.03581086349099 ], [ 72.881126060305562, 19.035775811261551 ], [ 72.881118371568078, 19.035745948358812 ], [ 72.881098515315401, 19.035668442567996 ], [ 72.881071650376384, 19.035573876572041 ], [ 72.881060471568901, 19.035532600474845 ], [ 72.881045338679826, 19.035476731749156 ], [ 72.881043103657973, 19.035466412373253 ], [ 72.881041589057347, 19.03545942441519 ], [ 72.881037840385133, 19.035442117092117 ], [ 72.881037307821742, 19.035441271837389 ], [ 72.881025672582609, 19.035422792783439 ], [ 72.88101350574388, 19.035403467581951 ], [ 72.881013481650029, 19.035403345363267 ], [ 72.881013462017975, 19.035403245777673 ], [ 72.881006023593969, 19.035363689084448 ], [ 72.880998610513288, 19.035320937797096 ], [ 72.880993750705997, 19.035292916618619 ], [ 72.880985249228402, 19.035236461895668 ], [ 72.880980447834091, 19.035204586208273 ], [ 72.880979819284718, 19.035202173572415 ], [ 72.880979091280281, 19.035199365063818 ], [ 72.880978837762427, 19.035198385713649 ], [ 72.880975586111006, 19.035195279065928 ], [ 72.880955490881263, 19.035195220963828 ], [ 72.880943748488903, 19.035152703617239 ], [ 72.880932151412267, 19.035110710934404 ], [ 72.880898787918056, 19.034973044628121 ], [ 72.880891714803596, 19.034947291462291 ], [ 72.880871911540765, 19.034875203208564 ], [ 72.880852331366896, 19.034794143473938 ], [ 72.880849477193109, 19.03478486388682 ], [ 72.880843944110438, 19.034766864044922 ], [ 72.880842875972192, 19.034763390434744 ], [ 72.88084005084751, 19.034748827923679 ], [ 72.880838537969396, 19.034741031553136 ], [ 72.880782996641742, 19.034599181447465 ], [ 72.880755027768387, 19.03453310018762 ], [ 72.880602137351744, 19.034182629593012 ], [ 72.88008961254296, 19.033158752332302 ], [ 72.880073027074133, 19.033131231528674 ], [ 72.880072315469036, 19.033130050907999 ], [ 72.880056936840973, 19.033107271700267 ], [ 72.880040354637742, 19.03308271186766 ], [ 72.879975276636912, 19.03298343366771 ], [ 72.879970805533418, 19.03296161972915 ], [ 72.879927861064829, 19.032890362306112 ], [ 72.879927631281376, 19.032889983002232 ], [ 72.879908341534502, 19.032871537054973 ], [ 72.879904876432988, 19.032864449919334 ], [ 72.879900224453849, 19.03285494012222 ], [ 72.879831420673838, 19.032734930496577 ], [ 72.879828745648737, 19.032730249723162 ], [ 72.879780412701081, 19.032645709169969 ], [ 72.879780394143737, 19.032645674632434 ], [ 72.879777417482131, 19.032640738381421 ], [ 72.879772635303141, 19.032632806915071 ], [ 72.879628580200148, 19.032344522920443 ], [ 72.879532967009851, 19.032156373038987 ], [ 72.879531727167532, 19.03215393350877 ], [ 72.879507917524862, 19.032111472647426 ], [ 72.879444399710309, 19.031995139427337 ], [ 72.879409604374572, 19.031932970307693 ], [ 72.879360197561809, 19.031844694948461 ], [ 72.879295196042179, 19.031721505959297 ], [ 72.879267569463039, 19.031666692315639 ], [ 72.87919654105221, 19.031525751580208 ], [ 72.879108783125019, 19.031340917352772 ], [ 72.879096886934292, 19.031316621739123 ], [ 72.879091199015377, 19.031305002626134 ], [ 72.87908101372156, 19.031281054550025 ], [ 72.879070829391452, 19.031257105581361 ], [ 72.879048447499486, 19.031204472136242 ], [ 72.879026062794139, 19.031151836850501 ], [ 72.878977992720465, 19.031036560727397 ], [ 72.87896404075326, 19.031003103969169 ], [ 72.878940028159334, 19.030946281366621 ], [ 72.878940016146601, 19.030946255033694 ], [ 72.878921928811465, 19.030903452466148 ], [ 72.878878508720831, 19.030801958606958 ], [ 72.878876194807603, 19.030799136394496 ], [ 72.878818966338841, 19.030729322551739 ], [ 72.878818860646717, 19.030729193976036 ], [ 72.878784420541066, 19.030687178202406 ], [ 72.878783652401367, 19.030647533685531 ], [ 72.878783651735631, 19.030647499353453 ], [ 72.87878347664001, 19.030638476337813 ], [ 72.878778532381261, 19.030577051966823 ], [ 72.878771557637123, 19.030496321164552 ], [ 72.878769869634525, 19.030479737524168 ], [ 72.878768800003087, 19.030469206604135 ], [ 72.878747598809255, 19.030395337160115 ], [ 72.878739674047978, 19.030371259601697 ], [ 72.878739658283195, 19.030371211619318 ], [ 72.878719848625238, 19.030311021090295 ], [ 72.878705343935692, 19.0302722584584 ], [ 72.878692196065757, 19.030248261905033 ], [ 72.873913399067732, 19.030193308279557 ] ] ] } },
{ "type": "Feature", "properties": { "grid_id": "cell_0362", "ward_id": "B", "ward_gid": 2, "NDVI_prev": 0.18520176004322983, "LST_C": 36.064236748255837, "NDVI": 0.17713885166795815, "pop_density_km2": 102278.957609566, "elderly_pct": 5.585984471585367, "slum_pct": 0.52099240009016867, "hospital_dist_m": 370.45236517840874, "impervious_pct": 86.46790961422802 }, "geometry": { "type": "Polygon", "coordinates": [ [ [ 72.846354509753539, 18.957612969651088 ], [ 72.836862493514104, 18.957502390752477 ], [ 72.836797878974082, 18.962511683193338 ], [ 72.836865785977466, 18.962514513460839 ], [ 72.837044055472518, 18.962531022972229 ], [ 72.837154214096927, 18.96254350517361 ], [ 72.83724638945634, 18.962555423263399 ], [ 72.837275407968761, 18.962560349739558 ], [ 72.837320877101305, 18.962570949268379 ], [ 72.837336704124709, 18.962576611430283 ], [ 72.837375702241545, 18.962593550354551 ], [ 72.837403953004412, 18.962608907739096 ], [ 72.837429795877114, 18.962626348832273 ], [ 72.837451598037077, 18.962645130156854 ], [ 72.837468339524648, 18.962663510964791 ], [ 72.837499116292037, 18.962706863693516 ], [ 72.837525004422886, 18.962756278940201 ], [ 72.837572861368059, 18.962867577450517 ], [ 72.83765531739823, 18.963075159224356 ], [ 72.83770492598525, 18.963210980926522 ], [ 72.837729582345375, 18.963282009460077 ], [ 72.837769778141833, 18.963397794426161 ], [ 72.83779678684509, 18.963475174145863 ], [ 72.837806857531788, 18.963504718146734 ], [ 72.837979306552413, 18.964010546748135 ], [ 72.838025775866484, 18.964097639653176 ], [ 72.83808395656699, 18.964206689329643 ], [ 72.838109043336587, 18.964253709656489 ], [ 72.838123334610827, 18.964270550667582 ], [ 72.838258698708302, 18.964430072152272 ], [ 72.83826250766505, 18.964434560653544 ], [ 72.838262545256185, 18.964434605171462 ], [ 72.838289834301563, 18.964466765617864 ], [ 72.838382929147713, 18.964573653836545 ], [ 72.838382894334671, 18.964573703109629 ], [ 72.838543242693959, 18.964758791974532 ], [ 72.838666980659937, 18.964917045757776 ], [ 72.838719581775905, 18.964984320271391 ], [ 72.838753664762876, 18.965027912855813 ], [ 72.838816137260025, 18.965107811805254 ], [ 72.838911778337035, 18.96497487112596 ], [ 72.838992301949688, 18.964862942709217 ], [ 72.839060192537517, 18.964768577106568 ], [ 72.839161239630528, 18.964627189704117 ], [ 72.839176541451877, 18.964607473884005 ], [ 72.839192232614167, 18.964590476002744 ], [ 72.83920309702448, 18.964579230685676 ], [ 72.839216284366501, 18.964564981121317 ], [ 72.839229144156874, 18.964553752758142 ], [ 72.839248212787908, 18.9645412076102 ], [ 72.839277288455207, 18.964525894183318 ], [ 72.839349164477809, 18.964498475025607 ], [ 72.839441361793163, 18.964469819666505 ], [ 72.839539134409094, 18.964447088751445 ], [ 72.839788256491289, 18.964400486663823 ], [ 72.839885550751546, 18.964380171624246 ], [ 72.840416125244545, 18.964269386239273 ], [ 72.84041987529406, 18.964268870843995 ], [ 72.841120967240471, 18.96416098555143 ], [ 72.84147730952624, 18.964106149258605 ], [ 72.841722529998378, 18.964071331747295 ], [ 72.841810952117456, 18.964056167458207 ], [ 72.8419018271277, 18.964040583686739 ], [ 72.842030574923669, 18.964020197677435 ], [ 72.842174484820902, 18.963997411204492 ], [ 72.842307776443533, 18.963956874642317 ], [ 72.842352807124243, 18.963943179135846 ], [ 72.842386772278118, 18.963932472782968 ], [ 72.842435735824168, 18.963917038219847 ], [ 72.842505847573747, 18.963902134509176 ], [ 72.842613188466515, 18.963879914402582 ], [ 72.84276299525763, 18.96384890237255 ], [ 72.842790055366279, 18.963843300252783 ], [ 72.843296115321465, 18.963738539097825 ], [ 72.843492148957282, 18.963696983462111 ], [ 72.843914132779361, 18.963607527499871 ], [ 72.844054468007045, 18.963577562112004 ], [ 72.844110764390891, 18.963517231685493 ], [ 72.84415676935933, 18.963489619625555 ], [ 72.844290677108333, 18.963463203132303 ], [ 72.844302728704733, 18.963460825994066 ], [ 72.844333600372494, 18.963456413336814 ], [ 72.844418230620619, 18.963444319882505 ], [ 72.844564606079643, 18.963423401021675 ], [ 72.844610009135337, 18.963420818517893 ], [ 72.844682850436428, 18.963466222349361 ], [ 72.844861355223316, 18.963584349889274 ], [ 72.844966981997587, 18.963510579893363 ], [ 72.84530055258368, 18.963277613715483 ], [ 72.845436064586721, 18.963310592037224 ], [ 72.845564511894551, 18.96334183060166 ], [ 72.845620557072763, 18.963355460581703 ], [ 72.845639317969315, 18.963360024396348 ], [ 72.845877357252292, 18.963417915507403 ], [ 72.845921487973911, 18.963428648267676 ], [ 72.845938375941245, 18.963432754898527 ], [ 72.845956679745726, 18.963437206781499 ], [ 72.846278765922875, 18.963510773008682 ], [ 72.846354509753539, 18.957612969651088 ] ] ] } },
{ "type": "Feature", "properties": { "grid_id": "cell_0363", "ward_id": "T", "ward_gid": 13, "NDVI_prev": 0.67591653310267397, "LST_C": 27.60326154666204, "NDVI": 0.68217214710101737, "pop_density_km2": 6697.3126177866425, "elderly_pct": 4.7571458742643991, "slum_pct": 0.0, "hospital_dist_m": 2027.0378371664101, "impervious_pct": 0.0 }, "geometry": { "type": "Polygon", "coordinates": [ [ [ 72.928868504012314, 19.193410119297212 ], [ 72.928755453318402, 19.202441675268858 ], [ 72.935528285073886, 19.202518089616742 ], [ 72.935550969501648, 19.201532019142075 ], [ 72.935483051478926, 19.199987993487024 ], [ 72.93532674066519, 19.19669256590468 ], [ 72.935329605625313, 19.193997446056169 ], [ 72.935329697627182, 19.193997387475282 ], [ 72.935727850217248, 19.193487473161284 ], [ 72.928868504012314, 19.193410119297212 ] ] ] } },
{ "type": "Feature", "properties": { "grid_id": "cell_0364", "ward_id": "N", "ward_gid": 10, "NDVI_prev": 0.27745203868288304, "LST_C": 36.32810958853446, "NDVI": 0.30573655831347785, "pop_density_km2": 60987.909413948881, "elderly_pct": 4.7571458733528793, "slum_pct": 28.495084506003458, "hospital_dist_m": 447.93490946270447, "impervious_pct": 75.87123506282505 }, "geometry": { "type": "Polygon", "coordinates": [ [ [ 72.90160721326022, 19.0937398324591 ], [ 72.901721046310101, 19.084708326499918 ], [ 72.89302370975696, 19.084609065179571 ], [ 72.893023486397084, 19.084609557616776 ], [ 72.892973045144956, 19.084707989801494 ], [ 72.892824104922369, 19.084881192311069 ], [ 72.892769881230109, 19.084945530341599 ], [ 72.892750397944454, 19.084969156701717 ], [ 72.892725568137365, 19.084999266142979 ], [ 72.892671398800331, 19.085083777633209 ], [ 72.894418530911167, 19.085716844509754 ], [ 72.894385088625313, 19.085832996533355 ], [ 72.894372838179379, 19.085875540843382 ], [ 72.894339266396528, 19.08599214210674 ], [ 72.894320177334464, 19.086061050492148 ], [ 72.894235065199297, 19.086368289045236 ], [ 72.894218799538891, 19.086430310978912 ], [ 72.894204805959404, 19.086485573283735 ], [ 72.89419484086018, 19.086528952886869 ], [ 72.894186539103615, 19.086567450791005 ], [ 72.894180901039164, 19.086595044938392 ], [ 72.894172076289365, 19.08664047601771 ], [ 72.894173571053287, 19.086667194372072 ], [ 72.894174529129458, 19.086678752167643 ], [ 72.894176645343151, 19.086696818884285 ], [ 72.894182371722025, 19.08673753145019 ], [ 72.894203287568487, 19.086886229330741 ], [ 72.894232180958667, 19.087043902782533 ], [ 72.894345446333858, 19.087420906317156 ], [ 72.894487726309819, 19.087780575015998 ], [ 72.894577718301235, 19.088121317832091 ], [ 72.89460064703718, 19.088243872857124 ], [ 72.89460590189438, 19.088271960307015 ], [ 72.894616342261486, 19.088327761974721 ], [ 72.894617861605454, 19.088345713076595 ], [ 72.894619619022237, 19.08836648223366 ], [ 72.89462232026753, 19.088417245811986 ], [ 72.89462330973214, 19.088476816143135 ], [ 72.894622304554971, 19.088527446090577 ], [ 72.894616936127562, 19.088610567121723 ], [ 72.894442540046811, 19.090141898061376 ], [ 72.894432981335385, 19.09022582768424 ], [ 72.894409447305478, 19.090432465632261 ], [ 72.894404741093624, 19.09047378389818 ], [ 72.894392881048631, 19.090575888268656 ], [ 72.894349138279807, 19.090973343406528 ], [ 72.894342821691481, 19.091030734011177 ], [ 72.894408231270006, 19.091055497144421 ], [ 72.894556386007011, 19.091125004978053 ], [ 72.894571441887976, 19.091130894613254 ], [ 72.894614754219589, 19.091147837675461 ], [ 72.894684805864358, 19.091170691610902 ], [ 72.894786877462792, 19.091195881818397 ], [ 72.894794142215943, 19.091197674867505 ], [ 72.894892804276267, 19.091216203256419 ], [ 72.89488478725319, 19.091336898221986 ], [ 72.894825991199127, 19.091943046733167 ], [ 72.894974075546131, 19.092284660953332 ], [ 72.895338931048329, 19.092189145527247 ], [ 72.895456600766863, 19.092171314548992 ], [ 72.895703609170468, 19.09213388403478 ], [ 72.895856568244938, 19.091977767184478 ], [ 72.89594382913512, 19.091579416726049 ], [ 72.896233764072775, 19.091589206221183 ], [ 72.896501548789146, 19.091598247576524 ], [ 72.896740863027503, 19.091625901253224 ], [ 72.897210001661165, 19.092028416857676 ], [ 72.897283402352116, 19.092091393772204 ], [ 72.89773706120431, 19.092305002319112 ], [ 72.897828358104775, 19.092372625102037 ], [ 72.898023035152207, 19.092516820228315 ], [ 72.898387396466561, 19.092589161535749 ], [ 72.898434764349631, 19.092749341577907 ], [ 72.898691694899412, 19.09299379739976 ], [ 72.898691838055683, 19.092993933766184 ], [ 72.898736972547042, 19.093036876748258 ], [ 72.898823209998596, 19.093099299875472 ], [ 72.898935419170755, 19.093180522971501 ], [ 72.89903313123358, 19.093251251919547 ], [ 72.899038596093746, 19.093255207719981 ], [ 72.899168654205255, 19.093349350238285 ], [ 72.899244873096535, 19.093490911974524 ], [ 72.899412501768481, 19.093714811920986 ], [ 72.90160721326022, 19.0937398324591 ] ] ] } },
{ "type": "Feature", "properties": { "grid_id": "cell_0365", "ward_id": "P/S", "ward_gid": 20, "NDVI_prev": 0.46454972505573316, "LST_C": 33.126086706571357, "NDVI": 0.47184097467976982, "pop_density_km2": 48998.301148866238, "elderly_pct": 4.7571458748782947, "slum_pct": 11.219817087445211, "hospital_dist_m": 1416.1882373424653, "impervious_pct": 33.127310536044355 }, "geometry": { "type": "Polygon", "coordinates": [ [ [ 72.891261508977848, 19.160262113769512 ], [ 72.891025763090923, 19.160258261452434 ], [ 72.890468860712176, 19.159889566584241 ], [ 72.890465024513958, 19.159390156472337 ], [ 72.890451153036665, 19.158470045405803 ], [ 72.890459332395238, 19.158260738968448 ], [ 72.890457536443435, 19.157858471740656 ], [ 72.890456527545496, 19.157632547975016 ], [ 72.89045652726584, 19.157632489259303 ], [ 72.890318625672222, 19.157528834741704 ], [ 72.889961783133401, 19.157260607307666 ], [ 72.889413007740202, 19.156848107390733 ], [ 72.889453312824557, 19.156829958753335 ], [ 72.881801245420007, 19.156741858100759 ], [ 72.881699890098744, 19.164675631777435 ], [ 72.882046045727847, 19.164542294712081 ], [ 72.883682105898174, 19.163968093946302 ], [ 72.88439092102027, 19.163743453826562 ], [ 72.885546663333415, 19.163409490956884 ], [ 72.885607189294589, 19.163392001299933 ], [ 72.885665773558657, 19.163375071975803 ], [ 72.886000963791417, 19.163278212274442 ], [ 72.886138590755991, 19.163240160720729 ], [ 72.88620221072523, 19.163222570050774 ], [ 72.887389955784982, 19.162936409634082 ], [ 72.887844482678901, 19.162826899667593 ], [ 72.887930513212268, 19.162798560481161 ], [ 72.888074153553418, 19.162751243869987 ], [ 72.888199708526983, 19.162709883883871 ], [ 72.888699997671011, 19.162602383753747 ], [ 72.889011534817726, 19.162583995063198 ], [ 72.889293132543401, 19.162568310504103 ], [ 72.889587728742725, 19.162588517184258 ], [ 72.889602788502671, 19.162617015093439 ], [ 72.890065183300976, 19.162737552682419 ], [ 72.890371771590651, 19.162840823763055 ], [ 72.89056683648019, 19.162909562813446 ], [ 72.890705757510489, 19.162990956386718 ], [ 72.890872411410456, 19.16309261896426 ], [ 72.890975925527229, 19.163206854032648 ], [ 72.891218022174897, 19.163429078771575 ], [ 72.891221195960355, 19.163431701084328 ], [ 72.891261508977848, 19.160262113769512 ] ] ] } },
{ "type": "Feature", "properties": { "grid_id": "cell_0366", "ward_id": "G/N", "ward_gid": 9, "NDVI_prev": 0.17814052284223494, "LST_C": 37.901045080504318, "NDVI": 0.19178967850313031, "pop_density_km2": 88019.695250043602, "elderly_pct": 5.5859844896836695, "slum_pct": 61.02721159050202, "hospital_dist_m": 206.60836701853475, "impervious_pct": 93.872480436901057 }, "geometry": { "type": "Polygon", "coordinates": [ [ [ 72.854804846449142, 19.039004966659853 ], [ 72.854688769424371, 19.048036241812216 ], [ 72.864186032918525, 19.048146410971341 ], [ 72.864190438953841, 19.047802173142415 ], [ 72.863774950960632, 19.047206162174223 ], [ 72.863625177062573, 19.046985072808152 ], [ 72.863550878277437, 19.046873967196955 ], [ 72.863405157714652, 19.046664325648038 ], [ 72.863212357696241, 19.046387620569476 ], [ 72.863210662932161, 19.046385189225617 ], [ 72.863210624699065, 19.046385133683692 ], [ 72.863210606040028, 19.046385107272926 ], [ 72.86320646376879, 19.046379167305499 ], [ 72.863195986937683, 19.046364246883968 ], [ 72.863172647927669, 19.046331681267098 ], [ 72.863158994944243, 19.04631214812127 ], [ 72.863105716853042, 19.046235927833919 ], [ 72.863105010718101, 19.046234919741824 ], [ 72.862878126430289, 19.045909672930403 ], [ 72.862731965123103, 19.045702605598954 ], [ 72.862659789918197, 19.04559324141696 ], [ 72.862510214043638, 19.04537878633764 ], [ 72.862386940399588, 19.045201450222184 ], [ 72.862257564368875, 19.045015351231751 ], [ 72.862169186167776, 19.044880261186762 ], [ 72.862099820357187, 19.044777125785284 ], [ 72.862007713329504, 19.044640920310957 ], [ 72.861985626149576, 19.044600684096029 ], [ 72.861857147545294, 19.044411701225457 ], [ 72.861726318925008, 19.044221487007373 ], [ 72.861568101363474, 19.0439895677514 ], [ 72.861425361915977, 19.043782187004073 ], [ 72.861370877551153, 19.043703637288033 ], [ 72.861267655236759, 19.043547152689801 ], [ 72.861183876036606, 19.043442358715389 ], [ 72.860921521327228, 19.043036779909801 ], [ 72.860831660039722, 19.042908103442706 ], [ 72.860633722349505, 19.042628481543705 ], [ 72.86047376414858, 19.042400756937852 ], [ 72.860297352275381, 19.042147773171919 ], [ 72.860123385394061, 19.041901932641515 ], [ 72.859984462705185, 19.041701904514525 ], [ 72.859842263386525, 19.041490543891509 ], [ 72.859731950832526, 19.041332470692055 ], [ 72.859594155382155, 19.041136973542699 ], [ 72.859502740801403, 19.041006548817403 ], [ 72.859216023290486, 19.040585097120136 ], [ 72.858873725976878, 19.040105470591058 ], [ 72.858716024850281, 19.039884375671384 ], [ 72.858116191836857, 19.039043416545674 ], [ 72.854804846449142, 19.039004966659853 ] ] ] } },
{ "type": "Feature", "properties": { "grid_id": "cell_0367", "ward_id": "F/N", "ward_gid": 8, "NDVI_prev": 0.24135172030295735, "LST_C": 34.896697154444276, "NDVI": 0.25441275963035931, "pop_density_km2": 57054.603339502224, "elderly_pct": 5.0011077992919875, "slum_pct": 3.0568982919800298, "hospital_dist_m": 450.05737791124147, "impervious_pct": 50.65855390511765 }, "geometry": { "type": "Polygon", "coordinates": [ [ [ 72.87379841286814, 19.039224704965768 ], [ 72.87368336169348, 19.048256092159878 ], [ 72.877387999930519, 19.048298743175142 ], [ 72.877535538113491, 19.048185619021787 ], [ 72.877923687914773, 19.047980973779737 ], [ 72.877924428578936, 19.047980583267375 ], [ 72.877933721515461, 19.047975683762004 ], [ 72.87803038515348, 19.047912914724911 ], [ 72.878118542720216, 19.047858845267346 ], [ 72.878231797457815, 19.047823675910319 ], [ 72.878231768196088, 19.047823640490741 ], [ 72.878295691044599, 19.047803765484719 ], [ 72.878328854063682, 19.047793453832423 ], [ 72.878328880761799, 19.047793448828145 ], [ 72.878347955033433, 19.047789873374541 ], [ 72.87836411337949, 19.047791590200088 ], [ 72.878382203388398, 19.04779871635353 ], [ 72.8784203683539, 19.047827411327901 ], [ 72.878460520842211, 19.047852042738061 ], [ 72.8785259818913, 19.047878985722605 ], [ 72.878632582780938, 19.047893994268556 ], [ 72.878712146298696, 19.047897953837669 ], [ 72.878787442648374, 19.047900370307538 ], [ 72.878841567625727, 19.047898270905907 ], [ 72.878874522217643, 19.04789416911073 ], [ 72.878917496413578, 19.047888820161585 ], [ 72.878948574311877, 19.047883600568984 ], [ 72.878948726602758, 19.047883576124502 ], [ 72.878956194169717, 19.047882259174258 ], [ 72.879001480807148, 19.047869975798712 ], [ 72.879040795826739, 19.047859241538522 ], [ 72.879115681937648, 19.047834445659745 ], [ 72.879181982288387, 19.047812439308775 ], [ 72.879217671071416, 19.047800438024286 ], [ 72.879288451362498, 19.047772759508383 ], [ 72.879320373249612, 19.047758155505008 ], [ 72.879352265641927, 19.047738846004858 ], [ 72.879396852268741, 19.047706372640839 ], [ 72.87939689445885, 19.047706341511098 ], [ 72.87941024056245, 19.047696446864137 ], [ 72.879479229355923, 19.047639164567716 ], [ 72.879518227396133, 19.047603659696517 ], [ 72.879518249492548, 19.047603640078393 ], [ 72.879531817113758, 19.047591187185944 ], [ 72.879547996815816, 19.047575376127703 ], [ 72.879571783005332, 19.047551948450216 ], [ 72.879601915080485, 19.047508429004949 ], [ 72.879765724408102, 19.047267273626762 ], [ 72.87998717563643, 19.046914979342837 ], [ 72.880018453808106, 19.046783242082004 ], [ 72.879870094672, 19.046092748921726 ], [ 72.879787174764644, 19.045641559432244 ], [ 72.879786773373439, 19.045634948275566 ], [ 72.879788621493972, 19.04562398208386 ], [ 72.879791112937781, 19.045609555614348 ], [ 72.879793010766292, 19.045597517807444 ], [ 72.879801813679066, 19.045576840025589 ], [ 72.879812092315902, 19.04554407803592 ], [ 72.879823446059774, 19.04550728895525 ], [ 72.879832918410926, 19.045470692299464 ], [ 72.879832919732493, 19.04547068696726 ], [ 72.879832920940544, 19.045470681597621 ], [ 72.879832929602443, 19.045470642784089 ], [ 72.879834542371057, 19.045464295037061 ], [ 72.879836166171785, 19.045456555471596 ], [ 72.879836172191375, 19.045456530249087 ], [ 72.879842450625887, 19.045425587562107 ], [ 72.879842718103859, 19.045424271854955 ], [ 72.879849264985836, 19.045392011664887 ], [ 72.879862582725835, 19.045319056374012 ], [ 72.879871722226099, 19.045271955366388 ], [ 72.879876616519383, 19.045256953110634 ], [ 72.879888274474183, 19.04522911354233 ], [ 72.879888318554023, 19.045229008365645 ], [ 72.879888886387008, 19.04522760216825 ], [ 72.879889718036139, 19.04522554232128 ], [ 72.87990976965915, 19.045189198199747 ], [ 72.879909997160183, 19.045188786210421 ], [ 72.879914803130006, 19.045180063402508 ], [ 72.879919655107415, 19.045168316961597 ], [ 72.879922766142997, 19.04512904131159 ], [ 72.879930477927729, 19.045100786968309 ], [ 72.879932178106472, 19.045094137626911 ], [ 72.879942936825714, 19.045068965930575 ], [ 72.879947917830961, 19.045050052587861 ], [ 72.879950991741026, 19.045032018805077 ], [ 72.879951223128984, 19.045013055418288 ], [ 72.879950288563734, 19.045001837328225 ], [ 72.879949274136081, 19.04499278162594 ], [ 72.879947858224696, 19.044989390729217 ], [ 72.879942169567713, 19.044976824069504 ], [ 72.879935666849292, 19.044965007711767 ], [ 72.879935728463579, 19.044959932922779 ], [ 72.879935596488977, 19.044956414057687 ], [ 72.879937402291404, 19.044948702775798 ], [ 72.879946182919426, 19.044930896233502 ], [ 72.879982377153183, 19.044876770507742 ], [ 72.879987231605895, 19.044868267749116 ], [ 72.879987258817565, 19.04486821928489 ], [ 72.880011477135639, 19.044824941602911 ], [ 72.880021452323248, 19.044805442492553 ], [ 72.880027572846146, 19.044792908510875 ], [ 72.880032914180759, 19.044776285489576 ], [ 72.880041335028835, 19.044752776955146 ], [ 72.880044397635757, 19.044747521657783 ], [ 72.880047459327187, 19.044742263639993 ], [ 72.880068955707969, 19.044699777564027 ], [ 72.88007949233041, 19.044678327502947 ], [ 72.8800857448241, 19.044658543549634 ], [ 72.88008867973835, 19.044648758671311 ], [ 72.880091818616179, 19.044625308694865 ], [ 72.880093134195832, 19.044613864870374 ], [ 72.880091257323869, 19.044584471547207 ], [ 72.880091259716565, 19.044584432733895 ], [ 72.880091262985843, 19.044584405673223 ], [ 72.880091859292861, 19.044577460924859 ], [ 72.880091745739193, 19.044553122705587 ], [ 72.880088856658503, 19.04454239836819 ], [ 72.880079977303424, 19.044522587839094 ], [ 72.880076100588497, 19.044514239510875 ], [ 72.880063526561202, 19.044487453010813 ], [ 72.880062813168905, 19.044478333490407 ], [ 72.880061819295136, 19.044469385080188 ], [ 72.880062324775665, 19.044459725853162 ], [ 72.880062459329437, 19.044452871548053 ], [ 72.880069180480589, 19.044432084923567 ], [ 72.880080224375916, 19.044409358037889 ], [ 72.880092535448028, 19.044392608218875 ], [ 72.880094632582868, 19.044389852932348 ], [ 72.88009464125652, 19.044389843095956 ], [ 72.880109655100881, 19.044369768656466 ], [ 72.880120762208392, 19.044358319293288 ], [ 72.880123133098806, 19.044355820645567 ], [ 72.880137593106198, 19.044340687074474 ], [ 72.880153373383422, 19.044331239421663 ], [ 72.880171847613795, 19.044321629408628 ], [ 72.880175149770025, 19.04431987343364 ], [ 72.880180569237851, 19.04431698919942 ], [ 72.880193625006541, 19.044308015180249 ], [ 72.880208218086111, 19.044287488777471 ], [ 72.880208276158868, 19.044287403633408 ], [ 72.880209822733804, 19.044285218310762 ], [ 72.88022481050966, 19.044250815824608 ], [ 72.880250694410321, 19.044168521326064 ], [ 72.880264479689103, 19.044124692002814 ], [ 72.880264512008296, 19.044124588389078 ], [ 72.880282427290666, 19.04406709580541 ], [ 72.880293281069456, 19.044034652906646 ], [ 72.880293298806649, 19.044034602526985 ], [ 72.880304034088596, 19.044001991160464 ], [ 72.880324733067567, 19.043951591290512 ], [ 72.880324735105816, 19.043951586363981 ], [ 72.880324737106108, 19.043951581437014 ], [ 72.880333131214613, 19.043930993762356 ], [ 72.880356204728074, 19.043874401246814 ], [ 72.880379515743016, 19.043824386388138 ], [ 72.880387059102574, 19.043797489504183 ], [ 72.880420219159546, 19.043653750186849 ], [ 72.88042023914457, 19.043653522791214 ], [ 72.880432964618421, 19.043509586731613 ], [ 72.880432971931597, 19.043509534425699 ], [ 72.880437497445001, 19.043456618386145 ], [ 72.880436707580373, 19.043455293425346 ], [ 72.880436678077075, 19.043455244129078 ], [ 72.880418856794506, 19.043425711959205 ], [ 72.880420399418583, 19.043399530201103 ], [ 72.880420929739728, 19.043387161432189 ], [ 72.880421139426346, 19.043386955183799 ], [ 72.880431634665811, 19.043380421287061 ], [ 72.880443625389859, 19.04337243312942 ], [ 72.880443634990201, 19.043372425110217 ], [ 72.880447418618076, 19.043369852677717 ], [ 72.880459672798452, 19.043354431789457 ], [ 72.880463805217957, 19.043344624087297 ], [ 72.88046973597676, 19.04332956187768 ], [ 72.880478223860621, 19.043298892015567 ], [ 72.880487252454458, 19.043255261857542 ], [ 72.880489443718659, 19.043238434629796 ], [ 72.880491172847385, 19.043223293024788 ], [ 72.880495087479233, 19.043210179076123 ], [ 72.880499277502352, 19.043195125346394 ], [ 72.880503834282251, 19.043177369617862 ], [ 72.880509738829787, 19.043152737381867 ], [ 72.880522739416747, 19.043103891257761 ], [ 72.880538439639309, 19.043030645267471 ], [ 72.880545850275013, 19.042995577667476 ], [ 72.880545859247874, 19.042995535280479 ], [ 72.880565677153712, 19.042899314811535 ], [ 72.88056840308623, 19.042886234180397 ], [ 72.880586318654011, 19.042781092801427 ], [ 72.880601791495167, 19.042712657737532 ], [ 72.880601967636395, 19.042711876621063 ], [ 72.880603115605567, 19.042704052992892 ], [ 72.880606766893379, 19.04267681693139 ], [ 72.880608655545657, 19.042666016485679 ], [ 72.880612424735574, 19.042644456148249 ], [ 72.880613006022088, 19.042640044003818 ], [ 72.880613809549885, 19.042636531362866 ], [ 72.880614436342228, 19.042632948946967 ], [ 72.880617007203952, 19.042622579970207 ], [ 72.880644994428522, 19.042500341424024 ], [ 72.880648929064975, 19.042463206014585 ], [ 72.880648935382425, 19.042463157310291 ], [ 72.880649514176895, 19.042459839002408 ], [ 72.880655181809828, 19.042427303996405 ], [ 72.880663743461795, 19.042405703840128 ], [ 72.880665658056358, 19.042391961725517 ], [ 72.880668449687604, 19.042371909468741 ], [ 72.880669503973351, 19.042358970423052 ], [ 72.880668940090217, 19.042354231692993 ], [ 72.880668310326641, 19.042348921336945 ], [ 72.880668259057117, 19.042339942198875 ], [ 72.880668842265223, 19.042336276180794 ], [ 72.880669346942994, 19.042333109675155 ], [ 72.880670636680875, 19.04232968029789 ], [ 72.880675299345924, 19.042317271354904 ], [ 72.880688819369411, 19.042285631324699 ], [ 72.880699147119572, 19.042261459948701 ], [ 72.880705102920231, 19.042246700175831 ], [ 72.88070874861387, 19.042234789905045 ], [ 72.88070875556194, 19.042234691527888 ], [ 72.880709281910981, 19.042227648416183 ], [ 72.880709350325404, 19.04222674863691 ], [ 72.880709483092346, 19.042221528330732 ], [ 72.880710118123659, 19.042216473671036 ], [ 72.880710599900524, 19.04221002349896 ], [ 72.880711040137925, 19.042204151848967 ], [ 72.880711897717333, 19.042199224396359 ], [ 72.880712139609415, 19.042197828001306 ], [ 72.880716546362734, 19.042172507420613 ], [ 72.880727706972735, 19.0421336086788 ], [ 72.880732234949932, 19.042122979444478 ], [ 72.880733806444908, 19.042118005992009 ], [ 72.880731121606729, 19.041925552375233 ], [ 72.88073121665083, 19.041915438596931 ], [ 72.880731094396211, 19.041909590296452 ], [ 72.880731362296743, 19.041899935559741 ], [ 72.880732271633434, 19.041803770734262 ], [ 72.880732299161224, 19.041794728367694 ], [ 72.880732299186064, 19.041794723418018 ], [ 72.880732299211374, 19.04179471843225 ], [ 72.880732383914534, 19.041766945515374 ], [ 72.880732103026034, 19.041762360881286 ], [ 72.880726321025136, 19.04174884383297 ], [ 72.880717708126738, 19.041738049269547 ], [ 72.880708151817672, 19.041728169730593 ], [ 72.880707949829429, 19.041727694998823 ], [ 72.880706862857721, 19.041726675367531 ], [ 72.880704942335228, 19.041721658208264 ], [ 72.880704537130015, 19.041716989948853 ], [ 72.880705279293096, 19.041713596737615 ], [ 72.880705245044908, 19.041713226905081 ], [ 72.880705210202478, 19.041712829064181 ], [ 72.880709209558376, 19.0416944581156 ], [ 72.880716907563325, 19.041659106518161 ], [ 72.880698374118154, 19.041566944883307 ], [ 72.880685946481279, 19.041505141054113 ], [ 72.880685893019262, 19.041504863134975 ], [ 72.88068716757256, 19.041503302457695 ], [ 72.880686829501329, 19.041501576031358 ], [ 72.880744348696211, 19.041432617433294 ], [ 72.880777318937902, 19.041376027332607 ], [ 72.880779578615389, 19.041371387861815 ], [ 72.880782068567754, 19.0413662668795 ], [ 72.880786495920688, 19.041339020747177 ], [ 72.880807187727967, 19.041211711395608 ], [ 72.880821460572079, 19.041127717147742 ], [ 72.880835732424771, 19.041043724692049 ], [ 72.880844956408396, 19.040993510052349 ], [ 72.88084887126773, 19.040971092358912 ], [ 72.880855556236597, 19.040932781732305 ], [ 72.880874762423133, 19.040810855081101 ], [ 72.880880013940981, 19.040771956222887 ], [ 72.880887275415446, 19.040735892332979 ], [ 72.880887301856816, 19.040735617137706 ], [ 72.880887891378705, 19.040729495185722 ], [ 72.880888977482641, 19.040718236590905 ], [ 72.880888983150072, 19.040718185205435 ], [ 72.88088898354377, 19.040718181127144 ], [ 72.880888983937481, 19.040718177048863 ], [ 72.880893181739509, 19.040674665714072 ], [ 72.880899001589327, 19.040614339569839 ], [ 72.880899935563079, 19.040604664475609 ], [ 72.880927319778266, 19.040433871483561 ], [ 72.880942091730304, 19.0403115913101 ], [ 72.88097728205932, 19.040027987575115 ], [ 72.880987327012335, 19.039957308709422 ], [ 72.880997346953009, 19.039887102870939 ], [ 72.881006128164159, 19.039825588575546 ], [ 72.881010880979076, 19.039792298737378 ], [ 72.881017935639207, 19.039742887474613 ], [ 72.881020246798656, 19.039703282814536 ], [ 72.881020248092241, 19.039703255731141 ], [ 72.881020249477544, 19.039703221422592 ], [ 72.881020648323783, 19.039696418017368 ], [ 72.881020628429596, 19.039696264232276 ], [ 72.881020463927115, 19.0396947818763 ], [ 72.881019063916199, 19.039682206670705 ], [ 72.881020010626685, 19.039674145872588 ], [ 72.881024467461472, 19.039659460100072 ], [ 72.88105737450158, 19.039577276685847 ], [ 72.881083295986812, 19.039493708751102 ], [ 72.881087881851201, 19.039472073755661 ], [ 72.881088627461537, 19.039468556831547 ], [ 72.881089618041912, 19.039460706095852 ], [ 72.881108773575349, 19.039308758456837 ], [ 72.87379841286814, 19.039224704965768 ] ] ] } },
{ "type": "Feature", "properties": { "grid_id": "cell_0368", "ward_id": "G/S", "ward_gid": 7, "NDVI_prev": 0.18878348218613178, "LST_C": 34.541255486249888, "NDVI": 0.20762968990187411, "pop_density_km2": 54948.302521459016, "elderly_pct": 5.5859844829962615, "slum_pct": 0.23976152836782202, "hospital_dist_m": 666.75902437711545, "impervious_pct": 84.167916335871865 }, "geometry": { "type": "Polygon", "coordinates": [ [ [ 72.826902071579255, 18.993516032561427 ], [ 72.826784787849647, 19.002547185354629 ], [ 72.834107979994528, 19.002633112460288 ], [ 72.834089955705423, 19.002577567848217 ], [ 72.833978615146918, 19.002220122351371 ], [ 72.833646350708761, 19.001260285087138 ], [ 72.8336055713755, 19.001067574574112 ], [ 72.833590228359938, 19.001000000176859 ], [ 72.83355800691541, 19.00084688117806 ], [ 72.833341370089713, 18.999903800590648 ], [ 72.833104570442913, 18.998340398376698 ], [ 72.833021913647954, 18.996401939260348 ], [ 72.833068445265923, 18.995088282742181 ], [ 72.833077402698706, 18.994861708286329 ], [ 72.833049027821602, 18.993588144819547 ], [ 72.826902071579255, 18.993516032561427 ] ] ] } },
{ "type": "Feature", "properties": { "grid_id": "cell_0369", "ward_id": "S", "ward_gid": 12, "NDVI_prev": 0.45082466502879404, "LST_C": 30.553708175047984, "NDVI": 0.50687341808796516, "pop_density_km2": 60702.658101575136, "elderly_pct": 4.7571458748463176, "slum_pct": 0.0, "hospital_dist_m": 668.10539367900424, "impervious_pct": 9.269985531961435 }, "geometry": { "type": "Polygon", "coordinates": [ [ [ 72.957943315095548, 19.148571307428966 ], [ 72.948439748855066, 19.14846542800068 ], [ 72.94833812972216, 19.156682222783079 ], [ 72.952109569909325, 19.155795025990901 ], [ 72.954444475136796, 19.155247935591667 ], [ 72.956927379562075, 19.154680150977065 ], [ 72.955631666926067, 19.152748335953078 ], [ 72.954681329522643, 19.151298425153584 ], [ 72.955280367432408, 19.150874795362235 ], [ 72.955412003209034, 19.15077615242279 ], [ 72.955533960276071, 19.150648799335301 ], [ 72.955726485990667, 19.150493629139298 ], [ 72.955959017559849, 19.150348437962315 ], [ 72.956241292277753, 19.15023716927357 ], [ 72.956457778687238, 19.150172838825419 ], [ 72.956578443052365, 19.150150345796703 ], [ 72.956708903536139, 19.150147029871981 ], [ 72.956884209576202, 19.150168047850023 ], [ 72.95708949107113, 19.15019893316309 ], [ 72.957229689069067, 19.150219560428688 ], [ 72.95777106507856, 19.15024941496862 ], [ 72.9579229763673, 19.150223860304621 ], [ 72.957943315095548, 19.148571307428966 ] ] ] } },
{ "type": "Feature", "properties": { "grid_id": "cell_0370", "ward_id": "M/E", "ward_gid": 16, "NDVI_prev": 0.41107697153509076, "LST_C": 32.792895618587735, "NDVI": 0.4354707367407411, "pop_density_km2": 34239.995319895344, "elderly_pct": 4.7571458679772434, "slum_pct": 0.0, "hospital_dist_m": 3440.577948880858, "impervious_pct": 41.98301785776831 }, "geometry": { "type": "Polygon", "coordinates": [ [ [ 72.921620538615272, 19.012670469487041 ], [ 72.921508242881828, 19.021702160812691 ], [ 72.931004419041372, 19.02180875067992 ], [ 72.931005760376934, 19.021700405486204 ], [ 72.930998075582053, 19.021696790709093 ], [ 72.926945689945882, 19.016490139117096 ], [ 72.927055543577779, 19.015466450687853 ], [ 72.924901248788942, 19.01270733217731 ], [ 72.921620538615272, 19.012670469487041 ] ] ] } },
{ "type": "Feature", "properties": { "grid_id": "cell_0371", "ward_id": "H/E", "ward_gid": 18, "NDVI_prev": 0.20458252054082077, "LST_C": 38.261516097922687, "NDVI": 0.2002266888554505, "pop_density_km2": 82895.568768819328, "elderly_pct": 4.7571458641531175, "slum_pct": 30.55311201444983, "hospital_dist_m": 784.61526810740338, "impervious_pct": 75.395807447192269 }, "geometry": { "type": "Polygon", "coordinates": [ [ [ 72.854223805458147, 19.084161247304518 ], [ 72.84472455303532, 19.084050364555228 ], [ 72.844643713646846, 19.09029516274606 ], [ 72.845314532396728, 19.089968038308772 ], [ 72.845876973201939, 19.089753962011862 ], [ 72.845930943175972, 19.089706999818031 ], [ 72.845969963594982, 19.089608616634386 ], [ 72.846186306754191, 19.08955177022953 ], [ 72.84620481722645, 19.089224189270858 ], [ 72.846968261576407, 19.089394830853436 ], [ 72.847170175743955, 19.089431608575783 ], [ 72.847332651488273, 19.089449794123748 ], [ 72.847490155212867, 19.089453960714483 ], [ 72.847672247238805, 19.089453370718086 ], [ 72.847898533987973, 19.089424563466235 ], [ 72.848060805484053, 19.089386603244847 ], [ 72.848198420780989, 19.089334688574947 ], [ 72.84829666515688, 19.089282901892158 ], [ 72.848365281240305, 19.089203138462857 ], [ 72.848414241526953, 19.089132794880509 ], [ 72.848463271517673, 19.08908116755266 ], [ 72.848527098606695, 19.089038851284574 ], [ 72.848630397333196, 19.089024478479878 ], [ 72.848723921485956, 19.089028852338807 ], [ 72.848817613502433, 19.089080014053362 ], [ 72.848867120178625, 19.089108102695143 ], [ 72.848914231946168, 19.089138523563786 ], [ 72.848961353255149, 19.089171295708248 ], [ 72.849018402618938, 19.089213443960887 ], [ 72.849085023742902, 19.089142017470255 ], [ 72.849388052919082, 19.088817122894199 ], [ 72.849951451320976, 19.089392459853471 ], [ 72.849986174141932, 19.089439797463839 ], [ 72.850005580893338, 19.089498134087513 ], [ 72.850025014997755, 19.089563770243871 ], [ 72.850048170377121, 19.089596543303301 ], [ 72.850082787700828, 19.089614681906806 ], [ 72.850132724974614, 19.08962181790957 ], [ 72.850186513522544, 19.089632592907691 ], [ 72.850236529013515, 19.089661631055076 ], [ 72.850275132504819, 19.089719906284536 ], [ 72.850309921982657, 19.089785491308078 ], [ 72.850344647856105, 19.089832827093986 ], [ 72.850421578286046, 19.089872726647609 ], [ 72.850575502002727, 19.089970772183769 ], [ 72.850675559770167, 19.090036147811418 ], [ 72.850787255596003, 19.090134332696291 ], [ 72.850879727469447, 19.090225280328553 ], [ 72.85102997365523, 19.090367139350196 ], [ 72.851141654327407, 19.090461673816336 ], [ 72.851237925970807, 19.09054166034878 ], [ 72.851318774893329, 19.090603445134182 ], [ 72.851526637615109, 19.090752417088872 ], [ 72.851742191655433, 19.09090501118833 ], [ 72.851849968828475, 19.090981308157009 ], [ 72.851946162681045, 19.091039394896736 ], [ 72.852203050316035, 19.091204346612901 ], [ 72.852447322182257, 19.091196511330995 ], [ 72.852488116223043, 19.091217492745933 ], [ 72.85256234914857, 19.0912735518368 ], [ 72.852636607217178, 19.09133665118323 ], [ 72.852688630451297, 19.091392782774498 ], [ 72.852792678876838, 19.09150504955684 ], [ 72.853051769124676, 19.091500681351857 ], [ 72.853233357518846, 19.091559909246371 ], [ 72.853352008625905, 19.091615823707148 ], [ 72.853463116898865, 19.091633054884152 ], [ 72.853559469293714, 19.091664408982783 ], [ 72.853704019699492, 19.091716717580159 ], [ 72.853781736374088, 19.091712944377342 ], [ 72.853863233204962, 19.091730273747345 ], [ 72.85395593522864, 19.091775717486556 ], [ 72.854037406040248, 19.091786004680525 ], [ 72.854096616589246, 19.091782292110135 ], [ 72.854125398347819, 19.091796447805766 ], [ 72.854223805458147, 19.084161247304518 ] ] ] } },
{ "type": "Feature", "properties": { "grid_id": "cell_0372", "ward_id": "P/N", "ward_gid": 21, "NDVI_prev": 0.29171914002244093, "LST_C": 35.137440543334172, "NDVI": 0.32060353953157733, "pop_density_km2": 59809.811546289697, "elderly_pct": 4.7571458715654202, "slum_pct": 29.603516462726414, "hospital_dist_m": 13.49882821610934, "impervious_pct": 73.101932687097332 }, "geometry": { "type": "Polygon", "coordinates": [ [ [ 72.881570419299081, 19.174804486881737 ], [ 72.881685864815395, 19.165773177261997 ], [ 72.87916155815644, 19.165744031007179 ], [ 72.879132613300385, 19.165756791500272 ], [ 72.878440368542471, 19.166080803691045 ], [ 72.877826448074401, 19.166390754139417 ], [ 72.877674495818539, 19.166468668349211 ], [ 72.877549805648115, 19.166540453109008 ], [ 72.877420131329913, 19.166620820246461 ], [ 72.877296799157293, 19.16670293245063 ], [ 72.877293338517276, 19.166705237157512 ], [ 72.877169564684365, 19.166793609474848 ], [ 72.87714777780819, 19.166810268904197 ], [ 72.877126503299706, 19.166826537687633 ], [ 72.877048949783784, 19.166885839391618 ], [ 72.876931626484776, 19.166981827860852 ], [ 72.876817722724695, 19.167081465375492 ], [ 72.876707363994129, 19.167184643556617 ], [ 72.876600674642162, 19.167291248231354 ], [ 72.876497770532865, 19.167401162816549 ], [ 72.876426949241193, 19.16748206776801 ], [ 72.876398766418475, 19.16751426262304 ], [ 72.876303769664275, 19.167630429813372 ], [ 72.876212887858728, 19.167749529210074 ], [ 72.876126218814605, 19.167871428991159 ], [ 72.876043857838638, 19.167996003086433 ], [ 72.875967801855751, 19.168120001478403 ], [ 72.875936216482913, 19.16817131006615 ], [ 72.875891769006429, 19.168243514501896 ], [ 72.875821379875518, 19.168357860738592 ], [ 72.87535516927818, 19.169130186541697 ], [ 72.87509760419988, 19.169586805040527 ], [ 72.875058434202543, 19.169656250390801 ], [ 72.875056877910922, 19.169659009503697 ], [ 72.874974861329122, 19.169804409640779 ], [ 72.87494413011585, 19.169858891178475 ], [ 72.874761057203273, 19.170183444972068 ], [ 72.874609913620432, 19.170469728932222 ], [ 72.87455343103025, 19.170798286125741 ], [ 72.874408010135156, 19.171644199762852 ], [ 72.874385079196173, 19.17177758804144 ], [ 72.874344730354053, 19.172206147864561 ], [ 72.874339295283775, 19.17226389937645 ], [ 72.874329967182916, 19.172362959814699 ], [ 72.874261860794562, 19.173086329850758 ], [ 72.874247173484775, 19.173242331012926 ], [ 72.874214182576409, 19.173661116074655 ], [ 72.87413088857528, 19.174718449765109 ], [ 72.881570419299081, 19.174804486881737 ] ] ] } },
{ "type": "Feature", "properties": { "grid_id": "cell_0373", "ward_id": "G/N", "ward_gid": 9, "NDVI_prev": 0.21835216413085834, "LST_C": 34.33792857914171, "NDVI": 0.23437116388817864, "pop_density_km2": 79730.685145043084, "elderly_pct": 5.585984491802841, "slum_pct": 0.8997454698510694, "hospital_dist_m": 400.77542937116215, "impervious_pct": 82.86163680036988 }, "geometry": { "type": "Polygon", "coordinates": [ [ [ 72.836162453942876, 19.011689734097668 ], [ 72.836045549483146, 19.020720924748758 ], [ 72.845539167901833, 19.020831876854992 ], [ 72.845505694410647, 19.020784211657542 ], [ 72.845505468714776, 19.020783891078075 ], [ 72.845413502595306, 19.020652655218569 ], [ 72.845402873860294, 19.020635831796465 ], [ 72.84540284220391, 19.020635782651251 ], [ 72.845386989373026, 19.020610691285068 ], [ 72.845306843422478, 19.020497725272751 ], [ 72.845306821028885, 19.020497694300751 ], [ 72.845275084132652, 19.020452958751363 ], [ 72.845243323909585, 19.020408192214919 ], [ 72.844995249351257, 19.020052359989116 ], [ 72.844812511416663, 19.01979041844395 ], [ 72.844756140264082, 19.019710647973469 ], [ 72.844692545848645, 19.019621199417944 ], [ 72.84466074864666, 19.019576475115908 ], [ 72.844652698641681, 19.019565088656012 ], [ 72.844636004124681, 19.019543199414244 ], [ 72.844609536017657, 19.019508368965035 ], [ 72.844581297787386, 19.0194618215533 ], [ 72.844455113659876, 19.019295970669475 ], [ 72.844420802711397, 19.019246364409518 ], [ 72.844379212314436, 19.019186235113036 ], [ 72.844376622314229, 19.019182490728706 ], [ 72.844272147465205, 19.019035136159101 ], [ 72.844099217299529, 19.018791230077948 ], [ 72.844001539354721, 19.018653265497051 ], [ 72.843922029127853, 19.018540482578981 ], [ 72.843780081959423, 19.018335425690513 ], [ 72.843780125755032, 19.018335269937705 ], [ 72.84377999935711, 19.018335306291206 ], [ 72.843755098850963, 19.018299248554488 ], [ 72.843655737928927, 19.018153238518021 ], [ 72.843644916240194, 19.018137336115959 ], [ 72.843644722369675, 19.018137052036543 ], [ 72.843594094664468, 19.018062611614582 ], [ 72.843522458257524, 19.017960717621051 ], [ 72.843453139715933, 19.017862120348568 ], [ 72.843308406797703, 19.017653419441466 ], [ 72.843172276182074, 19.017454971491169 ], [ 72.84316719969263, 19.017447570545599 ], [ 72.843077261949702, 19.017315769995989 ], [ 72.843008322714411, 19.017214741801382 ], [ 72.842974298762186, 19.017163932836507 ], [ 72.842974257751578, 19.017163872742671 ], [ 72.842970997635675, 19.017159004056499 ], [ 72.842937407904103, 19.017108842408653 ], [ 72.842924044759997, 19.017088763227612 ], [ 72.842905404523009, 19.017061817288983 ], [ 72.842905386819737, 19.017061790887816 ], [ 72.84287422753097, 19.017016546908767 ], [ 72.842874043886468, 19.017016280110031 ], [ 72.842864431802326, 19.017002324551665 ], [ 72.842840513920976, 19.016966054075816 ], [ 72.842422087308705, 19.016389164859625 ], [ 72.842256205062398, 19.016160936324415 ], [ 72.842152388683743, 19.016015819577824 ], [ 72.84171485454894, 19.015347342291403 ], [ 72.841529872886213, 19.01507054056346 ], [ 72.841373397458113, 19.014820186684513 ], [ 72.841126244350576, 19.014440549572264 ], [ 72.840884368524357, 19.014075555168265 ], [ 72.840662019320945, 19.013744561506403 ], [ 72.840464055739318, 19.013457655195417 ], [ 72.840281937886516, 19.013195523292275 ], [ 72.840153982140777, 19.013008765218739 ], [ 72.8394066339864, 19.011922013327631 ], [ 72.839305244350257, 19.011777243488119 ], [ 72.839270773150574, 19.011726098187182 ], [ 72.836162453942876, 19.011689734097668 ] ] ] } },
{ "type": "Feature", "properties": { "grid_id": "cell_0374", "ward_id": "F/N", "ward_gid": 8, "NDVI_prev": 0.25966218532547924, "LST_C": 32.245574107865714, "NDVI": 0.28001591290580485, "pop_density_km2": 59033.265633681214, "elderly_pct": 5.5859844913391532, "slum_pct": 0.0, "hospital_dist_m": 91.200835053121878, "impervious_pct": 77.629742354535949 }, "geometry": { "type": "Polygon", "coordinates": [ [ [ 72.854920857919836, 19.029973682003696 ], [ 72.855036803852713, 19.020942387847686 ], [ 72.845541143762489, 19.020831899896148 ], [ 72.845541108437217, 19.020834640115353 ], [ 72.845595977148847, 19.020912771364273 ], [ 72.845767050444621, 19.021158048453426 ], [ 72.845817312678236, 19.021231069656402 ], [ 72.845817476774954, 19.021231306417409 ], [ 72.845933547818547, 19.021399696062076 ], [ 72.846007121689993, 19.021508385082399 ], [ 72.846007203742147, 19.021508506136524 ], [ 72.846222571160482, 19.021825969451776 ], [ 72.846393232325951, 19.022089361600852 ], [ 72.846404813239488, 19.022107186956703 ], [ 72.846523756571855, 19.02227888050961 ], [ 72.846611535639695, 19.022405585165419 ], [ 72.8466133285811, 19.022408174033835 ], [ 72.8466194747987, 19.02241704433558 ], [ 72.846671703482272, 19.022492437664351 ], [ 72.846959765989112, 19.022895748940233 ], [ 72.847100131101541, 19.02309937734961 ], [ 72.847244503368145, 19.023308169346304 ], [ 72.847553465994807, 19.023756105182123 ], [ 72.847749983938343, 19.02404202420318 ], [ 72.848016446408863, 19.024419726220401 ], [ 72.848066011531088, 19.02449665447368 ], [ 72.848066296486209, 19.024497094068295 ], [ 72.848080753798428, 19.024519542322281 ], [ 72.848204470484603, 19.02469871636686 ], [ 72.848233389059871, 19.024735473799915 ], [ 72.848233482763135, 19.024735593037985 ], [ 72.848355043222227, 19.024890110864181 ], [ 72.848634547738286, 19.025237600990689 ], [ 72.848772933103717, 19.025409331092643 ], [ 72.848952192259802, 19.025662074585142 ], [ 72.84895239655792, 19.025662361491531 ], [ 72.849117069621968, 19.025894197026719 ], [ 72.849513192942197, 19.02647004175731 ], [ 72.849571147249307, 19.02655590134604 ], [ 72.849571211665847, 19.026555996866207 ], [ 72.84964685490641, 19.026668063590311 ], [ 72.849883367541608, 19.027010359284834 ], [ 72.849884792193208, 19.027012422659862 ], [ 72.849886923577657, 19.027015509527903 ], [ 72.849888734250626, 19.027018130192634 ], [ 72.84988880325416, 19.027018229451407 ], [ 72.849889015834478, 19.027018537228432 ], [ 72.849890200878875, 19.027020252768249 ], [ 72.849890341665002, 19.027020456737738 ], [ 72.84990328392675, 19.027039192004075 ], [ 72.850192021398456, 19.027454760018355 ], [ 72.850257052093824, 19.027553461211799 ], [ 72.850397753962014, 19.027767009444037 ], [ 72.85046788481219, 19.027867942284683 ], [ 72.850468153359927, 19.027868329296368 ], [ 72.850678408180997, 19.028170650074603 ], [ 72.850972343108737, 19.028602346674568 ], [ 72.851036261314718, 19.028694717302383 ], [ 72.85109299160203, 19.028776475858063 ], [ 72.851911510733871, 19.029938703229512 ], [ 72.854920857919836, 19.029973682003696 ] ] ] } },
{ "type": "Feature", "properties": { "grid_id": "cell_0375", "ward_id": "K/E", "ward_gid": 19, "NDVI_prev": 0.2404457855542062, "LST_C": 34.523428598068556, "NDVI": 0.26350275988612043, "pop_density_km2": 63058.502824548494, "elderly_pct": 4.7571458663488695, "slum_pct": 19.118289781461133, "hospital_dist_m": 571.82940172019107, "impervious_pct": 82.058575376516302 }, "geometry": { "type": "Polygon", "coordinates": [ [ [ 72.853641123574221, 19.12931728985961 ], [ 72.853757791320604, 19.120286100419488 ], [ 72.846936807372742, 19.120206385421511 ], [ 72.847080094369915, 19.121386843701433 ], [ 72.847086875153551, 19.121436826459856 ], [ 72.847116011260823, 19.121651598619017 ], [ 72.847179935047819, 19.122216963635616 ], [ 72.847196651857061, 19.122364815255107 ], [ 72.847273674963134, 19.123046038892252 ], [ 72.847320115131822, 19.123456772977388 ], [ 72.847389178507768, 19.124067596970846 ], [ 72.847401278207499, 19.124174610963912 ], [ 72.84758929401994, 19.125998539199106 ], [ 72.847621006303399, 19.126345821853942 ], [ 72.847804835942227, 19.127808399397679 ], [ 72.847821292989579, 19.127927049014591 ], [ 72.847859520745146, 19.128200627235035 ], [ 72.847862244441785, 19.128220123401867 ], [ 72.847994796008791, 19.129251290850874 ], [ 72.853641123574221, 19.12931728985961 ] ] ] } },
{ "type": "Feature", "properties": { "grid_id": "cell_0376", "ward_id": "S", "ward_gid": 12, "NDVI_prev": 0.59030742862973185, "LST_C": 31.595738525189688, "NDVI": 0.47153373155673733, "pop_density_km2": 11790.913965541698, "elderly_pct": 4.7571458600369114, "slum_pct": 0.0, "hospital_dist_m": 1330.9953945717277, "impervious_pct": 0.38709677419354843 }, "geometry": { "type": "Polygon", "coordinates": [ [ [ 72.948885921565093, 19.112338486091758 ], [ 72.948774472601869, 19.121370235795368 ], [ 72.957883108357024, 19.121471587091921 ], [ 72.957763608269161, 19.121273612213347 ], [ 72.957555746684619, 19.12097328029612 ], [ 72.957227112957611, 19.12049761828078 ], [ 72.957047780832909, 19.120238899031264 ], [ 72.956755286805816, 19.119816349953943 ], [ 72.956430878051208, 19.119348012574495 ], [ 72.95618086031628, 19.119032209985164 ], [ 72.956148569512067, 19.118977410096704 ], [ 72.956097386016964, 19.118919162859449 ], [ 72.95609248913027, 19.118913590178117 ], [ 72.955980475434089, 19.118763569909913 ], [ 72.955834160088145, 19.118576627149444 ], [ 72.95583391964459, 19.11857631916153 ], [ 72.955832668933823, 19.11857663587233 ], [ 72.955827623221225, 19.118577911272141 ], [ 72.955826686274079, 19.118576669659916 ], [ 72.955572707049797, 19.118240080765926 ], [ 72.955046127346563, 19.117531454638517 ], [ 72.954579653967826, 19.116914041653924 ], [ 72.954446396728358, 19.116451815650205 ], [ 72.95443042260213, 19.116420191398273 ], [ 72.954343735641999, 19.116015102997256 ], [ 72.953978621971473, 19.11488436301206 ], [ 72.9537981952531, 19.114165549655105 ], [ 72.953790426931548, 19.114158807738129 ], [ 72.953742613383611, 19.113975721449265 ], [ 72.953737603122093, 19.113950656016765 ], [ 72.953691375839881, 19.113869935052083 ], [ 72.953423428318516, 19.113409629627771 ], [ 72.953096863031774, 19.112882014532033 ], [ 72.953074894425029, 19.112846274017578 ], [ 72.952792306697916, 19.112386626147622 ], [ 72.952789529379899, 19.112381956811099 ], [ 72.948885921565093, 19.112338486091758 ] ] ] } },
{ "type": "Feature", "properties": { "grid_id": "cell_0377", "ward_id": "R/C", "ward_gid": 11, "NDVI_prev": 0.64246349116883072, "LST_C": 29.305965599181199, "NDVI": 0.64900076115381744, "pop_density_km2": 4416.1575324802325, "elderly_pct": 4.7571458690735433, "slum_pct": 0.0, "hospital_dist_m": 1819.1141459746907, "impervious_pct": 0.0 }, "geometry": { "type": "Polygon", "coordinates": [ [ [ 72.89026877954673, 19.238133256659417 ], [ 72.880760481792464, 19.238023386727384 ], [ 72.880722201884325, 19.241005137087559 ], [ 72.880874233803993, 19.241100715835874 ], [ 72.881163767250072, 19.241285879083541 ], [ 72.881435854972125, 19.241458661974672 ], [ 72.88199447210512, 19.241810908879149 ], [ 72.881994836656773, 19.241811138697091 ], [ 72.882167199399035, 19.241919481847543 ], [ 72.882483522214272, 19.242116020992015 ], [ 72.882483666943997, 19.242116110825116 ], [ 72.882484495377042, 19.242116623419815 ], [ 72.882484628218734, 19.24211670588927 ], [ 72.882838608535153, 19.242336254919568 ], [ 72.883209681587701, 19.242560643130172 ], [ 72.883209809621079, 19.242560720918817 ], [ 72.883262937646279, 19.242592793869296 ], [ 72.883266264273971, 19.242594801317281 ], [ 72.883616407209928, 19.242806014855578 ], [ 72.883822871015752, 19.242934826814512 ], [ 72.883823812815251, 19.242935413662298 ], [ 72.883824103852902, 19.242935595079103 ], [ 72.883824574752438, 19.242935888521053 ], [ 72.883824659398627, 19.242935941347209 ], [ 72.883824669022331, 19.242935947311658 ], [ 72.88396654412449, 19.243026030814693 ], [ 72.883966754209823, 19.243026165048139 ], [ 72.883968553278748, 19.243027309655261 ], [ 72.884357694757554, 19.243275091786845 ], [ 72.884766222926459, 19.243539524657802 ], [ 72.884773849811396, 19.243544460235803 ], [ 72.884838339630917, 19.243586201405353 ], [ 72.884838449483468, 19.24358627320192 ], [ 72.8849935861668, 19.243687817949137 ], [ 72.885043744625108, 19.243720649132442 ], [ 72.885067112055808, 19.243735717120703 ], [ 72.885073952256107, 19.243740159590551 ], [ 72.885198436332203, 19.243820998699309 ], [ 72.88606981483413, 19.244386861565847 ], [ 72.887890710323148, 19.245575623237045 ], [ 72.887891257180243, 19.245575981027827 ], [ 72.888248082821065, 19.24581341530542 ], [ 72.888700828238811, 19.246119914832533 ], [ 72.889040608066423, 19.246343920900312 ], [ 72.88940645346473, 19.246583278238042 ], [ 72.889794629129966, 19.246836052113107 ], [ 72.890154503237412, 19.247073063183041 ], [ 72.89026877954673, 19.238133256659417 ] ] ] } },
{ "type": "Feature", "properties": { "grid_id": "cell_0378", "ward_id": "R/C", "ward_gid": 11, "NDVI_prev": 0.25992691838456417, "LST_C": 32.567543559843315, "NDVI": 0.2773532062148486, "pop_density_km2": 75444.212068887529, "elderly_pct": 4.7571458652059846, "slum_pct": 5.3051804930603064, "hospital_dist_m": 242.64032062347221, "impervious_pct": 69.776939993716596 }, "geometry": { "type": "Polygon", "coordinates": [ [ [ 72.861977892951955, 19.219739895760604 ], [ 72.871485022562652, 19.21985064009726 ], [ 72.87155338678393, 19.214541961233831 ], [ 72.870447339110044, 19.21453106487354 ], [ 72.869201521575278, 19.21455371401575 ], [ 72.868943259451996, 19.214534630362213 ], [ 72.868897217247138, 19.214525324181814 ], [ 72.867569665352306, 19.214110620727155 ], [ 72.867570461376985, 19.214109798494238 ], [ 72.866029725646627, 19.213715331529919 ], [ 72.864553440141592, 19.213328445681238 ], [ 72.863479711471385, 19.21307026621805 ], [ 72.86306691941833, 19.213151313025055 ], [ 72.862131209772187, 19.213092694517186 ], [ 72.862063925906199, 19.213088604255599 ], [ 72.861977892951955, 19.219739895760604 ] ] ] } },
{ "type": "Feature", "properties": { "grid_id": "cell_0379", "ward_id": "M/E", "ward_gid": 16, "NDVI_prev": 0.49894971884502048, "LST_C": 31.372622247516464, "NDVI": 0.50898768880574419, "pop_density_km2": 13396.847966985475, "elderly_pct": 4.7571458680372052, "slum_pct": 0.0, "hospital_dist_m": 1903.1163344362428, "impervious_pct": 7.0791204775246701 }, "geometry": { "type": "Polygon", "coordinates": [ [ [ 72.931004419041372, 19.02180875067992 ], [ 72.930892572262124, 19.030840486943486 ], [ 72.94038932409353, 19.0309466436312 ], [ 72.940454544064906, 19.02565641446451 ], [ 72.940446910096355, 19.025654761385308 ], [ 72.940069878634176, 19.025563745358046 ], [ 72.939741111420972, 19.025436061807756 ], [ 72.939300267566651, 19.025232717283547 ], [ 72.938830021980721, 19.024946365382732 ], [ 72.938510255421889, 19.024793976853847 ], [ 72.938263863964721, 19.024796633497452 ], [ 72.937166399944815, 19.026498100923082 ], [ 72.937056037129707, 19.026469569163798 ], [ 72.936689311228733, 19.026391294611809 ], [ 72.935721383571817, 19.026274510869651 ], [ 72.935321498973664, 19.026174669257482 ], [ 72.934989375312369, 19.026001405980377 ], [ 72.933516060684212, 19.025306727398629 ], [ 72.933284336881812, 19.025123987565092 ], [ 72.933130859422775, 19.024920929143413 ], [ 72.932815387531292, 19.0234020416713 ], [ 72.93251040322626, 19.02283699275382 ], [ 72.932137923242749, 19.022324172544685 ], [ 72.93161839204501, 19.021989852775686 ], [ 72.931275009327365, 19.021827054633917 ], [ 72.931241746053686, 19.021811408307133 ], [ 72.931004419041372, 19.02180875067992 ] ] ] } },
{ "type": "Feature", "properties": { "grid_id": "cell_0380", "ward_id": "P/N", "ward_gid": 21, "NDVI_prev": 0.27781010347270668, "LST_C": 34.194391735211759, "NDVI": 0.30701371562102142, "pop_density_km2": 53750.053058459191, "elderly_pct": 4.757145859274706, "slum_pct": 20.602533934599464, "hospital_dist_m": 104.77374412922455, "impervious_pct": 79.399591211037318 }, "geometry": { "type": "Polygon", "coordinates": [ [ [ 72.843434810229425, 19.183392722220951 ], [ 72.852939736452143, 19.183504225951708 ], [ 72.853027672162298, 19.176720629724354 ], [ 72.852791770240145, 19.176657306630421 ], [ 72.852766376183595, 19.176650490082483 ], [ 72.852760591865774, 19.176648937374743 ], [ 72.852563152934948, 19.176591675560708 ], [ 72.85201596182597, 19.176390067986123 ], [ 72.851806129546588, 19.176317230209392 ], [ 72.851727076910052, 19.176295506507135 ], [ 72.851631782546846, 19.17627446781734 ], [ 72.851463150034547, 19.176278743767867 ], [ 72.851418958708649, 19.176279864289903 ], [ 72.851088030413109, 19.17633247189282 ], [ 72.850497037210147, 19.176420852781256 ], [ 72.850353654824573, 19.176537964876015 ], [ 72.850175585425788, 19.176704708976498 ], [ 72.850113756356762, 19.176801575563541 ], [ 72.85010261794605, 19.176819025927539 ], [ 72.850045101652398, 19.176821278438602 ], [ 72.849885294860471, 19.176827536864881 ], [ 72.849747547653038, 19.176850519791664 ], [ 72.849669424056316, 19.176863554543392 ], [ 72.84963220747953, 19.176881818478506 ], [ 72.849466234841913, 19.176963268843075 ], [ 72.849432598307629, 19.176985213883725 ], [ 72.849432512411397, 19.176985269528689 ], [ 72.849249111867493, 19.177104710644659 ], [ 72.849105717454407, 19.177261903177346 ], [ 72.84908976056272, 19.177291732508575 ], [ 72.849046677556586, 19.17737227043563 ], [ 72.848884167923629, 19.177533436667641 ], [ 72.84882454878317, 19.177581199181141 ], [ 72.848734901604772, 19.1776355531861 ], [ 72.848691454107708, 19.177661895806779 ], [ 72.848621241853039, 19.177713014070516 ], [ 72.848557992272333, 19.177748274002354 ], [ 72.848548997716478, 19.1777516589705 ], [ 72.84854759033594, 19.177752188173674 ], [ 72.848462826804422, 19.177784085726241 ], [ 72.848274942969354, 19.177842573703757 ], [ 72.848273936280151, 19.1778428867778 ], [ 72.848241399557551, 19.17785301581949 ], [ 72.84804516986604, 19.177916644216353 ], [ 72.847797632786751, 19.177969556474114 ], [ 72.847219600032915, 19.178072264196615 ], [ 72.84693608878591, 19.178092583072203 ], [ 72.84655117604504, 19.178118817086744 ], [ 72.846326123819154, 19.178112814491026 ], [ 72.846322758161222, 19.178112725268338 ], [ 72.846282488336101, 19.178111651352534 ], [ 72.846257837046721, 19.178122274934204 ], [ 72.84624985897797, 19.178125712181462 ], [ 72.846220486905423, 19.17813837067111 ], [ 72.846184200060861, 19.178154007784599 ], [ 72.846016608933624, 19.178226227913171 ], [ 72.845847406407415, 19.178319048456871 ], [ 72.845757054917456, 19.178351688926842 ], [ 72.845715407184016, 19.178366734629588 ], [ 72.845655437641611, 19.178388398605584 ], [ 72.845649518470623, 19.178390889985891 ], [ 72.845565539140068, 19.178426237203777 ], [ 72.845533222303885, 19.178440303876251 ], [ 72.845500904261129, 19.178454369372215 ], [ 72.845411023715599, 19.178492412738642 ], [ 72.845234686056187, 19.178606323858638 ], [ 72.845202346289369, 19.178627760689956 ], [ 72.845161606419651, 19.178654767485231 ], [ 72.84503187909749, 19.178760019355938 ], [ 72.844996397388726, 19.178780346328274 ], [ 72.844962182053706, 19.178799947072569 ], [ 72.844845674157867, 19.178865223915576 ], [ 72.844802262321267, 19.178880993774715 ], [ 72.844782112754146, 19.178884897263739 ], [ 72.844775776137368, 19.178885242509423 ], [ 72.844769392804139, 19.178885063467707 ], [ 72.844733357306851, 19.178879559270133 ], [ 72.844720873997332, 19.178877652518359 ], [ 72.844707906495898, 19.178872808139978 ], [ 72.844687125172427, 19.178865044731737 ], [ 72.84462532261773, 19.178855236277794 ], [ 72.844620176721648, 19.178854419588696 ], [ 72.84459844565059, 19.178850970731848 ], [ 72.844509394126305, 19.178849495567519 ], [ 72.844431681930899, 19.178849224188809 ], [ 72.844348133136918, 19.178846125612765 ], [ 72.844233503633305, 19.178852041678262 ], [ 72.84407254348713, 19.178869030279898 ], [ 72.844021207919269, 19.178882182947405 ], [ 72.843935990054035, 19.178904016702397 ], [ 72.843847537325928, 19.178923189082862 ], [ 72.843780705113375, 19.178942394697525 ], [ 72.843752185796887, 19.178952802501399 ], [ 72.843730862638722, 19.178960583695371 ], [ 72.843725538277411, 19.17896252588956 ], [ 72.843655731129331, 19.178986676049146 ], [ 72.843559975505684, 19.17901124724613 ], [ 72.843511867064208, 19.179015031221631 ], [ 72.84349179117936, 19.179016752235459 ], [ 72.843434810229425, 19.183392722220951 ] ] ] } },
{ "type": "Feature", "properties": { "grid_id": "cell_0381", "ward_id": "E", "ward_gid": 5, "NDVI_prev": 0.20836841806315323, "LST_C": 33.942109991996524, "NDVI": 0.22271834439017027, "pop_density_km2": 57012.193876882215, "elderly_pct": 5.5859844860577175, "slum_pct": 3.453042928915913, "hospital_dist_m": 117.68029257581621, "impervious_pct": 84.06983763369297 }, "geometry": { "type": "Polygon", "coordinates": [ [ [ 72.827136440034408, 18.975453698473974 ], [ 72.827253524792795, 18.96642251718767 ], [ 72.825035082382158, 18.966396477402888 ], [ 72.825057487068761, 18.966603672557369 ], [ 72.825075869749185, 18.966773666067965 ], [ 72.825096087442034, 18.966910743938914 ], [ 72.825106857568827, 18.966983771181468 ], [ 72.825130401830648, 18.967143399938045 ], [ 72.825153626155284, 18.967300864278119 ], [ 72.825212200065721, 18.96778725305818 ], [ 72.825214718417229, 18.967806074885928 ], [ 72.825214722041324, 18.967806102893249 ], [ 72.825224036529647, 18.967875695157879 ], [ 72.825221380016728, 18.967897729573281 ], [ 72.825220538540151, 18.967904705464207 ], [ 72.825203314540374, 18.9679363239552 ], [ 72.825165275817398, 18.967959541606557 ], [ 72.824709002123171, 18.968075523089635 ], [ 72.82258091255143, 18.968622686443634 ], [ 72.821910234662354, 18.968699991335523 ], [ 72.819687333914601, 18.968925146268322 ], [ 72.819494097530423, 18.968944717652402 ], [ 72.819181749328621, 18.968969472909084 ], [ 72.819024226147548, 18.968981957741168 ], [ 72.818780950399983, 18.969001237372719 ], [ 72.818725814261001, 18.969005605477168 ], [ 72.818594613289619, 18.969009344715403 ], [ 72.81858195211835, 18.969023050939342 ], [ 72.818581694556144, 18.969042841290754 ], [ 72.81886810958369, 18.969815188139169 ], [ 72.819878325710263, 18.972384897222444 ], [ 72.820393112908292, 18.973747070724396 ], [ 72.821092355168688, 18.975382658889394 ], [ 72.827136440034408, 18.975453698473974 ] ] ] } },
{ "type": "Feature", "properties": { "grid_id": "cell_0382", "ward_id": "R/N", "ward_gid": 15, "NDVI_prev": 0.59676364568251949, "LST_C": 28.324224931045904, "NDVI": 0.64555526615714176, "pop_density_km2": 11992.103569962561, "elderly_pct": 4.5834268416101542, "slum_pct": 0.0, "hospital_dist_m": 1368.0947308332534, "impervious_pct": 0.0 }, "geometry": { "type": "Polygon", "coordinates": [ [ [ 72.842373617482068, 19.264671971706623 ], [ 72.842491792590607, 19.255640982367463 ], [ 72.836118316228635, 19.255565666998166 ], [ 72.836042024534009, 19.256287846776729 ], [ 72.835976172865756, 19.256876138742424 ], [ 72.835780234172049, 19.258626531750036 ], [ 72.835786905272016, 19.258659549910888 ], [ 72.836438694733843, 19.261885270743523 ], [ 72.836442371524456, 19.261903469294452 ], [ 72.836449708794959, 19.26193154288838 ], [ 72.836457517062826, 19.261961050072092 ], [ 72.836461034768647, 19.261972962930837 ], [ 72.83649834805874, 19.262097231822498 ], [ 72.836581797898972, 19.262402599917902 ], [ 72.836603946710412, 19.262480665858707 ], [ 72.836638429436732, 19.262602204172769 ], [ 72.836737078858135, 19.26284938684682 ], [ 72.836841535595894, 19.263112104315283 ], [ 72.836955990570814, 19.263396055905361 ], [ 72.837027335666335, 19.263517922913113 ], [ 72.837195201942933, 19.263800055058631 ], [ 72.837247460849269, 19.263882769413218 ], [ 72.83739268648273, 19.26413615541135 ], [ 72.837448563803861, 19.264218851116084 ], [ 72.837549831952956, 19.26437009207141 ], [ 72.837744482152758, 19.264617266673568 ], [ 72.842373617482068, 19.264671971706623 ] ] ] } },
{ "type": "Feature", "properties": { "grid_id": "cell_0383", "ward_id": "G/S", "ward_gid": 7, "NDVI_prev": -0.031177525624481006, "LST_C": 32.197426501990357, "NDVI": 0.12778433838114245, "pop_density_km2": 25839.490325266295, "elderly_pct": 5.5859844821545233, "slum_pct": 0.0, "hospital_dist_m": 252.46453103540111, "impervious_pct": 18.007992205775846 }, "geometry": { "type": "Polygon", "coordinates": [ [ [ 72.817525873376539, 18.984373149222233 ], [ 72.81759293997932, 18.979226093406503 ], [ 72.81692273884606, 18.97909691943293 ], [ 72.81656811721443, 18.979028567873858 ], [ 72.816566363417223, 18.97902821569291 ], [ 72.81588084104655, 18.978890518732157 ], [ 72.814255494145812, 18.978564033870008 ], [ 72.813957281879325, 18.978504129595326 ], [ 72.811714894959778, 18.978061073456537 ], [ 72.811664326671035, 18.978057720725722 ], [ 72.811603170801718, 18.97805366563351 ], [ 72.811461486536246, 18.978070852113987 ], [ 72.811450974529947, 18.978077083075078 ], [ 72.811380308944635, 18.978118970285234 ], [ 72.811314965203877, 18.978157702952519 ], [ 72.811267534440134, 18.978201676651775 ], [ 72.811233143874716, 18.978186418949303 ], [ 72.811162182663224, 18.978187564962553 ], [ 72.811011173563642, 18.9782086410452 ], [ 72.810977382665556, 18.978219409905321 ], [ 72.810859402145795, 18.978256152748941 ], [ 72.810745003329018, 18.978259023187121 ], [ 72.810700946178983, 18.978259305630583 ], [ 72.810604212241046, 18.978259925769269 ], [ 72.810409499391824, 18.978263658869885 ], [ 72.810370954004213, 18.978264496644194 ], [ 72.810306018609822, 18.978265982991026 ], [ 72.810179847325202, 18.978266061590453 ], [ 72.810172726890244, 18.97826606522041 ], [ 72.809918865948489, 18.978268119935898 ], [ 72.809801811698648, 18.97827090171744 ], [ 72.809748875789296, 18.978271763536465 ], [ 72.809692254260284, 18.978272685348575 ], [ 72.809608331099085, 18.97827436413705 ], [ 72.809592384978785, 18.978280335434441 ], [ 72.809594588314354, 18.978309054976222 ], [ 72.809591660385195, 18.978330734085489 ], [ 72.809578091222249, 18.978342572094565 ], [ 72.809551230332971, 18.9783513497039 ], [ 72.809497228695051, 18.978374414147517 ], [ 72.809421308496965, 18.978418356011602 ], [ 72.809376802772348, 18.978446743588986 ], [ 72.809339701961576, 18.978478557768813 ], [ 72.809314655875468, 18.978504404329644 ], [ 72.809302805010887, 18.978525635603155 ], [ 72.809307279970653, 18.978545503912081 ], [ 72.809320126331656, 18.978588848759777 ], [ 72.809313867052794, 18.978600412539276 ], [ 72.809298775406688, 18.978603583306786 ], [ 72.809288902949689, 18.978605304749358 ], [ 72.809280381888271, 18.978639088498955 ], [ 72.809287039955578, 18.978656878443658 ], [ 72.80929552067478, 18.978702663138108 ], [ 72.809299640336391, 18.978756670821031 ], [ 72.809296341369759, 18.978793522380045 ], [ 72.809293976779614, 18.978807973902413 ], [ 72.809276895034827, 18.978819092983979 ], [ 72.809256300670341, 18.978825699131121 ], [ 72.809256299602893, 18.978825699443647 ], [ 72.809254135897945, 18.978825291942108 ], [ 72.809242436630868, 18.97882308861525 ], [ 72.809187264760766, 18.978758886700522 ], [ 72.809186765240938, 18.97875837240505 ], [ 72.809116668563064, 18.978686204153714 ], [ 72.809042196725812, 18.978605912142751 ], [ 72.808998479707171, 18.978605394669994 ], [ 72.808951234347745, 18.978570802838927 ], [ 72.808880538220407, 18.97850568144429 ], [ 72.808845561673778, 18.978444764652529 ], [ 72.808783507175647, 18.978326806341816 ], [ 72.808710967500829, 18.978250713163881 ], [ 72.808527966900542, 18.978198231905623 ], [ 72.80832304315841, 18.978206630711785 ], [ 72.808111279174284, 18.978242871710115 ], [ 72.808048604905025, 18.983032329857707 ], [ 72.808384569579076, 18.983614198588711 ], [ 72.808577909789719, 18.98394904957301 ], [ 72.808761058348097, 18.984269570220548 ], [ 72.817525873376539, 18.984373149222233 ] ] ] } },
{ "type": "Feature", "properties": { "grid_id": "cell_0384", "ward_id": "H/W", "ward_gid": 23, "NDVI_prev": 0.23203695754657697, "LST_C": 32.773892433593254, "NDVI": 0.24320714843698857, "pop_density_km2": 55314.015512416176, "elderly_pct": 4.7571458684699959, "slum_pct": 0.0, "hospital_dist_m": 123.64638529423988, "impervious_pct": 81.517092344070505 }, "geometry": { "type": "Polygon", "coordinates": [ [ [ 72.83534273404463, 19.074907868855583 ], [ 72.83522536653804, 19.083938992869747 ], [ 72.841855589297523, 19.084016779466864 ], [ 72.841834169515394, 19.083835400418593 ], [ 72.841674245827747, 19.082778634716483 ], [ 72.841580698195344, 19.08216047371198 ], [ 72.841514647190337, 19.081656530492229 ], [ 72.841454109736745, 19.08119464719109 ], [ 72.841453147844561, 19.081186072433535 ], [ 72.84137017520375, 19.080446418992423 ], [ 72.841285844045316, 19.079454555784448 ], [ 72.841272796485939, 19.079301094362531 ], [ 72.841206756553859, 19.078524349865035 ], [ 72.841191353945973, 19.078343188025706 ], [ 72.841108272525418, 19.077294987386981 ], [ 72.841104905383276, 19.077252505699843 ], [ 72.841035021788528, 19.076370802121499 ], [ 72.840944973760216, 19.075113146424243 ], [ 72.840940483379356, 19.075050431526879 ], [ 72.840934972666048, 19.074973463599939 ], [ 72.83534273404463, 19.074907868855583 ] ] ] } },
{ "type": "Feature", "properties": { "grid_id": "cell_0385", "ward_id": "A", "ward_gid": 1, "NDVI_prev": 0.38296739344813008, "LST_C": 31.332056626906848, "NDVI": 0.36419150678095219, "pop_density_km2": 39683.526258551639, "elderly_pct": 5.5859844840385291, "slum_pct": 0.0, "hospital_dist_m": 135.75056539035097, "impervious_pct": 45.482697057630823 }, "geometry": { "type": "Polygon", "coordinates": [ [ [ 72.818592912235943, 18.902284633397667 ], [ 72.818310208394763, 18.902280276613659 ], [ 72.818206143696969, 18.902279251108869 ], [ 72.818152364223053, 18.902279359123117 ], [ 72.818151103883238, 18.902279362382725 ], [ 72.81815050503792, 18.902279363477248 ], [ 72.818149701188815, 18.902279365776561 ], [ 72.818149109946205, 18.90227936605713 ], [ 72.818068665165001, 18.902279529329455 ], [ 72.818049899927345, 18.902262646500411 ], [ 72.818049771418956, 18.902262530277092 ], [ 72.818049363331582, 18.902262165083464 ], [ 72.818048863343762, 18.902261714807324 ], [ 72.818048751727716, 18.902261613234572 ], [ 72.818034469538318, 18.90224876462646 ], [ 72.818025132462068, 18.902248813005411 ], [ 72.818005221633584, 18.902248917814838 ], [ 72.817925830792518, 18.902249334577743 ], [ 72.817925430273831, 18.902249337098304 ], [ 72.81792456662248, 18.9022493405006 ], [ 72.817923574826224, 18.902249346010379 ], [ 72.81779828442113, 18.902250002973972 ], [ 72.817797020227744, 18.902250010702193 ], [ 72.817735686507405, 18.902250417337353 ], [ 72.817637128196338, 18.902250406438149 ], [ 72.817541232818201, 18.902251933409492 ], [ 72.817472034267155, 18.902253034819623 ], [ 72.817397790337452, 18.902138029725002 ], [ 72.817348539957095, 18.902063364959037 ], [ 72.81731915711471, 18.902005662729646 ], [ 72.81731983906549, 18.901953093588652 ], [ 72.817305426635059, 18.901902736936911 ], [ 72.817283203579009, 18.901873797311161 ], [ 72.817351329713674, 18.901848309337851 ], [ 72.817369771563023, 18.901781609661633 ], [ 72.817348013424578, 18.901716827457033 ], [ 72.817313361531291, 18.901678182291327 ], [ 72.817246382399134, 18.901615258533159 ], [ 72.817239842664009, 18.901538705801634 ], [ 72.817213200393425, 18.90147238213936 ], [ 72.817217851493155, 18.901465708946287 ], [ 72.817221685486544, 18.901451811334656 ], [ 72.817221695408719, 18.901451778030772 ], [ 72.817221722305234, 18.901451679891892 ], [ 72.81722227300402, 18.901449683843822 ], [ 72.817222319826882, 18.901449512775336 ], [ 72.817222521056649, 18.901442486900915 ], [ 72.817222722321503, 18.901435458317128 ], [ 72.817221452285722, 18.901414848239185 ], [ 72.817220531265022, 18.901412690374691 ], [ 72.817214939810071, 18.901399585253262 ], [ 72.817214927814533, 18.901399558917856 ], [ 72.817213174240521, 18.901395446557949 ], [ 72.817201323650579, 18.901380835314846 ], [ 72.817201292818254, 18.901380797918979 ], [ 72.81717432613695, 18.901347548273876 ], [ 72.817155220573738, 18.901320263984616 ], [ 72.817151407395158, 18.901315878120759 ], [ 72.81715115116603, 18.90131558516417 ], [ 72.817149944196501, 18.901314196367778 ], [ 72.817271209697964, 18.901056320442869 ], [ 72.817300096741562, 18.900765095597805 ], [ 72.817269536382184, 18.900604615126976 ], [ 72.817145838121732, 18.900462159091415 ], [ 72.817001126174418, 18.900197572578431 ], [ 72.816872872361913, 18.900019214817394 ], [ 72.816643671268082, 18.899686718739598 ], [ 72.816471375914261, 18.89941941787427 ], [ 72.816223455448551, 18.899175126537436 ], [ 72.816005010633702, 18.898981368774674 ], [ 72.815670433111507, 18.898642853067908 ], [ 72.815244364193049, 18.898195716737938 ], [ 72.814718097583551, 18.897537092526782 ], [ 72.814461567777016, 18.897182764056023 ], [ 72.81424188940548, 18.896891005500613 ], [ 72.814113516728128, 18.896722204304439 ], [ 72.814032284720028, 18.896596975371352 ], [ 72.813926010167876, 18.896466672000649 ], [ 72.813877166252482, 18.896360943041827 ], [ 72.813795717350729, 18.89625244056381 ], [ 72.813653927829677, 18.895956818255844 ], [ 72.813606636182996, 18.895731614139528 ], [ 72.813503773100763, 18.895532044579376 ], [ 72.813372798520803, 18.89537038199315 ], [ 72.813263580086982, 18.895273501856604 ], [ 72.813231285618002, 18.895246833196467 ], [ 72.813171189902292, 18.89523417651424 ], [ 72.813118904976903, 18.895200102971195 ], [ 72.813074368763893, 18.895149391509054 ], [ 72.812934683714516, 18.895078441101205 ], [ 72.812794408846528, 18.895052891148957 ], [ 72.812694487553799, 18.895013476930338 ], [ 72.812624536480186, 18.894986364884748 ], [ 72.812557126937079, 18.894956892833552 ], [ 72.812469758024477, 18.894917626324776 ], [ 72.812364319113556, 18.894916384859069 ], [ 72.8122987058034, 18.894941900786897 ], [ 72.812219887113002, 18.894957977504198 ], [ 72.811915829234309, 18.895043121574947 ], [ 72.811647697452031, 18.895173709802336 ], [ 72.811607113296603, 18.895165773604102 ], [ 72.81160072051216, 18.895167927536725 ], [ 72.81160068809929, 18.895167938897242 ], [ 72.811600645214057, 18.895167952844172 ], [ 72.811599042961902, 18.895168493086032 ], [ 72.811598542571488, 18.895168660616861 ], [ 72.811596888859398, 18.895169217414406 ], [ 72.811596678205035, 18.895169289 ], [ 72.811596391315476, 18.895169384978761 ], [ 72.811590674304469, 18.895171312024704 ], [ 72.811457567828072, 18.895191624568039 ], [ 72.811323935212016, 18.895207879719521 ], [ 72.81132308451734, 18.895207984411368 ], [ 72.811319037410158, 18.895207744341967 ], [ 72.811254996314233, 18.895203981165587 ], [ 72.811067843852044, 18.895195824747031 ], [ 72.810986795421087, 18.895190368927402 ], [ 72.810986811005094, 18.895189900322148 ], [ 72.810986844766248, 18.895188836686618 ], [ 72.810987088284023, 18.895181130282129 ], [ 72.810986963355575, 18.895181104422338 ], [ 72.810985791710635, 18.89518085938484 ], [ 72.810979564381825, 18.895179557588076 ], [ 72.810978439112134, 18.895179322129461 ], [ 72.810978355826492, 18.895179304889616 ], [ 72.810978314183672, 18.895179296269685 ], [ 72.810975206212319, 18.895178645438275 ], [ 72.810974374541004, 18.895180789900376 ], [ 72.810974348053449, 18.895180856429086 ], [ 72.810973390797557, 18.895183317356949 ], [ 72.810973243516571, 18.895183696794891 ], [ 72.810973172828284, 18.895183878419335 ], [ 72.81097128322341, 18.895188709339827 ], [ 72.81096603198921, 18.895186562758266 ], [ 72.810964767087185, 18.895186045645634 ], [ 72.8108996180368, 18.895159411546821 ], [ 72.810899580271524, 18.895159396649778 ], [ 72.810899554794062, 18.895159385510546 ], [ 72.810842434112445, 18.89513603357139 ], [ 72.810842594242672, 18.89513568770538 ], [ 72.810843039465368, 18.895134727372817 ], [ 72.810847330929931, 18.895125445517916 ], [ 72.810847533983235, 18.895125009832245 ], [ 72.810835641069104, 18.895119273137755 ], [ 72.810834501409474, 18.89512218715555 ], [ 72.810834403249402, 18.895122438006812 ], [ 72.810832111160607, 18.895128299312287 ], [ 72.810832055221468, 18.895128441367305 ], [ 72.810830696678451, 18.895131913726711 ], [ 72.810829025957318, 18.895130786651301 ], [ 72.810827446485689, 18.895129721169067 ], [ 72.810826518950293, 18.895129094220735 ], [ 72.810826477554173, 18.895129066635338 ], [ 72.810826232972715, 18.895128901167737 ], [ 72.810825797423234, 18.895128606994398 ], [ 72.810825716516902, 18.895128552749089 ], [ 72.810821726020336, 18.89512585738845 ], [ 72.810821699676268, 18.895125839916208 ], [ 72.810817412847356, 18.895122945057704 ], [ 72.810794308615229, 18.895098831429877 ], [ 72.810793559606239, 18.895098049418802 ], [ 72.810784790541547, 18.895088897293203 ], [ 72.810750727822082, 18.895050535771972 ], [ 72.810750094628077, 18.895050115523773 ], [ 72.810693109226847, 18.895012354623887 ], [ 72.810667864727165, 18.894994689384038 ], [ 72.810666587658815, 18.894993794566066 ], [ 72.810665221238807, 18.894992838177153 ], [ 72.810665155408117, 18.894992792238721 ], [ 72.810621864375875, 18.894962497304878 ], [ 72.810576121326861, 18.894932558253391 ], [ 72.810575719548538, 18.894932294284882 ], [ 72.810531472642637, 18.894903334819961 ], [ 72.810531636762818, 18.89490311997308 ], [ 72.810583673813809, 18.894836212251679 ], [ 72.810596394029773, 18.894819856085221 ], [ 72.810596296244441, 18.894819786285616 ], [ 72.810592421518535, 18.894817019121621 ], [ 72.8105613127412, 18.894794804626144 ], [ 72.810559743757651, 18.894796945817035 ], [ 72.810559672263977, 18.894797043429215 ], [ 72.81049931395728, 18.894879395371646 ], [ 72.810499236952197, 18.894879333042915 ], [ 72.810497993555572, 18.894878330230259 ], [ 72.8104962251914, 18.894876903927781 ], [ 72.810482879288628, 18.894866144257314 ], [ 72.810482607896745, 18.894865924278122 ], [ 72.810482413498178, 18.894865767530785 ], [ 72.810480345547759, 18.894864100141877 ], [ 72.81046498432616, 18.894851712541566 ], [ 72.810465398150725, 18.894848715905791 ], [ 72.810465794059539, 18.89484585635347 ], [ 72.810466025460187, 18.894844189867321 ], [ 72.810466849089821, 18.894841058959884 ], [ 72.810466901013342, 18.894840860855936 ], [ 72.810467773672997, 18.894837535423463 ], [ 72.81046789646409, 18.894837068985016 ], [ 72.810464280174941, 18.89483362110094 ], [ 72.810462906929601, 18.894832314167804 ], [ 72.810461083354937, 18.894831922343339 ], [ 72.810456461509233, 18.894830927588686 ], [ 72.810454740719379, 18.894831607331273 ], [ 72.810445499593072, 18.894835256865591 ], [ 72.81044543760207, 18.894835280522901 ], [ 72.810444657699279, 18.894834685120102 ], [ 72.810432753596871, 18.894825580037214 ], [ 72.810432952382769, 18.89482525359546 ], [ 72.81043567617931, 18.894820784781199 ], [ 72.810438555077525, 18.894816064883631 ], [ 72.810438785879597, 18.894815684623961 ], [ 72.810432132368291, 18.894811327499578 ], [ 72.81042995359779, 18.894813291691211 ], [ 72.810425163001511, 18.894817609692765 ], [ 72.810424227741578, 18.894818452245659 ], [ 72.810421268936352, 18.894816475380495 ], [ 72.810412910943171, 18.894810887808035 ], [ 72.81035431259771, 18.894771729443313 ], [ 72.810341692861513, 18.894763362912293 ], [ 72.810341053086617, 18.894762938069061 ], [ 72.810339952263263, 18.894762209718419 ], [ 72.810275494986655, 18.894719477657294 ], [ 72.810229187828355, 18.894688778568892 ], [ 72.810196768221829, 18.894666301077518 ], [ 72.81019261879625, 18.8946634231812 ], [ 72.810192026287226, 18.894663012443388 ], [ 72.810168966428776, 18.894647024943904 ], [ 72.810153893717327, 18.894546741487545 ], [ 72.810153858516443, 18.894546456547737 ], [ 72.810148308650355, 18.894501252836285 ], [ 72.810157919366532, 18.894473059041271 ], [ 72.810158001209061, 18.894472822450144 ], [ 72.810158582460701, 18.894470815948289 ], [ 72.810158835819564, 18.894469941875023 ], [ 72.810189339673826, 18.894364671288066 ], [ 72.810103519927821, 18.894250921990142 ], [ 72.810035741839144, 18.894169651343127 ], [ 72.809969852518549, 18.894086756308035 ], [ 72.809966298906502, 18.894082285768711 ], [ 72.809963640887233, 18.894079073179039 ], [ 72.809963616605572, 18.894079043085455 ], [ 72.809911565185843, 18.894016134850371 ], [ 72.80988398152941, 18.893997899998357 ], [ 72.809866769727805, 18.893989394407178 ], [ 72.809843218768691, 18.893977756577399 ], [ 72.809813349732053, 18.893968076589513 ], [ 72.809799951987344, 18.893963498136028 ], [ 72.809790546822967, 18.89396028459284 ], [ 72.809787230295015, 18.89395983813051 ], [ 72.809761939992711, 18.893956433719421 ], [ 72.809730810408993, 18.893956551806554 ], [ 72.809730777200201, 18.89395655141508 ], [ 72.80973074588907, 18.893956551045978 ], [ 72.809634855961676, 18.89397095751297 ], [ 72.809523187537479, 18.893990468266786 ], [ 72.809469029074364, 18.894029693953104 ], [ 72.809446640662713, 18.894045909858693 ], [ 72.809442430750394, 18.894054536877142 ], [ 72.809440262381187, 18.894058983320207 ], [ 72.809440188307974, 18.894059133290209 ], [ 72.809440120033457, 18.894059275199314 ], [ 72.80944004596023, 18.894059425169328 ], [ 72.809439927979469, 18.894059667656787 ], [ 72.809439897778518, 18.894059727818707 ], [ 72.809439856834956, 18.894059811338543 ], [ 72.809437763569946, 18.894064101500934 ], [ 72.809437747930417, 18.894064136543431 ], [ 72.80943658091563, 18.894066526341881 ], [ 72.809421841561402, 18.894070170618434 ], [ 72.809421726365997, 18.894070199067649 ], [ 72.809398539616879, 18.894075933233982 ], [ 72.809397996954388, 18.894076067743477 ], [ 72.809397899845365, 18.894076091889652 ], [ 72.809379876211366, 18.894080603403921 ], [ 72.809379842896789, 18.894080611140417 ], [ 72.809353803784148, 18.894087129115306 ], [ 72.809297093634271, 18.894102790392949 ], [ 72.80929575267281, 18.894103160271342 ], [ 72.809293276447846, 18.894103844645173 ], [ 72.809267471404468, 18.89411097054688 ], [ 72.809267339012649, 18.894111007825771 ], [ 72.80923389387695, 18.894120243964672 ], [ 72.809208856708324, 18.894133337147593 ], [ 72.80909367223974, 18.902981084016027 ], [ 72.817475089724695, 18.903079765852112 ], [ 72.817450389538138, 18.902999284917833 ], [ 72.81785626441571, 18.902991821200164 ], [ 72.817935996366217, 18.902997004759666 ], [ 72.817938600124648, 18.90293207507484 ], [ 72.817938885607191, 18.902932073804227 ], [ 72.817942214641661, 18.902900461642609 ], [ 72.817942432116425, 18.902896431481324 ], [ 72.817945832450633, 18.902833376993627 ], [ 72.817948569336679, 18.902782607096221 ], [ 72.817948678313613, 18.902780573519649 ], [ 72.817953837622895, 18.90274242543255 ], [ 72.817934804825967, 18.902744197334552 ], [ 72.817731479161338, 18.902739418544659 ], [ 72.817736841095183, 18.902519613365165 ], [ 72.817423205621367, 18.902501588769553 ], [ 72.817425563597808, 18.902319816547589 ], [ 72.817601616416141, 18.902326019897348 ], [ 72.817759748886047, 18.902330538016248 ], [ 72.817761238408494, 18.902330571775845 ], [ 72.817913769129632, 18.902334043009972 ], [ 72.818033155668303, 18.902336758927699 ], [ 72.818033650910749, 18.902336770165316 ], [ 72.818033920356086, 18.902336776040496 ], [ 72.818037526820461, 18.902333102410164 ], [ 72.818041099640709, 18.902329461805 ], [ 72.818042609554112, 18.90232792323167 ], [ 72.818042688404219, 18.902327843768131 ], [ 72.818042917293269, 18.90232761070704 ], [ 72.818045500509911, 18.902324977349796 ], [ 72.818065341812343, 18.902325477805434 ], [ 72.818065402516908, 18.902325480325107 ], [ 72.818331259339828, 18.902326181720746 ], [ 72.81833269489411, 18.902326205809274 ], [ 72.818332964374633, 18.902326208974671 ], [ 72.818357185934047, 18.902326595554896 ], [ 72.818360088414096, 18.902326639583723 ], [ 72.818463529205161, 18.902328284537013 ], [ 72.818523973123803, 18.902328291743245 ], [ 72.818583445244172, 18.902328299258397 ], [ 72.818592346094817, 18.902328299867975 ], [ 72.818592912235943, 18.902284633397667 ] ] ] } },
{ "type": "Feature", "properties": { "grid_id": "cell_0386", "ward_id": "T", "ward_gid": 13, "NDVI_prev": 0.42186146189406504, "LST_C": 30.361060116354071, "NDVI": 0.44714330031652605, "pop_density_km2": 16024.736435865965, "elderly_pct": 4.7571458670127686, "slum_pct": 9.901997605505569, "hospital_dist_m": 820.1672812972115, "impervious_pct": 9.1501918750827027 }, "geometry": { "type": "Polygon", "coordinates": [ [ [ 72.919929428372257, 19.148144844759926 ], [ 72.919816178542007, 19.15717639384097 ], [ 72.928520913299664, 19.157274787611321 ], [ 72.928477706507365, 19.157210949380961 ], [ 72.928457302251175, 19.157180708713629 ], [ 72.928411822969281, 19.157119154911605 ], [ 72.928354996793644, 19.157040380895499 ], [ 72.928299653507153, 19.156945753498714 ], [ 72.928229232698968, 19.156824098470178 ], [ 72.928194946695797, 19.156758766389306 ], [ 72.928189733949452, 19.156703780822177 ], [ 72.928182908689095, 19.156631785448351 ], [ 72.928136719528965, 19.156510690499545 ], [ 72.928091733078546, 19.156399580239178 ], [ 72.928057832898702, 19.156305321888603 ], [ 72.928034092129863, 19.156238509723757 ], [ 72.927925885733842, 19.156138774323235 ], [ 72.927779242742204, 19.156001344113001 ], [ 72.927646540676207, 19.155881525206151 ], [ 72.927555079549791, 19.155797961970727 ], [ 72.927503256890731, 19.155750910541428 ], [ 72.92743891781555, 19.155692495424482 ], [ 72.927372297316808, 19.155630070399106 ], [ 72.927287951804146, 19.155548332067617 ], [ 72.927238338166603, 19.155503895262992 ], [ 72.927207035051595, 19.155458697356369 ], [ 72.927204588911096, 19.155455731828717 ], [ 72.92719172254499, 19.155394414051081 ], [ 72.927227824125325, 19.155276832942171 ], [ 72.927272282549126, 19.155157816471117 ], [ 72.927281835686586, 19.155130364946043 ], [ 72.927312706553593, 19.155031977927042 ], [ 72.927350800560077, 19.154913054937474 ], [ 72.927361388391247, 19.154844274917338 ], [ 72.927396758790508, 19.15461450108657 ], [ 72.927430084406609, 19.154446125326253 ], [ 72.927463528266642, 19.154140232821728 ], [ 72.927441297820351, 19.153919181184868 ], [ 72.927339433044963, 19.153775831017867 ], [ 72.927235811185028, 19.153657829307082 ], [ 72.926954596072477, 19.153335268583657 ], [ 72.926723428723761, 19.153064967570941 ], [ 72.926675122657144, 19.15306666632662 ], [ 72.926586929735478, 19.153069767425745 ], [ 72.926222486846669, 19.153138615533976 ], [ 72.926018499798047, 19.153109917330926 ], [ 72.92581594355461, 19.152977207755907 ], [ 72.92575903038491, 19.152944415602924 ], [ 72.925489962827839, 19.152763494670644 ], [ 72.925432902646463, 19.152681763206292 ], [ 72.925107419338389, 19.152015738293876 ], [ 72.924784458658635, 19.152038214707588 ], [ 72.924522710064423, 19.151632551958802 ], [ 72.924258698116333, 19.151245018553794 ], [ 72.92415717204544, 19.151064874474141 ], [ 72.924127787517065, 19.150994471868383 ], [ 72.924092262086987, 19.150934917871229 ], [ 72.924054775055296, 19.150852181468444 ], [ 72.924038007076447, 19.15070804354098 ], [ 72.92402800260443, 19.150494034348917 ], [ 72.924029482964144, 19.149993710542162 ], [ 72.924032666782395, 19.149935394292882 ], [ 72.924046299318249, 19.149531507028847 ], [ 72.923933523732131, 19.149341548045371 ], [ 72.923827288241355, 19.149153442394208 ], [ 72.923827281226281, 19.149153395344115 ], [ 72.923810885602094, 19.149051374576324 ], [ 72.92371112060259, 19.148750373541102 ], [ 72.923679168763698, 19.148677587018174 ], [ 72.923679148410002, 19.148677542527171 ], [ 72.923678272317787, 19.148675548108059 ], [ 72.923609933932383, 19.148333852421711 ], [ 72.923562293512958, 19.148185940306121 ], [ 72.919929428372257, 19.148144844759926 ] ] ] } },
{ "type": "Feature", "properties": { "grid_id": "cell_0387", "ward_id": "R/C", "ward_gid": 11, "NDVI_prev": 0.66476462698619954, "LST_C": 29.150745496717743, "NDVI": 0.61299859577526894, "pop_density_km2": 5626.0573906794334, "elderly_pct": 4.7571458637670228, "slum_pct": 0.0, "hospital_dist_m": 1421.9664905830869, "impervious_pct": 0.26982128307956021 }, "geometry": { "type": "Polygon", "coordinates": [ [ [ 72.880992217473604, 19.219960891720213 ], [ 72.890499477393845, 19.220070650614932 ], [ 72.890614729231856, 19.21103933325184 ], [ 72.888263420250141, 19.21101224614711 ], [ 72.88694606004934, 19.211618309012636 ], [ 72.88669065251311, 19.213360620705 ], [ 72.886628312494693, 19.213785877460079 ], [ 72.886604596502394, 19.213963403546501 ], [ 72.886561501352872, 19.214285991156054 ], [ 72.886508441542546, 19.214646850474338 ], [ 72.886467020344085, 19.214928554376272 ], [ 72.886326724197602, 19.215882692349869 ], [ 72.885615944684702, 19.216118236193022 ], [ 72.885396073461195, 19.21619109839569 ], [ 72.884967005072895, 19.216333284617377 ], [ 72.884966326719351, 19.216333509175538 ], [ 72.88453762496431, 19.216475638871433 ], [ 72.883939644180245, 19.216679784205748 ], [ 72.883938711479985, 19.216680101783886 ], [ 72.882346861450387, 19.217223704505269 ], [ 72.882056787471313, 19.217322760435916 ], [ 72.881139051426672, 19.216529562529026 ], [ 72.88103733944827, 19.216441523086097 ], [ 72.880992217473604, 19.219960891720213 ] ] ] } },
{ "type": "Feature", "properties": { "grid_id": "cell_0388", "ward_id": "R/S", "ward_gid": 22, "NDVI_prev": 0.3504245020121951, "LST_C": 33.35569124943305, "NDVI": 0.38442639997664313, "pop_density_km2": 52512.504784727142, "elderly_pct": 4.7571458704728169, "slum_pct": 4.0280672873941334, "hospital_dist_m": 104.76773091043705, "impervious_pct": 46.375446383429413 }, "geometry": { "type": "Polygon", "coordinates": [ [ [ 72.814562633807455, 19.210147917574986 ], [ 72.824068914187663, 19.210261068006677 ], [ 72.824154621181449, 19.203747082499326 ], [ 72.824060261701234, 19.203810302688492 ], [ 72.823817750631264, 19.203972784640371 ], [ 72.823013625733978, 19.204511533177179 ], [ 72.823013511555416, 19.204511609282129 ], [ 72.823005273177898, 19.204533305799277 ], [ 72.822911147194631, 19.204781216558136 ], [ 72.822888997312873, 19.204839556960188 ], [ 72.822833650327524, 19.204985330236255 ], [ 72.822130535697028, 19.204902696896767 ], [ 72.821829734945553, 19.204867342981554 ], [ 72.821600304984983, 19.204844111674252 ], [ 72.821593296857202, 19.204842516136274 ], [ 72.821419968254645, 19.204828556640493 ], [ 72.82141657855891, 19.204828407665389 ], [ 72.821246593685032, 19.204811992812772 ], [ 72.820913187311888, 19.204779795634629 ], [ 72.820745910509984, 19.204763642598667 ], [ 72.820727760815188, 19.204761889097124 ], [ 72.820528578405387, 19.204742652230227 ], [ 72.820393740426553, 19.204732904687454 ], [ 72.820233294868572, 19.20471977365581 ], [ 72.820209118615608, 19.204715912460152 ], [ 72.820104532116048, 19.204699213129992 ], [ 72.819873491593356, 19.2046747812782 ], [ 72.819120807798015, 19.204604087508759 ], [ 72.819103960500186, 19.20460241062392 ], [ 72.819081404684695, 19.204600164036787 ], [ 72.819048535669225, 19.204596681347436 ], [ 72.819023052976547, 19.204593981398137 ], [ 72.819015377432152, 19.204593167462839 ], [ 72.818935331056807, 19.204584681391939 ], [ 72.818863327790638, 19.204577467965272 ], [ 72.818808177753453, 19.204571943055836 ], [ 72.818684174667126, 19.204559519603528 ], [ 72.818624950768211, 19.204554235182066 ], [ 72.818608390498184, 19.204552757056184 ], [ 72.81853527805184, 19.204546233230676 ], [ 72.818421212262308, 19.204536054032186 ], [ 72.818371367978372, 19.204527591981702 ], [ 72.818367484856651, 19.204526933001084 ], [ 72.818360268647382, 19.204525709454114 ], [ 72.818336823025561, 19.204521728384041 ], [ 72.818336447595243, 19.204521682293592 ], [ 72.818125885265005, 19.204495880416324 ], [ 72.817341060881574, 19.20444267064476 ], [ 72.817285051778711, 19.204437425242485 ], [ 72.817278718077489, 19.204436831854114 ], [ 72.817229046331548, 19.204432179866892 ], [ 72.816632352101948, 19.204375954355339 ], [ 72.81663174559543, 19.204375897415389 ], [ 72.816530540546154, 19.204389527130257 ], [ 72.816528318232784, 19.204389723785823 ], [ 72.816437713464182, 19.204397773063842 ], [ 72.816425717293782, 19.204398839442185 ], [ 72.816362035766389, 19.204402967621522 ], [ 72.8163545609479, 19.204403451996107 ], [ 72.816333728459583, 19.204404798069028 ], [ 72.816294751601276, 19.204407315291537 ], [ 72.816266058215305, 19.204409168875092 ], [ 72.816264634114944, 19.204409281392213 ], [ 72.816263838762566, 19.204409333189698 ], [ 72.816015529514786, 19.204428986932982 ], [ 72.815987224087351, 19.204431227776531 ], [ 72.815985941283486, 19.204431330414032 ], [ 72.8150442842053, 19.204639207993711 ], [ 72.814795272029102, 19.204693986583031 ], [ 72.814694984854967, 19.20471604863609 ], [ 72.814634240938034, 19.204729410387344 ], [ 72.814562633807455, 19.210147917574986 ] ] ] } },
{ "type": "Feature", "properties": { "grid_id": "cell_0389", "ward_id": "P/S", "ward_gid": 20, "NDVI_prev": 0.27568197024672281, "LST_C": 34.882929864600918, "NDVI": 0.28812095416656835, "pop_density_km2": 57185.929128917, "elderly_pct": 4.757145876639413, "slum_pct": 5.4350964318479784, "hospital_dist_m": 691.97595667972041, "impervious_pct": 58.84528873111816 }, "geometry": { "type": "Polygon", "coordinates": [ [ [ 72.834284041343381, 19.156187641375269 ], [ 72.843787350625064, 19.156299466603024 ], [ 72.843869784400852, 19.149957695250134 ], [ 72.843834907004322, 19.149973340137731 ], [ 72.843675527982697, 19.150005311349613 ], [ 72.843588761888029, 19.150064187220391 ], [ 72.84344066900799, 19.150169516129541 ], [ 72.843396775637189, 19.150200734641043 ], [ 72.843351467778191, 19.150217346367057 ], [ 72.843317176754539, 19.150229918031588 ], [ 72.843247212702337, 19.150248411660233 ], [ 72.843223346883178, 19.15024857043063 ], [ 72.84311832222528, 19.150249272058389 ], [ 72.843112932099757, 19.150248553011437 ], [ 72.843043726067634, 19.150239152323742 ], [ 72.843010477423476, 19.150234635877755 ], [ 72.842926283747317, 19.150223196661027 ], [ 72.842838992726854, 19.150211381412966 ], [ 72.8427335166284, 19.150197103405979 ], [ 72.84264373881966, 19.150184955444193 ], [ 72.842564276152615, 19.150174202094131 ], [ 72.842522676045078, 19.150168366286202 ], [ 72.84250385406996, 19.150165726471549 ], [ 72.842463492493252, 19.150160429839385 ], [ 72.842402492601522, 19.150152424168081 ], [ 72.842361243444572, 19.150147009746963 ], [ 72.842193273787245, 19.150117392857915 ], [ 72.842161829217105, 19.15011184788009 ], [ 72.842085931752479, 19.15009846349837 ], [ 72.842037188097606, 19.150091580479724 ], [ 72.841684762584933, 19.150041814639565 ], [ 72.841645551345437, 19.150036319229176 ], [ 72.841598556867737, 19.150029733367855 ], [ 72.841442647461719, 19.150007877311204 ], [ 72.841247219516006, 19.14998048318126 ], [ 72.841021447453215, 19.149947131184863 ], [ 72.84062248495141, 19.149892619595732 ], [ 72.840383485156636, 19.149859072393806 ], [ 72.840355485457408, 19.149855142985118 ], [ 72.840085498680637, 19.150071083677549 ], [ 72.839948983800326, 19.150181101684105 ], [ 72.839942092839934, 19.15018608515744 ], [ 72.83982464819276, 19.150271009300479 ], [ 72.839680274504275, 19.150594902886404 ], [ 72.839620766720969, 19.150729525592681 ], [ 72.839581022920797, 19.150798860135733 ], [ 72.839552573437544, 19.150830884332326 ], [ 72.839516961467126, 19.150855603730886 ], [ 72.839454318854067, 19.150874699523108 ], [ 72.839454292139806, 19.150874707338112 ], [ 72.839265815095928, 19.150877830382644 ], [ 72.839031550666348, 19.150902817797238 ], [ 72.838610358849905, 19.150947743165897 ], [ 72.838511394131316, 19.150962223786564 ], [ 72.838049118364495, 19.151005601276047 ], [ 72.836802579825047, 19.151099150750134 ], [ 72.836202518671442, 19.151124875462649 ], [ 72.836189901674885, 19.151125299494165 ], [ 72.835898809780019, 19.151135340336822 ], [ 72.835715499222701, 19.151132717222314 ], [ 72.83566539446295, 19.151131997696325 ], [ 72.835628481267989, 19.151131471528178 ], [ 72.835627751461544, 19.151131461122468 ], [ 72.835534305887535, 19.151130124292518 ], [ 72.835064804025222, 19.151131207626094 ], [ 72.834349775404831, 19.151152993208477 ], [ 72.834284041343381, 19.156187641375269 ] ] ] } },
{ "type": "Feature", "properties": { "grid_id": "cell_0390", "ward_id": "R/C", "ward_gid": 11, "NDVI_prev": 0.5217557220768837, "LST_C": 29.876839825684684, "NDVI": 0.55611580614981604, "pop_density_km2": 8962.5848067402094, "elderly_pct": 4.6321209624608422, "slum_pct": 0.0, "hospital_dist_m": 4666.9802212739642, "impervious_pct": 0.034152640959689208 }, "geometry": { "type": "Polygon", "coordinates": [ [ [ 72.804456159070625, 19.255188222631219 ], [ 72.794947418473683, 19.25507379864279 ], [ 72.794854162422936, 19.262047320351659 ], [ 72.795047399781382, 19.262075825363933 ], [ 72.795139477378896, 19.262089315522722 ], [ 72.795285179904084, 19.262110125396386 ], [ 72.795923592542351, 19.262200912212727 ], [ 72.796102094303677, 19.262225240262698 ], [ 72.796100486226052, 19.262220958596227 ], [ 72.796100804603512, 19.262220904629054 ], [ 72.796137507827254, 19.262220572197052 ], [ 72.796347494438152, 19.262218380927006 ], [ 72.797212848821644, 19.262213528869857 ], [ 72.797869722843515, 19.262209547353194 ], [ 72.798277322718803, 19.262208889953691 ], [ 72.798477403919222, 19.262208568510449 ], [ 72.798478823899245, 19.262208565741897 ], [ 72.798824968767377, 19.262207838938398 ], [ 72.798865602336875, 19.262209820362518 ], [ 72.798975481483112, 19.262214773511641 ], [ 72.799054142166199, 19.262213291916655 ], [ 72.799069740846875, 19.26221291883893 ], [ 72.799214903979291, 19.262209441539451 ], [ 72.799299930585534, 19.262207999451437 ], [ 72.799400358799375, 19.262206057200906 ], [ 72.799449458843029, 19.262216157385051 ], [ 72.799449758572678, 19.262216217896128 ], [ 72.799552490493781, 19.262236918970689 ], [ 72.799621985314516, 19.262250007696839 ], [ 72.799722205134373, 19.262268884648318 ], [ 72.799840499062114, 19.261951108542927 ], [ 72.7998448765305, 19.261952341737906 ], [ 72.799913078149942, 19.261971178214793 ], [ 72.800060950062203, 19.261923560033136 ], [ 72.800061085670336, 19.261923518310734 ], [ 72.800221037947779, 19.261871765931765 ], [ 72.800574808476526, 19.261278299134027 ], [ 72.800574824979321, 19.261278274042478 ], [ 72.800746856218424, 19.261211813033899 ], [ 72.800801808426471, 19.261190507880009 ], [ 72.8008567606459, 19.261169200901993 ], [ 72.800890956040902, 19.26108285722324 ], [ 72.800438318358275, 19.260634514535649 ], [ 72.800403599420562, 19.260600122214651 ], [ 72.800355067954186, 19.260402078424857 ], [ 72.800355078992439, 19.260402035203189 ], [ 72.800355091908401, 19.260401993810564 ], [ 72.80035501709169, 19.260401684912775 ], [ 72.800378565536903, 19.260318115262077 ], [ 72.800415214693771, 19.260187142458555 ], [ 72.800445144672437, 19.260080187570527 ], [ 72.800519947880034, 19.260030152386765 ], [ 72.800520180094665, 19.260029998020652 ], [ 72.800542295182112, 19.260015011447372 ], [ 72.800582289537047, 19.259953296999395 ], [ 72.800582945995743, 19.259952281550675 ], [ 72.800631008313502, 19.259878003740049 ], [ 72.800850231586793, 19.259539197270811 ], [ 72.800857392982351, 19.25932977006827 ], [ 72.800806489902712, 19.25882320162626 ], [ 72.800809374326207, 19.258823851416331 ], [ 72.800812257822912, 19.258824499388769 ], [ 72.801035113713993, 19.258875455328706 ], [ 72.80166286288096, 19.259060882254715 ], [ 72.802151556035952, 19.258955167122519 ], [ 72.802418813396855, 19.258897229259876 ], [ 72.802605667777172, 19.258822388185305 ], [ 72.802834800496285, 19.258699827599859 ], [ 72.803142076062883, 19.258517710752884 ], [ 72.803344201276985, 19.258373219891485 ], [ 72.803536996861041, 19.258245899804439 ], [ 72.803661206902021, 19.258143685197716 ], [ 72.803808452750062, 19.258020139472958 ], [ 72.804056758873543, 19.257824348566363 ], [ 72.804267922145286, 19.25768428518921 ], [ 72.804424174410372, 19.257590673648629 ], [ 72.804456159070625, 19.255188222631219 ] ] ] } },
{ "type": "Feature", "properties": { "grid_id": "cell_0391", "ward_id": "R/C", "ward_gid": 11, "NDVI_prev": 0.44259508301199663, "LST_C": 31.377859441503819, "NDVI": 0.43081929026939753, "pop_density_km2": 11154.761678303603, "elderly_pct": 4.7571458649707532, "slum_pct": 0.0, "hospital_dist_m": 3906.8789002536923, "impervious_pct": 4.0868659347704144 }, "geometry": { "type": "Polygon", "coordinates": [ [ [ 72.78568112958618, 19.236897562365758 ], [ 72.785802219655608, 19.227866888565778 ], [ 72.778603118148666, 19.227779672546287 ], [ 72.778837907869971, 19.228159001428992 ], [ 72.778980264731032, 19.228388911352322 ], [ 72.779085125953515, 19.22855826392065 ], [ 72.779117204435551, 19.228609308789196 ], [ 72.779121841363065, 19.228616695505512 ], [ 72.77944384732443, 19.22912911512659 ], [ 72.779492326279538, 19.229196094638286 ], [ 72.779522592071388, 19.229244282286128 ], [ 72.779625699200167, 19.229411924344834 ], [ 72.779712289458729, 19.229543669308715 ], [ 72.77972144339941, 19.229557892112165 ], [ 72.779726875449967, 19.229566328960814 ], [ 72.779997570473398, 19.229986904772002 ], [ 72.780641016542262, 19.231011440021373 ], [ 72.780658801186092, 19.231239388852231 ], [ 72.780645368802382, 19.231442540519552 ], [ 72.780501344563689, 19.231806760292315 ], [ 72.780336328359965, 19.232140228161107 ], [ 72.780192439278338, 19.232494283477987 ], [ 72.780134290838916, 19.232839212819737 ], [ 72.780130601623242, 19.233113642626904 ], [ 72.779953925925469, 19.233518128529013 ], [ 72.779880565941056, 19.234198341988233 ], [ 72.779750694591812, 19.235101515560533 ], [ 72.77968143292432, 19.235476806881529 ], [ 72.779591179392398, 19.235821346238158 ], [ 72.779483750236295, 19.236189661417676 ], [ 72.779418030546807, 19.236280696074331 ], [ 72.779139613443476, 19.236731690905682 ], [ 72.779119577101696, 19.23681804574144 ], [ 72.78568112958618, 19.236897562365758 ] ] ] } },
{ "type": "Feature", "properties": { "grid_id": "cell_0392", "ward_id": "A", "ward_gid": 1, "NDVI_prev": 0.13750752456748905, "LST_C": 33.568115385197366, "NDVI": 0.1524476946629596, "pop_density_km2": 68724.861915923117, "elderly_pct": 5.5859844881874956, "slum_pct": 0.0, "hospital_dist_m": 145.77010232890157, "impervious_pct": 74.850357263644995 }, "geometry": { "type": "Polygon", "coordinates": [ [ [ 72.837211622272804, 18.930408591048028 ], [ 72.837095311978345, 18.939439867089423 ], [ 72.844657530257862, 18.939527923095458 ], [ 72.844656034086228, 18.939521671365444 ], [ 72.844622580313384, 18.939395196449141 ], [ 72.844622293349417, 18.939394110097084 ], [ 72.844622230922241, 18.9393938709091 ], [ 72.844617879983559, 18.93937742514564 ], [ 72.844595998770004, 18.939288193639008 ], [ 72.844595726390651, 18.939287080358461 ], [ 72.844578956897564, 18.939218697848904 ], [ 72.84451609506884, 18.938982694238391 ], [ 72.844511273650284, 18.938964596350043 ], [ 72.844461102609884, 18.938767391019933 ], [ 72.844445110715611, 18.938704990844005 ], [ 72.844430180014271, 18.938646736350197 ], [ 72.844370899560118, 18.938404851628949 ], [ 72.844370893310668, 18.938404820845253 ], [ 72.844331135557084, 18.938242595404912 ], [ 72.844260979715898, 18.937956514778318 ], [ 72.844243574972509, 18.937862213770266 ], [ 72.844243544883213, 18.937862043606408 ], [ 72.844241579879679, 18.937851403770214 ], [ 72.844132238599059, 18.937408987292663 ], [ 72.844068945111133, 18.937148204701487 ], [ 72.843985411890742, 18.936803840603115 ], [ 72.843978367286738, 18.936774519971689 ], [ 72.843970151485848, 18.936739495145961 ], [ 72.843968747792417, 18.936733933674603 ], [ 72.843967778531137, 18.936730097073074 ], [ 72.84395409448868, 18.936675904590196 ], [ 72.843929781946159, 18.936589849566296 ], [ 72.843906293222602, 18.936493897997135 ], [ 72.843902809271881, 18.936480391597634 ], [ 72.84387534787902, 18.936373956596885 ], [ 72.843851467662802, 18.936276488404811 ], [ 72.843850210088846, 18.936271375748692 ], [ 72.843850195692056, 18.936271314159196 ], [ 72.843848224442752, 18.936263307269712 ], [ 72.843833852211873, 18.93620490568961 ], [ 72.843820540645638, 18.936150836763524 ], [ 72.843775898717695, 18.935973406702047 ], [ 72.84376612510647, 18.935936179661699 ], [ 72.843751605864597, 18.935880877282294 ], [ 72.843736571263946, 18.935825274445481 ], [ 72.843729264666564, 18.935798251382401 ], [ 72.84370420062011, 18.935699252832467 ], [ 72.843698153444606, 18.935675202609065 ], [ 72.843695585023767, 18.935664987515551 ], [ 72.843695521657622, 18.935664895548904 ], [ 72.843694006460083, 18.935662696543645 ], [ 72.843681491560787, 18.935607872712126 ], [ 72.843665420790884, 18.93554847313909 ], [ 72.843663077670357, 18.935537049384877 ], [ 72.843659164308107, 18.935521060330885 ], [ 72.843654451240909, 18.935506585788758 ], [ 72.843650907035681, 18.935498587707244 ], [ 72.843649549834424, 18.935495616439638 ], [ 72.843643423934793, 18.935482207583107 ], [ 72.843638770746438, 18.935475045677354 ], [ 72.843630792670837, 18.935462765142852 ], [ 72.843624867936455, 18.935454758350577 ], [ 72.843608650841475, 18.935439874550756 ], [ 72.843605021359764, 18.935437039450214 ], [ 72.843592032496332, 18.93542689197599 ], [ 72.843563923283327, 18.935408927056255 ], [ 72.843533811990994, 18.935396668270752 ], [ 72.843520488880571, 18.935393109845677 ], [ 72.84350646292566, 18.93538936259387 ], [ 72.843481083911712, 18.935385868119333 ], [ 72.843453315805192, 18.935385027657983 ], [ 72.843426324056736, 18.935389517361237 ], [ 72.843393763624661, 18.935398559801715 ], [ 72.843381975101209, 18.935404042840656 ], [ 72.843358799146742, 18.935414820281263 ], [ 72.843316634109925, 18.935448950336269 ], [ 72.843306676063222, 18.935460907589398 ], [ 72.84329671802665, 18.935472863938699 ], [ 72.843295692729299, 18.935474722679555 ], [ 72.843271973318863, 18.935517689804414 ], [ 72.843268166883362, 18.935534177114405 ], [ 72.843267144698672, 18.935538602070171 ], [ 72.843259879128539, 18.935575872145581 ], [ 72.843258739641655, 18.935590022106187 ], [ 72.843258225680856, 18.935596412156237 ], [ 72.843252671961324, 18.935596399056333 ], [ 72.843251742114745, 18.935602503354115 ], [ 72.843251359415888, 18.935605011283947 ], [ 72.842947266835594, 18.935574612009347 ], [ 72.842961544970166, 18.935575796961565 ], [ 72.842964726835064, 18.93555783278266 ], [ 72.842966395980355, 18.935548414873765 ], [ 72.842962036780904, 18.935547262187999 ], [ 72.842962072970423, 18.935546957305029 ], [ 72.842962636333425, 18.935542412300368 ], [ 72.842963258264191, 18.935537372083921 ], [ 72.842968807223798, 18.935537386040235 ], [ 72.842984960449954, 18.93545296228373 ], [ 72.842992392788602, 18.935416384258428 ], [ 72.842997865384447, 18.935389456514638 ], [ 72.843001072124792, 18.935369037546558 ], [ 72.843010830477596, 18.935306928661564 ], [ 72.84301508447939, 18.935282645055377 ], [ 72.843028267934102, 18.935207354899081 ], [ 72.843028274092546, 18.935207318840064 ], [ 72.843033474643192, 18.935177625742195 ], [ 72.843042553423317, 18.935135389833668 ], [ 72.843042568575825, 18.935135318651884 ], [ 72.843042575602141, 18.935135288925828 ], [ 72.843050397346332, 18.935098912335629 ], [ 72.843067812259122, 18.934990520618342 ], [ 72.843081923426993, 18.934922073545778 ], [ 72.843092431971399, 18.93486629081643 ], [ 72.843095248578436, 18.934851339292472 ], [ 72.843099710144159, 18.934825303952451 ], [ 72.843099718351496, 18.934825256174797 ], [ 72.843106979138682, 18.934782888014066 ], [ 72.843114979769766, 18.934743074763734 ], [ 72.843114989898424, 18.93474302520189 ], [ 72.84312149890998, 18.934710633903283 ], [ 72.843138895464151, 18.93460794969284 ], [ 72.843153447008305, 18.934526566634776 ], [ 72.843165149919926, 18.934466102607363 ], [ 72.84316867516921, 18.93445103467079 ], [ 72.843181687680129, 18.93439539847251 ], [ 72.843201698788278, 18.934275821960409 ], [ 72.843201710202294, 18.934275746218791 ], [ 72.843227348007687, 18.934122553239614 ], [ 72.843238835138465, 18.934057451129117 ], [ 72.843238843519671, 18.934057389804483 ], [ 72.843256344036121, 18.933958200607211 ], [ 72.843272232656147, 18.933865376947562 ], [ 72.843276093243304, 18.933842820312222 ], [ 72.843298012668654, 18.933722902849311 ], [ 72.843303807404482, 18.933691205970131 ], [ 72.84332562007387, 18.933577824195456 ], [ 72.843328332513238, 18.933574454937894 ], [ 72.843329675222037, 18.933570422111313 ], [ 72.843328281016539, 18.933566416172514 ], [ 72.84334863347037, 18.933449360989847 ], [ 72.843348642684575, 18.933449308707544 ], [ 72.843350674109246, 18.933437619674283 ], [ 72.843354105394582, 18.933419516565312 ], [ 72.843354112432323, 18.933419485936092 ], [ 72.843354117641525, 18.933419449866026 ], [ 72.843354140005374, 18.933419334507974 ], [ 72.843362961566513, 18.933372792409909 ], [ 72.843425771210704, 18.933208189756048 ], [ 72.843432481496478, 18.933165285847995 ], [ 72.843459510920567, 18.933021511067782 ], [ 72.84346210075384, 18.933007729333198 ], [ 72.843464821311258, 18.932993598651059 ], [ 72.843464849809934, 18.932993449040193 ], [ 72.843487016781978, 18.932878328036928 ], [ 72.843495741466967, 18.93282269071187 ], [ 72.843504588044539, 18.932775154392832 ], [ 72.843517952128266, 18.932703349243145 ], [ 72.843542854206802, 18.932569258909627 ], [ 72.843556980233529, 18.93249081727993 ], [ 72.843581198745483, 18.932356731631696 ], [ 72.843599663195235, 18.932255987295502 ], [ 72.843609458937792, 18.932202532957017 ], [ 72.843629615246712, 18.932082531671064 ], [ 72.8436353609398, 18.932050946201159 ], [ 72.843648299591123, 18.931979809918356 ], [ 72.843705533521828, 18.931651733200578 ], [ 72.843740850302723, 18.931449279998532 ], [ 72.843938392507681, 18.930486898154314 ], [ 72.842736920218954, 18.930472929567756 ], [ 72.842594376895079, 18.93133419260133 ], [ 72.842582233866381, 18.931402154996146 ], [ 72.842491773505159, 18.931880291807129 ], [ 72.84249173180973, 18.931880508105973 ], [ 72.842471900773447, 18.931985324566718 ], [ 72.842471808692338, 18.931985694737985 ], [ 72.842471097069136, 18.931988555233428 ], [ 72.842471090077723, 18.931988582250089 ], [ 72.842451603690733, 18.932066860243228 ], [ 72.842412941319822, 18.932287846174869 ], [ 72.842389102024541, 18.93242322767162 ], [ 72.842389096931214, 18.932423254710351 ], [ 72.842388177527269, 18.932428472118701 ], [ 72.842388102909311, 18.932428886753044 ], [ 72.84235210323601, 18.932627230746544 ], [ 72.842329716652799, 18.932750672591531 ], [ 72.842329707426742, 18.932750725776888 ], [ 72.8423255925766, 18.932773414014619 ], [ 72.842305163962891, 18.932884974487862 ], [ 72.842288013966908, 18.932985887461381 ], [ 72.842288003629321, 18.932985953279545 ], [ 72.842285187135928, 18.933002519830861 ], [ 72.842270850220899, 18.933083730973362 ], [ 72.8422687195647, 18.933097597511672 ], [ 72.842266515340441, 18.933111944634742 ], [ 72.842253212027458, 18.933132204582272 ], [ 72.84224940721937, 18.933137998126032 ], [ 72.842249304486074, 18.933138089063991 ], [ 72.842244735526151, 18.93314218641736 ], [ 72.842237997325199, 18.933148228557354 ], [ 72.842237693930954, 18.933148422843011 ], [ 72.842237671905238, 18.933148437942283 ], [ 72.842225241156356, 18.933156339619757 ], [ 72.842208975068729, 18.933164431526208 ], [ 72.842190505670601, 18.93317209584491 ], [ 72.842178186294248, 18.933174209784262 ], [ 72.842173342204077, 18.933173345908997 ], [ 72.842167174142887, 18.933170769394263 ], [ 72.842163988785884, 18.933171715992383 ], [ 72.842150020066484, 18.933175869284081 ], [ 72.842139520278408, 18.933179759435298 ], [ 72.842129349553076, 18.93318352605376 ], [ 72.842124957357129, 18.933186941688124 ], [ 72.842117475333154, 18.933187784101197 ], [ 72.84204095322707, 18.933204847119374 ], [ 72.841929184840922, 18.933229767598863 ], [ 72.841798459855937, 18.933258379473529 ], [ 72.841737371773959, 18.933271750553743 ], [ 72.841532361649641, 18.933316700503848 ], [ 72.841442174869826, 18.933336628373944 ], [ 72.841436452228038, 18.9333366186798 ], [ 72.841260159923607, 18.933374233445925 ], [ 72.840979998676843, 18.933325166430336 ], [ 72.840813230867013, 18.933289124283021 ], [ 72.840571406848468, 18.933206740362596 ], [ 72.840393475352087, 18.933109944135037 ], [ 72.840259043826052, 18.933036388227613 ], [ 72.840093932921448, 18.932871539403081 ], [ 72.840011742983009, 18.932760701823604 ], [ 72.839998595641717, 18.932544576844219 ], [ 72.840100523263914, 18.932049407255711 ], [ 72.840312289615525, 18.931062948844406 ], [ 72.840270154241821, 18.93093363286853 ], [ 72.839844245519444, 18.930614188126722 ], [ 72.839591840113641, 18.930436327319327 ], [ 72.837211622272804, 18.930408591048028 ] ] ] } },
{ "type": "Feature", "properties": { "grid_id": "cell_0393", "ward_id": "K/W", "ward_gid": 14, "NDVI_prev": 0.34675830131817648, "LST_C": 33.794884128507874, "NDVI": 0.34689958443946417, "pop_density_km2": 17292.099613822291, "elderly_pct": 4.7571458614799393, "slum_pct": 0.0, "hospital_dist_m": 1885.1168667264199, "impervious_pct": 23.934976368776574 }, "geometry": { "type": "Polygon", "coordinates": [ [ [ 72.796511329067528, 19.137673785351961 ], [ 72.796561651005433, 19.133881893254493 ], [ 72.796527707788528, 19.133862440856607 ], [ 72.796349402994878, 19.133792597549881 ], [ 72.795647674267187, 19.133386556479316 ], [ 72.79518471150601, 19.133110578266191 ], [ 72.794851113226031, 19.132918434815814 ], [ 72.794871987501054, 19.132825147066104 ], [ 72.794880579544795, 19.132845743438097 ], [ 72.794892699113149, 19.132861263538107 ], [ 72.794905016582888, 19.132870396586398 ], [ 72.794920771857434, 19.132877631643151 ], [ 72.794936214649596, 19.132881275334316 ], [ 72.794955549981253, 19.132881553324626 ], [ 72.794976741883659, 19.132875846221676 ], [ 72.794994931637191, 19.132865064005006 ], [ 72.795007618511519, 19.132851458230778 ], [ 72.795017294218567, 19.132833456462976 ], [ 72.795021060067199, 19.132813937742988 ], [ 72.795018289080204, 19.132790809000763 ], [ 72.795011824622392, 19.132773660479039 ], [ 72.794995898580481, 19.132755811372345 ], [ 72.794981524057363, 19.132745432494303 ], [ 72.794964566319763, 19.132739294892332 ], [ 72.794948524513785, 19.132737178601587 ], [ 72.794936550181063, 19.132739491747547 ], [ 72.794948056971791, 19.1326635320228 ], [ 72.794982394378579, 19.132443628842083 ], [ 72.795013205340354, 19.132253978472448 ], [ 72.79502436059326, 19.132276133841021 ], [ 72.795035844279042, 19.132288798429197 ], [ 72.795051838874187, 19.132299477634948 ], [ 72.795070193238075, 19.132306353654631 ], [ 72.795093177555145, 19.132307360036094 ], [ 72.795110005046581, 19.132303263405039 ], [ 72.795136117067912, 19.132289151148896 ], [ 72.795151953574418, 19.132269507127869 ], [ 72.795160153006194, 19.132246022216311 ], [ 72.795156313643105, 19.132214533942008 ], [ 72.795144720144563, 19.132192961324687 ], [ 72.795131371835353, 19.132180590509002 ], [ 72.795112769703579, 19.132170188037133 ], [ 72.795094729234492, 19.132165438370414 ], [ 72.795077667996537, 19.132164952838242 ], [ 72.795059888102031, 19.132169851851792 ], [ 72.795041296901474, 19.132120763400405 ], [ 72.795164232015622, 19.131616674701927 ], [ 72.794702515810556, 19.131430448054175 ], [ 72.794355495000886, 19.131289779528707 ], [ 72.794041339135276, 19.131092466904235 ], [ 72.793829625531089, 19.13101111093151 ], [ 72.793596361361438, 19.130925368356593 ], [ 72.79298860406675, 19.130702165506079 ], [ 72.792773165108997, 19.130819048830148 ], [ 72.792616278443717, 19.130904163932264 ], [ 72.792233012568659, 19.131117700716825 ], [ 72.792047759087254, 19.131222724940127 ], [ 72.792037296574378, 19.13121490380685 ], [ 72.791813664131141, 19.131337405796312 ], [ 72.791529812382535, 19.131308379822446 ], [ 72.790406716855102, 19.131200651579181 ], [ 72.789621697565906, 19.131131314031979 ], [ 72.789228037255484, 19.130764658770079 ], [ 72.788967525481283, 19.130520797803889 ], [ 72.788890840328719, 19.130459866262211 ], [ 72.788875028318301, 19.130447653283369 ], [ 72.788845406701483, 19.130424789595015 ], [ 72.788799429341069, 19.130389298121454 ], [ 72.78877054249115, 19.130366993323157 ], [ 72.788726624206419, 19.130333091885788 ], [ 72.788141595821045, 19.129875915030986 ], [ 72.787974418922971, 19.129920879506574 ], [ 72.787790697324382, 19.129965836234419 ], [ 72.787510109129528, 19.130011757817361 ], [ 72.787202740235216, 19.130063326942821 ], [ 72.787189853967618, 19.130274399606826 ], [ 72.787382545677076, 19.130304575004939 ], [ 72.788030575546713, 19.13042652934195 ], [ 72.788021707732256, 19.130776983554771 ], [ 72.787951357929288, 19.131053723878289 ], [ 72.787950386108349, 19.131058906623114 ], [ 72.787791482959918, 19.131682692635263 ], [ 72.787703206659657, 19.132299841491928 ], [ 72.787655952301421, 19.132664075622142 ], [ 72.787682746097886, 19.132939736574389 ], [ 72.787755445948278, 19.1335638715565 ], [ 72.787935606068899, 19.133821462077297 ], [ 72.788011497272535, 19.133992866813532 ], [ 72.788073699936504, 19.134280145707041 ], [ 72.788182679392065, 19.134515798303795 ], [ 72.788187943878441, 19.134556488630295 ], [ 72.788188483510311, 19.134560067371361 ], [ 72.788189531494879, 19.134565007064058 ], [ 72.788210559536026, 19.134651464614013 ], [ 72.788210652604377, 19.134651826119935 ], [ 72.78821213685201, 19.134657046545019 ], [ 72.788213512998723, 19.134660965027926 ], [ 72.788236549356398, 19.134721505266835 ], [ 72.788237019137839, 19.134722694141889 ], [ 72.788239214395006, 19.134727688283981 ], [ 72.788241011074305, 19.134731213505333 ], [ 72.788275236523447, 19.134794400236391 ], [ 72.788275822864421, 19.134795471288392 ], [ 72.788276368432165, 19.134796464172581 ], [ 72.788301497030247, 19.134841339689416 ], [ 72.788270263341857, 19.13522262175827 ], [ 72.788301361238851, 19.135659090172844 ], [ 72.788373216050232, 19.136552313076834 ], [ 72.788513454396977, 19.13715756039684 ], [ 72.788518636998546, 19.13741365942489 ], [ 72.78852195905182, 19.137577827713574 ], [ 72.796511329067528, 19.137673785351961 ] ] ] } },
{ "type": "Feature", "properties": { "grid_id": "cell_0394", "ward_id": "P/S", "ward_gid": 20, "NDVI_prev": 0.40577997145893402, "LST_C": 33.407025673388745, "NDVI": 0.42138069659402405, "pop_density_km2": 67322.624994522062, "elderly_pct": 4.7571458682961563, "slum_pct": 0.93299359521878578, "hospital_dist_m": 600.98377828653054, "impervious_pct": 34.355421523079826 }, "geometry": { "type": "Polygon", "coordinates": [ [ [ 72.85340759091234, 19.147379640105861 ], [ 72.862910515621394, 19.147490427249753 ], [ 72.862984368375152, 19.14175517962477 ], [ 72.862508232758486, 19.141955996064763 ], [ 72.862282285431206, 19.141942635048586 ], [ 72.862011256668026, 19.14192660804105 ], [ 72.861794669546441, 19.141913800456233 ], [ 72.861724389986549, 19.141911347876309 ], [ 72.861706223366255, 19.141910713331438 ], [ 72.861268093359939, 19.141983749776493 ], [ 72.861314536564706, 19.142000921792985 ], [ 72.8611934030057, 19.142021113837032 ], [ 72.860891042497585, 19.142005685903712 ], [ 72.860640120405961, 19.141992881932531 ], [ 72.860630218267744, 19.141992290311006 ], [ 72.86060513652302, 19.141991689611682 ], [ 72.860479517328557, 19.141976607431108 ], [ 72.860358565493371, 19.141957408053962 ], [ 72.860231556799675, 19.141939423732307 ], [ 72.860134280340418, 19.141929610496568 ], [ 72.860064273592016, 19.141917892612192 ], [ 72.859816894478925, 19.141885639259524 ], [ 72.859574539294002, 19.141840022141583 ], [ 72.85950641272008, 19.141833072020614 ], [ 72.859390069486224, 19.14182725516584 ], [ 72.85936075762946, 19.141826396913562 ], [ 72.859327877312154, 19.14182509936596 ], [ 72.859298853500803, 19.141823413174457 ], [ 72.859253761817371, 19.141820792914064 ], [ 72.859234214594238, 19.141819773225244 ], [ 72.859021089514187, 19.141810896699162 ], [ 72.858988434088175, 19.141809518467252 ], [ 72.858958062043484, 19.141808236203254 ], [ 72.858926730685255, 19.141806913852975 ], [ 72.858893766433141, 19.141805522756819 ], [ 72.858878531229522, 19.141804922088589 ], [ 72.858674111420058, 19.141750891875805 ], [ 72.858639740430192, 19.141742087182465 ], [ 72.858405903505457, 19.141684342509802 ], [ 72.858316722125153, 19.141662552282458 ], [ 72.858165362693953, 19.141655153059038 ], [ 72.857897876362813, 19.141642258705822 ], [ 72.857797207266472, 19.14163726870531 ], [ 72.857784102238412, 19.141638173829811 ], [ 72.857597696987824, 19.141627519116597 ], [ 72.857513153082749, 19.14162213193249 ], [ 72.857420258574635, 19.141620267307005 ], [ 72.857290953672631, 19.141617658992839 ], [ 72.857048778979674, 19.141605000734256 ], [ 72.856712304062299, 19.141662044832771 ], [ 72.856156662600299, 19.141750388758506 ], [ 72.855752663307499, 19.141817231444652 ], [ 72.855671708780946, 19.141837880524509 ], [ 72.855428134732321, 19.141900010015032 ], [ 72.855324850397423, 19.141926354904271 ], [ 72.855258880100408, 19.141943387603266 ], [ 72.854985073916296, 19.142087809804199 ], [ 72.854913186876033, 19.14212702023972 ], [ 72.854907670019486, 19.142130028928058 ], [ 72.854736898380153, 19.14222317277035 ], [ 72.854735104995385, 19.142224320717151 ], [ 72.854735064871306, 19.142224319092559 ], [ 72.854734300036625, 19.142224291665102 ], [ 72.854694921799918, 19.142249483790259 ], [ 72.854604253590679, 19.1423086811307 ], [ 72.854592684182236, 19.142316235712777 ], [ 72.854567439132722, 19.142333355134593 ], [ 72.854562795555964, 19.142336753229216 ], [ 72.854556755573981, 19.142341174412863 ], [ 72.854553899000265, 19.142342694947683 ], [ 72.854543033805513, 19.142348472629084 ], [ 72.854529371412653, 19.142358612235171 ], [ 72.854430149268481, 19.142423869655381 ], [ 72.854384677247594, 19.14245340248036 ], [ 72.854365682401848, 19.142465740112236 ], [ 72.854312547051222, 19.142501801325892 ], [ 72.854191463638173, 19.142508361509339 ], [ 72.854065727629035, 19.142513746955427 ], [ 72.8539349415434, 19.142521978778397 ], [ 72.853853945921372, 19.142532125081559 ], [ 72.853686127971301, 19.142523878968113 ], [ 72.853592432947366, 19.142518045462886 ], [ 72.853470538168793, 19.142513052832715 ], [ 72.85340759091234, 19.147379640105861 ] ] ] } },
{ "type": "Feature", "properties": { "grid_id": "cell_0395", "ward_id": "N", "ward_gid": 10, "NDVI_prev": 0.50186930723599776, "LST_C": 30.057870414508621, "NDVI": 0.5927973784981071, "pop_density_km2": 18698.356230524772, "elderly_pct": 4.7571458670611761, "slum_pct": 0.0, "hospital_dist_m": 1079.2931573814617, "impervious_pct": 0.0 }, "geometry": { "type": "Polygon", "coordinates": [ [ [ 72.930332389722025, 19.075999026377044 ], [ 72.939831708225881, 19.076105453873353 ], [ 72.939943357358203, 19.067073710744598 ], [ 72.937578870910087, 19.067047277542475 ], [ 72.936828571270453, 19.068515576052857 ], [ 72.936470057010126, 19.069127844095604 ], [ 72.935763863719174, 19.070111529627592 ], [ 72.934912462361879, 19.071164810039974 ], [ 72.934190906274438, 19.071761938815786 ], [ 72.933237778535457, 19.072663747718011 ], [ 72.932433976574288, 19.07333087758224 ], [ 72.931645101848702, 19.073848624021899 ], [ 72.930592562120651, 19.074593170440949 ], [ 72.930348115326581, 19.07473306346812 ], [ 72.930332389722025, 19.075999026377044 ] ] ] } },
{ "type": "Feature", "properties": { "grid_id": "cell_0396", "ward_id": "K/W", "ward_gid": 14, "NDVI_prev": 0.27210994235354202, "LST_C": 32.789281806452259, "NDVI": 0.29768051236077325, "pop_density_km2": 68084.76400335686, "elderly_pct": 4.7571458737820516, "slum_pct": 4.6192291785383093, "hospital_dist_m": 330.75606853229118, "impervious_pct": 71.550939178321201 }, "geometry": { "type": "Polygon", "coordinates": [ [ [ 72.8344019390358, 19.147156593755359 ], [ 72.824899212449054, 19.147044334578105 ], [ 72.824832395813047, 19.152140812399512 ], [ 72.827993722101169, 19.153956667822236 ], [ 72.828244493103199, 19.153926027504511 ], [ 72.828349467720528, 19.153920153820184 ], [ 72.828412807994226, 19.153905756047816 ], [ 72.828432213698818, 19.15389609356135 ], [ 72.828756500248161, 19.153734620307855 ], [ 72.829128264009313, 19.153536359110941 ], [ 72.829551312102538, 19.153310746897919 ], [ 72.829941345751976, 19.153102737923167 ], [ 72.830039172909778, 19.153052333071514 ], [ 72.830072707741607, 19.153033154207922 ], [ 72.830103623995512, 19.153014271375149 ], [ 72.830113311620735, 19.153007904162138 ], [ 72.830313140365021, 19.152876552192481 ], [ 72.831103370631325, 19.152357111404022 ], [ 72.831190928980959, 19.152285650164302 ], [ 72.831244454527223, 19.152246610865557 ], [ 72.831472106989523, 19.152080567604944 ], [ 72.831584541095197, 19.152003001260972 ], [ 72.831704037925604, 19.151920559410456 ], [ 72.831877796536446, 19.151782130980884 ], [ 72.832113691923723, 19.151637543082614 ], [ 72.832313004226037, 19.151505322075366 ], [ 72.832596573185953, 19.151379792687962 ], [ 72.832904920759375, 19.151290866434731 ], [ 72.833001422404777, 19.15127048605278 ], [ 72.833160364691381, 19.151236917805637 ], [ 72.833654103786202, 19.151189901740199 ], [ 72.83407317330294, 19.151161420005032 ], [ 72.834349775404831, 19.151152993208477 ], [ 72.8344019390358, 19.147156593755359 ] ] ] } },
{ "type": "Feature", "properties": { "grid_id": "cell_0397", "ward_id": "G/S", "ward_gid": 7, "NDVI_prev": 0.21967400106166263, "LST_C": 34.294242570361497, "NDVI": 0.23677809513492434, "pop_density_km2": 82926.526762661262, "elderly_pct": 5.5859844846421973, "slum_pct": 11.309296505752679, "hospital_dist_m": 491.56407285425081, "impervious_pct": 71.921676917283833 }, "geometry": { "type": "Polygon", "coordinates": [ [ [ 72.817290349737164, 19.002435350096736 ], [ 72.817408144871493, 18.993404254413292 ], [ 72.811854885037604, 18.993338646456547 ], [ 72.811870570249525, 18.994572726958154 ], [ 72.811834537023273, 18.994945102015343 ], [ 72.811871559024539, 18.995901651370179 ], [ 72.811869315049236, 18.996048575598824 ], [ 72.811757383594184, 18.996429652881226 ], [ 72.811665667048302, 18.996748983319495 ], [ 72.811494979427863, 18.997346806765229 ], [ 72.811451907353771, 18.997523915953835 ], [ 72.811400230709694, 18.997707840567283 ], [ 72.811268016875573, 18.998175369383581 ], [ 72.81136854309058, 18.998201209459669 ], [ 72.811376504062437, 18.998203090077034 ], [ 72.811359186337597, 18.998270662989643 ], [ 72.811351588445589, 18.998356655999221 ], [ 72.811348239379384, 18.998435495906666 ], [ 72.811349550258925, 18.998546534766636 ], [ 72.811349657157635, 18.998568708003347 ], [ 72.811351008419379, 18.998848570276294 ], [ 72.811351203447458, 18.998920921657628 ], [ 72.811353048116857, 18.999606906147633 ], [ 72.811353049257946, 18.999607327073573 ], [ 72.811325543858615, 18.999834633870236 ], [ 72.811326287928438, 18.999877275866982 ], [ 72.81133203054533, 19.000206656320362 ], [ 72.811331833840143, 19.000242455031934 ], [ 72.811330702472844, 19.000450316371019 ], [ 72.811330521986335, 19.000690377920041 ], [ 72.811330684469382, 19.000903637907349 ], [ 72.81133069885901, 19.000921048134092 ], [ 72.811329478371349, 19.001069078329188 ], [ 72.811331266176495, 19.001148581477032 ], [ 72.811340130498422, 19.001275318699655 ], [ 72.811352544953493, 19.001375659947982 ], [ 72.811371503563521, 19.001483286552769 ], [ 72.811380533334145, 19.001517313007248 ], [ 72.811391420089635, 19.001558338108907 ], [ 72.811444339684087, 19.001713859321494 ], [ 72.811519348810151, 19.001881625328267 ], [ 72.811585113244064, 19.002001093753705 ], [ 72.811661480711521, 19.002131603372131 ], [ 72.811721035788253, 19.002238456711339 ], [ 72.811797552489466, 19.002370427708005 ], [ 72.817290349737164, 19.002435350096736 ] ] ] } },
{ "type": "Feature", "properties": { "grid_id": "cell_0398", "ward_id": "H/E", "ward_gid": 18, "NDVI_prev": 0.24838147543413375, "LST_C": 32.151411787324761, "NDVI": 0.2956210567751843, "pop_density_km2": 71439.668097805596, "elderly_pct": 4.7604639715136488, "slum_pct": 0.0, "hospital_dist_m": 544.66044598346184, "impervious_pct": 50.939876283261114 }, "geometry": { "type": "Polygon", "coordinates": [ [ [ 72.845074915715202, 19.056956793941922 ], [ 72.854572626829182, 19.057067507456818 ], [ 72.85463950364192, 19.051867780406958 ], [ 72.854183038011882, 19.051833907822374 ], [ 72.852427011914457, 19.05170358916175 ], [ 72.849813396320059, 19.051509595799093 ], [ 72.847303662132433, 19.051323277924073 ], [ 72.846257571249311, 19.051245607978714 ], [ 72.845149724317693, 19.051165880224019 ], [ 72.845074915715202, 19.056956793941922 ] ] ] } },
{ "type": "Feature", "properties": { "grid_id": "cell_0399", "ward_id": "N", "ward_gid": 10, "NDVI_prev": 0.32329647580972432, "LST_C": 34.911606997640646, "NDVI": 0.32030527405791837, "pop_density_km2": 95559.851521814577, "elderly_pct": 4.7571458631029975, "slum_pct": 0.0, "hospital_dist_m": 306.06613363288272, "impervious_pct": 65.186811266559616 }, "geometry": { "type": "Polygon", "coordinates": [ [ [ 72.929995520716218, 19.103094036388327 ], [ 72.920494722078772, 19.102986956776139 ], [ 72.920492872518324, 19.103134914947209 ], [ 72.92050164177023, 19.103146323413444 ], [ 72.921241172070481, 19.104213900843973 ], [ 72.921537077786169, 19.10463364516821 ], [ 72.922394716474699, 19.105738961151307 ], [ 72.923216981316187, 19.1069360555699 ], [ 72.923780039230863, 19.107772087971092 ], [ 72.924592189410376, 19.109110328026901 ], [ 72.925116835501029, 19.110005938645958 ], [ 72.925317246089648, 19.110362610155423 ], [ 72.925455487920104, 19.110659916838721 ], [ 72.925497824913606, 19.110752165409192 ], [ 72.926115485690772, 19.110907651480439 ], [ 72.926652481080154, 19.11103939557924 ], [ 72.926766460802497, 19.111067140175162 ], [ 72.926800549659973, 19.110937061173299 ], [ 72.92681523972611, 19.110881005658651 ], [ 72.92683684206898, 19.11084210557641 ], [ 72.926860293096809, 19.110824303575065 ], [ 72.926889022711308, 19.110806561036405 ], [ 72.926915515761223, 19.110798830076352 ], [ 72.926958862752471, 19.110794300001643 ], [ 72.927104316834573, 19.110807636182209 ], [ 72.927184649187424, 19.110780944895982 ], [ 72.927299743847584, 19.110749090203896 ], [ 72.927725068401656, 19.110635580842526 ], [ 72.928033091698268, 19.110572505747129 ], [ 72.928220367333552, 19.110545797521137 ], [ 72.928222209955109, 19.110557503593103 ], [ 72.928233582495494, 19.1106297572789 ], [ 72.928417954436213, 19.11055766071442 ], [ 72.928471274152017, 19.110536810886089 ], [ 72.928525087661228, 19.11051576773102 ], [ 72.928542604242168, 19.110509501679882 ], [ 72.928545040468194, 19.110508629569981 ], [ 72.928546779055708, 19.110508007442458 ], [ 72.928569867607379, 19.110499019407929 ], [ 72.928658534891227, 19.110464502620054 ], [ 72.928675108879489, 19.110457547249286 ], [ 72.928691245134303, 19.110450775412541 ], [ 72.928745810476329, 19.110427873692828 ], [ 72.928748467297567, 19.110426758620704 ], [ 72.929767562885516, 19.110048149596089 ], [ 72.92983889522786, 19.110021648285063 ], [ 72.929909626015288, 19.109995369456048 ], [ 72.929995520716218, 19.103094036388327 ] ] ] } },
{ "type": "Feature", "properties": { "grid_id": "cell_0400", "ward_id": "K/W", "ward_gid": 14, "NDVI_prev": 0.2411252342275364, "LST_C": 34.833960511790139, "NDVI": 0.25203364032943315, "pop_density_km2": 24873.859925436922, "elderly_pct": 4.7571458665918342, "slum_pct": 0.20220837378281978, "hospital_dist_m": 1875.5978606601734, "impervious_pct": 58.718122418653408 }, "geometry": { "type": "Polygon", "coordinates": [ [ [ 72.796511329067528, 19.137673785351961 ], [ 72.78852195905182, 19.137577827713574 ], [ 72.788539701986977, 19.138454652626287 ], [ 72.788541872455511, 19.138625666999026 ], [ 72.788544047226097, 19.138796999355698 ], [ 72.7885522485292, 19.139278487917657 ], [ 72.788494223497338, 19.13940170284609 ], [ 72.78847493445727, 19.13945068734937 ], [ 72.788465756137469, 19.13947399837496 ], [ 72.788130551164997, 19.140263868213715 ], [ 72.78817902910626, 19.140435035236202 ], [ 72.788177937077677, 19.140596228382272 ], [ 72.788198846491071, 19.141617677960529 ], [ 72.787676178781027, 19.142120857049068 ], [ 72.78797502742519, 19.143105720740152 ], [ 72.788171318578506, 19.143425759682653 ], [ 72.788175076782991, 19.143701124184403 ], [ 72.788216627703648, 19.143927527299883 ], [ 72.788397972318847, 19.144254445660245 ], [ 72.788552055550127, 19.144397489607584 ], [ 72.788645125032176, 19.144659810102645 ], [ 72.789309401511773, 19.144688959188823 ], [ 72.789311681207153, 19.144689964699875 ], [ 72.789353791936861, 19.144708549698365 ], [ 72.789390860752349, 19.144724909759727 ], [ 72.789467492951005, 19.144751456105055 ], [ 72.789508381749258, 19.14476375366651 ], [ 72.789639875442631, 19.144803301171915 ], [ 72.789739923810771, 19.144836257730393 ], [ 72.789752478921898, 19.144840392771954 ], [ 72.789875164298124, 19.144880808049681 ], [ 72.789979439054846, 19.144917770430464 ], [ 72.790046990891369, 19.144941715876062 ], [ 72.790119346049494, 19.144967037018308 ], [ 72.790163106852532, 19.144982351393086 ], [ 72.790185632279048, 19.144984028162781 ], [ 72.790186897929786, 19.144984122326804 ], [ 72.790187040802394, 19.144984132969032 ], [ 72.790298292457422, 19.144990844661091 ], [ 72.79047736341407, 19.144973190291399 ], [ 72.790619107122936, 19.144957839627466 ], [ 72.790723683168096, 19.144946512679709 ], [ 72.790762292399378, 19.144942943200885 ], [ 72.790809835650307, 19.144938545829088 ], [ 72.790841577831571, 19.144935610563067 ], [ 72.790848391270259, 19.144934982623948 ], [ 72.790920608668827, 19.144928303732453 ], [ 72.790980331841226, 19.144922782174465 ], [ 72.791039486853421, 19.144918270000993 ], [ 72.791261072815956, 19.144901364148666 ], [ 72.791264613865437, 19.144900919987602 ], [ 72.791280419375354, 19.144898941097029 ], [ 72.791336783544551, 19.144891884169787 ], [ 72.791445121057649, 19.144883565171373 ], [ 72.791445972326386, 19.144883220473027 ], [ 72.79149804831718, 19.144862179467193 ], [ 72.791542178326381, 19.144840027857143 ], [ 72.791566103633272, 19.144828016556978 ], [ 72.791653984000178, 19.144783900643056 ], [ 72.791665128868317, 19.144779745364307 ], [ 72.791766861557292, 19.144735618995654 ], [ 72.791774443658596, 19.144731345742251 ], [ 72.791814056718081, 19.144712305248731 ], [ 72.791932579821193, 19.144666135372418 ], [ 72.792018655028514, 19.144632603882503 ], [ 72.792188677577371, 19.144566373049535 ], [ 72.792195289658579, 19.144564328695513 ], [ 72.792258485597159, 19.14453586925103 ], [ 72.792953143953341, 19.144223037892758 ], [ 72.792958271298502, 19.144220946771586 ], [ 72.793086339916499, 19.144155085122172 ], [ 72.793528228543394, 19.143864461507313 ], [ 72.793646559974846, 19.143782672439809 ], [ 72.793686186338874, 19.14373267748627 ], [ 72.7937246038897, 19.143684207969965 ], [ 72.793727937377398, 19.143680341439037 ], [ 72.793737861215348, 19.143668832259866 ], [ 72.793847671927935, 19.143541484079023 ], [ 72.793878248932998, 19.143506023941661 ], [ 72.793888363385278, 19.143492802502653 ], [ 72.793913763351412, 19.143459604018478 ], [ 72.793931935004437, 19.143417798080836 ], [ 72.793937505327449, 19.143404983376399 ], [ 72.793940967482953, 19.143397018754289 ], [ 72.793950419076609, 19.143375275623359 ], [ 72.793971772929154, 19.143358554249556 ], [ 72.794053375135462, 19.143294649691004 ], [ 72.794065311067271, 19.143286667280996 ], [ 72.794300436312341, 19.143129421983993 ], [ 72.794526243975071, 19.142980935051614 ], [ 72.794528260889891, 19.1429763590235 ], [ 72.794535482889515, 19.142960161343385 ], [ 72.794544100817475, 19.142940832856887 ], [ 72.794608685554422, 19.142795973943869 ], [ 72.794615328009726, 19.142795759178885 ], [ 72.794741839369038, 19.142791668814915 ], [ 72.794799417129937, 19.142789807080202 ], [ 72.794805208858961, 19.142789619925836 ], [ 72.794841376756224, 19.142785909248605 ], [ 72.794949605214867, 19.14277406747561 ], [ 72.794997390124777, 19.142768921524659 ], [ 72.79500994274656, 19.142767568030266 ], [ 72.79501732642251, 19.142766772194083 ], [ 72.795021788249755, 19.142766423402009 ], [ 72.795034907197888, 19.142746340473948 ], [ 72.795118440165069, 19.142626785145232 ], [ 72.795116015319479, 19.14262013323567 ], [ 72.795094869759566, 19.142562125581076 ], [ 72.795051498927805, 19.14244314932694 ], [ 72.795159970271769, 19.142397072713226 ], [ 72.795306636088711, 19.142373013788852 ], [ 72.795319120050451, 19.142370965769011 ], [ 72.795444029776704, 19.142247575820054 ], [ 72.795556524887331, 19.1421344639684 ], [ 72.795848480804196, 19.142062020028497 ], [ 72.795885519322326, 19.142052829112242 ], [ 72.796009374325664, 19.142021919913788 ], [ 72.796011385761702, 19.142021416843715 ], [ 72.796042256442504, 19.142013712692496 ], [ 72.796065462224703, 19.14200792249099 ], [ 72.796069474088284, 19.142006920842011 ], [ 72.796076068342614, 19.142007307858911 ], [ 72.796118447824526, 19.142009795033335 ], [ 72.796186475019823, 19.142013786784705 ], [ 72.796268487104157, 19.142028571060049 ], [ 72.796344141302441, 19.142042208478973 ], [ 72.796376014307512, 19.142047954025326 ], [ 72.796453080537361, 19.142061846301811 ], [ 72.796511329067528, 19.137673785351961 ] ] ] } },
{ "type": "Feature", "properties": { "grid_id": "cell_0401", "ward_id": "H/W", "ward_gid": 23, "NDVI_prev": 0.22034843886393565, "LST_C": 34.20683438943805, "NDVI": 0.24533183531587036, "pop_density_km2": 55861.398183276477, "elderly_pct": 4.7571458715961814, "slum_pct": 1.9069193122961607, "hospital_dist_m": 180.52051333871501, "impervious_pct": 81.12571013018821 }, "geometry": { "type": "Polygon", "coordinates": [ [ [ 72.835577270477557, 19.05684559223684 ], [ 72.835460035352327, 19.06587673530996 ], [ 72.841182564187633, 19.065943825743421 ], [ 72.841217679201449, 19.065024334954213 ], [ 72.841252806312781, 19.064038296508681 ], [ 72.841275199619261, 19.063409642161403 ], [ 72.84130595754911, 19.062546146936082 ], [ 72.84130562541165, 19.06183588378186 ], [ 72.841305506229915, 19.061579594443586 ], [ 72.841304783875458, 19.060028144156991 ], [ 72.841304599890748, 19.059633552452453 ], [ 72.841304395132795, 19.059195885677596 ], [ 72.841304124755268, 19.058616816026444 ], [ 72.84130400688457, 19.058364531731687 ], [ 72.841332763477851, 19.057444465098637 ], [ 72.841333530070244, 19.057431174688496 ], [ 72.841363433967331, 19.056913396837018 ], [ 72.835577270477557, 19.05684559223684 ] ] ] } },
{ "type": "Feature", "properties": { "grid_id": "cell_0402", "ward_id": "R/S", "ward_gid": 22, "NDVI_prev": 0.70003124852134424, "LST_C": 28.052805646266094, "NDVI": 0.65196976536968809, "pop_density_km2": 4457.8905796152003, "elderly_pct": 4.7571458692725583, "slum_pct": 0.0, "hospital_dist_m": 1836.102707585364, "impervious_pct": 0.0 }, "geometry": { "type": "Polygon", "coordinates": [ [ [ 72.900236204303837, 19.202117161969799 ], [ 72.890729916367818, 19.202008006333429 ], [ 72.89062451302992, 19.210272425265554 ], [ 72.890626417553136, 19.210273181309113 ], [ 72.890970916279358, 19.210409939068455 ], [ 72.891043629086724, 19.210496959165575 ], [ 72.891229998606363, 19.210719999061155 ], [ 72.89133976653585, 19.210705087513844 ], [ 72.891523309942087, 19.21064459393849 ], [ 72.891784550912845, 19.210551994564486 ], [ 72.89190546319449, 19.210514553244426 ], [ 72.891930983658327, 19.210288196321713 ], [ 72.891942317973431, 19.210187675492726 ], [ 72.891961003931954, 19.209942861494209 ], [ 72.891991226146203, 19.209546902875982 ], [ 72.891991233232616, 19.209546824337277 ], [ 72.892008079284111, 19.209326116086888 ], [ 72.892608421855329, 19.209021270785183 ], [ 72.892608574993318, 19.209021191613889 ], [ 72.892697792427086, 19.208975888434633 ], [ 72.893678625364814, 19.208477521915579 ], [ 72.894003044022995, 19.20832384616719 ], [ 72.89406892866495, 19.208292625750417 ], [ 72.894069503750487, 19.208478259588329 ], [ 72.894067881278971, 19.208518506111837 ], [ 72.894078211423789, 19.208543066514153 ], [ 72.894111791540254, 19.208552349276747 ], [ 72.894126029206504, 19.208550179739017 ], [ 72.894146455726272, 19.208534801429678 ], [ 72.89418437939392, 19.208506622950253 ], [ 72.894236213046568, 19.208484325108806 ], [ 72.894270336394698, 19.208480193130814 ], [ 72.89430728437209, 19.2084761641344 ], [ 72.894333256616633, 19.208463672929188 ], [ 72.894344073563104, 19.208455358268193 ], [ 72.894344326788627, 19.208455163543452 ], [ 72.89435661734737, 19.208445715343373 ], [ 72.894428555903701, 19.208416087057397 ], [ 72.894522555547383, 19.208400698573108 ], [ 72.894714554100531, 19.208391323238818 ], [ 72.894898865187997, 19.208381907940769 ], [ 72.895139038072728, 19.208390645710093 ], [ 72.895302595167379, 19.208404658636635 ], [ 72.89534124779324, 19.208412230484502 ], [ 72.895328766738345, 19.207888815283177 ], [ 72.895322663736792, 19.207629256284896 ], [ 72.896250016789438, 19.207013149398783 ], [ 72.89733833962066, 19.206290086296487 ], [ 72.899109438194429, 19.205113369765236 ], [ 72.899308328563805, 19.204981224905481 ], [ 72.899540180187174, 19.204872766176553 ], [ 72.899746365225383, 19.204571061873715 ], [ 72.899768255388366, 19.204422808896155 ], [ 72.899791806876905, 19.204263304384451 ], [ 72.900035703099846, 19.203608810168245 ], [ 72.900223672893262, 19.20310438950823 ], [ 72.900236204303837, 19.202117161969799 ] ] ] } },
{ "type": "Feature", "properties": { "grid_id": "cell_0403", "ward_id": "E", "ward_gid": 5, "NDVI_prev": 0.12899231016292995, "LST_C": 36.596930268475084, "NDVI": 0.15838503227245085, "pop_density_km2": 65615.035718646017, "elderly_pct": 5.5859844878840219, "slum_pct": 3.4861906333981683, "hospital_dist_m": 413.32184981228107, "impervious_pct": 80.670824777361702 }, "geometry": { "type": "Polygon", "coordinates": [ [ [ 72.855626991385691, 18.974891851367875 ], [ 72.855444801149019, 18.974572225570814 ], [ 72.855438413294621, 18.97456384060165 ], [ 72.855433002202503, 18.974558662711022 ], [ 72.855426104083136, 18.974555354522774 ], [ 72.855419696475451, 18.974552519006146 ], [ 72.855406864600312, 18.974552007249141 ], [ 72.85540677408099, 18.974552032395341 ], [ 72.855406865629064, 18.974551926870156 ], [ 72.855391546932694, 18.974556179950941 ], [ 72.855259148681611, 18.974592803873271 ], [ 72.855259122946293, 18.974592811704557 ], [ 72.855261101284086, 18.974598621864072 ], [ 72.855261126893652, 18.974598698035319 ], [ 72.854930894969911, 18.974666553655521 ], [ 72.853726247962072, 18.974922404412531 ], [ 72.853553353476187, 18.974958642475205 ], [ 72.853193010190807, 18.975039865474862 ], [ 72.852504267448296, 18.975179903038974 ], [ 72.852066905891903, 18.975265423209407 ], [ 72.851982215377774, 18.975281982926312 ], [ 72.851914238670645, 18.975295084629501 ], [ 72.851457996498752, 18.975383020501813 ], [ 72.851389361422392, 18.975396249095006 ], [ 72.851212365933122, 18.975430362767934 ], [ 72.85121254767725, 18.9754311637986 ], [ 72.85121617875123, 18.975447197085529 ], [ 72.85121598974122, 18.975447246919821 ], [ 72.851036522684765, 18.975494673732168 ], [ 72.850985581878902, 18.975287573450128 ], [ 72.85095828422584, 18.975176595238541 ], [ 72.850929927341113, 18.975061310094727 ], [ 72.850919635548451, 18.975019467845758 ], [ 72.850915936528466, 18.975009990288537 ], [ 72.850908264206666, 18.975004277488164 ], [ 72.850901695433947, 18.975002909563617 ], [ 72.850892792361876, 18.975003361720763 ], [ 72.850877910731782, 18.975007062171926 ], [ 72.850458772814235, 18.975097693887427 ], [ 72.850444087829928, 18.975087248727519 ], [ 72.850429098250189, 18.97507767800461 ], [ 72.850415210089892, 18.97507128511398 ], [ 72.850406872006673, 18.975069141497688 ], [ 72.850109055162434, 18.975136688075313 ], [ 72.850057198988182, 18.975149947388367 ], [ 72.849643486495467, 18.975242727636882 ], [ 72.849570668188974, 18.975259032111861 ], [ 72.849460249977653, 18.975283757206338 ], [ 72.849450921329478, 18.975285483372851 ], [ 72.849446937989072, 18.975285588848923 ], [ 72.849440848475609, 18.975282610497597 ], [ 72.84943600667772, 18.975278807506513 ], [ 72.849433288112863, 18.97527335633206 ], [ 72.84943132718935, 18.975264947634361 ], [ 72.849429214232245, 18.975256178574078 ], [ 72.849336392951713, 18.97487096308506 ], [ 72.849332149374135, 18.974851399636613 ], [ 72.849329159540602, 18.974835941642905 ], [ 72.849329147270424, 18.974835862012988 ], [ 72.849327179534498, 18.974822658701516 ], [ 72.849327181005421, 18.974822618071652 ], [ 72.84932718623881, 18.974822580195283 ], [ 72.84932847134516, 18.974814699679225 ], [ 72.849331793820127, 18.974809641148045 ], [ 72.849342470032653, 18.974806779879287 ], [ 72.849401423973021, 18.974794425185372 ], [ 72.849646636257432, 18.974742866224442 ], [ 72.850068474214069, 18.974654344273088 ], [ 72.850212404587381, 18.974621990527925 ], [ 72.850296508676706, 18.974605311889899 ], [ 72.850585937117103, 18.974546424695315 ], [ 72.850838736452047, 18.974492226114855 ], [ 72.850997980938928, 18.974458850871979 ], [ 72.851316820370783, 18.974389340029106 ], [ 72.851569856043952, 18.974340448938015 ], [ 72.851808039129892, 18.974289731267984 ], [ 72.851955364576696, 18.974263124148173 ], [ 72.852741279774563, 18.974102818777315 ], [ 72.852913230294249, 18.974066461167496 ], [ 72.853213812102837, 18.974005881664564 ], [ 72.853496416079722, 18.9739481896219 ], [ 72.854080073637746, 18.973827813475594 ], [ 72.854105506213983, 18.97382154005243 ], [ 72.854108407388125, 18.973819011757808 ], [ 72.854202572401448, 18.973789760327445 ], [ 72.854081442143084, 18.97326456926703 ], [ 72.854088150129328, 18.973262332481362 ], [ 72.854046028111654, 18.973087456020846 ], [ 72.854040812176265, 18.973088407044855 ], [ 72.85393530237512, 18.972630939755643 ], [ 72.853680143256142, 18.972029097481162 ], [ 72.853297891241766, 18.972108513564788 ], [ 72.852994766111607, 18.972143948630627 ], [ 72.852703698485143, 18.972145607714445 ], [ 72.851953957526703, 18.972246458271751 ], [ 72.851331278986294, 18.97231591622554 ], [ 72.851041912011667, 18.972433059650989 ], [ 72.850843453842273, 18.972644372841479 ], [ 72.850628287697717, 18.972811672983408 ], [ 72.850448994628678, 18.972875319707263 ], [ 72.84972718902101, 18.973042213317651 ], [ 72.849673067806805, 18.972773194769481 ], [ 72.84986984111292, 18.972693319775342 ], [ 72.849945658625927, 18.972617517371106 ], [ 72.85005784148828, 18.972399726120504 ], [ 72.850094206794168, 18.97225773733301 ], [ 72.85009652525504, 18.972077011755598 ], [ 72.850034820487977, 18.971950316260006 ], [ 72.849886418210517, 18.971850000749299 ], [ 72.849836999367909, 18.971663197022298 ], [ 72.849868029801925, 18.971488282245382 ], [ 72.849984984636507, 18.971347229269199 ], [ 72.850317665553902, 18.970995064185164 ], [ 72.850383093151919, 18.970831503294828 ], [ 72.850519634007924, 18.970509924668445 ], [ 72.850618475632544, 18.970434389128524 ], [ 72.85079776594047, 18.9703707419606 ], [ 72.850757253966222, 18.970023885510784 ], [ 72.85076765489832, 18.970022525596331 ], [ 72.851307301429756, 18.969949467299301 ], [ 72.851853789982059, 18.969874382505914 ], [ 72.85234613359475, 18.969807271240629 ], [ 72.853000622019096, 18.969719606420362 ], [ 72.852979083389897, 18.969291786417486 ], [ 72.852673729763879, 18.969310912756448 ], [ 72.852347166013899, 18.969331674861003 ], [ 72.851994307748242, 18.969356615049893 ], [ 72.851525143527383, 18.969385456561998 ], [ 72.851113481937631, 18.969410934872442 ], [ 72.850722710568434, 18.969435681974421 ], [ 72.850714148103307, 18.969289880064348 ], [ 72.851137813724279, 18.969263250249178 ], [ 72.851155761842421, 18.968893267625635 ], [ 72.851352819128749, 18.968895554168903 ], [ 72.851360140488453, 18.968759649400287 ], [ 72.852153086392406, 18.968715347961556 ], [ 72.852167551383673, 18.96822949638636 ], [ 72.85229986537766, 18.968191835844799 ], [ 72.852296547858955, 18.967807685272494 ], [ 72.851411022991314, 18.967834530163881 ], [ 72.851420964633377, 18.967623567672348 ], [ 72.851442054533322, 18.967292903788575 ], [ 72.851234977932407, 18.967283270129712 ], [ 72.851186096626705, 18.967018740986337 ], [ 72.850382343840778, 18.967161756960053 ], [ 72.850382177905701, 18.967161666513856 ], [ 72.850386891340804, 18.967062743633043 ], [ 72.850391343380252, 18.966969299173233 ], [ 72.850396495877973, 18.966817011251258 ], [ 72.850401302712342, 18.966692637779563 ], [ 72.846238511832581, 18.966644273854097 ], [ 72.846122448198557, 18.975675568579152 ], [ 72.855266223079539, 18.975781727960648 ], [ 72.855277247921606, 18.975779338281214 ], [ 72.855400408889039, 18.975753771818997 ], [ 72.855522078122817, 18.975728881701443 ], [ 72.855601142092496, 18.975712850430799 ], [ 72.855616522536607, 18.975709864568316 ], [ 72.855626991385691, 18.974891851367875 ] ] ] } },
{ "type": "Feature", "properties": { "grid_id": "cell_0404", "ward_id": "P/N", "ward_gid": 21, "NDVI_prev": 0.68702763774921172, "LST_C": 27.161457631498262, "NDVI": 0.69875819478389478, "pop_density_km2": 4105.0867149234509, "elderly_pct": 4.7571458707007173, "slum_pct": 0.0, "hospital_dist_m": 2217.270412994435, "impervious_pct": 0.0 }, "geometry": { "type": "Polygon", "coordinates": [ [ [ 72.890960096598363, 19.183945323846352 ], [ 72.890866894236481, 19.191261541688444 ], [ 72.891080992070655, 19.191192749628399 ], [ 72.892006721323312, 19.19110613723598 ], [ 72.892434110848157, 19.191066306871928 ], [ 72.894037027075825, 19.190682988712325 ], [ 72.894037134485458, 19.19068296335367 ], [ 72.89416517683361, 19.190664614784094 ], [ 72.894300468126616, 19.190645227359692 ], [ 72.894496878445196, 19.190630065916398 ], [ 72.895667597715871, 19.190541281489224 ], [ 72.895674478225075, 19.190540759665133 ], [ 72.895674781481972, 19.190540737058789 ], [ 72.895675056799149, 19.1905407165887 ], [ 72.895675101636641, 19.190540680502775 ], [ 72.895675113162341, 19.190540671277166 ], [ 72.896104010371715, 19.190201056873335 ], [ 72.89617927324322, 19.190142397697652 ], [ 72.897038050037381, 19.189473069625514 ], [ 72.897050517811323, 19.189463591731233 ], [ 72.897336207519857, 19.189246412175802 ], [ 72.897337306643905, 19.189245579317696 ], [ 72.897364569593293, 19.189224855658498 ], [ 72.8973646022678, 19.189224828031783 ], [ 72.897364848981141, 19.189224640270591 ], [ 72.897366823410522, 19.189223081283387 ], [ 72.897390447443414, 19.189204425935266 ], [ 72.897390746106154, 19.189204189993081 ], [ 72.900188201565001, 19.185101803305116 ], [ 72.900075877608231, 19.184049910614565 ], [ 72.890960096598363, 19.183945323846352 ] ] ] } },
{ "type": "Feature", "properties": { "grid_id": "cell_0405", "ward_id": "M/W", "ward_gid": 17, "NDVI_prev": 0.35605565524108407, "LST_C": 31.878257931121517, "NDVI": 0.39885973907834454, "pop_density_km2": 61758.013748931604, "elderly_pct": 4.7571458776201352, "slum_pct": 0.0, "hospital_dist_m": 1318.5004742077247, "impervious_pct": 26.685231206177335 }, "geometry": { "type": "Polygon", "coordinates": [ [ [ 72.883409767224791, 19.030302390192993 ], [ 72.883524176095136, 19.02127092838229 ], [ 72.878452231071194, 19.021212755769113 ], [ 72.87843390379129, 19.0212350115495 ], [ 72.878364996760411, 19.021315567421663 ], [ 72.878296997437971, 19.021411920227653 ], [ 72.878252673195661, 19.02147472807971 ], [ 72.878227727995736, 19.021529836755779 ], [ 72.878119623648573, 19.021697085814441 ], [ 72.87807717793406, 19.021767214552145 ], [ 72.878003987986119, 19.021911085951398 ], [ 72.878003950659334, 19.021911159446702 ], [ 72.877913591503344, 19.022067637368686 ], [ 72.877868253340708, 19.022148412236248 ], [ 72.87786573659227, 19.022152896991845 ], [ 72.877824667537467, 19.022238747608078 ], [ 72.877780792750357, 19.022340841188083 ], [ 72.877725264744086, 19.022465965367672 ], [ 72.877681312145441, 19.02256011642497 ], [ 72.877626906608214, 19.022679478818816 ], [ 72.877592979812405, 19.022773735991848 ], [ 72.877565155020505, 19.022843914208135 ], [ 72.877556858256, 19.022864843511648 ], [ 72.877451110407549, 19.023131840629084 ], [ 72.877425947875224, 19.023243792433853 ], [ 72.877422305657689, 19.023292465996153 ], [ 72.877413866417143, 19.02340520881339 ], [ 72.877409996057295, 19.023427953059848 ], [ 72.877351459254811, 19.023645881958124 ], [ 72.877330584918113, 19.023717287134701 ], [ 72.877324151301778, 19.023746901135215 ], [ 72.877304292747183, 19.023838300218554 ], [ 72.877299142135143, 19.02386201431781 ], [ 72.877297579582049, 19.023869209913613 ], [ 72.877297573660897, 19.023871320798293 ], [ 72.877297396039268, 19.02392844093853 ], [ 72.87729848357499, 19.024118628863587 ], [ 72.877300027568992, 19.024137939646934 ], [ 72.877299971130782, 19.024139541407489 ], [ 72.877285582572483, 19.024541677386175 ], [ 72.877286738417965, 19.024572701889127 ], [ 72.877285338742183, 19.024580158595207 ], [ 72.877282779994999, 19.02461254048815 ], [ 72.877280220285058, 19.02464492327309 ], [ 72.877282234378256, 19.02468763517102 ], [ 72.877282412812022, 19.024688915354886 ], [ 72.877291166795843, 19.02475177184942 ], [ 72.87729467337229, 19.024785918019511 ], [ 72.877294673592743, 19.024785921599019 ], [ 72.87729467373677, 19.024785925213781 ], [ 72.877298727564593, 19.024894871474906 ], [ 72.877313632129585, 19.024999740391948 ], [ 72.877313673534715, 19.025001466122028 ], [ 72.877313715934974, 19.025003236124004 ], [ 72.87731544466871, 19.025075736541378 ], [ 72.877328534749267, 19.025157916933431 ], [ 72.877333223134372, 19.025189281012786 ], [ 72.877333227434931, 19.025189316289907 ], [ 72.877343699380503, 19.025259361814193 ], [ 72.877361531988726, 19.025397653014252 ], [ 72.877362650827564, 19.025410209643894 ], [ 72.877363835300088, 19.025423505906275 ], [ 72.877364925147987, 19.025435727991201 ], [ 72.87736832659597, 19.025471132080693 ], [ 72.877368519423939, 19.025486679650353 ], [ 72.877368530227301, 19.025487548724549 ], [ 72.877368714954812, 19.02550246300569 ], [ 72.877368887447361, 19.025516546133719 ], [ 72.877377832833048, 19.025576675129777 ], [ 72.877393042346029, 19.025654853980097 ], [ 72.877420150477434, 19.025777727185545 ], [ 72.877470784374836, 19.02598489692955 ], [ 72.877513161032056, 19.02613728212658 ], [ 72.877599137294823, 19.026534127391194 ], [ 72.877641719033633, 19.026690122607704 ], [ 72.8776647076849, 19.026774394898037 ], [ 72.877678701902298, 19.026834464474447 ], [ 72.877723708604066, 19.02704136628795 ], [ 72.877778662476132, 19.027276508550813 ], [ 72.877816723897098, 19.027433456249248 ], [ 72.877818153467189, 19.027439348475554 ], [ 72.877833427576235, 19.027504987890101 ], [ 72.877868218481183, 19.027659513360838 ], [ 72.877884686141357, 19.027732655535871 ], [ 72.877977994332269, 19.028088873466171 ], [ 72.877995822921733, 19.028155971203322 ], [ 72.878040678444989, 19.028324798218765 ], [ 72.878077575848266, 19.028465818624788 ], [ 72.878110684819433, 19.028586265877941 ], [ 72.87813041013969, 19.028664358378794 ], [ 72.878147298593831, 19.028707525693306 ], [ 72.878189866200557, 19.028800469405013 ], [ 72.878222799936822, 19.028893222041361 ], [ 72.878257148847155, 19.028988069366882 ], [ 72.878279281037777, 19.029049182655385 ], [ 72.878354618942552, 19.029280596336577 ], [ 72.878374681580738, 19.029338275078548 ], [ 72.878386299528472, 19.029371673437357 ], [ 72.878412044371771, 19.029450986747339 ], [ 72.87842909793865, 19.029503523803889 ], [ 72.878465781680603, 19.029616536585625 ], [ 72.878535358143964, 19.029822791973118 ], [ 72.878544415168562, 19.029849640168518 ], [ 72.878574058930994, 19.029935761069996 ], [ 72.878612413743909, 19.030047183394757 ], [ 72.878661939494137, 19.030193035887883 ], [ 72.878688790297701, 19.030242044367309 ], [ 72.878688931373674, 19.030242303421069 ], [ 72.878692196065757, 19.030248261905033 ], [ 72.883409767224791, 19.030302390192993 ] ] ] } },
{ "type": "Feature", "properties": { "grid_id": "cell_0406", "ward_id": "K/E", "ward_gid": 19, "NDVI_prev": 0.53370221873786372, "LST_C": 32.958164624370106, "NDVI": 0.4506146152704022, "pop_density_km2": 35602.094157237669, "elderly_pct": 4.7571458595716205, "slum_pct": 2.8284141466558133, "hospital_dist_m": 1169.0787892157327, "impervious_pct": 10.549096722800018 }, "geometry": { "type": "Polygon", "coordinates": [ [ [ 72.882146997926014, 19.129647843407458 ], [ 72.882047604642793, 19.137441240790128 ], [ 72.882172574575378, 19.137417935280617 ], [ 72.882333308924984, 19.137388402672933 ], [ 72.883027528311587, 19.137260847737565 ], [ 72.883268703343489, 19.137207748169971 ], [ 72.883270069659432, 19.137207447110693 ], [ 72.883302874561537, 19.137200226462625 ], [ 72.883394237196711, 19.137185436557139 ], [ 72.883616243596222, 19.137145228046716 ], [ 72.883854196055239, 19.137102133179454 ], [ 72.884929885104555, 19.136908025773327 ], [ 72.885246032877916, 19.136854373347898 ], [ 72.8853331270317, 19.137040791438736 ], [ 72.885357997889457, 19.137094027331649 ], [ 72.885385276287636, 19.13715241512768 ], [ 72.885583842862545, 19.137577115943539 ], [ 72.886010630124701, 19.137413218740203 ], [ 72.886478972337201, 19.137232687928588 ], [ 72.886523877109525, 19.137215860345513 ], [ 72.886634905153329, 19.137172144038235 ], [ 72.886640133656584, 19.137170138052657 ], [ 72.886679491044177, 19.137155039888189 ], [ 72.886679525292465, 19.137155025251563 ], [ 72.886835099365626, 19.137084711916263 ], [ 72.887370177306224, 19.136960946880073 ], [ 72.887383577640563, 19.136955928127165 ], [ 72.887439941719023, 19.136934317071024 ], [ 72.887524258560589, 19.136901991467912 ], [ 72.88757121889698, 19.136884697013169 ], [ 72.887725049000238, 19.136825583604704 ], [ 72.887869739754635, 19.136770654486451 ], [ 72.887962390164773, 19.136734543112635 ], [ 72.888088726636994, 19.136687236066855 ], [ 72.888112489733885, 19.136678338231608 ], [ 72.888299372363619, 19.136606547257347 ], [ 72.888504187150417, 19.136528065423747 ], [ 72.888703017711919, 19.136451792294878 ], [ 72.888704308626401, 19.136451297244587 ], [ 72.888706164390399, 19.136450579757437 ], [ 72.888730648829366, 19.136441106247794 ], [ 72.888783439283145, 19.136420679258563 ], [ 72.888893931480396, 19.13637692873872 ], [ 72.888950086088144, 19.136355307841281 ], [ 72.888998569621336, 19.136336640752511 ], [ 72.889104559092843, 19.136296268788808 ], [ 72.889284355817892, 19.13622689041205 ], [ 72.889414692147028, 19.136176655761062 ], [ 72.889579303135577, 19.13611321199636 ], [ 72.889630045932449, 19.136093176306499 ], [ 72.889665384220933, 19.136079173624438 ], [ 72.889734012311436, 19.136036898188657 ], [ 72.889804441504907, 19.136002606058724 ], [ 72.889993599314465, 19.135939679551587 ], [ 72.890201195401161, 19.135850709774783 ], [ 72.890685061515399, 19.135651231495153 ], [ 72.890673423268026, 19.135622317553818 ], [ 72.890603344884084, 19.135448215478224 ], [ 72.890572322835837, 19.135370879311175 ], [ 72.890539156063454, 19.135263472763327 ], [ 72.890517136695351, 19.135221419319048 ], [ 72.890493108586938, 19.135197675144752 ], [ 72.890386885400645, 19.135112503159057 ], [ 72.890137878420106, 19.134903464733693 ], [ 72.890073171282154, 19.134849923709996 ], [ 72.890007943998171, 19.13479434744367 ], [ 72.889989398536699, 19.134778087889824 ], [ 72.889971209207374, 19.134762142244217 ], [ 72.889970969715279, 19.134761932573895 ], [ 72.889945103453798, 19.134739256440174 ], [ 72.889920392563511, 19.134699760748408 ], [ 72.889867369756828, 19.134595021289449 ], [ 72.889819151381417, 19.134513419085803 ], [ 72.889800848923258, 19.134482447407315 ], [ 72.889757017377022, 19.134404648568008 ], [ 72.889717250174002, 19.134334615009518 ], [ 72.889540555543405, 19.134076714274183 ], [ 72.889525643789256, 19.13403748261036 ], [ 72.889504652331851, 19.134030398002103 ], [ 72.889514460921063, 19.133761898397211 ], [ 72.889492615937513, 19.133723195217829 ], [ 72.889462656076319, 19.133670114040175 ], [ 72.889425897062324, 19.133604983641291 ], [ 72.889307440707569, 19.133273604145931 ], [ 72.88931043708935, 19.133179225387629 ], [ 72.889258171136447, 19.133044382846041 ], [ 72.889214737982627, 19.132919316644617 ], [ 72.889211384118909, 19.13290965747095 ], [ 72.889166272166406, 19.132800958548863 ], [ 72.888901205267956, 19.13237651618412 ], [ 72.888746193082753, 19.132375109475895 ], [ 72.888585178664073, 19.132210872861787 ], [ 72.888589433803133, 19.131840220176617 ], [ 72.888594082488282, 19.131435280408041 ], [ 72.88855682056365, 19.13137256755552 ], [ 72.88852199060068, 19.13131394759856 ], [ 72.888714412382768, 19.13120503759508 ], [ 72.8885853283725, 19.131084915334977 ], [ 72.888482829972205, 19.130994393888511 ], [ 72.888317411155597, 19.130920930721125 ], [ 72.888228626678156, 19.130881145190873 ], [ 72.888080940479369, 19.130819639401764 ], [ 72.887921834012488, 19.130755292030482 ], [ 72.887794077327968, 19.13061210243454 ], [ 72.887696713187154, 19.130499753095162 ], [ 72.887577280210436, 19.130372587888836 ], [ 72.887385338425702, 19.130294680159022 ], [ 72.887202460194985, 19.130222069764699 ], [ 72.887141331549813, 19.130197077147724 ], [ 72.886885827441347, 19.130075556647924 ], [ 72.886805274548863, 19.129962310736779 ], [ 72.886605630253626, 19.12969914599541 ], [ 72.882146997926014, 19.129647843407458 ] ] ] } },
{ "type": "Feature", "properties": { "grid_id": "cell_0407", "ward_id": "R/N", "ward_gid": 15, "NDVI_prev": 0.58345974697106395, "LST_C": 29.537039380807951, "NDVI": 0.60879236868641984, "pop_density_km2": 7729.1520269313833, "elderly_pct": 4.7571458691622492, "slum_pct": 0.0, "hospital_dist_m": 1206.5982885690767, "impervious_pct": 0.0 }, "geometry": { "type": "Polygon", "coordinates": [ [ [ 72.89015333350514, 19.247164545332961 ], [ 72.880644516397183, 19.24705461987347 ], [ 72.8805364661374, 19.255464867983598 ], [ 72.88077545444861, 19.255224976852549 ], [ 72.881121402245327, 19.254872154399095 ], [ 72.881222496526718, 19.254758597752261 ], [ 72.881242507518451, 19.254736119033542 ], [ 72.88128462692174, 19.254690764972548 ], [ 72.881398890421394, 19.254567725752459 ], [ 72.881626180121145, 19.254372180788735 ], [ 72.881626836536867, 19.254371574178311 ], [ 72.881795367856327, 19.254227818461409 ], [ 72.882177249766571, 19.254138114125485 ], [ 72.882531597229672, 19.254054923262643 ], [ 72.882614862857082, 19.254028310068897 ], [ 72.882989112621061, 19.253922309332843 ], [ 72.883175591556878, 19.253866309142541 ], [ 72.883325937127239, 19.253824360698008 ], [ 72.883423064792765, 19.253797259932544 ], [ 72.883577196473652, 19.253759680795319 ], [ 72.883661706710043, 19.253739075521743 ], [ 72.883714400886277, 19.253725456331917 ], [ 72.883894308383958, 19.253678957465663 ], [ 72.883974454644431, 19.253646154524343 ], [ 72.884294600911588, 19.253511831900635 ], [ 72.884666310011298, 19.253355871424137 ], [ 72.884733573708402, 19.25332716261136 ], [ 72.884847128634163, 19.253278693888095 ], [ 72.88498432046471, 19.253157213476396 ], [ 72.885059806954828, 19.253090371916802 ], [ 72.885238317360063, 19.25293230029888 ], [ 72.88548563358043, 19.252711004690852 ], [ 72.885488795029218, 19.252708174301834 ], [ 72.885755894995683, 19.252476666245027 ], [ 72.886275397487097, 19.252017697103405 ], [ 72.886544301482303, 19.251773404838602 ], [ 72.886922522489385, 19.251431218975299 ], [ 72.887292907421397, 19.25109688764126 ], [ 72.887584909726584, 19.250837706403779 ], [ 72.887913417265409, 19.250541356116084 ], [ 72.888329148004956, 19.250172893322635 ], [ 72.888373111179192, 19.250132967357409 ], [ 72.8886689895633, 19.249868420103709 ], [ 72.888669123287087, 19.249868300610469 ], [ 72.88867290414936, 19.249864919091735 ], [ 72.888674885005187, 19.249863148082717 ], [ 72.888676949017281, 19.249862979514795 ], [ 72.888794120286263, 19.249853445080468 ], [ 72.888923689826598, 19.249842903825865 ], [ 72.889452811589621, 19.249804387528933 ], [ 72.889616192972099, 19.249792097023857 ], [ 72.889816802480283, 19.249777006736718 ], [ 72.890120205049939, 19.249755231674104 ], [ 72.89015333350514, 19.247164545332961 ] ] ] } },
{ "type": "Feature", "properties": { "grid_id": "cell_0408", "ward_id": "H/W", "ward_gid": 23, "NDVI_prev": 0.23424488601843488, "LST_C": 33.710454750128385, "NDVI": 0.23404617365457939, "pop_density_km2": 48683.795905803374, "elderly_pct": 4.7571458655867263, "slum_pct": 0.26569502626556374, "hospital_dist_m": 120.0319201948875, "impervious_pct": 82.343493770181396 }, "geometry": { "type": "Polygon", "coordinates": [ [ [ 72.835460035352327, 19.06587673530996 ], [ 72.83534273404463, 19.074907868855583 ], [ 72.840934972666048, 19.074973463599939 ], [ 72.840889020245783, 19.074331647176709 ], [ 72.840889423358817, 19.073447566491467 ], [ 72.840889696389794, 19.072848180602595 ], [ 72.840890200290843, 19.071736476021272 ], [ 72.840890311532007, 19.071490849509726 ], [ 72.840954799223681, 19.070645750134496 ], [ 72.840974315670636, 19.070389986494735 ], [ 72.840983211374095, 19.07027340699026 ], [ 72.84100452928503, 19.069994031444537 ], [ 72.841027728010005, 19.069690006218373 ], [ 72.841073440065898, 19.069090937082422 ], [ 72.841090187508627, 19.068362576982 ], [ 72.841091138717701, 19.06833767193304 ], [ 72.84115378471283, 19.06669740099365 ], [ 72.841172626874098, 19.066204030982433 ], [ 72.841182564187633, 19.065943825743421 ], [ 72.835460035352327, 19.06587673530996 ] ] ] } },
{ "type": "Feature", "properties": { "grid_id": "cell_0409", "ward_id": "R/N", "ward_gid": 15, "NDVI_prev": 0.42663679397786702, "LST_C": 28.773421753443515, "NDVI": 0.56038364665034213, "pop_density_km2": 10881.994787142819, "elderly_pct": 4.7429478481729843, "slum_pct": 2.1021679632413117, "hospital_dist_m": 1143.4898356212282, "impervious_pct": 2.7728443925734227 }, "geometry": { "type": "Polygon", "coordinates": [ [ [ 72.842491792590607, 19.255640982367463 ], [ 72.842609901459554, 19.246609983423728 ], [ 72.838329333607362, 19.246559447213361 ], [ 72.834963929325127, 19.24952036475506 ], [ 72.835218610695861, 19.249626443023104 ], [ 72.835945725822526, 19.250022425123731 ], [ 72.836634615848496, 19.250505994565795 ], [ 72.836754749361816, 19.250591682495966 ], [ 72.837764241001594, 19.251311718952689 ], [ 72.838296617663829, 19.251714194997973 ], [ 72.838599429140928, 19.252038569703171 ], [ 72.838523389201256, 19.252129765944332 ], [ 72.837811170691822, 19.253012590211213 ], [ 72.836831313271688, 19.254225093991831 ], [ 72.836326885190061, 19.25486388748514 ], [ 72.836171689906095, 19.255060424193609 ], [ 72.836118316228635, 19.255565666998166 ], [ 72.842491792590607, 19.255640982367463 ] ] ] } },
{ "type": "Feature", "properties": { "grid_id": "cell_0410", "ward_id": "R/S", "ward_gid": 22, "NDVI_prev": 0.33004665625978985, "LST_C": 32.43036440433287, "NDVI": 0.34339316482242421, "pop_density_km2": 85903.834808920437, "elderly_pct": 4.7571458655146008, "slum_pct": 6.437099159898807, "hospital_dist_m": 107.93698065433028, "impervious_pct": 69.918731552517428 }, "geometry": { "type": "Polygon", "coordinates": [ [ [ 72.843199452792248, 19.201454844774521 ], [ 72.852705414390655, 19.201566461488142 ], [ 72.85274063284055, 19.198853017661385 ], [ 72.852661597717471, 19.19884917052795 ], [ 72.852488947440534, 19.198840767070614 ], [ 72.852469815974786, 19.198839835364286 ], [ 72.852115299974102, 19.19882257985541 ], [ 72.851628431722006, 19.198798881166702 ], [ 72.851588604829715, 19.198796942591585 ], [ 72.851560247577012, 19.198795561593506 ], [ 72.851560050782027, 19.198795815953847 ], [ 72.851524187222267, 19.198841916916283 ], [ 72.851522155524052, 19.198844528671795 ], [ 72.851464012337189, 19.198919268653807 ], [ 72.85145049915505, 19.198919964734383 ], [ 72.85140042507372, 19.19892254096693 ], [ 72.851385693208982, 19.198923298630589 ], [ 72.851336257508549, 19.198925840778884 ], [ 72.85127109137278, 19.198927553598534 ], [ 72.851160199573542, 19.198930468211248 ], [ 72.851123565574824, 19.198781985621221 ], [ 72.851068472930848, 19.198545616512774 ], [ 72.851022858350575, 19.198344589685348 ], [ 72.850997256692935, 19.198231759341937 ], [ 72.850973866989335, 19.198091144836813 ], [ 72.850941348388289, 19.197895638627415 ], [ 72.850939031674613, 19.197881715905428 ], [ 72.85090788352403, 19.197694449829584 ], [ 72.850857427936745, 19.197391114077817 ], [ 72.850820917517723, 19.196964373916675 ], [ 72.850765253039839, 19.196390440854785 ], [ 72.850737214585479, 19.196010328093685 ], [ 72.850709320266077, 19.195603769343858 ], [ 72.850683543706054, 19.195411670692415 ], [ 72.8506835430141, 19.195411665409331 ], [ 72.850663460478131, 19.195323764752075 ], [ 72.850627407053508, 19.195165959532495 ], [ 72.850593733103565, 19.195018569049395 ], [ 72.850589747562992, 19.19500112432647 ], [ 72.850560105949228, 19.194871385485861 ], [ 72.850559835959615, 19.194870157913979 ], [ 72.850559825723792, 19.194870111547687 ], [ 72.85055981179643, 19.194870047831888 ], [ 72.850559806978239, 19.194870023532236 ], [ 72.850550248480744, 19.194823359705396 ], [ 72.850536406503622, 19.194825484623692 ], [ 72.85049922036572, 19.194831193183401 ], [ 72.850254173733347, 19.194852627072382 ], [ 72.850254194073869, 19.194852732810226 ], [ 72.849939432996166, 19.194881381744477 ], [ 72.849520207796729, 19.19491043499583 ], [ 72.849463503334434, 19.194880602341019 ], [ 72.849074974386255, 19.194894963791292 ], [ 72.848823669102273, 19.194912520835082 ], [ 72.848323092755876, 19.194910694292304 ], [ 72.848045410629751, 19.19488664743605 ], [ 72.847870637166594, 19.194887102436269 ], [ 72.84752718177009, 19.194918817529953 ], [ 72.847305479059955, 19.194961051308148 ], [ 72.847204790478827, 19.194976378898676 ], [ 72.847156643822828, 19.194983207143292 ], [ 72.847192232551436, 19.195349578180391 ], [ 72.847082957986984, 19.195374296891206 ], [ 72.846946518644884, 19.195408167730864 ], [ 72.846727070220467, 19.195463205034077 ], [ 72.846586244798431, 19.195485311073472 ], [ 72.846432273850596, 19.195488286616996 ], [ 72.846269688139458, 19.195476045262421 ], [ 72.845999354660236, 19.195449465199527 ], [ 72.84574445886166, 19.195426816712356 ], [ 72.845410989839934, 19.195399430310534 ], [ 72.845234723313013, 19.195378827823038 ], [ 72.845219147131203, 19.195510868281893 ], [ 72.845178320747237, 19.195837899040221 ], [ 72.845146713810252, 19.196097990467901 ], [ 72.845115827967604, 19.196312789938144 ], [ 72.845097466549547, 19.196440490947634 ], [ 72.844744990980374, 19.196403688331124 ], [ 72.844505543461864, 19.196379304242758 ], [ 72.844495142918106, 19.196397956365686 ], [ 72.844421339014829, 19.196519459292727 ], [ 72.844413945805528, 19.196531640301782 ], [ 72.844313872092087, 19.196696503337314 ], [ 72.844302240020369, 19.196716837401386 ], [ 72.844146775413833, 19.196986345594201 ], [ 72.844126840539801, 19.197021698700745 ], [ 72.843927599639173, 19.197270629094984 ], [ 72.84388607061797, 19.19732343813423 ], [ 72.843750531811821, 19.197539804130184 ], [ 72.843745087847054, 19.197548168447987 ], [ 72.843623799954116, 19.197669480057076 ], [ 72.843589245000729, 19.197703978973227 ], [ 72.843521528609486, 19.197824503240337 ], [ 72.843485723114796, 19.197932818164748 ], [ 72.843473687057255, 19.198017371677064 ], [ 72.843449802547468, 19.198083289667654 ], [ 72.84338057698767, 19.198218184418469 ], [ 72.843365626256499, 19.198251579719983 ], [ 72.843347275053688, 19.198293687086021 ], [ 72.843324134145035, 19.198325796342182 ], [ 72.843262503358915, 19.198455916450722 ], [ 72.843237936912871, 19.198502834049773 ], [ 72.843199452792248, 19.201454844774521 ] ] ] } },
{ "type": "Feature", "properties": { "grid_id": "cell_0411", "ward_id": "L", "ward_gid": 24, "NDVI_prev": 0.25437527841589186, "LST_C": 33.981042027334418, "NDVI": 0.2809943711817291, "pop_density_km2": 78435.107400197347, "elderly_pct": 4.7571458677975667, "slum_pct": 11.36937207962279, "hospital_dist_m": 527.48965418942112, "impervious_pct": 65.463388335426771 }, "geometry": { "type": "Polygon", "coordinates": [ [ [ 72.891763691669439, 19.120725634726941 ], [ 72.891878232674443, 19.111694212471594 ], [ 72.88527091372768, 19.111618397774485 ], [ 72.885269096985269, 19.111631022383982 ], [ 72.885460571264503, 19.112021185399083 ], [ 72.885540560077828, 19.1121841763443 ], [ 72.885782071952846, 19.112351265390654 ], [ 72.885802345212284, 19.112365291348187 ], [ 72.885987436627033, 19.112493345580937 ], [ 72.885833638820046, 19.112527328218157 ], [ 72.885874732314718, 19.112696503902445 ], [ 72.886266744589335, 19.112873447358272 ], [ 72.886671381101536, 19.113047020555587 ], [ 72.886703403477426, 19.113291769464048 ], [ 72.886852802429075, 19.113402265308046 ], [ 72.887139104319374, 19.113528778575439 ], [ 72.887241326960535, 19.113808564624229 ], [ 72.887260342311308, 19.113855054466832 ], [ 72.88732048487951, 19.114057205438069 ], [ 72.88714451563628, 19.114491066125666 ], [ 72.887048994941807, 19.114693228882292 ], [ 72.886870357399545, 19.115030260571601 ], [ 72.886704745172366, 19.115327913506395 ], [ 72.886698201026675, 19.115356142629746 ], [ 72.886697513519209, 19.115380472688638 ], [ 72.886584983847072, 19.11548969462477 ], [ 72.886489554578333, 19.115687322077225 ], [ 72.886309029901412, 19.115777249714291 ], [ 72.886159495583769, 19.116068710443987 ], [ 72.886143598400153, 19.116310137427799 ], [ 72.886135870759986, 19.116477471335067 ], [ 72.886126052487199, 19.116800502467928 ], [ 72.886122929994656, 19.116903235394588 ], [ 72.886011154682564, 19.117343425026796 ], [ 72.885947747509007, 19.117704526533625 ], [ 72.88589689470605, 19.118106147878098 ], [ 72.885828611797805, 19.118336748073784 ], [ 72.885828843360144, 19.118392130035279 ], [ 72.885845172381124, 19.118576087693317 ], [ 72.885847915032571, 19.118620727951654 ], [ 72.885848465240329, 19.118629681314172 ], [ 72.885895143013045, 19.11868684625064 ], [ 72.886137079011988, 19.119003389052647 ], [ 72.886156683698914, 19.119064744368497 ], [ 72.886250541334505, 19.119357273356965 ], [ 72.88627366000874, 19.119570715400929 ], [ 72.886316918704821, 19.119938195299767 ], [ 72.886325656868607, 19.119957630686098 ], [ 72.886409995106675, 19.120219611148293 ], [ 72.886426735852496, 19.120271365845124 ], [ 72.886632232086868, 19.120666748416049 ], [ 72.891763691669439, 19.120725634726941 ] ] ] } },
{ "type": "Feature", "properties": { "grid_id": "cell_0412", "ward_id": "F/S", "ward_gid": 6, "NDVI_prev": 0.21482857403588465, "LST_C": 35.572046763827181, "NDVI": 0.23600326805869679, "pop_density_km2": 97264.599123724183, "elderly_pct": 5.5859844837576649, "slum_pct": 1.0133371713451789, "hospital_dist_m": 1078.0445574651696, "impervious_pct": 74.337482981082445 }, "geometry": { "type": "Polygon", "coordinates": [ [ [ 72.855384248587157, 18.993848448420263 ], [ 72.855268499170123, 19.002879771052012 ], [ 72.861394463809745, 19.002950726706576 ], [ 72.861324433968733, 19.002469366251368 ], [ 72.86134347008803, 19.00246621687408 ], [ 72.86136422593674, 19.002462631595858 ], [ 72.861378522526934, 19.002460162115774 ], [ 72.861400361403426, 19.002456539679898 ], [ 72.861502900689175, 19.002439336861794 ], [ 72.861693744925148, 19.002408544814223 ], [ 72.861699691444286, 19.00240772205489 ], [ 72.861707065827858, 19.002406703539251 ], [ 72.861726025523197, 19.002403597858951 ], [ 72.861785647982245, 19.002395844474364 ], [ 72.861804343663579, 19.002393260532173 ], [ 72.861831418281625, 19.002389519740881 ], [ 72.861973199052969, 19.002375071950642 ], [ 72.86197384181682, 19.002375007121223 ], [ 72.861970054386163, 19.002323989133444 ], [ 72.861970020440936, 19.00232352446054 ], [ 72.862182686150391, 19.00230821693782 ], [ 72.862182940884779, 19.002308198204503 ], [ 72.862224464607678, 19.002305209726476 ], [ 72.862399132077229, 19.002292252833783 ], [ 72.862399116140736, 19.002292162322604 ], [ 72.862358957192484, 19.002055154372844 ], [ 72.862339323156263, 19.001939285414991 ], [ 72.862338728689949, 19.001939360740135 ], [ 72.86222168683102, 19.001953930465042 ], [ 72.862185152539439, 19.001958693750186 ], [ 72.862034819396072, 19.001978908682581 ], [ 72.862034789099283, 19.001978752969954 ], [ 72.862034703536466, 19.001978314798301 ], [ 72.862033661989969, 19.001978449988588 ], [ 72.862033474610485, 19.001978474016866 ], [ 72.862032404004609, 19.001972040296614 ], [ 72.862030716844529, 19.001961911398915 ], [ 72.862030427445177, 19.001961967668578 ], [ 72.861930193815468, 19.001981944312305 ], [ 72.861753465723766, 19.002018998761656 ], [ 72.861757325865597, 19.002039134816162 ], [ 72.861756085584744, 19.002038250625592 ], [ 72.861754646744117, 19.002037225035462 ], [ 72.861754742592041, 19.002038047215521 ], [ 72.861755290609437, 19.002042720744605 ], [ 72.861751494258883, 19.002047239257038 ], [ 72.861744849176745, 19.002045435363769 ], [ 72.861734401545064, 19.002045440103089 ], [ 72.861028002297886, 19.00216586840784 ], [ 72.860805998479975, 19.000538391858964 ], [ 72.860631297884666, 19.000568270654359 ], [ 72.860631165723049, 19.000567541090735 ], [ 72.860610121505474, 19.000571417435534 ], [ 72.860610084249643, 19.000571211962491 ], [ 72.860587030725441, 19.000441852785979 ], [ 72.860573618196582, 19.000366952120729 ], [ 72.860568412927705, 19.000337881615838 ], [ 72.860564978395544, 19.000318708841245 ], [ 72.860530163450974, 19.000133856762076 ], [ 72.860521830319129, 19.000085990079651 ], [ 72.860502723578051, 18.99998654585233 ], [ 72.860490963114046, 18.999922881089567 ], [ 72.860481660841117, 18.999892214077061 ], [ 72.860450053671869, 18.999805915918795 ], [ 72.860441053991138, 18.999785746582582 ], [ 72.860425928475877, 18.999744710414706 ], [ 72.860416207877009, 18.999725223737446 ], [ 72.860407566495127, 18.999702654947473 ], [ 72.860404144773526, 18.999691542186849 ], [ 72.860400721130304, 18.999680431210475 ], [ 72.860397838356576, 18.999668460257151 ], [ 72.860395627856064, 18.999655898214769 ], [ 72.860393094825326, 18.999621700057219 ], [ 72.860388755063724, 18.999574850588829 ], [ 72.860384431409713, 18.999557411737591 ], [ 72.860379750089848, 18.999543734475566 ], [ 72.860373270417895, 18.999531083295121 ], [ 72.860365351530035, 18.999518774963725 ], [ 72.860322169901281, 18.999470572821572 ], [ 72.860267662785049, 18.999409429473229 ], [ 72.860239237085395, 18.999380371207518 ], [ 72.860221604418683, 18.999362081939861 ], [ 72.860203971744269, 18.99934379357401 ], [ 72.860194614955688, 18.999333880326681 ], [ 72.860189216640961, 18.999325332557518 ], [ 72.860166176180059, 18.999278149279554 ], [ 72.860146015809264, 18.999234383873038 ], [ 72.860140975537433, 18.999224124938603 ], [ 72.860137018450374, 18.999219681135656 ], [ 72.860124707245831, 18.999210233207364 ], [ 72.860093049741039, 18.999192122178112 ], [ 72.860056353046076, 18.999168198108549 ], [ 72.860043039150611, 18.999157259922104 ], [ 72.860038000404785, 18.999146659567629 ], [ 72.860036549251546, 18.999121353963542 ], [ 72.860035820678775, 18.999099468366456 ], [ 72.860040486010078, 18.999078603553222 ], [ 72.860057374526477, 18.999043030443332 ], [ 72.860069589202197, 18.999015324914755 ], [ 72.860071501805265, 18.999008037796155 ], [ 72.860072102732417, 18.999005748640752 ], [ 72.860073177946433, 18.998999934999532 ], [ 72.860073506815297, 18.998981867108832 ], [ 72.860072055457238, 18.998957245276316 ], [ 72.860067726030337, 18.998935360465719 ], [ 72.860068442530917, 18.998927152624798 ], [ 72.860072754802772, 18.998915182727217 ], [ 72.860089280064614, 18.998876528875414 ], [ 72.860095750047705, 18.99886216318416 ], [ 72.860097183124282, 18.99885361226298 ], [ 72.860096814573595, 18.998834463218632 ], [ 72.860095371216005, 18.99882146744962 ], [ 72.860090331106022, 18.998812236436379 ], [ 72.860083852018363, 18.998802661789146 ], [ 72.860107434583014, 18.998747672686477 ], [ 72.860158452802338, 18.998631033183056 ], [ 72.860163193546143, 18.998620085320113 ], [ 72.860211624474019, 18.998508240215887 ], [ 72.860069671595781, 18.998453089889725 ], [ 72.859950959472556, 18.998406289942753 ], [ 72.859938937489602, 18.998401333696133 ], [ 72.859938953223576, 18.998401291424571 ], [ 72.859958035138362, 18.998353769969523 ], [ 72.860031896770494, 18.99817963621344 ], [ 72.860118126987516, 18.99796974962279 ], [ 72.860171444451097, 18.997841329159733 ], [ 72.860230768364531, 18.997699506814655 ], [ 72.860295477252137, 18.997547657227337 ], [ 72.86036528904603, 18.997379839939494 ], [ 72.860393430958197, 18.997286764789116 ], [ 72.86046873463556, 18.997109607943234 ], [ 72.860558221985627, 18.99689835593291 ], [ 72.860622838102856, 18.996747099444953 ], [ 72.860685599385533, 18.99659778878792 ], [ 72.86075264306821, 18.996436819454178 ], [ 72.860825580902429, 18.996261563498642 ], [ 72.860894083698938, 18.996098743000047 ], [ 72.860937423610451, 18.995992464255725 ], [ 72.860937497264914, 18.995991976438848 ], [ 72.860937747617328, 18.995990293833653 ], [ 72.860957017042907, 18.995942456903794 ], [ 72.860974495209518, 18.995930060344936 ], [ 72.860989643418336, 18.995922057077642 ], [ 72.861452766924756, 18.995759754564549 ], [ 72.862037074608793, 18.995533424123838 ], [ 72.86204471395952, 18.995524311683145 ], [ 72.862044857588543, 18.995513067994708 ], [ 72.862002106883835, 18.995410343383803 ], [ 72.861991452841309, 18.995403064095683 ], [ 72.861975308541275, 18.995404922087165 ], [ 72.861321812267178, 18.995663166112465 ], [ 72.861023420408898, 18.995777608273677 ], [ 72.861617932328187, 18.994301693893124 ], [ 72.860558489711323, 18.99390836640417 ], [ 72.855384248587157, 18.993848448420263 ] ] ] } },
{ "type": "Feature", "properties": { "grid_id": "cell_0413", "ward_id": "D", "ward_gid": 4, "NDVI_prev": 0.23659104527174699, "LST_C": 30.234742303699576, "NDVI": 0.23305331906009591, "pop_density_km2": 37154.614528505561, "elderly_pct": 5.5859844764563338, "slum_pct": 2.2277327557139253, "hospital_dist_m": 662.20879791406935, "impervious_pct": 55.100349843491074 }, "geometry": { "type": "Polygon", "coordinates": [ [ [ 72.798895091301048, 18.95705522088187 ], [ 72.799013573324231, 18.948024192605189 ], [ 72.791785987418322, 18.947938226042123 ], [ 72.791753799820327, 18.948235749309774 ], [ 72.791665155325347, 18.948222619522621 ], [ 72.791564958797935, 18.948846207873178 ], [ 72.791556781469282, 18.94888220998876 ], [ 72.791697159716207, 18.948905795760663 ], [ 72.791890028136748, 18.948908053637851 ], [ 72.791891106861939, 18.948944889796099 ], [ 72.791901203989354, 18.949324214813199 ], [ 72.791901783416492, 18.949340922631794 ], [ 72.792265698261687, 18.950219934091546 ], [ 72.792978196781945, 18.951735884644407 ], [ 72.793284910571074, 18.952388457350565 ], [ 72.793312519285635, 18.952416101814414 ], [ 72.793748220131462, 18.953303965561972 ], [ 72.794407672825884, 18.954466588809773 ], [ 72.794416589556519, 18.954480575234093 ], [ 72.795493840081875, 18.956170291369055 ], [ 72.795993092080153, 18.957020721895464 ], [ 72.798895091301048, 18.95705522088187 ] ] ] } },
{ "type": "Feature", "properties": { "grid_id": "cell_0414", "ward_id": "R/C", "ward_gid": 11, "NDVI_prev": 0.46801126074987881, "LST_C": 31.67933515763518, "NDVI": 0.49065548015064048, "pop_density_km2": 29225.610188284845, "elderly_pct": 4.7571458650333973, "slum_pct": 0.18388051618042534, "hospital_dist_m": 520.70890427645315, "impervious_pct": 13.08040151919972 }, "geometry": { "type": "Polygon", "coordinates": [ [ [ 72.871485022562652, 19.21985064009726 ], [ 72.880992217473604, 19.219960891720213 ], [ 72.88103733944827, 19.216441523086097 ], [ 72.880960462279575, 19.216374979963309 ], [ 72.880669627663366, 19.216130000336154 ], [ 72.879557290841078, 19.215193031939602 ], [ 72.879370615268357, 19.2149746078113 ], [ 72.879298851648187, 19.214890638901974 ], [ 72.879143149866536, 19.214762666648475 ], [ 72.879142804224443, 19.214762381696811 ], [ 72.878835666470295, 19.214555024321342 ], [ 72.878786358713882, 19.214521735165956 ], [ 72.878494329635956, 19.214323012276175 ], [ 72.878199910329144, 19.214113529706392 ], [ 72.87819649857849, 19.21411108997626 ], [ 72.878196133106712, 19.214111215306463 ], [ 72.878196126955558, 19.214111217475299 ], [ 72.878192608898203, 19.214111939798705 ], [ 72.877718173738401, 19.214177587660345 ], [ 72.877674551820434, 19.214183623702251 ], [ 72.87766521357014, 19.214250412544306 ], [ 72.877651121978857, 19.214301312513435 ], [ 72.877621370445624, 19.214375738942259 ], [ 72.877581286011392, 19.214445897263506 ], [ 72.87683265394962, 19.21445745437865 ], [ 72.875151321212286, 19.214479869561387 ], [ 72.874259745594529, 19.214486867585634 ], [ 72.872654673142492, 19.214494247583325 ], [ 72.872173452897812, 19.214517537286341 ], [ 72.871649258000048, 19.21454290540602 ], [ 72.87155338678393, 19.214541961233831 ], [ 72.871485022562652, 19.21985064009726 ] ] ] } },
{ "type": "Feature", "properties": { "grid_id": "cell_0415", "ward_id": "G/S", "ward_gid": 7, "NDVI_prev": 0.22816341380038502, "LST_C": 33.949762902452072, "NDVI": 0.25166101768368215, "pop_density_km2": 56081.077324584803, "elderly_pct": 5.5859844834659018, "slum_pct": 3.4904449513504896, "hospital_dist_m": 166.46915343052913, "impervious_pct": 80.109806542303758 }, "geometry": { "type": "Polygon", "coordinates": [ [ [ 72.8270192889687, 18.984484870266545 ], [ 72.826902071579255, 18.993516032561427 ], [ 72.833049027821602, 18.993588144819547 ], [ 72.833026845976576, 18.992592565902203 ], [ 72.833041073486683, 18.991135024633156 ], [ 72.833030576536274, 18.989924564857009 ], [ 72.83302698210889, 18.989636374830816 ], [ 72.83302681533263, 18.989498652420018 ], [ 72.833025502329903, 18.9894985647806 ], [ 72.833022978798709, 18.989498395218291 ], [ 72.833020293966925, 18.989498216540614 ], [ 72.833020283142147, 18.989490249689425 ], [ 72.833133520002306, 18.98812183664306 ], [ 72.833121555197451, 18.988119194495859 ], [ 72.83298352535283, 18.987965868693841 ], [ 72.832864114936328, 18.987851407639681 ], [ 72.832840284581238, 18.987824520380293 ], [ 72.832699409203727, 18.987665572626995 ], [ 72.832627810694689, 18.98758478939849 ], [ 72.832429159717876, 18.987360656810033 ], [ 72.832316198331171, 18.987233204505365 ], [ 72.832064453092883, 18.986951840677325 ], [ 72.831829854084887, 18.986702506438174 ], [ 72.831630851445055, 18.986470641679606 ], [ 72.831465734624743, 18.986267266050753 ], [ 72.831404892541158, 18.986186463077225 ], [ 72.831338698203666, 18.986112109836675 ], [ 72.831159441841749, 18.985907582820957 ], [ 72.830773356383688, 18.985500848972777 ], [ 72.830593797668882, 18.985300340168788 ], [ 72.830159536007457, 18.984846247293195 ], [ 72.829981190340263, 18.984661486042533 ], [ 72.829845092736733, 18.984518031033904 ], [ 72.8270192889687, 18.984484870266545 ] ] ] } },
{ "type": "Feature", "properties": { "grid_id": "cell_0416", "ward_id": "R/S", "ward_gid": 22, "NDVI_prev": 0.37991820976928292, "LST_C": 32.824871943959863, "NDVI": 0.41760019314006913, "pop_density_km2": 53673.41857386905, "elderly_pct": 4.7571458681156686, "slum_pct": 0.0, "hospital_dist_m": 440.55332029233739, "impervious_pct": 51.807710118082937 }, "geometry": { "type": "Polygon", "coordinates": [ [ [ 72.824068914187663, 19.210261068006677 ], [ 72.814562633807455, 19.210147917574986 ], [ 72.814498909976237, 19.214968358327823 ], [ 72.814586602847527, 19.214979290123509 ], [ 72.815035470233454, 19.215025069238614 ], [ 72.815508295848815, 19.215074204849 ], [ 72.815934966141995, 19.215122227040542 ], [ 72.816329150769377, 19.215156222206776 ], [ 72.816431707563666, 19.215165067069808 ], [ 72.816879768420208, 19.215203832889319 ], [ 72.817368408421373, 19.215254536158007 ], [ 72.817928575583267, 19.215320609620278 ], [ 72.818614167883652, 19.215386297240592 ], [ 72.819254486659304, 19.215447644803945 ], [ 72.8197211694375, 19.215492355264232 ], [ 72.820081558119625, 19.215527322320344 ], [ 72.820529612008187, 19.215578214079482 ], [ 72.820975707273334, 19.215607943809395 ], [ 72.821336190843198, 19.215611917462716 ], [ 72.821647716764446, 19.215602186985432 ], [ 72.821948793481369, 19.21558817114331 ], [ 72.822249931346732, 19.215570215229455 ], [ 72.822499899328875, 19.215558601209914 ], [ 72.823125341301861, 19.21553386937854 ], [ 72.823398129417029, 19.21552016911836 ], [ 72.823910537985938, 19.21549644640136 ], [ 72.824000048972181, 19.215493113804627 ], [ 72.824068914187663, 19.210261068006677 ] ] ] } },
{ "type": "Feature", "properties": { "grid_id": "cell_0417", "ward_id": "K/W", "ward_gid": 14, "NDVI_prev": 0.2786168407646023, "LST_C": 32.956784148305118, "NDVI": 0.29481348222944398, "pop_density_km2": 49820.12008602178, "elderly_pct": 4.7571458703176406, "slum_pct": 2.4644356797756237, "hospital_dist_m": 188.79635972563972, "impervious_pct": 62.851624578050483 }, "geometry": { "type": "Polygon", "coordinates": [ [ [ 72.815515415942144, 19.137900641731374 ], [ 72.815634212505415, 19.128869689139066 ], [ 72.813722769248685, 19.128846970948437 ], [ 72.813539479291464, 19.129187199649397 ], [ 72.813456043990683, 19.12930343244858 ], [ 72.813054957891708, 19.129862682212174 ], [ 72.812991900906653, 19.129934779001179 ], [ 72.812833222082034, 19.130104758160254 ], [ 72.812749412377542, 19.130199409243399 ], [ 72.812657727448666, 19.130301122016796 ], [ 72.812536892869517, 19.130433972891886 ], [ 72.812138206475041, 19.130868381816263 ], [ 72.811752714343527, 19.131295486904303 ], [ 72.811391212537117, 19.131690101822745 ], [ 72.811055742348202, 19.132172086773984 ], [ 72.810820884516161, 19.132512382839518 ], [ 72.810681038885718, 19.132709347689303 ], [ 72.810530936690867, 19.132852561624237 ], [ 72.810424654898441, 19.133059991603986 ], [ 72.810304020922217, 19.133285007179115 ], [ 72.810220545306322, 19.133458582658093 ], [ 72.810135778479406, 19.133622969456709 ], [ 72.810044834147661, 19.133714658997846 ], [ 72.809827302540555, 19.133947710205376 ], [ 72.809716798504226, 19.134060621012811 ], [ 72.809339760899334, 19.134466968402432 ], [ 72.809300428491483, 19.134509025691514 ], [ 72.809248923024981, 19.134570760251489 ], [ 72.809199044828361, 19.13461820787543 ], [ 72.809080018903956, 19.134748496921784 ], [ 72.808872800404657, 19.134969382076903 ], [ 72.808699874457361, 19.135156056643609 ], [ 72.808464811534577, 19.135402739822645 ], [ 72.808158807409811, 19.135711569065748 ], [ 72.80804821560001, 19.135828215177209 ], [ 72.80755927245346, 19.136313780170315 ], [ 72.807225030281003, 19.136663681188782 ], [ 72.80693185143312, 19.136978606927013 ], [ 72.806594464188649, 19.137328114044369 ], [ 72.806435150549362, 19.137501927454416 ], [ 72.806317379697603, 19.137611848761704 ], [ 72.806159530417119, 19.137789203791776 ], [ 72.815515415942144, 19.137900641731374 ] ] ] } },
{ "type": "Feature", "properties": { "grid_id": "cell_0418", "ward_id": "H/W", "ward_gid": 23, "NDVI_prev": 0.17863201048400745, "LST_C": 35.351214555460146, "NDVI": 0.2041877912400584, "pop_density_km2": 74871.425032453015, "elderly_pct": 4.7571458737830508, "slum_pct": 11.994687961825033, "hospital_dist_m": 383.54427198276653, "impervious_pct": 83.366027953900613 }, "geometry": { "type": "Polygon", "coordinates": [ [ [ 72.835577270477557, 19.05684559223684 ], [ 72.841363433967331, 19.056913396837018 ], [ 72.841372622343542, 19.056754301335921 ], [ 72.841388812036257, 19.056473952779285 ], [ 72.841395605383724, 19.056356314871529 ], [ 72.841406715988711, 19.056282310083411 ], [ 72.841465653611451, 19.055889741520396 ], [ 72.841472295216519, 19.055845502179164 ], [ 72.841491301734862, 19.055718901233497 ], [ 72.841606981479501, 19.055228416856806 ], [ 72.841607071513991, 19.055228036375208 ], [ 72.841633169787684, 19.055103755515905 ], [ 72.841789893831105, 19.054609317239027 ], [ 72.841857668871768, 19.054421446810821 ], [ 72.841893560600539, 19.054332122698202 ], [ 72.841953578795184, 19.054164597876522 ], [ 72.842000789432333, 19.054164609058581 ], [ 72.842031967190053, 19.05409417009248 ], [ 72.842073689409375, 19.053984403724581 ], [ 72.842116820543481, 19.053861682781424 ], [ 72.842199713318507, 19.05363683555068 ], [ 72.842294177464794, 19.053380287370974 ], [ 72.842421361481968, 19.053029052433367 ], [ 72.842509871190188, 19.052811698678408 ], [ 72.842612358901988, 19.052560018240634 ], [ 72.842653332037699, 19.05245404900376 ], [ 72.842734056777886, 19.052245262946283 ], [ 72.842767836864112, 19.052160442581936 ], [ 72.842798120923774, 19.052084399422725 ], [ 72.842892705197329, 19.051846895388767 ], [ 72.843027519260644, 19.051508377802069 ], [ 72.843057030241056, 19.051434273680304 ], [ 72.843072793507559, 19.051394693874965 ], [ 72.843116777162678, 19.051284247143656 ], [ 72.843204578311244, 19.051063777158451 ], [ 72.843218391196046, 19.051026873247189 ], [ 72.842900963232708, 19.05100402453678 ], [ 72.842244188862409, 19.050960229934073 ], [ 72.842162386779307, 19.050950956975839 ], [ 72.842162001690454, 19.050950913632111 ], [ 72.842142106491096, 19.05093740489572 ], [ 72.842097808670246, 19.050907324148433 ], [ 72.8418879617237, 19.050764831672456 ], [ 72.841879694120905, 19.050759095942862 ], [ 72.841780492243757, 19.050690281724084 ], [ 72.84176500577729, 19.050679539708643 ], [ 72.841669307103572, 19.050613517732401 ], [ 72.841657624394003, 19.050605457711196 ], [ 72.841462743928901, 19.050471005436066 ], [ 72.841120654367103, 19.050244296402266 ], [ 72.84108516932838, 19.050220053324583 ], [ 72.840872616297943, 19.050074828339291 ], [ 72.840817579651571, 19.050036752496748 ], [ 72.840720777254703, 19.049970200510341 ], [ 72.840657691641354, 19.049926828584614 ], [ 72.840633245172768, 19.049910358827109 ], [ 72.840571631618502, 19.049868849489723 ], [ 72.840462398374257, 19.049795261870177 ], [ 72.840393812332991, 19.049745275985174 ], [ 72.840355653246419, 19.049717467049039 ], [ 72.840304408334802, 19.04968022760713 ], [ 72.840304370673181, 19.049680201875173 ], [ 72.840304340562582, 19.0496801798446 ], [ 72.840302737080037, 19.049679013942296 ], [ 72.840294053312903, 19.049672855975395 ], [ 72.840166890472958, 19.049582697679927 ], [ 72.840083790401835, 19.049523779323838 ], [ 72.840055329716833, 19.049503662170888 ], [ 72.839909735845239, 19.049400745367205 ], [ 72.839839882837495, 19.049353634886423 ], [ 72.839737243191209, 19.049280127694821 ], [ 72.839636880291224, 19.04920824767737 ], [ 72.839607824495744, 19.049188984298311 ], [ 72.839583642258319, 19.049172952592212 ], [ 72.839557542863588, 19.049155649885233 ], [ 72.839433420877796, 19.049062667046812 ], [ 72.839404139254626, 19.049040014693244 ], [ 72.839368690170019, 19.049012595000043 ], [ 72.839297906364834, 19.048960883099806 ], [ 72.839171257293415, 19.048867297853185 ], [ 72.839032274777168, 19.048762609807788 ], [ 72.838876910375504, 19.048644413127196 ], [ 72.83881310876248, 19.048595676867677 ], [ 72.838811901094161, 19.048594754049123 ], [ 72.838710182941256, 19.048517056116001 ], [ 72.838607010495863, 19.048436950185362 ], [ 72.838559835255637, 19.048400322524742 ], [ 72.838524897802799, 19.048374710676931 ], [ 72.83845043782479, 19.048320124633499 ], [ 72.838423588563657, 19.04831158869656 ], [ 72.838140587275404, 19.048264508149956 ], [ 72.838126218751952, 19.048262629843332 ], [ 72.838111321162231, 19.048252484318521 ], [ 72.838049531662094, 19.04821040457243 ], [ 72.838039539529802, 19.04820790966788 ], [ 72.83803484552773, 19.048292534137882 ], [ 72.838004725759873, 19.048918813048104 ], [ 72.837692958852784, 19.049227593147339 ], [ 72.837428534156686, 19.049318368237859 ], [ 72.837087548028506, 19.049153965525484 ], [ 72.836785849083014, 19.049039542071831 ], [ 72.836436076659481, 19.049035441197379 ], [ 72.835674292299501, 19.049367705063158 ], [ 72.835577270477557, 19.05684559223684 ] ] ] } },
{ "type": "Feature", "properties": { "grid_id": "cell_0419", "ward_id": "L", "ward_gid": 24, "NDVI_prev": 0.29622303246896009, "LST_C": 34.091640037536671, "NDVI": 0.29056582653207391, "pop_density_km2": 55338.35377382455, "elderly_pct": 4.7571458777141666, "slum_pct": 3.9372841015897229, "hospital_dist_m": 383.01688267095693, "impervious_pct": 62.817341644976892 }, "geometry": { "type": "Polygon", "coordinates": [ [ [ 72.883066152532734, 19.057396718715211 ], [ 72.882951484888096, 19.066428142572835 ], [ 72.891629980676782, 19.066527583969766 ], [ 72.89147293206517, 19.066289661373137 ], [ 72.891206346072323, 19.06591370536691 ], [ 72.891184744994845, 19.065883241880801 ], [ 72.891017572091926, 19.065647482186431 ], [ 72.890837773561842, 19.065393917078101 ], [ 72.890754452583707, 19.065276411407872 ], [ 72.890705889734448, 19.065207923118791 ], [ 72.889683140420289, 19.063765544109067 ], [ 72.886734108279853, 19.059707027070189 ], [ 72.88611579875132, 19.058842690410703 ], [ 72.886070917966208, 19.058779951177087 ], [ 72.885881457250335, 19.05851510168786 ], [ 72.885854930039997, 19.058478019861962 ], [ 72.885169793025668, 19.057520247714557 ], [ 72.88509822217712, 19.057420028920557 ], [ 72.883066152532734, 19.057396718715211 ] ] ] } },
{ "type": "Feature", "properties": { "grid_id": "cell_0420", "ward_id": "N", "ward_gid": 10, "NDVI_prev": 0.2547292764268938, "LST_C": 38.699440221020744, "NDVI": 0.28013371915276508, "pop_density_km2": 81255.799400553631, "elderly_pct": 4.757145879686596, "slum_pct": 67.037822789091138, "hospital_dist_m": 653.11820892155845, "impervious_pct": 82.326328422836113 }, "geometry": { "type": "MultiPolygon", "coordinates": [ [ [ [ 72.920494722078772, 19.102986956776139 ], [ 72.920378130452093, 19.102985639674475 ], [ 72.920492872518324, 19.103134914947209 ], [ 72.920494722078772, 19.102986956776139 ] ] ], [ [ [ 72.918411453197734, 19.111996275008284 ], [ 72.9184222300306, 19.111901405110352 ], [ 72.918430803650267, 19.111825930083544 ], [ 72.918452578591527, 19.111641422798865 ], [ 72.918460111810035, 19.111561006187841 ], [ 72.918460112439803, 19.111560998390573 ], [ 72.918467528960534, 19.111346021947821 ], [ 72.918475508288182, 19.111069869120158 ], [ 72.918476692732341, 19.110994782302164 ], [ 72.918459319311239, 19.110811969955723 ], [ 72.918194280231944, 19.110737684768775 ], [ 72.91791893571741, 19.110660954022038 ], [ 72.917620739949129, 19.11057794740924 ], [ 72.917514416338264, 19.110448087453648 ], [ 72.917392040034727, 19.110248290740664 ], [ 72.91728485085757, 19.110073616184522 ], [ 72.917156530100982, 19.10986450532463 ], [ 72.916920013094057, 19.109477206138067 ], [ 72.916776873263331, 19.109242161881802 ], [ 72.916698965866203, 19.109110321219372 ], [ 72.916591612245455, 19.108926786233496 ], [ 72.916524005019653, 19.108958224652703 ], [ 72.91639555263481, 19.10896579089793 ], [ 72.916301850894698, 19.108971310193557 ], [ 72.916102439953363, 19.10864065699035 ], [ 72.915902810217602, 19.108309639545883 ], [ 72.915681258367727, 19.107957494201983 ], [ 72.915599842386612, 19.107828086567725 ], [ 72.915572502622538, 19.10778463101574 ], [ 72.915570060626578, 19.107780749547356 ], [ 72.915553176582748, 19.10774304410317 ], [ 72.915538296596964, 19.107703818978081 ], [ 72.915523951890478, 19.10765721060962 ], [ 72.91551320438829, 19.107611428044819 ], [ 72.915504907952993, 19.107559999742982 ], [ 72.915500476882954, 19.107508380509792 ], [ 72.915499772628479, 19.107461704637934 ], [ 72.915503610712364, 19.10740032125657 ], [ 72.915509283738245, 19.107358964469032 ], [ 72.915518680776742, 19.107312584524202 ], [ 72.915529693694992, 19.107271781912011 ], [ 72.91554494592404, 19.107224532907768 ], [ 72.915545004384981, 19.107224526632635 ], [ 72.9156412323929, 19.106961375037951 ], [ 72.915663562941035, 19.106917364929554 ], [ 72.915690080057274, 19.10686441851503 ], [ 72.915730766034855, 19.106789613777956 ], [ 72.915773203182496, 19.106720944027071 ], [ 72.915826686719768, 19.106636643741279 ], [ 72.915888289631141, 19.10655219256931 ], [ 72.915951671796947, 19.106475419064083 ], [ 72.916005759856091, 19.10642041801475 ], [ 72.916068676165906, 19.106353927099438 ], [ 72.916095569017457, 19.106328345301741 ], [ 72.916101361189348, 19.106313768696523 ], [ 72.915912020745083, 19.105028684500891 ], [ 72.916000176375078, 19.105020763638752 ], [ 72.916148164043392, 19.10498880736839 ], [ 72.916557347807753, 19.104861234107371 ], [ 72.916745139193665, 19.104725276221473 ], [ 72.917058135757642, 19.104486388958868 ], [ 72.917167975781254, 19.104389070956938 ], [ 72.917601745226918, 19.104073869514504 ], [ 72.91873975132475, 19.103269550243649 ], [ 72.919164765243011, 19.102971928258555 ], [ 72.91099398707938, 19.102879387615275 ], [ 72.910914486880145, 19.109208982483896 ], [ 72.910951743294603, 19.109229233044374 ], [ 72.911123384209176, 19.109315046630982 ], [ 72.911186172001933, 19.109345871133648 ], [ 72.911291200812698, 19.109397437485214 ], [ 72.9114341856735, 19.109480294306049 ], [ 72.91156442340565, 19.10954716639792 ], [ 72.911691853630529, 19.109609772859432 ], [ 72.911696502969306, 19.109612059437268 ], [ 72.911884402883175, 19.109739005411722 ], [ 72.912097679686539, 19.109883033877693 ], [ 72.912213286965553, 19.109959678391004 ], [ 72.912867642943723, 19.110383435095191 ], [ 72.913302474780821, 19.110652593020529 ], [ 72.913415772169969, 19.110789818302951 ], [ 72.913689225986047, 19.111139961317193 ], [ 72.913878504307959, 19.111373241268225 ], [ 72.914089348812553, 19.111812130765298 ], [ 72.914132206130461, 19.111947817434313 ], [ 72.918411453197734, 19.111996275008284 ] ] ] ] } },
{ "type": "Feature", "properties": { "grid_id": "cell_0421", "ward_id": "R/S", "ward_gid": 22, "NDVI_prev": 0.27323317523099139, "LST_C": 33.836646440120141, "NDVI": 0.30118341752309225, "pop_density_km2": 71009.121862234082, "elderly_pct": 4.7571458647934879, "slum_pct": 5.1982228974337579, "hospital_dist_m": 249.00042932599337, "impervious_pct": 75.773526615969558 }, "geometry": { "type": "Polygon", "coordinates": [ [ [ 72.833575261306123, 19.210373726047273 ], [ 72.824068914187663, 19.210261068006677 ], [ 72.824000048972181, 19.215493113804627 ], [ 72.8241345326648, 19.215488106739532 ], [ 72.824575468407375, 19.215471772896674 ], [ 72.824976872754277, 19.21545152443127 ], [ 72.825125265278984, 19.2154439101676 ], [ 72.825270002689308, 19.215439745083472 ], [ 72.825631206442196, 19.215429350287376 ], [ 72.825696951873311, 19.215426216044683 ], [ 72.825959933598483, 19.215413678835226 ], [ 72.826145586161971, 19.215404828416773 ], [ 72.826325972956724, 19.215396228632702 ], [ 72.826662642575101, 19.215379254697535 ], [ 72.827012756880052, 19.215364311427475 ], [ 72.827288936054089, 19.215352521954252 ], [ 72.827462937446569, 19.215345095083837 ], [ 72.827620590233764, 19.21533804875477 ], [ 72.828068806309545, 19.215318013338599 ], [ 72.828523014233014, 19.215308510929638 ], [ 72.828872549166206, 19.215306019073704 ], [ 72.828943323728041, 19.215305518173341 ], [ 72.828993894647539, 19.215306867907337 ], [ 72.829587634725726, 19.215317778471711 ], [ 72.829971107828058, 19.215320107923478 ], [ 72.83014953838061, 19.215321190450659 ], [ 72.830587777277628, 19.215321261293667 ], [ 72.830754062646591, 19.215321287875515 ], [ 72.831105651396314, 19.215321343581458 ], [ 72.831720736147432, 19.215321539732354 ], [ 72.832072310106952, 19.215323479074438 ], [ 72.832258783797926, 19.215324506753454 ], [ 72.832650213086183, 19.215326665771443 ], [ 72.832972439558134, 19.215328879288911 ], [ 72.833244044749392, 19.215332092381203 ], [ 72.833510214707587, 19.215337368355826 ], [ 72.833575261306123, 19.210373726047273 ] ] ] } },
{ "type": "Feature", "properties": { "grid_id": "cell_0422", "ward_id": "R/C", "ward_gid": 11, "NDVI_prev": 0.41436972602211042, "LST_C": 32.150277578842982, "NDVI": 0.4092204266955376, "pop_density_km2": 11437.043678364305, "elderly_pct": 4.757145861422714, "slum_pct": 0.0, "hospital_dist_m": 3803.4933747276891, "impervious_pct": 0.15225698590876524 }, "geometry": { "type": "Polygon", "coordinates": [ [ [ 72.785802219655608, 19.227866888565778 ], [ 72.785839510937066, 19.225084750779992 ], [ 72.784987885831754, 19.225044104541016 ], [ 72.78431177944654, 19.224967547666818 ], [ 72.783907293311501, 19.224864032121864 ], [ 72.783863403362062, 19.224850914593105 ], [ 72.78385181246523, 19.2248474495651 ], [ 72.783488227434233, 19.224738766870797 ], [ 72.783198367433371, 19.224715331755746 ], [ 72.783193814630465, 19.224682464698958 ], [ 72.78310350955752, 19.224678052879131 ], [ 72.783048177920335, 19.22467537596166 ], [ 72.782940119656232, 19.224670115943066 ], [ 72.782939672100369, 19.224670094265715 ], [ 72.782934333020592, 19.224667905256588 ], [ 72.782884190610091, 19.224647338862592 ], [ 72.7828781397168, 19.22463995046634 ], [ 72.782822470255368, 19.224571972501575 ], [ 72.782818477477534, 19.224567098282343 ], [ 72.782818344637249, 19.224566935901755 ], [ 72.782785532808873, 19.224526920015897 ], [ 72.782781420223799, 19.224521904347156 ], [ 72.782729025930962, 19.224458006094224 ], [ 72.782705325013666, 19.224421539063943 ], [ 72.782675484784804, 19.224375630459004 ], [ 72.782635816206962, 19.224314596841555 ], [ 72.782536669822889, 19.224270490763402 ], [ 72.782492943535729, 19.224280763610693 ], [ 72.78238431592446, 19.224285569925751 ], [ 72.782234827959471, 19.224282011553512 ], [ 72.78217283702368, 19.224236962586172 ], [ 72.782145057810908, 19.224122889015657 ], [ 72.782108348531395, 19.224093867594863 ], [ 72.782112360422659, 19.223976764972416 ], [ 72.782106710205341, 19.223810554140904 ], [ 72.782098180712481, 19.223795149492169 ], [ 72.782012247049295, 19.223579330850011 ], [ 72.781903623350701, 19.223306533615926 ], [ 72.781160268442761, 19.222941210638155 ], [ 72.781058526375844, 19.222891207846928 ], [ 72.781046608934446, 19.222872991951316 ], [ 72.781007804271482, 19.222813685532753 ], [ 72.781008552474816, 19.22275032883071 ], [ 72.780998054449086, 19.222575450781306 ], [ 72.781052273440068, 19.222500484565604 ], [ 72.781063801436702, 19.222484543470539 ], [ 72.781064063993298, 19.222484179948005 ], [ 72.781071746927424, 19.222442318832691 ], [ 72.781135362115521, 19.222095734062066 ], [ 72.781160113517672, 19.221960888103215 ], [ 72.78122561576518, 19.221572372796643 ], [ 72.781236467809691, 19.221501612034054 ], [ 72.781250238475394, 19.221411832459793 ], [ 72.781337850367933, 19.220840626563675 ], [ 72.781424837277328, 19.220280429456931 ], [ 72.781424890453195, 19.220280080557803 ], [ 72.781433979344754, 19.22019849236111 ], [ 72.781433998881525, 19.220198311955237 ], [ 72.781433760835384, 19.220198266620294 ], [ 72.781306772724207, 19.220173339421201 ], [ 72.781225481155516, 19.220157382846555 ], [ 72.781144500427416, 19.220171599113598 ], [ 72.781087759821133, 19.2201668354049 ], [ 72.780867249027622, 19.220148324635829 ], [ 72.780808490631344, 19.219957508930047 ], [ 72.780797517653838, 19.21985106693668 ], [ 72.780710006801513, 19.219851199577597 ], [ 72.780623331029417, 19.219851454295476 ], [ 72.780622989682314, 19.219851454674661 ], [ 72.780260581111506, 19.219852260184808 ], [ 72.780215185078788, 19.219852361139669 ], [ 72.780213354685245, 19.219852366952168 ], [ 72.78016709517108, 19.219771858380454 ], [ 72.780108510402613, 19.219669897230812 ], [ 72.780135071420915, 19.219533283191598 ], [ 72.780138167250044, 19.219517358248233 ], [ 72.780139634878736, 19.219509816151806 ], [ 72.78014565185309, 19.219478866456136 ], [ 72.780200689580283, 19.219195797580625 ], [ 72.780228546977142, 19.219086106820701 ], [ 72.780291373006122, 19.219009556054623 ], [ 72.780442440867674, 19.218920102054206 ], [ 72.780500314703957, 19.218885832879774 ], [ 72.78053957100343, 19.218862589374865 ], [ 72.780644706066127, 19.218772312988978 ], [ 72.779270268576383, 19.218755651640869 ], [ 72.779253072484167, 19.21877948963234 ], [ 72.779210441299654, 19.218988440295096 ], [ 72.779068799997788, 19.21915340266456 ], [ 72.779067792568895, 19.219363069251258 ], [ 72.77906706329567, 19.219514398954473 ], [ 72.779066783218695, 19.219572734907175 ], [ 72.779073046258631, 19.220174076190624 ], [ 72.779068822400077, 19.220446893339926 ], [ 72.778799607296321, 19.220441737664256 ], [ 72.778300610769051, 19.220432179030269 ], [ 72.77803342670407, 19.220975810865085 ], [ 72.777925634780644, 19.221199134186261 ], [ 72.777692578680217, 19.221681972415851 ], [ 72.777462571528119, 19.221797998228141 ], [ 72.776775914451164, 19.222150435556419 ], [ 72.7767758819097, 19.222150451419111 ], [ 72.7767717979346, 19.222990018072071 ], [ 72.776390187114018, 19.223560802183993 ], [ 72.776365430769985, 19.224043420865339 ], [ 72.776364706794027, 19.224086402161888 ], [ 72.776363621687892, 19.224150916116042 ], [ 72.776357720286228, 19.224286874199031 ], [ 72.776351831514773, 19.224422528050919 ], [ 72.776332951533476, 19.224945148950816 ], [ 72.776400125315249, 19.225217142752232 ], [ 72.77648498590635, 19.225563949266135 ], [ 72.776580591757167, 19.225948237604346 ], [ 72.776581019595113, 19.225948311444228 ], [ 72.776970104688488, 19.226203261946569 ], [ 72.777289194141886, 19.226349456248975 ], [ 72.77757686745187, 19.226444440069251 ], [ 72.777817126523686, 19.226525512515998 ], [ 72.777856729685354, 19.226583153154028 ], [ 72.777912044496716, 19.226663662950958 ], [ 72.777976634009889, 19.226757670887377 ], [ 72.778332806230026, 19.227338932057034 ], [ 72.778584475217443, 19.22774955274021 ], [ 72.778603118148666, 19.227779672546287 ], [ 72.785802219655608, 19.227866888565778 ] ] ] } },
{ "type": "Feature", "properties": { "grid_id": "cell_0423", "ward_id": "H/W", "ward_gid": 23, "NDVI_prev": 0.19363733862667398, "LST_C": 31.675425520939324, "NDVI": 0.19781420518598619, "pop_density_km2": 38940.748412701731, "elderly_pct": 4.7571458659932278, "slum_pct": 6.7588614528245081, "hospital_dist_m": 858.32589926248261, "impervious_pct": 41.300573535926787 }, "geometry": { "type": "Polygon", "coordinates": [ [ [ 72.826197373522547, 19.047702806656467 ], [ 72.826253394518844, 19.043401878757834 ], [ 72.82587785881924, 19.043167439513091 ], [ 72.824859994399276, 19.042534484603408 ], [ 72.824092554727102, 19.042370198473797 ], [ 72.823649531130712, 19.042364975215968 ], [ 72.823210845185272, 19.042027144022637 ], [ 72.823145810158422, 19.04164936465834 ], [ 72.82314985845025, 19.041338931586733 ], [ 72.823060061015809, 19.041071746114824 ], [ 72.822920160003918, 19.041070096105638 ], [ 72.822638333444743, 19.041222012276808 ], [ 72.822567515183437, 19.041287708465347 ], [ 72.822476272463405, 19.041131391757052 ], [ 72.822479743398048, 19.040865306345921 ], [ 72.822553743016385, 19.04055569854761 ], [ 72.822510580301241, 19.040289063046028 ], [ 72.822253517880995, 19.040330384875745 ], [ 72.821992405157459, 19.040682139199507 ], [ 72.822032384750145, 19.041192686271589 ], [ 72.822030070282736, 19.041370076439197 ], [ 72.821803328000016, 19.041681129059942 ], [ 72.821740120362321, 19.041645135734843 ], [ 72.82160581833827, 19.041568969658705 ], [ 72.821470747312418, 19.041496498634263 ], [ 72.821392830158146, 19.041456498211456 ], [ 72.821312418010976, 19.041416561343876 ], [ 72.82123897877095, 19.041381258211882 ], [ 72.821125298256646, 19.041328762743351 ], [ 72.821021828877321, 19.041283206361889 ], [ 72.820903846710152, 19.041233775285288 ], [ 72.820786767147354, 19.04118731112149 ], [ 72.820700570934903, 19.041154724086663 ], [ 72.8205986281869, 19.041117966873458 ], [ 72.820500361574958, 19.041084530895603 ], [ 72.820402470724417, 19.041054981458977 ], [ 72.820278163919625, 19.041020116952634 ], [ 72.820184653514872, 19.040995816413982 ], [ 72.820110394077631, 19.040977680217051 ], [ 72.820092853703471, 19.04097384653598 ], [ 72.819991446395477, 19.040951675532074 ], [ 72.8199282048231, 19.040935280780506 ], [ 72.819848056212734, 19.040913396005756 ], [ 72.819765515888278, 19.040889557227409 ], [ 72.819702375813279, 19.040870413216602 ], [ 72.819633415048457, 19.040848600888022 ], [ 72.819536721332256, 19.040851188199611 ], [ 72.819241653823596, 19.040859086922172 ], [ 72.81908614252778, 19.040957701369496 ], [ 72.818978992087693, 19.041052850494744 ], [ 72.81893295720991, 19.04106292510426 ], [ 72.818883865999652, 19.04107495072757 ], [ 72.818790335955441, 19.041272565886295 ], [ 72.818700628345653, 19.041352090653646 ], [ 72.81864238333192, 19.041419386014226 ], [ 72.818598343767007, 19.041504695560135 ], [ 72.818537416157412, 19.041669180908599 ], [ 72.818491294465346, 19.041711120286394 ], [ 72.818407997450478, 19.041786864324727 ], [ 72.81840143314227, 19.041792833063695 ], [ 72.818075411196318, 19.041682896455018 ], [ 72.818022840668306, 19.041826884896917 ], [ 72.818166097646412, 19.041889950758957 ], [ 72.818197708313406, 19.04190386666556 ], [ 72.81812601564576, 19.042100169324769 ], [ 72.818099800262672, 19.042321630816232 ], [ 72.817697614352042, 19.042760418720764 ], [ 72.817713278928792, 19.042848562330938 ], [ 72.817589381616898, 19.042870577654693 ], [ 72.817305798375045, 19.042920764554825 ], [ 72.817288185808351, 19.042926045685348 ], [ 72.817270946506923, 19.042932347487156 ], [ 72.8172541488603, 19.042939646489891 ], [ 72.817237856486457, 19.04294791222987 ], [ 72.817231361286474, 19.042951675000744 ], [ 72.817224483893057, 19.042955657545139 ], [ 72.817215184095076, 19.042964148186428 ], [ 72.81720952538825, 19.042970324491844 ], [ 72.817204344503708, 19.042976870636323 ], [ 72.817199666221683, 19.042983751072168 ], [ 72.817195517753532, 19.042990930280528 ], [ 72.817192071943765, 19.042998020681924 ], [ 72.817189141354888, 19.043005317191067 ], [ 72.817186741012279, 19.043012786457208 ], [ 72.817184878663014, 19.04302039388741 ], [ 72.817183564500439, 19.043028103761511 ], [ 72.817182805056035, 19.043035881472157 ], [ 72.817182603244788, 19.043043690056958 ], [ 72.817182960766118, 19.043051492539089 ], [ 72.817218464004384, 19.043238508623798 ], [ 72.817226800135472, 19.043282418483759 ], [ 72.817295766804861, 19.043654865712124 ], [ 72.817400735330196, 19.044147140421639 ], [ 72.817928527774711, 19.044950659086417 ], [ 72.818015898645385, 19.045000133783329 ], [ 72.818084733630286, 19.04498879991144 ], [ 72.818220519932055, 19.044966438961673 ], [ 72.818640413023743, 19.045565883671348 ], [ 72.819633918882104, 19.047625371143102 ], [ 72.826197373522547, 19.047702806656467 ] ] ] } },
{ "type": "Feature", "properties": { "grid_id": "cell_0424", "ward_id": "T", "ward_gid": 13, "NDVI_prev": 0.29467116618085493, "LST_C": 32.571394863061727, "NDVI": 0.3069793622142229, "pop_density_km2": 69018.744774667532, "elderly_pct": 4.7571458701373279, "slum_pct": 4.1054108691014708, "hospital_dist_m": 259.103297464082, "impervious_pct": 60.997162643070141 }, "geometry": { "type": "Polygon", "coordinates": [ [ [ 72.938711748718404, 19.166422363790833 ], [ 72.948216285486041, 19.166528842010489 ], [ 72.948328048601468, 19.157497139754234 ], [ 72.946739643394693, 19.157479387317096 ], [ 72.946709527615241, 19.15754366168105 ], [ 72.946676102179552, 19.157632475235459 ], [ 72.946649815111172, 19.15772343009505 ], [ 72.946630815862733, 19.157816008901605 ], [ 72.946619212596701, 19.157909685090683 ], [ 72.946615071273484, 19.158003925880219 ], [ 72.946618415462353, 19.158098195231151 ], [ 72.946629226187682, 19.15819195702522 ], [ 72.946950692650447, 19.159363100668813 ], [ 72.946967280925165, 19.159454509904656 ], [ 72.946977122170964, 19.159546795778617 ], [ 72.946980168478802, 19.159639509106746 ], [ 72.946976405044538, 19.159732198617551 ], [ 72.946965850178472, 19.159824413264474 ], [ 72.94694855516795, 19.159915704139433 ], [ 72.946924604247172, 19.160005626929415 ], [ 72.946894113963282, 19.160093744005181 ], [ 72.946857232732825, 19.160179626475923 ], [ 72.946814139979296, 19.16026285631132 ], [ 72.946758686618097, 19.160334500610027 ], [ 72.94669862513409, 19.160402707774271 ], [ 72.946634190846893, 19.160467210526537 ], [ 72.946565636196638, 19.160527756197432 ], [ 72.946493229707713, 19.160584107509184 ], [ 72.946417255176058, 19.160636043722729 ], [ 72.946338010139456, 19.160683361343406 ], [ 72.946255805181963, 19.160725875016535 ], [ 72.944901361177074, 19.161388544041404 ], [ 72.944235003961353, 19.161712547486637 ], [ 72.94402023783897, 19.1618069746118 ], [ 72.943911875011793, 19.161854177118649 ], [ 72.943829121824706, 19.161890493445817 ], [ 72.94248418396667, 19.162417312495506 ], [ 72.941230014863137, 19.162892998684484 ], [ 72.939704248342196, 19.163462459675216 ], [ 72.939278996033309, 19.163621555915718 ], [ 72.939122310272737, 19.163664461681229 ], [ 72.938963829114343, 19.163700930100518 ], [ 72.938803845313586, 19.163730893855963 ], [ 72.938745109211837, 19.163739421919512 ], [ 72.938711748718404, 19.166422363790833 ] ] ] } },
{ "type": "Feature", "properties": { "grid_id": "cell_0425", "ward_id": "H/E", "ward_gid": 18, "NDVI_prev": 0.41335567913547805, "LST_C": 30.369750873627613, "NDVI": 0.47293428014905542, "pop_density_km2": 29634.96596674632, "elderly_pct": 5.1016302826066111, "slum_pct": 0.0, "hospital_dist_m": 757.57721444114918, "impervious_pct": 1.8422427725996764 }, "geometry": { "type": "Polygon", "coordinates": [ [ [ 72.854572626829182, 19.057067507456818 ], [ 72.86407040352988, 19.057177732766991 ], [ 72.864126416987432, 19.052803396837096 ], [ 72.863558474899548, 19.052333142479792 ], [ 72.86321315818509, 19.052327615451183 ], [ 72.862219569622198, 19.052311708756768 ], [ 72.861175383050011, 19.052295142982658 ], [ 72.860058263136636, 19.052277413638933 ], [ 72.85929334630724, 19.052217144087184 ], [ 72.858408261456432, 19.052147402252956 ], [ 72.858250714518533, 19.052135714695105 ], [ 72.857191580444976, 19.052057139443207 ], [ 72.85463950364192, 19.051867780406958 ], [ 72.854572626829182, 19.057067507456818 ] ] ] } },
{ "type": "Feature", "properties": { "grid_id": "cell_0426", "ward_id": "M/W", "ward_gid": 17, "NDVI_prev": 0.31427266883965882, "LST_C": 35.236380821483621, "NDVI": 0.34806406044463767, "pop_density_km2": 77199.006688416455, "elderly_pct": 4.7571458677460665, "slum_pct": 25.476509949511282, "hospital_dist_m": 127.19998992071166, "impervious_pct": 68.603760741938174 }, "geometry": { "type": "Polygon", "coordinates": [ [ [ 72.892792239187344, 19.039442492326177 ], [ 72.892678213927425, 19.048473990567551 ], [ 72.902175736807195, 19.048582207758045 ], [ 72.902209488726839, 19.045897285287143 ], [ 72.902182220216162, 19.045899655476081 ], [ 72.901939674255004, 19.045928399031784 ], [ 72.90178365283586, 19.04594701207283 ], [ 72.901116415370311, 19.046026610639977 ], [ 72.900977048043984, 19.046043236269437 ], [ 72.900740153040147, 19.04607149675476 ], [ 72.900663499570811, 19.046080640987697 ], [ 72.900633552215467, 19.046084214066845 ], [ 72.90060046896491, 19.046089062601681 ], [ 72.900403753504307, 19.046117889950892 ], [ 72.90023706842635, 19.046142316384852 ], [ 72.900162309510108, 19.046153271761451 ], [ 72.89965243199704, 19.046153732708191 ], [ 72.899367775689299, 19.046147153708873 ], [ 72.899178769127431, 19.046130282633502 ], [ 72.898906743487657, 19.046095473515457 ], [ 72.898854230144153, 19.046089864123289 ], [ 72.898828234572022, 19.046086655357197 ], [ 72.898949799204843, 19.045234250267892 ], [ 72.898956708614662, 19.045123670898803 ], [ 72.898955316785404, 19.045094349959413 ], [ 72.898950928813548, 19.045029794234495 ], [ 72.898809448271024, 19.044761714843535 ], [ 72.898748104110069, 19.044659397857348 ], [ 72.898670986177123, 19.044583998010786 ], [ 72.898539597263621, 19.044528305076721 ], [ 72.898252074553199, 19.044419449912727 ], [ 72.897290243500237, 19.044057323367316 ], [ 72.896563950268728, 19.043792207396159 ], [ 72.896503991638298, 19.043721519584864 ], [ 72.896360637547801, 19.043272761009462 ], [ 72.896262268005373, 19.043049977823859 ], [ 72.896171753820269, 19.04285744153615 ], [ 72.896146795388589, 19.042784987991165 ], [ 72.896078380974032, 19.042428393962922 ], [ 72.896047536462376, 19.042398350066339 ], [ 72.896020812973092, 19.042379150354712 ], [ 72.895984173302992, 19.042358487922428 ], [ 72.895911853710416, 19.042353614598902 ], [ 72.895850801371992, 19.042355617926685 ], [ 72.895674382134501, 19.042390047299996 ], [ 72.895618852788502, 19.042404260374614 ], [ 72.895551681949897, 19.042441284738509 ], [ 72.895284477923795, 19.042646892501097 ], [ 72.895286360500947, 19.042210168673236 ], [ 72.89525814332778, 19.041521525396604 ], [ 72.89524292540213, 19.041490309923301 ], [ 72.895226305476569, 19.041457728815775 ], [ 72.895192725307297, 19.041419555690624 ], [ 72.895112657758986, 19.041353859489696 ], [ 72.895047876209006, 19.041313980898284 ], [ 72.895002637670828, 19.041299968511392 ], [ 72.89469954571841, 19.041250623790066 ], [ 72.894386657048443, 19.041190369663124 ], [ 72.89433570846802, 19.041178991277839 ], [ 72.894289085109122, 19.041162263634096 ], [ 72.89388649690251, 19.040941741780259 ], [ 72.894112451131207, 19.040558943993837 ], [ 72.894204934085607, 19.040407548328222 ], [ 72.894303063620143, 19.040254053327132 ], [ 72.894533927248744, 19.0398888198614 ], [ 72.894607175538738, 19.039721550494303 ], [ 72.894631789764233, 19.039650079182699 ], [ 72.894685599338246, 19.039464094910343 ], [ 72.892792239187344, 19.039442492326177 ] ] ] } },
{ "type": "Feature", "properties": { "grid_id": "cell_0427", "ward_id": "R/C", "ward_gid": 11, "NDVI_prev": 0.31081752908094634, "LST_C": 32.616876988948654, "NDVI": 0.33409729770130897, "pop_density_km2": 78040.411074386167, "elderly_pct": 4.7571458704900298, "slum_pct": 0.36337803335601121, "hospital_dist_m": 296.60076904414166, "impervious_pct": 61.279882443665869 }, "geometry": { "type": "Polygon", "coordinates": [ [ [ 72.833456898831017, 19.219404706614451 ], [ 72.842963830795185, 19.219516929004524 ], [ 72.843051306861454, 19.212813644673773 ], [ 72.842410895475936, 19.212940434411156 ], [ 72.841898433164531, 19.213117435015619 ], [ 72.841149989666576, 19.213404526732859 ], [ 72.840656006069366, 19.2136724374148 ], [ 72.839784534802732, 19.214185114138481 ], [ 72.838257203733008, 19.215100801569886 ], [ 72.837769129242773, 19.21510726873985 ], [ 72.837587632132639, 19.21512164983579 ], [ 72.837383420764994, 19.215149542978427 ], [ 72.837102269780615, 19.215187944920082 ], [ 72.836688281892791, 19.215254409863707 ], [ 72.83639306116703, 19.215301074339415 ], [ 72.836024045650177, 19.215362427019656 ], [ 72.835776106584362, 19.215382266816249 ], [ 72.833510214707587, 19.215337368355826 ], [ 72.833456898831017, 19.219404706614451 ] ] ] } },
{ "type": "Feature", "properties": { "grid_id": "cell_0428", "ward_id": "P/S", "ward_gid": 20, "NDVI_prev": 0.30140997565932504, "LST_C": 33.275020212278484, "NDVI": 0.34954686130546425, "pop_density_km2": 87004.916647774735, "elderly_pct": 4.7571458685734997, "slum_pct": 6.1746707994280454, "hospital_dist_m": 186.61609198880393, "impervious_pct": 63.419821093426279 }, "geometry": { "type": "Polygon", "coordinates": [ [ [ 72.843552389779447, 19.174361646582703 ], [ 72.834048046898857, 19.174249707909855 ], [ 72.8339907115149, 19.178634856576057 ], [ 72.834059604800217, 19.17863900591697 ], [ 72.834067588367901, 19.178639486756076 ], [ 72.83439870563528, 19.178666405498817 ], [ 72.834400997544819, 19.178666620318147 ], [ 72.834669821094735, 19.178688445841235 ], [ 72.834798463634968, 19.178707769949007 ], [ 72.834914189989448, 19.178725152980608 ], [ 72.834940776595232, 19.178729146754389 ], [ 72.834953741958401, 19.17873291388123 ], [ 72.834973931850087, 19.178738780275072 ], [ 72.835056984873106, 19.178762911087439 ], [ 72.835090549883716, 19.178778898996718 ], [ 72.835150817468985, 19.178807605162078 ], [ 72.835215592879948, 19.17885123373992 ], [ 72.835277387378881, 19.178893174987284 ], [ 72.835366872550424, 19.17894708883016 ], [ 72.835417160715792, 19.178983115838779 ], [ 72.835541575068063, 19.179078533590083 ], [ 72.835623248675574, 19.179144463519595 ], [ 72.835706522636201, 19.179219501947649 ], [ 72.835811795197969, 19.179320584307902 ], [ 72.835939315564318, 19.179440471385465 ], [ 72.836094961235162, 19.179586306949357 ], [ 72.836285690379739, 19.179732534219504 ], [ 72.83630074044612, 19.17973944976513 ], [ 72.836311672097992, 19.179744472677406 ], [ 72.836319996530349, 19.179748817395481 ], [ 72.836331735114058, 19.179754942385546 ], [ 72.836472274051886, 19.17976243492846 ], [ 72.836536560532352, 19.179765861453301 ], [ 72.836649795171496, 19.179762155958127 ], [ 72.836650686231806, 19.179762127156568 ], [ 72.836772743517258, 19.179758134266095 ], [ 72.836781355052295, 19.179757852545158 ], [ 72.836896923920662, 19.179704268026189 ], [ 72.837013594691001, 19.179618291829723 ], [ 72.837167076402139, 19.179501021280874 ], [ 72.837198547799773, 19.179483456935575 ], [ 72.837210881686502, 19.17947856499126 ], [ 72.837310556997906, 19.179439026184479 ], [ 72.837449166221987, 19.179376883364377 ], [ 72.837529701507378, 19.179345451516571 ], [ 72.837628843966797, 19.179331924011368 ], [ 72.837702902438053, 19.179329348314589 ], [ 72.837889145674339, 19.179322868578375 ], [ 72.837949153359659, 19.179325524067032 ], [ 72.838166043550927, 19.179335119841852 ], [ 72.838252528246031, 19.179330516242068 ], [ 72.838361757563021, 19.179329017681194 ], [ 72.838514267285902, 19.179324013161001 ], [ 72.838752356834789, 19.179324377565436 ], [ 72.83888446315008, 19.179324074017632 ], [ 72.839022685953395, 19.17932251194296 ], [ 72.839176123666675, 19.179319971913163 ], [ 72.839320461028166, 19.17931715386306 ], [ 72.839476837266034, 19.179317588247283 ], [ 72.839639183254477, 19.179321090662452 ], [ 72.839773215438314, 19.179318901500029 ], [ 72.839897502468034, 19.179317768101878 ], [ 72.84001842450256, 19.179314071337153 ], [ 72.840145546289094, 19.179305645835189 ], [ 72.840265690809218, 19.179299463959893 ], [ 72.840352708464565, 19.179297147230486 ], [ 72.840380552001193, 19.17929640465114 ], [ 72.840387772551821, 19.179295399685497 ], [ 72.840392589774567, 19.179295272238221 ], [ 72.840618049210306, 19.179263936655531 ], [ 72.840709899785679, 19.179256338464498 ], [ 72.840711541036981, 19.179256128104665 ], [ 72.840721945018217, 19.179255269488898 ], [ 72.840859478434496, 19.179237665967463 ], [ 72.840862769235031, 19.179237244547839 ], [ 72.84100609603874, 19.179218899138061 ], [ 72.841014305587777, 19.179217848339427 ], [ 72.841270550802065, 19.179220479837504 ], [ 72.841274603351877, 19.179220521741854 ], [ 72.841637131314016, 19.179236930215048 ], [ 72.841695712044498, 19.179237674886611 ], [ 72.841740044341464, 19.179235700360746 ], [ 72.841743927480479, 19.179235241381555 ], [ 72.841752093382226, 19.179234829244376 ], [ 72.841763284302729, 19.17923350761 ], [ 72.841784234234979, 19.179231032478917 ], [ 72.841876953246611, 19.179220083010048 ], [ 72.841877316409295, 19.179220039879784 ], [ 72.842120642726655, 19.179193566973414 ], [ 72.842370375739463, 19.179153146093611 ], [ 72.842407237949672, 19.179147180302326 ], [ 72.842408295131179, 19.179147008906796 ], [ 72.842426696376279, 19.179144029703544 ], [ 72.842426767119449, 19.179144016661677 ], [ 72.842446397480941, 19.179139343115715 ], [ 72.842484383915334, 19.179130300563553 ], [ 72.842496674105917, 19.179128634956562 ], [ 72.84251470520293, 19.179124042639099 ], [ 72.842572403765843, 19.179109346549186 ], [ 72.842724317772536, 19.179073178482209 ], [ 72.842733838175576, 19.179070912220489 ], [ 72.842855252894026, 19.179059645279871 ], [ 72.84286621506557, 19.179053373197053 ], [ 72.842916015367493, 19.17902487965269 ], [ 72.843074763225829, 19.179022588551117 ], [ 72.843322636153886, 19.17902285497232 ], [ 72.843404987605837, 19.179022313090886 ], [ 72.843459289705095, 19.179019538433472 ], [ 72.84349179117936, 19.179016752235459 ], [ 72.843552389779447, 19.174361646582703 ] ] ] } },
{ "type": "Feature", "properties": { "grid_id": "cell_0429", "ward_id": "K/E", "ward_gid": 19, "NDVI_prev": 0.19596256094252226, "LST_C": 39.305233292047234, "NDVI": 0.19821445947168267, "pop_density_km2": 78919.494259351064, "elderly_pct": 4.7571458704838134, "slum_pct": 3.1729772090299999, "hospital_dist_m": 946.74993056403969, "impervious_pct": 64.383469291444811 }, "geometry": { "type": "Polygon", "coordinates": [ [ [ 72.873222506921024, 19.08438154593625 ], [ 72.873107130628554, 19.093412885610583 ], [ 72.878337813570795, 19.093473221295088 ], [ 72.878293989392176, 19.093293712373391 ], [ 72.878290975654423, 19.093069892383514 ], [ 72.878334433470172, 19.092760485092473 ], [ 72.878334546056053, 19.092759681937896 ], [ 72.87838855309424, 19.09237516334586 ], [ 72.878413789220019, 19.092207131231753 ], [ 72.87845087814452, 19.091960177318256 ], [ 72.878697406106241, 19.091298393348694 ], [ 72.878900241866745, 19.091076590227264 ], [ 72.878715540624739, 19.09087921339518 ], [ 72.878825171795555, 19.090762614512524 ], [ 72.879239906267685, 19.090344680981278 ], [ 72.879036943717608, 19.089987698000286 ], [ 72.879227710344196, 19.089797127203532 ], [ 72.878924616884888, 19.089356448797819 ], [ 72.878755856283249, 19.088445010688023 ], [ 72.878856551658885, 19.087763817388193 ], [ 72.878883611382236, 19.087580753186884 ], [ 72.879133283929519, 19.086778253249662 ], [ 72.879129627911468, 19.08675565281743 ], [ 72.879128921398774, 19.086738656918147 ], [ 72.879128998787039, 19.086723600801886 ], [ 72.879129428092284, 19.086639957835626 ], [ 72.879129593065272, 19.086607923091623 ], [ 72.879140883825016, 19.086407116191335 ], [ 72.879150146761475, 19.086254272167089 ], [ 72.87915026737241, 19.086251510307633 ], [ 72.879152246444662, 19.086206129493643 ], [ 72.879162142075188, 19.085979225313782 ], [ 72.878316501383566, 19.086031986805558 ], [ 72.878163026611873, 19.086042145176695 ], [ 72.877926187850832, 19.086057820496848 ], [ 72.877709045776214, 19.086072192031217 ], [ 72.877516291042355, 19.086084949623125 ], [ 72.877453790561361, 19.086089086793656 ], [ 72.877417469822547, 19.086091489365064 ], [ 72.876620413943087, 19.08614319326659 ], [ 72.876258847131268, 19.08616816800123 ], [ 72.876224649366293, 19.085840786493829 ], [ 72.876150047323677, 19.085126590202108 ], [ 72.876143701619156, 19.085065841223347 ], [ 72.876139292143577, 19.085026007211638 ], [ 72.876135488423472, 19.084991645429714 ], [ 72.876128914884816, 19.084932255845132 ], [ 72.876076269300071, 19.084799371478361 ], [ 72.876004357786002, 19.084745449292921 ], [ 72.875854681716334, 19.084658774153553 ], [ 72.875572553542654, 19.084448456628959 ], [ 72.875519793033618, 19.084408051265815 ], [ 72.873222506921024, 19.08438154593625 ] ] ] } },
{ "type": "Feature", "properties": { "grid_id": "cell_0430", "ward_id": "T", "ward_gid": 13, "NDVI_prev": 0.66368770515421527, "LST_C": 29.562615336909413, "NDVI": 0.65592708302041525, "pop_density_km2": 4948.3212483096449, "elderly_pct": 4.7571458826876123, "slum_pct": 0.0, "hospital_dist_m": 2046.8067423110595, "impervious_pct": 0.0 }, "geometry": { "type": "Polygon", "coordinates": [ [ [ 72.900579824788849, 19.175022958192084 ], [ 72.900694236235736, 19.165991537860034 ], [ 72.893249049158769, 19.165906244966969 ], [ 72.893613308698434, 19.166665524427302 ], [ 72.894741157461866, 19.169016416621023 ], [ 72.895022771621782, 19.169603403959986 ], [ 72.896267321428425, 19.17205800015557 ], [ 72.897048531110585, 19.173598724180266 ], [ 72.897075163097426, 19.173627946687208 ], [ 72.898322981697419, 19.174997123747726 ], [ 72.900579824788849, 19.175022958192084 ] ] ] } },
{ "type": "Feature", "properties": { "grid_id": "cell_0431", "ward_id": "P/N", "ward_gid": 21, "NDVI_prev": 0.17237241052819269, "LST_C": 30.635641273259601, "NDVI": 0.25597554326090571, "pop_density_km2": 17484.501514432821, "elderly_pct": 4.7571458748418278, "slum_pct": 1.0846150819321392, "hospital_dist_m": 1167.2528779283341, "impervious_pct": 19.641383589266319 }, "geometry": { "type": "Polygon", "coordinates": [ [ [ 72.796391433578904, 19.146704613215789 ], [ 72.804652997276548, 19.146803519722614 ], [ 72.804203943438381, 19.145214658351119 ], [ 72.804139789335409, 19.144987660483274 ], [ 72.804136283831653, 19.144975257054529 ], [ 72.804020468425449, 19.144565468380431 ], [ 72.803550115691863, 19.14355646454835 ], [ 72.801276955119405, 19.138627436149974 ], [ 72.798209118776214, 19.13973311088608 ], [ 72.798203551739036, 19.139775457047211 ], [ 72.798176580737575, 19.140533956047822 ], [ 72.798162601960485, 19.140927035030163 ], [ 72.79813336888347, 19.141440484474437 ], [ 72.798095800807246, 19.142389627177963 ], [ 72.798078040128743, 19.142408244259638 ], [ 72.798066741036237, 19.142484656294325 ], [ 72.798073378708537, 19.142513585166757 ], [ 72.798076810353749, 19.14252854113618 ], [ 72.798073582177494, 19.142542264530096 ], [ 72.798057850195363, 19.142609143674868 ], [ 72.798050408951241, 19.14264077873819 ], [ 72.798045618244998, 19.14266114900758 ], [ 72.798065410562685, 19.14266765009954 ], [ 72.798075558044374, 19.142670983429422 ], [ 72.798131417378102, 19.142707233873455 ], [ 72.798136226905839, 19.142790344485523 ], [ 72.798141660027426, 19.142847448466828 ], [ 72.798085212243663, 19.14282721610147 ], [ 72.798066012640589, 19.142820333797147 ], [ 72.798006029465412, 19.142798832244338 ], [ 72.797964032951469, 19.142783780223386 ], [ 72.797881283270854, 19.142749361345121 ], [ 72.797778887589274, 19.142706768988344 ], [ 72.797530237014612, 19.142631506377612 ], [ 72.797334880539665, 19.142525923432192 ], [ 72.797295727774113, 19.142495328811222 ], [ 72.797171086426985, 19.142397931264341 ], [ 72.797167729802482, 19.142395308302543 ], [ 72.796929054653518, 19.142244842635272 ], [ 72.796810926640219, 19.142170372795196 ], [ 72.796771976125839, 19.142145816657965 ], [ 72.796630899236675, 19.142093900504207 ], [ 72.796453080537361, 19.142061846301811 ], [ 72.796391433578904, 19.146704613215789 ] ] ] } },
{ "type": "Feature", "properties": { "grid_id": "cell_0432", "ward_id": "M/W", "ward_gid": 17, "NDVI_prev": 0.09525723865362333, "LST_C": 36.788854582748037, "NDVI": 0.12367774421231051, "pop_density_km2": 77261.917213902299, "elderly_pct": 4.7571458756016014, "slum_pct": 0.0, "hospital_dist_m": 2048.4793534961373, "impervious_pct": 93.610663927186607 }, "geometry": { "type": "Polygon", "coordinates": [ [ [ 72.893133928655203, 19.012347940734749 ], [ 72.893020096535238, 19.021379467405833 ], [ 72.897910416751344, 19.02143517373198 ], [ 72.897912166756512, 19.021330529342631 ], [ 72.897914704728791, 19.021279983475647 ], [ 72.89793341605737, 19.020907328762874 ], [ 72.897933524670307, 19.020904389808063 ], [ 72.897943991735502, 19.020621181074468 ], [ 72.897946937462891, 19.020540166169489 ], [ 72.897958665593663, 19.020217614113271 ], [ 72.897971070289998, 19.019876450915628 ], [ 72.897989451103726, 19.019802586656812 ], [ 72.898038314458134, 19.019138476611374 ], [ 72.898038065697705, 19.019084405047408 ], [ 72.898035177546461, 19.018688441611534 ], [ 72.898062605450136, 19.018629036830006 ], [ 72.898078394814135, 19.01819435412559 ], [ 72.898104102078051, 19.017430896083031 ], [ 72.898105275501109, 19.017293560218889 ], [ 72.89810927735779, 19.016825177803451 ], [ 72.898109277368235, 19.016825176972546 ], [ 72.898146320334405, 19.015858787811514 ], [ 72.898152088500254, 19.015729452691875 ], [ 72.89816927349996, 19.015344126185887 ], [ 72.898192956420132, 19.014797983583179 ], [ 72.898211028873959, 19.014396893736624 ], [ 72.898245642353004, 19.013628689594743 ], [ 72.898307759628722, 19.012517735349928 ], [ 72.898313955822744, 19.012406916163457 ], [ 72.893133928655203, 19.012347940734749 ] ] ] } },
{ "type": "Feature", "properties": { "grid_id": "cell_0433", "ward_id": "M/W", "ward_gid": 17, "NDVI_prev": 0.26332902892730375, "LST_C": 32.565564242659562, "NDVI": 0.27535168281999123, "pop_density_km2": 91151.168035724797, "elderly_pct": 4.7571458716907431, "slum_pct": 1.6944859825168677, "hospital_dist_m": 446.11899730098065, "impervious_pct": 72.046559673477574 }, "geometry": { "type": "Polygon", "coordinates": [ [ [ 72.90194851986719, 19.06664528610213 ], [ 72.892449970155624, 19.066536958592991 ], [ 72.892434675217444, 19.067746653543562 ], [ 72.892712979480251, 19.068168265209597 ], [ 72.892772311368716, 19.068244785677546 ], [ 72.893702258286652, 19.069516548008831 ], [ 72.894571819506851, 19.070705708995593 ], [ 72.895181293476881, 19.071539178276311 ], [ 72.89525485116333, 19.071576890426183 ], [ 72.895582276248092, 19.071595899634055 ], [ 72.895614179591732, 19.07159775186398 ], [ 72.895644616725193, 19.071602669772282 ], [ 72.896261536823545, 19.071702348117689 ], [ 72.896415956310605, 19.071757741717541 ], [ 72.896703280102685, 19.071821728909573 ], [ 72.896864524527217, 19.071857638171075 ], [ 72.896933926695425, 19.071867573766479 ], [ 72.897431984020244, 19.071938874752341 ], [ 72.89754530213925, 19.071966194519387 ], [ 72.897698865200198, 19.072003216792513 ], [ 72.89776975562765, 19.072012600783424 ], [ 72.897903609905583, 19.072027458214688 ], [ 72.898087720797079, 19.072036587330143 ], [ 72.898088008547361, 19.072036592779106 ], [ 72.898292532767613, 19.072040464968026 ], [ 72.89836045130528, 19.072044899995472 ], [ 72.89850702796933, 19.072054471232942 ], [ 72.898736747855651, 19.071849566136091 ], [ 72.89922823560758, 19.07185347987469 ], [ 72.899408067303099, 19.071921630379123 ], [ 72.899408068748286, 19.071921630287203 ], [ 72.8997351231789, 19.072043740449008 ], [ 72.899765396996401, 19.07205504354495 ], [ 72.899814218194322, 19.072073271387797 ], [ 72.899916639331877, 19.072111511588115 ], [ 72.900408664725049, 19.072295213939466 ], [ 72.900596822579701, 19.072395995866597 ], [ 72.900641043107356, 19.072419681448523 ], [ 72.900978691661152, 19.072600533747508 ], [ 72.901092641847086, 19.072644143584029 ], [ 72.901128622300405, 19.072657913312355 ], [ 72.901383882838843, 19.072755602368595 ], [ 72.901501897134608, 19.072800766610825 ], [ 72.901568235807375, 19.072826154496447 ], [ 72.901601692311004, 19.072838958341414 ], [ 72.901636146241657, 19.072853159060784 ], [ 72.901869161889579, 19.072949201314273 ], [ 72.90194851986719, 19.06664528610213 ] ] ] } },
{ "type": "Feature", "properties": { "grid_id": "cell_0434", "ward_id": "C", "ward_gid": 3, "NDVI_prev": 0.12605718396702495, "LST_C": 36.814276701716736, "NDVI": 0.13727276288240112, "pop_density_km2": 68052.891174617514, "elderly_pct": 5.5859844892384851, "slum_pct": 0.0, "hospital_dist_m": 393.31522835552477, "impervious_pct": 96.787647528618308 }, "geometry": { "type": "Polygon", "coordinates": [ [ [ 72.827487495453354, 18.948360126149801 ], [ 72.827370543260315, 18.957391326411624 ], [ 72.832057205216287, 18.957446225331292 ], [ 72.832063488358969, 18.957370187528422 ], [ 72.832066281435019, 18.957343663493724 ], [ 72.832064601360941, 18.957273207700545 ], [ 72.832055811562455, 18.957176615113678 ], [ 72.832040454006588, 18.957088782259003 ], [ 72.832030724696551, 18.957040070336223 ], [ 72.832028679079485, 18.957029827867487 ], [ 72.832024566469187, 18.956998766348246 ], [ 72.832021808958189, 18.956923311957471 ], [ 72.83202134273364, 18.956849945613939 ], [ 72.832022164068718, 18.956835757799677 ], [ 72.83202640858326, 18.956737040610282 ], [ 72.832036211986747, 18.956571074892004 ], [ 72.832036598169125, 18.956552066711595 ], [ 72.832037099829563, 18.956527355801619 ], [ 72.832076854240597, 18.956385218032377 ], [ 72.832079676620083, 18.956330671844093 ], [ 72.832081832368175, 18.956289009638489 ], [ 72.832111491310442, 18.955874590923102 ], [ 72.832112432414149, 18.955861417964108 ], [ 72.832185724190921, 18.955054349875862 ], [ 72.832146680098219, 18.954898636376235 ], [ 72.832148894374868, 18.954849971190821 ], [ 72.832139695097908, 18.954768383261044 ], [ 72.832115904081107, 18.954658563965417 ], [ 72.832064438931383, 18.954562223596234 ], [ 72.83204891752753, 18.954532619235369 ], [ 72.831935871494437, 18.95431701823059 ], [ 72.831814259189173, 18.954136370625985 ], [ 72.831804971573447, 18.954123108694052 ], [ 72.83179879577925, 18.954112421330905 ], [ 72.831791492297697, 18.954090194283189 ], [ 72.831790920489908, 18.954088456044815 ], [ 72.831783002212347, 18.954072223959983 ], [ 72.831776486595658, 18.954047431842223 ], [ 72.831772192766451, 18.954025695252462 ], [ 72.831769238491759, 18.954004394352214 ], [ 72.831769050867265, 18.95399966720845 ], [ 72.831763967652108, 18.953965115877665 ], [ 72.831767340473036, 18.953926709925508 ], [ 72.831776577709292, 18.953897301308231 ], [ 72.831783112158988, 18.953877300123143 ], [ 72.831802084606878, 18.953819248352556 ], [ 72.831804329439805, 18.953812367396047 ], [ 72.831827244509867, 18.953741819095818 ], [ 72.831850126131556, 18.953670698636213 ], [ 72.832227334184267, 18.952535994134788 ], [ 72.832255892552709, 18.952450085890479 ], [ 72.832257842070845, 18.952443428187987 ], [ 72.832310229945591, 18.952264503710978 ], [ 72.832364912710247, 18.952077748594281 ], [ 72.832529165054993, 18.951521535666433 ], [ 72.832550305003821, 18.951450925799662 ], [ 72.832764462948376, 18.950735605897847 ], [ 72.832764856298112, 18.950734291991161 ], [ 72.832781422411344, 18.950678959619236 ], [ 72.832781630763037, 18.950678262932524 ], [ 72.832835542278858, 18.950452417192626 ], [ 72.832896769896493, 18.950249354082235 ], [ 72.832936074751714, 18.950123580374971 ], [ 72.833175822508849, 18.949355598216545 ], [ 72.833175908641792, 18.949355323729169 ], [ 72.833245064711434, 18.949128884594714 ], [ 72.833304960288359, 18.948945597904984 ], [ 72.833348633560234, 18.948798464225845 ], [ 72.833387152374883, 18.94867704300168 ], [ 72.833441125159212, 18.948492124358239 ], [ 72.833459861447153, 18.948430032875361 ], [ 72.827487495453354, 18.948360126149801 ] ] ] } },
{ "type": "Feature", "properties": { "grid_id": "cell_0435", "ward_id": "D", "ward_gid": 4, "NDVI_prev": 0.14852568314927284, "LST_C": 34.435920277882659, "NDVI": 0.13894057822014724, "pop_density_km2": 96083.318762899886, "elderly_pct": 5.5859844932039975, "slum_pct": 0.0, "hospital_dist_m": 61.935080764077448, "impervious_pct": 90.52091849992712 }, "geometry": { "type": "Polygon", "coordinates": [ [ [ 72.817878659280993, 18.957279776643123 ], [ 72.825809584077433, 18.95737301523436 ], [ 72.825807413781192, 18.95736841566433 ], [ 72.825742618469022, 18.957230104754839 ], [ 72.825696655946714, 18.957123590863507 ], [ 72.825662298209664, 18.957062034520593 ], [ 72.825594948458217, 18.956941372123918 ], [ 72.8255582114829, 18.956862628692168 ], [ 72.825553471502928, 18.956846735374334 ], [ 72.825544957525437, 18.956819083438592 ], [ 72.82554492929485, 18.956818990975158 ], [ 72.825533602944034, 18.956781708035525 ], [ 72.82553183583353, 18.956776100658693 ], [ 72.825528241472014, 18.9567646919024 ], [ 72.825523179820109, 18.956752228987948 ], [ 72.825500634779914, 18.956703264449253 ], [ 72.825412248388702, 18.956506938667758 ], [ 72.825325730366956, 18.9563140617405 ], [ 72.825248745169006, 18.956138357372961 ], [ 72.825174626322706, 18.955971497889365 ], [ 72.82516894022541, 18.955959168547121 ], [ 72.825118076592759, 18.955848876524442 ], [ 72.825095708063031, 18.955800372879242 ], [ 72.825059161153177, 18.955719524318067 ], [ 72.825055207628765, 18.955710779557965 ], [ 72.825031734828855, 18.955658853155064 ], [ 72.82504218926789, 18.955647761047743 ], [ 72.825117765362364, 18.955567560173421 ], [ 72.825210181214288, 18.955470828614594 ], [ 72.825304104695633, 18.955371590996755 ], [ 72.825343603777767, 18.95532782936051 ], [ 72.825439826202398, 18.955226260238085 ], [ 72.825508310656176, 18.955150146274665 ], [ 72.825612035773986, 18.955038951473593 ], [ 72.825623849085815, 18.955026583760311 ], [ 72.825518899875163, 18.954941397314172 ], [ 72.825348596100284, 18.95480316282238 ], [ 72.825305255277925, 18.95475736798285 ], [ 72.825157209033421, 18.954600938912151 ], [ 72.825118139353862, 18.954544865219354 ], [ 72.825104156671713, 18.954502051923289 ], [ 72.82510378497841, 18.954500913829946 ], [ 72.825096876223085, 18.95445823374677 ], [ 72.825096078159618, 18.954423909326714 ], [ 72.825106607771659, 18.954379067246123 ], [ 72.825125598978488, 18.954331454870477 ], [ 72.825128529275972, 18.954323422104132 ], [ 72.825199509437027, 18.954128846993346 ], [ 72.825226645479901, 18.954054459953159 ], [ 72.825257802141394, 18.953909573955155 ], [ 72.825262669711279, 18.95389256890023 ], [ 72.82527872129846, 18.953836491837606 ], [ 72.825291645904102, 18.953752021723865 ], [ 72.825317222199558, 18.953584864853699 ], [ 72.825331767621108, 18.95348980128875 ], [ 72.825340763889685, 18.953431005027976 ], [ 72.825347200331791, 18.953406073808413 ], [ 72.82537088405239, 18.953366590156296 ], [ 72.825372024596646, 18.953364688746227 ], [ 72.82541542276546, 18.953140811314501 ], [ 72.825396328865295, 18.953135057334823 ], [ 72.825385998492706, 18.953131944126447 ], [ 72.825329373593007, 18.953113057877875 ], [ 72.82530731815234, 18.953105701696597 ], [ 72.825125050551591, 18.953012114272553 ], [ 72.825122739437163, 18.953010907496122 ], [ 72.824970924050959, 18.952931594699383 ], [ 72.824901175024593, 18.952892673084413 ], [ 72.824846789682184, 18.952860338575931 ], [ 72.82481602902871, 18.952844172340342 ], [ 72.824786912025914, 18.952826438372831 ], [ 72.824721413511583, 18.952794517143822 ], [ 72.824617507223763, 18.952738635088405 ], [ 72.824473483187447, 18.952673900704823 ], [ 72.824382205085584, 18.952636294219431 ], [ 72.824289868877429, 18.952591927949761 ], [ 72.824181018696379, 18.952542355579627 ], [ 72.824044137227631, 18.952480724335491 ], [ 72.823933182959976, 18.952431196676482 ], [ 72.823810286361109, 18.952381899051456 ], [ 72.823639437682786, 18.952307126424014 ], [ 72.823532189256284, 18.952255075917147 ], [ 72.823449068179329, 18.952219069632037 ], [ 72.823313891282083, 18.952133072730859 ], [ 72.823198264572525, 18.952058702658757 ], [ 72.823092812222157, 18.951992482880701 ], [ 72.822968451643632, 18.951903884079968 ], [ 72.822955732746678, 18.951894823150699 ], [ 72.822936236774723, 18.951880934194641 ], [ 72.822930495334631, 18.951876841841941 ], [ 72.822842918028698, 18.951807737375237 ], [ 72.822821067525638, 18.951791602353158 ], [ 72.822812388676255, 18.951785190252913 ], [ 72.822799106670104, 18.951780899111409 ], [ 72.822779048670583, 18.951781719368913 ], [ 72.822766899668693, 18.951782804161144 ], [ 72.822752409812963, 18.951782782061315 ], [ 72.822748925609716, 18.951782729384774 ], [ 72.822735175733783, 18.951782524487196 ], [ 72.822716243739407, 18.951777701784078 ], [ 72.822684857947365, 18.95177448146309 ], [ 72.822655591666816, 18.951758627824081 ], [ 72.822578833491576, 18.951717045179326 ], [ 72.822396579570977, 18.951618628488628 ], [ 72.822251598335356, 18.951538781570925 ], [ 72.822234333206509, 18.951529655432111 ], [ 72.822056219284406, 18.951435505289197 ], [ 72.821924705169963, 18.951360263130574 ], [ 72.821921591791622, 18.9513584832583 ], [ 72.8218557061967, 18.951334313710188 ], [ 72.821719236474209, 18.951257497514849 ], [ 72.8215165143435, 18.951153709879662 ], [ 72.821449380352135, 18.951113180231541 ], [ 72.821416588974259, 18.951087795386769 ], [ 72.821384378853963, 18.951062096714651 ], [ 72.821340781814186, 18.951029095949497 ], [ 72.821318948212564, 18.951017235168976 ], [ 72.821309043805456, 18.951012001797892 ], [ 72.821191420420533, 18.950949850750096 ], [ 72.821154804920255, 18.950929396934537 ], [ 72.821093975862723, 18.950916682042912 ], [ 72.821048764366097, 18.950902452634303 ], [ 72.820867368571584, 18.950845335134712 ], [ 72.820653964147226, 18.950774657174119 ], [ 72.820366439094641, 18.9506849726477 ], [ 72.820355016687714, 18.950681284006137 ], [ 72.8202607221384, 18.950650827372421 ], [ 72.820192794256911, 18.950583397202209 ], [ 72.820135619026217, 18.950526638973106 ], [ 72.820128264770347, 18.950519338183742 ], [ 72.820116573992649, 18.95050737256696 ], [ 72.819997320544744, 18.950401676563072 ], [ 72.81999664391833, 18.950401075166397 ], [ 72.819958157164365, 18.95036699522004 ], [ 72.819900448166507, 18.950315894956464 ], [ 72.819806145229151, 18.950236426566072 ], [ 72.819786129228817, 18.950218541526791 ], [ 72.819633416482574, 18.95008209426318 ], [ 72.819595109318996, 18.950044067341103 ], [ 72.819523776236551, 18.949979898297943 ], [ 72.819489647387684, 18.949942348657899 ], [ 72.819409073426996, 18.949869531497612 ], [ 72.819269760251657, 18.949741285109205 ], [ 72.819237439571481, 18.949711722499099 ], [ 72.819236792256689, 18.949711130477517 ], [ 72.819187518458151, 18.949666067267803 ], [ 72.819141784719577, 18.949627932107013 ], [ 72.818950052754943, 18.949474382786413 ], [ 72.818924599435647, 18.94945642374751 ], [ 72.818724583750239, 18.949701064470105 ], [ 72.817966299648972, 18.95054198365683 ], [ 72.817878659280993, 18.957279776643123 ] ] ] } },
{ "type": "Feature", "properties": { "grid_id": "cell_0436", "ward_id": "K/E", "ward_gid": 19, "NDVI_prev": 0.33821151870585264, "LST_C": 32.568806491415174, "NDVI": 0.35691437352718863, "pop_density_km2": 79150.080591323058, "elderly_pct": 4.757145873643549, "slum_pct": 8.3269442262435103, "hospital_dist_m": 207.60210090026982, "impervious_pct": 60.228755272391012 }, "geometry": { "type": "Polygon", "coordinates": [ [ [ 72.85352439011028, 19.13834846975638 ], [ 72.853641123574221, 19.12931728985961 ], [ 72.847994796008791, 19.129251290850874 ], [ 72.848349723917735, 19.132012368602314 ], [ 72.848596002786564, 19.133863866220512 ], [ 72.848729955186911, 19.134870894142125 ], [ 72.848732583080491, 19.134888103267055 ], [ 72.84874058196344, 19.134940486385982 ], [ 72.848743896755636, 19.134969413524487 ], [ 72.848953031660159, 19.13623783841054 ], [ 72.849127396357986, 19.137320457699268 ], [ 72.849173541936338, 19.137700967093213 ], [ 72.849246001116612, 19.13829845360258 ], [ 72.85352439011028, 19.13834846975638 ] ] ] } },
{ "type": "Feature", "properties": { "grid_id": "cell_0437", "ward_id": "F/S", "ward_gid": 6, "NDVI_prev": 0.21730054880637334, "LST_C": 37.148452153119706, "NDVI": 0.23967756943964791, "pop_density_km2": 98343.942767353685, "elderly_pct": 5.5859844851262368, "slum_pct": 0.88065771926992398, "hospital_dist_m": 632.95950824356066, "impervious_pct": 72.048391426051595 }, "geometry": { "type": "Polygon", "coordinates": [ [ [ 72.846006318835208, 18.984706853822271 ], [ 72.855499932531416, 18.984817116304509 ], [ 72.855576446259988, 18.978840949738139 ], [ 72.855568853622145, 18.978842707084514 ], [ 72.854723383192066, 18.979038392273164 ], [ 72.854651123986258, 18.97905496970963 ], [ 72.852897711562463, 18.979457221755183 ], [ 72.85102366227126, 18.979887128220305 ], [ 72.850562561704933, 18.979992901253233 ], [ 72.850158005509684, 18.980087880467973 ], [ 72.850025270366814, 18.980015604675923 ], [ 72.849918128052849, 18.980053014402305 ], [ 72.849800662423988, 18.980088246532901 ], [ 72.849758921593107, 18.980099931315248 ], [ 72.849676961694286, 18.980131381076312 ], [ 72.849532596286679, 18.980185552704839 ], [ 72.849363051553198, 18.980259771367365 ], [ 72.849085341665457, 18.9803714522542 ], [ 72.84902447892209, 18.980394620052188 ], [ 72.848994368034411, 18.980407420752581 ], [ 72.848915576604966, 18.980440914930181 ], [ 72.848872352860056, 18.980459230294347 ], [ 72.848841005233012, 18.980472513389557 ], [ 72.848608477555047, 18.980571549925443 ], [ 72.848407950394972, 18.980655098628603 ], [ 72.848225116339989, 18.980730462371067 ], [ 72.848205936353324, 18.980738780654566 ], [ 72.848194273138034, 18.980743644626497 ], [ 72.848072692251776, 18.980794354855288 ], [ 72.847917376334578, 18.980854447868271 ], [ 72.847902469457253, 18.980860216208793 ], [ 72.846714265670258, 18.98137044103505 ], [ 72.846644566837099, 18.981400370891372 ], [ 72.846642686940186, 18.981401177311973 ], [ 72.846578413951434, 18.981428776620913 ], [ 72.846772162491916, 18.981834179177806 ], [ 72.846752750948013, 18.981842695122772 ], [ 72.846723761120657, 18.981855411807203 ], [ 72.846652248072658, 18.981886782923894 ], [ 72.846348586696408, 18.982013653726643 ], [ 72.846246151883591, 18.982056450624167 ], [ 72.84609178119932, 18.982120948216036 ], [ 72.846064011466623, 18.982132549908364 ], [ 72.846039287083883, 18.982143460764064 ], [ 72.846006318835208, 18.984706853822271 ] ] ] } },
{ "type": "Feature", "properties": { "grid_id": "cell_0438", "ward_id": "P/N", "ward_gid": 21, "NDVI_prev": 0.40566506747250108, "LST_C": 29.341170248510497, "NDVI": 0.52219362871358932, "pop_density_km2": 4467.2001151186832, "elderly_pct": 4.7571458678368694, "slum_pct": 0.0, "hospital_dist_m": 1775.3298977535583, "impervious_pct": 0.0 }, "geometry": { "type": "Polygon", "coordinates": [ [ [ 72.804936502886591, 19.219065083573614 ], [ 72.795429838524157, 19.21895089065281 ], [ 72.79535153029957, 19.224820021265668 ], [ 72.795959883832964, 19.22450749659254 ], [ 72.796286699220801, 19.22437117671732 ], [ 72.796617748293031, 19.224386354531141 ], [ 72.796847828769657, 19.224396903559342 ], [ 72.797527114207753, 19.224425889918511 ], [ 72.79839091969923, 19.224462744991484 ], [ 72.800554238918735, 19.22355783252917 ], [ 72.802321877784081, 19.223052915722633 ], [ 72.802696596525848, 19.222945876563486 ], [ 72.804071597632273, 19.222715025779962 ], [ 72.804613124734132, 19.222358805411002 ], [ 72.80489521489001, 19.222173244298833 ], [ 72.804936502886591, 19.219065083573614 ] ] ] } },
{ "type": "Feature", "properties": { "grid_id": "cell_0439", "ward_id": "N", "ward_gid": 10, "NDVI_prev": 0.27204674751694247, "LST_C": 33.483186543441199, "NDVI": 0.27858863462511807, "pop_density_km2": 95804.124045632256, "elderly_pct": 4.7571458738397263, "slum_pct": 10.146989110364164, "hospital_dist_m": 242.32091006633138, "impervious_pct": 61.297123573838967 }, "geometry": { "type": "Polygon", "coordinates": [ [ [ 72.901834815173771, 19.075676811046282 ], [ 72.911333942906097, 19.075784704949417 ], [ 72.91144713373302, 19.066753125086016 ], [ 72.910872252572588, 19.066746612295876 ], [ 72.910655460032686, 19.067158554541752 ], [ 72.910608114231067, 19.067545871918025 ], [ 72.910266172247802, 19.067915702866195 ], [ 72.910112750560302, 19.068081636892604 ], [ 72.909870892369753, 19.069524437694611 ], [ 72.909866901844467, 19.069563824630478 ], [ 72.909507633230774, 19.069512774564519 ], [ 72.909250522255334, 19.070400743201251 ], [ 72.90848080408891, 19.0703993877644 ], [ 72.908245294944791, 19.070398972383735 ], [ 72.90767934807964, 19.07035235797316 ], [ 72.907597973890958, 19.070748427520197 ], [ 72.907419617689371, 19.071731427624922 ], [ 72.907358748622542, 19.071851397838024 ], [ 72.90734795315079, 19.071871946803626 ], [ 72.907302079772322, 19.071959265664145 ], [ 72.90706973843362, 19.071910071258202 ], [ 72.90694934509213, 19.071884579861266 ], [ 72.906721268506502, 19.071839152709885 ], [ 72.906674206637305, 19.071831033484738 ], [ 72.906375799477388, 19.071779551286557 ], [ 72.906342511932806, 19.071773808402554 ], [ 72.906196110272461, 19.071751667476093 ], [ 72.906081438757923, 19.07173432512889 ], [ 72.905954527458292, 19.071715131660717 ], [ 72.905898450837327, 19.071706650848654 ], [ 72.905676496078513, 19.071666008828114 ], [ 72.905512109457689, 19.071635907882829 ], [ 72.905354556780665, 19.071607058175605 ], [ 72.905215132641089, 19.071581527890594 ], [ 72.90476900945707, 19.072156554597438 ], [ 72.904680747272522, 19.072300283828987 ], [ 72.904656494369078, 19.072317406462926 ], [ 72.904448489755765, 19.072465654628161 ], [ 72.904161806233489, 19.07266997769435 ], [ 72.903913170806462, 19.072847182574449 ], [ 72.903743758976333, 19.072973012951348 ], [ 72.903562328294669, 19.073107769919037 ], [ 72.903217386758371, 19.073363972788322 ], [ 72.903173642946257, 19.073396463086326 ], [ 72.903005143217896, 19.073534085868889 ], [ 72.902948653977319, 19.073580223573654 ], [ 72.902932473038973, 19.073593439385206 ], [ 72.902899217947279, 19.073620600520712 ], [ 72.902899216377179, 19.0736206014784 ], [ 72.90285704956078, 19.07364367806505 ], [ 72.90277096414971, 19.073633826247583 ], [ 72.902680395800829, 19.073539516912135 ], [ 72.90226957330556, 19.072771037176533 ], [ 72.902225100855674, 19.072798239417963 ], [ 72.902214589963123, 19.072804668592475 ], [ 72.90193436170911, 19.072976074708095 ], [ 72.901869161889579, 19.072949201314273 ], [ 72.901834815173771, 19.075676811046282 ] ] ] } },
{ "type": "Feature", "properties": { "grid_id": "cell_0440", "ward_id": "P/N", "ward_gid": 21, "NDVI_prev": 0.49686742433651987, "LST_C": 30.082019732910229, "NDVI": 0.45863319865742785, "pop_density_km2": 10251.198112314174, "elderly_pct": 4.7571458734781551, "slum_pct": 0.0, "hospital_dist_m": 3351.1008133845035, "impervious_pct": 3.8075881630316624 }, "geometry": { "type": "Polygon", "coordinates": [ [ [ 72.785923241789448, 19.218836205136729 ], [ 72.78604419600471, 19.209805512082589 ], [ 72.780494822506256, 19.209738367880384 ], [ 72.780497319496632, 19.209797890552174 ], [ 72.780373762208384, 19.210233520765627 ], [ 72.780444016951833, 19.210580007322786 ], [ 72.780749790144938, 19.210919181269652 ], [ 72.781022921307823, 19.211298622459051 ], [ 72.78108329692671, 19.211583994728318 ], [ 72.781270972296838, 19.211952234806386 ], [ 72.781330666440766, 19.212288427515258 ], [ 72.781453874456062, 19.212676218205367 ], [ 72.781486032295106, 19.213469536144235 ], [ 72.781533118062967, 19.213947896613746 ], [ 72.78152575202688, 19.214496757870961 ], [ 72.781519477057458, 19.214964306298526 ], [ 72.781472586751974, 19.215268710785551 ], [ 72.781305273252471, 19.21577497150124 ], [ 72.781106132934326, 19.21626051491096 ], [ 72.78086050843558, 19.217019969801726 ], [ 72.78080387168562, 19.217253095611213 ], [ 72.780650255906039, 19.217535874960294 ], [ 72.780508567650315, 19.217727307033122 ], [ 72.780291845178425, 19.217927995254936 ], [ 72.780609625879109, 19.218139410528895 ], [ 72.780610629243469, 19.218140381899861 ], [ 72.78063163414059, 19.2181607211832 ], [ 72.780633897660067, 19.218162913360896 ], [ 72.780673233682776, 19.218201010003835 ], [ 72.780786278836146, 19.218292260360162 ], [ 72.780888500518671, 19.21837477369824 ], [ 72.781039264865584, 19.218469244790349 ], [ 72.781036607614396, 19.218504483053337 ], [ 72.781034663227587, 19.218530266993135 ], [ 72.781009878792048, 19.21857896960093 ], [ 72.780970270149837, 19.218568061186158 ], [ 72.780913575238031, 19.218573531425271 ], [ 72.780883293700001, 19.218616602710121 ], [ 72.780850359153789, 19.218698494437103 ], [ 72.780849000872649, 19.218701790962346 ], [ 72.780767748882894, 19.218666659525017 ], [ 72.780644706066127, 19.218772312988978 ], [ 72.785923241789448, 19.218836205136729 ] ] ] } },
{ "type": "Feature", "properties": { "grid_id": "cell_0441", "ward_id": "N", "ward_gid": 10, "NDVI_prev": 0.4573733546132161, "LST_C": 29.68091028040531, "NDVI": 0.5351267551719362, "pop_density_km2": 15455.694021581026, "elderly_pct": 4.7512059834375595, "slum_pct": 0.0, "hospital_dist_m": 2587.1971714188244, "impervious_pct": 0.0 }, "geometry": { "type": "Polygon", "coordinates": [ [ [ 72.949442224943141, 19.067179595486262 ], [ 72.949331089740468, 19.076211392539292 ], [ 72.953076945937468, 19.076253032365067 ], [ 72.953434776739769, 19.075407726168724 ], [ 72.953567621704934, 19.07507041398285 ], [ 72.953618178233043, 19.074955412785886 ], [ 72.953618452063267, 19.074943173334191 ], [ 72.953618611738932, 19.074935973959981 ], [ 72.953658460628361, 19.074822313603949 ], [ 72.953822962168175, 19.074353049107767 ], [ 72.953994063031956, 19.073855440541283 ], [ 72.954333558083476, 19.072873015895109 ], [ 72.954422945337654, 19.072692419967701 ], [ 72.954483672079292, 19.07256972308431 ], [ 72.95446160206599, 19.071757212274388 ], [ 72.95442500823377, 19.070770493132979 ], [ 72.954414760843122, 19.070368943160151 ], [ 72.954405551968748, 19.070008094104747 ], [ 72.954389785034692, 19.069556518315999 ], [ 72.954381006296728, 19.069294607673484 ], [ 72.954375685633963, 19.069135883882463 ], [ 72.954375711327472, 19.069131545589908 ], [ 72.954375711057139, 19.069131412800949 ], [ 72.9543757193792, 19.069130038061896 ], [ 72.955340047974076, 19.067405509878956 ], [ 72.955429196536983, 19.067246081421597 ], [ 72.949442224943141, 19.067179595486262 ] ] ] } },
{ "type": "Feature", "properties": { "grid_id": "cell_0442", "ward_id": "L", "ward_gid": 24, "NDVI_prev": 0.25053321325939282, "LST_C": 33.069626543094572, "NDVI": 0.30893288662668633, "pop_density_km2": 64652.723447357654, "elderly_pct": 4.7571458782160496, "slum_pct": 1.3570594669883851, "hospital_dist_m": 881.7702666074465, "impervious_pct": 38.86269411620129 }, "geometry": { "type": "Polygon", "coordinates": [ [ [ 72.901493316008143, 19.102771328919889 ], [ 72.901379354537823, 19.111802815878363 ], [ 72.904930520140084, 19.111843281862299 ], [ 72.90493428907385, 19.111841884027143 ], [ 72.906283462903232, 19.111353953837767 ], [ 72.906431851521162, 19.111221569092116 ], [ 72.906713797528269, 19.11095860865197 ], [ 72.906900542136185, 19.110540806611422 ], [ 72.907008409165073, 19.110303930428799 ], [ 72.907276408922584, 19.109906629683337 ], [ 72.907628281396967, 19.10939332879877 ], [ 72.90775424652098, 19.109114245997976 ], [ 72.908009995835144, 19.10813679935135 ], [ 72.907327503151649, 19.107608813498999 ], [ 72.906980826463624, 19.107321452436903 ], [ 72.906794567322805, 19.107168338114697 ], [ 72.906722035443508, 19.107071098782136 ], [ 72.906301187016368, 19.106399620088407 ], [ 72.906137087339303, 19.106172719875666 ], [ 72.905999295896407, 19.105982199501309 ], [ 72.905752432705441, 19.105637885690474 ], [ 72.905595388665873, 19.105417869794259 ], [ 72.905208586738098, 19.104876812234174 ], [ 72.90500772377564, 19.104595844057663 ], [ 72.904598435591396, 19.103276218675326 ], [ 72.904590509581936, 19.103270929858052 ], [ 72.903978921644281, 19.10286997164653 ], [ 72.903896593949355, 19.10279870963512 ], [ 72.901493316008143, 19.102771328919889 ] ] ] } },
{ "type": "Feature", "properties": { "grid_id": "cell_0443", "ward_id": "A", "ward_gid": 1, "NDVI_prev": 0.3433528250066093, "LST_C": 31.635504760809493, "NDVI": 0.32250592950746743, "pop_density_km2": 35520.011363826088, "elderly_pct": 5.5859844878866189, "slum_pct": 1.8386709248774762, "hospital_dist_m": 1148.5260788484825, "impervious_pct": 55.888988292037837 }, "geometry": { "type": "Polygon", "coordinates": [ [ [ 72.808976034156089, 18.912012217297907 ], [ 72.80909367223974, 18.902981084016027 ], [ 72.803671840199215, 18.902917046552737 ], [ 72.803653156193008, 18.903033884054096 ], [ 72.803647892799859, 18.903084564583839 ], [ 72.803647882927791, 18.903084666534333 ], [ 72.803634494463083, 18.90321360790545 ], [ 72.80362771031966, 18.903296595955222 ], [ 72.803627707761677, 18.903296646506959 ], [ 72.803620522642987, 18.903384541686069 ], [ 72.803578405032013, 18.90358191492227 ], [ 72.803574269237231, 18.9037482301765 ], [ 72.803574267203629, 18.903748313251441 ], [ 72.803574261515465, 18.903748530867372 ], [ 72.803574259293214, 18.903748628392076 ], [ 72.803574255832942, 18.903748820743353 ], [ 72.803574246360554, 18.903749182834517 ], [ 72.803574238096402, 18.90374952506847 ], [ 72.803574229213538, 18.903749842004103 ], [ 72.803573829165131, 18.903765945830152 ], [ 72.803546338944372, 18.904102857150956 ], [ 72.803550731241856, 18.904530027910106 ], [ 72.803545377356826, 18.904665840446707 ], [ 72.803544676097729, 18.904810408110123 ], [ 72.803543802007127, 18.904841447884237 ], [ 72.803543799537152, 18.904841564374212 ], [ 72.803543790264811, 18.904841911112438 ], [ 72.803543782454625, 18.904842145864993 ], [ 72.803543775440033, 18.904842392369204 ], [ 72.803543766061566, 18.904842747235428 ], [ 72.803543763980713, 18.904842833922796 ], [ 72.803543757095824, 18.904843070492774 ], [ 72.803543754301899, 18.904843139106713 ], [ 72.803539002313656, 18.905011930983768 ], [ 72.803538632391238, 18.905088380372511 ], [ 72.803538632036791, 18.905088552889001 ], [ 72.803538630480276, 18.905088672099556 ], [ 72.803538323048457, 18.90515212175411 ], [ 72.803542506721911, 18.905257268853667 ], [ 72.803548204402816, 18.905301410311512 ], [ 72.803559944136992, 18.905533254383329 ], [ 72.803559543376124, 18.905615989118843 ], [ 72.803559370176856, 18.905651277034398 ], [ 72.803559369509514, 18.9056515461949 ], [ 72.803602206897125, 18.906203504835759 ], [ 72.803704570115471, 18.90672055689803 ], [ 72.803794334632954, 18.90720967506568 ], [ 72.803824188583917, 18.907377797742903 ], [ 72.803987514938825, 18.908084545029514 ], [ 72.804096261857907, 18.908415390797135 ], [ 72.804181765859767, 18.908631246238297 ], [ 72.804214118024007, 18.908715057489932 ], [ 72.804214131797707, 18.908715092879547 ], [ 72.804247754554822, 18.90880219162711 ], [ 72.804329831970804, 18.909031561574196 ], [ 72.804329886912527, 18.909031714873102 ], [ 72.804337004198842, 18.909051606400986 ], [ 72.804431753936512, 18.909268879914183 ], [ 72.804487889512188, 18.90943971777169 ], [ 72.804530548293471, 18.909530318652244 ], [ 72.804540151294702, 18.909550711064188 ], [ 72.804540348772676, 18.909551141539684 ], [ 72.804603337944187, 18.909688295131893 ], [ 72.804603349012766, 18.90968831965052 ], [ 72.804620847608376, 18.909726421500064 ], [ 72.804846355110939, 18.91021155873657 ], [ 72.805456262679229, 18.911134145062494 ], [ 72.806039827916123, 18.911977541378274 ], [ 72.808976034156089, 18.912012217297907 ] ] ] } },
{ "type": "Feature", "properties": { "grid_id": "cell_0444", "ward_id": "M/E", "ward_gid": 16, "NDVI_prev": 0.35760807182115595, "LST_C": 34.797606520535773, "NDVI": 0.37070900184566408, "pop_density_km2": 77061.805749441322, "elderly_pct": 4.7571458724683433, "slum_pct": 1.5145384941149065, "hospital_dist_m": 1103.5833403119739, "impervious_pct": 41.464317970643485 }, "geometry": { "type": "Polygon", "coordinates": [ [ [ 72.902402697257756, 19.030519091499166 ], [ 72.902516081339328, 19.021487519161536 ], [ 72.897910416751344, 19.02143517373198 ], [ 72.897909925430397, 19.021464552964623 ], [ 72.897900163713416, 19.021764333900066 ], [ 72.897899171628282, 19.021794800831906 ], [ 72.897887192568717, 19.02213421037672 ], [ 72.897866929050693, 19.022650005797374 ], [ 72.897863777176326, 19.022730234065463 ], [ 72.897848733706113, 19.023123081490482 ], [ 72.897844248419858, 19.023240210175771 ], [ 72.897844248371428, 19.023240211006243 ], [ 72.897833000355988, 19.02344522591217 ], [ 72.89783224248292, 19.023461555276345 ], [ 72.897820874225189, 19.023706505560074 ], [ 72.897814826282655, 19.023836819611212 ], [ 72.897813647852061, 19.023862211353826 ], [ 72.897789376361857, 19.024385142540247 ], [ 72.89776878996507, 19.024828672667994 ], [ 72.897745331742996, 19.02533406959796 ], [ 72.897740577323091, 19.02543650121066 ], [ 72.897739170790189, 19.025622010748652 ], [ 72.897737060428142, 19.025645290008942 ], [ 72.897736995918976, 19.025821819554672 ], [ 72.897744095198561, 19.025992187131756 ], [ 72.897747413099452, 19.02623226078968 ], [ 72.89774231681703, 19.026333416605073 ], [ 72.897730411888986, 19.026569716797844 ], [ 72.897729371454005, 19.026594047658946 ], [ 72.897720209671789, 19.026798580512875 ], [ 72.897710644516209, 19.027012117615484 ], [ 72.897703569943246, 19.027108085202958 ], [ 72.897696378919619, 19.02725223969761 ], [ 72.897691355598695, 19.027331073115988 ], [ 72.897683142043306, 19.027459973199289 ], [ 72.897682566880235, 19.027465200784125 ], [ 72.89767943563146, 19.027491735847104 ], [ 72.897626401200952, 19.027751100652907 ], [ 72.897615989366301, 19.027802019577855 ], [ 72.897613699667161, 19.027818580403469 ], [ 72.897611542762959, 19.027856081577305 ], [ 72.897609894359675, 19.027871530497887 ], [ 72.897606684411741, 19.027911369089271 ], [ 72.897605638273745, 19.027938467829454 ], [ 72.897584908872929, 19.027988537104637 ], [ 72.897560698308524, 19.028057836389667 ], [ 72.897509224166569, 19.028205173529816 ], [ 72.897430189216891, 19.028425222017397 ], [ 72.897412634695186, 19.028474097060037 ], [ 72.897347669123135, 19.028683240649279 ], [ 72.897156063848897, 19.029038005544248 ], [ 72.896961301257022, 19.029395702178366 ], [ 72.896917457385939, 19.029487679170234 ], [ 72.896926503865629, 19.029784168029739 ], [ 72.896923186210486, 19.02984412324432 ], [ 72.896920429838445, 19.029903643578088 ], [ 72.896916719214346, 19.030004095182775 ], [ 72.896912575937108, 19.030088867621064 ], [ 72.896908976150783, 19.030140870548017 ], [ 72.896903943424789, 19.030213574568293 ], [ 72.896898225258198, 19.030296344194749 ], [ 72.896891903395542, 19.03038771671407 ], [ 72.896887136083961, 19.0304563625028 ], [ 72.902402697257756, 19.030519091499166 ] ] ] } },
{ "type": "Feature", "properties": { "grid_id": "cell_0445", "ward_id": "H/E", "ward_gid": 18, "NDVI_prev": 0.16893847490528779, "LST_C": 38.577527682187693, "NDVI": 0.17383610367286784, "pop_density_km2": 85394.573393648505, "elderly_pct": 4.7571458740216288, "slum_pct": 7.8329433054750677, "hospital_dist_m": 786.68896482350544, "impervious_pct": 79.817069990612296 }, "geometry": { "type": "Polygon", "coordinates": [ [ [ 72.859941377050106, 19.093260361768962 ], [ 72.860206288223566, 19.093120539209036 ], [ 72.86033929978953, 19.093048158877906 ], [ 72.860144866753458, 19.092736518071863 ], [ 72.859517013157088, 19.091690760623472 ], [ 72.858372170579017, 19.089835265620923 ], [ 72.857698138501178, 19.088742991445876 ], [ 72.858079901787008, 19.088639644602253 ], [ 72.85863876384991, 19.088438748024803 ], [ 72.858890663885617, 19.08835871848256 ], [ 72.858956098637492, 19.088359479072594 ], [ 72.859184187038196, 19.08843471816423 ], [ 72.859175147755309, 19.088289436995758 ], [ 72.859155336017039, 19.088133660903832 ], [ 72.859158135745531, 19.087915930427229 ], [ 72.859258020706875, 19.087782284875516 ], [ 72.859379450390321, 19.087669629070191 ], [ 72.859664998000696, 19.087517401258591 ], [ 72.859754109855672, 19.08737326047634 ], [ 72.859761805375868, 19.087137790954905 ], [ 72.859762555983238, 19.08707939784734 ], [ 72.859764671334133, 19.08691483408499 ], [ 72.859738800633451, 19.086755254321378 ], [ 72.859706935768742, 19.086627460981965 ], [ 72.859636326062187, 19.08647267171494 ], [ 72.859516350519655, 19.086248287551481 ], [ 72.859451735352309, 19.086061710666627 ], [ 72.859426273235115, 19.085870280720791 ], [ 72.859422873492178, 19.085700343736338 ], [ 72.859436019568051, 19.085546526458618 ], [ 72.859478380932984, 19.08529217243062 ], [ 72.859480974009855, 19.085090450151259 ], [ 72.859471212858608, 19.08498814480545 ], [ 72.859438488449214, 19.08492005901531 ], [ 72.859379047769636, 19.084765398324809 ], [ 72.859298500390551, 19.084514925322047 ], [ 72.85927848670768, 19.084334176975901 ], [ 72.859285171902272, 19.084220127579837 ], [ 72.854223805458147, 19.084161247304518 ], [ 72.854125398347819, 19.091796447805766 ], [ 72.854181903496922, 19.091824238641944 ], [ 72.854278321018839, 19.091873189515201 ], [ 72.854385829579897, 19.091918580648514 ], [ 72.854541713666009, 19.092034196355453 ], [ 72.854693871000492, 19.092142782736364 ], [ 72.854784617853767, 19.092200488537095 ], [ 72.854922211487292, 19.092283097213556 ], [ 72.855087248120881, 19.092360867810577 ], [ 72.855207222448428, 19.09240318989665 ], [ 72.855297181572965, 19.092428999462285 ], [ 72.855392108704478, 19.092447671480262 ], [ 72.855492027055632, 19.092466326600409 ], [ 72.855624405506703, 19.092487252856806 ], [ 72.855729326339443, 19.092508264893087 ], [ 72.855816779274051, 19.092531709208732 ], [ 72.855916758326345, 19.092566977549875 ], [ 72.855994245742494, 19.092595198718836 ], [ 72.856064252397431, 19.092625818539645 ], [ 72.856111792496108, 19.092656514619915 ], [ 72.856156838466205, 19.09268721688251 ], [ 72.85619939483955, 19.092720302759517 ], [ 72.856337180971821, 19.092855117469814 ], [ 72.856452372906773, 19.092954411296912 ], [ 72.856710403593283, 19.093205113407873 ], [ 72.856729183928891, 19.093223006043555 ], [ 72.859941377050106, 19.093260361768962 ] ] ] } },
{ "type": "Feature", "properties": { "grid_id": "cell_0446", "ward_id": "K/W", "ward_gid": 14, "NDVI_prev": 0.23279728916026191, "LST_C": 34.296694470118702, "NDVI": 0.2701130379722797, "pop_density_km2": 69736.186639617066, "elderly_pct": 4.7571458713726731, "slum_pct": 2.2029188043249999, "hospital_dist_m": 372.75950519276853, "impervious_pct": 79.31781408215457 }, "geometry": { "type": "Polygon", "coordinates": [ [ [ 72.844022047241538, 19.138237248378804 ], [ 72.843904731953685, 19.147268362269504 ], [ 72.845968417356445, 19.147292569660991 ], [ 72.846076578303922, 19.147222374409477 ], [ 72.846093621671685, 19.147206290872692 ], [ 72.846293572346354, 19.147067755737503 ], [ 72.846125158757346, 19.146842324654116 ], [ 72.846074434256863, 19.146774425305036 ], [ 72.84602370856507, 19.146706527087265 ], [ 72.845931308744085, 19.146582842159376 ], [ 72.846076948043191, 19.146503543779719 ], [ 72.846315785313806, 19.146372137884736 ], [ 72.846459904407396, 19.146208552357859 ], [ 72.846459935273387, 19.146208517492894 ], [ 72.846459986388226, 19.146208460284026 ], [ 72.846460057836325, 19.146208377155382 ], [ 72.84653532092625, 19.146120776017774 ], [ 72.84667342889496, 19.146126546047814 ], [ 72.84676611994972, 19.146155026142285 ], [ 72.846819102115262, 19.146179058404794 ], [ 72.846921469444226, 19.146225488305131 ], [ 72.846978611902372, 19.146251406489789 ], [ 72.846993277255024, 19.146258560469136 ], [ 72.847014834224737, 19.146269076713658 ], [ 72.847051057493928, 19.146286747845348 ], [ 72.847056952718631, 19.146289624227922 ], [ 72.847158861179082, 19.146298395740491 ], [ 72.847167716817737, 19.146299159782664 ], [ 72.847376852630148, 19.146264003387138 ], [ 72.84745783818795, 19.146239826508975 ], [ 72.847464325223328, 19.146237890971726 ], [ 72.847467327852485, 19.14623699309243 ], [ 72.847472716700153, 19.146235385214066 ], [ 72.847558112091747, 19.146189600911743 ], [ 72.84774110264074, 19.146091489226585 ], [ 72.847963476291241, 19.145825130386235 ], [ 72.848011817002373, 19.145776436009147 ], [ 72.848171844236049, 19.145568487838894 ], [ 72.848193457330254, 19.145537734170023 ], [ 72.84826969314166, 19.145429265898631 ], [ 72.848299090737214, 19.145386883698549 ], [ 72.848301279344653, 19.145381475371948 ], [ 72.848317940564655, 19.145273398711069 ], [ 72.84831794991338, 19.14527333739948 ], [ 72.848340071165325, 19.145203165466615 ], [ 72.848367992243126, 19.145072987602617 ], [ 72.848388940887901, 19.144975317338087 ], [ 72.848436052891088, 19.144801442230396 ], [ 72.848459506311727, 19.144699028067556 ], [ 72.848473781630631, 19.144641399808183 ], [ 72.84839346890206, 19.144479304039017 ], [ 72.84838006595993, 19.144246494029243 ], [ 72.848375197348346, 19.144161942405404 ], [ 72.848357481084406, 19.14384192267844 ], [ 72.848753653334143, 19.143750015523032 ], [ 72.848805624762818, 19.143738710090375 ], [ 72.848835903705009, 19.143732123085737 ], [ 72.849053441972075, 19.143676174238454 ], [ 72.849053595503165, 19.143676134486103 ], [ 72.84905381577525, 19.143676078353252 ], [ 72.849053945456092, 19.143676045547721 ], [ 72.849054191502361, 19.143675980684051 ], [ 72.849203923756249, 19.143626844185885 ], [ 72.849246883418203, 19.143618455129136 ], [ 72.849417179225952, 19.143585200130218 ], [ 72.849976502890541, 19.143557467730862 ], [ 72.849968924318432, 19.1435093554704 ], [ 72.849890675536898, 19.143012594220274 ], [ 72.849837838173812, 19.142677156100831 ], [ 72.849635103802996, 19.141323064774966 ], [ 72.849500321503442, 19.140479151698848 ], [ 72.849347128093143, 19.139204438132115 ], [ 72.849334119987532, 19.139096658755591 ], [ 72.849323977989656, 19.138973464167449 ], [ 72.849314525995212, 19.138863496274475 ], [ 72.849246001116612, 19.13829845360258 ], [ 72.844022047241538, 19.138237248378804 ] ] ] } },
{ "type": "Feature", "properties": { "grid_id": "cell_0447", "ward_id": "R/C", "ward_gid": 11, "NDVI_prev": 0.5133045942927581, "LST_C": 31.436575184699631, "NDVI": 0.45679035746188362, "pop_density_km2": 11543.807251957896, "elderly_pct": 4.7571458707054806, "slum_pct": 0.0, "hospital_dist_m": 4418.3242422549793, "impervious_pct": 13.187784360577401 }, "geometry": { "type": "Polygon", "coordinates": [ [ [ 72.785559971564098, 19.245928226532705 ], [ 72.78568112958618, 19.236897562365758 ], [ 72.779119577101696, 19.23681804574144 ], [ 72.779110653757328, 19.236856504517903 ], [ 72.779082253087935, 19.236978919655922 ], [ 72.779339393509133, 19.237831102775729 ], [ 72.779411838892813, 19.238014964851729 ], [ 72.779474950676999, 19.238097056449341 ], [ 72.7796447983728, 19.238200774679651 ], [ 72.779932630047327, 19.238285592837386 ], [ 72.780013869542572, 19.238298913992914 ], [ 72.780271370031699, 19.238564176832629 ], [ 72.780468948496107, 19.238993533785493 ], [ 72.780720579605173, 19.239382883374471 ], [ 72.780824720233866, 19.239597626626935 ], [ 72.78092872446841, 19.239822533896703 ], [ 72.780990334636044, 19.240016429843582 ], [ 72.781155539844775, 19.240465725141213 ], [ 72.781194791804154, 19.240730509923733 ], [ 72.781181084776364, 19.24095398960667 ], [ 72.78117712234841, 19.241248747475009 ], [ 72.781142422772348, 19.241441475340427 ], [ 72.781043379482853, 19.241643588551675 ], [ 72.780953670504161, 19.241947472069022 ], [ 72.780918287173677, 19.242191020167738 ], [ 72.780915143974056, 19.242424793600712 ], [ 72.781005715262523, 19.242852852393057 ], [ 72.781008885041089, 19.243047315581343 ], [ 72.781072448964608, 19.243319990026894 ], [ 72.781112339020126, 19.243485237560304 ], [ 72.78115222722451, 19.24365048597026 ], [ 72.781188067932945, 19.243797509071673 ], [ 72.781236013171409, 19.243992572634912 ], [ 72.781299319215037, 19.244266222091994 ], [ 72.781327403394926, 19.244386634643799 ], [ 72.781443601918198, 19.244581909078683 ], [ 72.78155270567953, 19.244765152456107 ], [ 72.781717291012825, 19.24507350034844 ], [ 72.781761544954733, 19.245148976404067 ], [ 72.78193582726739, 19.245698480748008 ], [ 72.781940500188384, 19.245709384070974 ], [ 72.781945174987271, 19.245720289223044 ], [ 72.781993273540678, 19.245885012971403 ], [ 72.785559971564098, 19.245928226532705 ] ] ] } },
{ "type": "Feature", "properties": { "grid_id": "cell_0448", "ward_id": "T", "ward_gid": 13, "NDVI_prev": 0.61729986231139666, "LST_C": 28.963621187563049, "NDVI": 0.63293016612566677, "pop_density_km2": 7796.4025260128901, "elderly_pct": 4.7571458713475261, "slum_pct": 0.0, "hospital_dist_m": 2727.2016448579916, "impervious_pct": 0.0 }, "geometry": { "type": "Polygon", "coordinates": [ [ [ 72.928755453318402, 19.202441675268858 ], [ 72.928642339102126, 19.211473221712243 ], [ 72.929067713072513, 19.211478030521963 ], [ 72.930039991074111, 19.211347908399699 ], [ 72.930984766370386, 19.211228233907374 ], [ 72.931629346766513, 19.209883063645716 ], [ 72.932626032594783, 19.207802067113708 ], [ 72.932963060338949, 19.207109229301533 ], [ 72.934287436564929, 19.206261024430599 ], [ 72.935509502900103, 19.205499311081805 ], [ 72.935508809305304, 19.204698899984773 ], [ 72.935525608416796, 19.202634438824816 ], [ 72.935528285073886, 19.202518089616742 ], [ 72.928755453318402, 19.202441675268858 ] ] ] } },
{ "type": "Feature", "properties": { "grid_id": "cell_0449", "ward_id": "L", "ward_gid": 24, "NDVI_prev": 0.25648694718617959, "LST_C": 34.522442993566251, "NDVI": 0.29987869116754984, "pop_density_km2": 76111.097940816457, "elderly_pct": 4.7847055003192844, "slum_pct": 12.835044708182252, "hospital_dist_m": 340.14886198197058, "impervious_pct": 67.474778498127165 }, "geometry": { "type": "Polygon", "coordinates": [ [ [ 72.873568245527608, 19.057287469857929 ], [ 72.873662343965123, 19.049905408184202 ], [ 72.873481328105825, 19.049942293207923 ], [ 72.873453274631615, 19.049948009919291 ], [ 72.87339529801153, 19.049959824060728 ], [ 72.873073981308508, 19.049985167180392 ], [ 72.873067854774376, 19.04998565026391 ], [ 72.872684267505704, 19.050001975924872 ], [ 72.87255140338705, 19.050007629896928 ], [ 72.872240957782324, 19.050000061230577 ], [ 72.872047461950828, 19.049966802449102 ], [ 72.871992498472352, 19.049946896615626 ], [ 72.871896415602762, 19.050076318051353 ], [ 72.871843000405136, 19.050147939213229 ], [ 72.871836726136721, 19.050156352163466 ], [ 72.87175789929853, 19.050262047806985 ], [ 72.871712450220713, 19.05032848896025 ], [ 72.871712444278771, 19.050328499044461 ], [ 72.871630801647484, 19.050447854840577 ], [ 72.871430149892092, 19.050738933821446 ], [ 72.871351802427768, 19.050876645848099 ], [ 72.871271563984962, 19.050929378817379 ], [ 72.871220519707407, 19.050996545944788 ], [ 72.87109009653831, 19.051080909631558 ], [ 72.871080997761737, 19.05108835406315 ], [ 72.871033353314729, 19.051127335933586 ], [ 72.870914948522255, 19.051193048094216 ], [ 72.870447051903867, 19.051310356481782 ], [ 72.870295153299224, 19.051340540481828 ], [ 72.8702732392087, 19.05133830351679 ], [ 72.870101331361425, 19.051320754554954 ], [ 72.870000821556559, 19.051311092829387 ], [ 72.869915437973319, 19.051302884421055 ], [ 72.869762264387063, 19.051299795620476 ], [ 72.869592509680544, 19.051306016756818 ], [ 72.869569623277712, 19.051306855493337 ], [ 72.869439003531738, 19.051314175828786 ], [ 72.869306906692444, 19.051321577288419 ], [ 72.869173509241548, 19.051371599061049 ], [ 72.869140128419929, 19.051384115397479 ], [ 72.869106919831779, 19.051396568970294 ], [ 72.868961843816663, 19.051385012636189 ], [ 72.86888966872263, 19.051412551734174 ], [ 72.868869540025358, 19.051647569045265 ], [ 72.868587396514826, 19.051644920322911 ], [ 72.868404627072451, 19.051853594895547 ], [ 72.868287707341963, 19.052071869110815 ], [ 72.868173877285386, 19.052213415308469 ], [ 72.867995771454801, 19.05236628112247 ], [ 72.867871562935719, 19.052408932149678 ], [ 72.867831726649129, 19.05242830840259 ], [ 72.867740635949659, 19.052474091469524 ], [ 72.867721680792314, 19.052483872222119 ], [ 72.867689753947658, 19.052501230976546 ], [ 72.867689653566742, 19.052501284156968 ], [ 72.867683588544509, 19.052504730011286 ], [ 72.867645053698993, 19.052524447304883 ], [ 72.867620519511831, 19.052536559174751 ], [ 72.867620381208127, 19.052536630415744 ], [ 72.86752565758519, 19.052584965850084 ], [ 72.867430782348535, 19.052450512369646 ], [ 72.867430781325112, 19.052450512177156 ], [ 72.867376742340142, 19.052373930607175 ], [ 72.866988661456318, 19.052373250182089 ], [ 72.866608232468124, 19.052372582594725 ], [ 72.866367399351645, 19.052371728339789 ], [ 72.866201830589674, 19.052371140880652 ], [ 72.865857021795776, 19.052369915911036 ], [ 72.864132320116411, 19.052342325855875 ], [ 72.864126416987432, 19.052803396837096 ], [ 72.865168869769292, 19.053666533834775 ], [ 72.865731173040629, 19.054128033375218 ], [ 72.86651396256174, 19.054766593596863 ], [ 72.868596845792183, 19.056479914342869 ], [ 72.868793281780086, 19.056677576199764 ], [ 72.869042617529303, 19.056928469794599 ], [ 72.869043472976585, 19.056929321522937 ], [ 72.869193467897617, 19.057078605825346 ], [ 72.869354468607796, 19.057238844658425 ], [ 72.873568245527608, 19.057287469857929 ] ] ] } },
{ "type": "Feature", "properties": { "grid_id": "cell_0450", "ward_id": "E", "ward_gid": 5, "NDVI_prev": 0.18709502491065569, "LST_C": 35.033105072822821, "NDVI": 0.19876092798195544, "pop_density_km2": 56426.085878462261, "elderly_pct": 5.5859844804439147, "slum_pct": 0.84075681994144036, "hospital_dist_m": 201.95611223467799, "impervious_pct": 91.781973187031909 }, "geometry": { "type": "Polygon", "coordinates": [ [ [ 72.827253524792795, 18.96642251718767 ], [ 72.836745985311694, 18.966533638366183 ], [ 72.836797878974082, 18.962511683193338 ], [ 72.836668186005184, 18.96250627770533 ], [ 72.836563205175793, 18.962503593747005 ], [ 72.836532851895271, 18.962507128673259 ], [ 72.836402482291007, 18.962514435324152 ], [ 72.836305489089696, 18.962521639475128 ], [ 72.836229158865066, 18.962530686427648 ], [ 72.83611203983466, 18.962541505977221 ], [ 72.836047337158675, 18.962547267134884 ], [ 72.83600807199953, 18.962550297717225 ], [ 72.835984290364649, 18.962552204872679 ], [ 72.835960201033004, 18.962553678478315 ], [ 72.835918747699424, 18.962552874428486 ], [ 72.83583480062606, 18.962552950468346 ], [ 72.835748201014553, 18.962554277204308 ], [ 72.835679410023189, 18.962554915044628 ], [ 72.835590251090238, 18.962554095463787 ], [ 72.835542864135078, 18.962551531996734 ], [ 72.835451987461539, 18.962544340552263 ], [ 72.835352100147787, 18.962533633958113 ], [ 72.835261580598683, 18.962522166948862 ], [ 72.835215731740234, 18.962514963262258 ], [ 72.835177519550129, 18.962502322669827 ], [ 72.835124064284798, 18.962483947968273 ], [ 72.835086332562156, 18.962467919425833 ], [ 72.835023326342665, 18.962438099867718 ], [ 72.834963790874454, 18.962406087094784 ], [ 72.834896065518066, 18.962370817168004 ], [ 72.834875980013436, 18.962360355690034 ], [ 72.834833527318111, 18.962332993816332 ], [ 72.834744055559156, 18.962284656908391 ], [ 72.834705692658403, 18.962261933181491 ], [ 72.834613235695755, 18.962219440639036 ], [ 72.834537320308144, 18.962188287655991 ], [ 72.83446331201327, 18.962159871234775 ], [ 72.834397898753153, 18.962138554630215 ], [ 72.834384233664821, 18.962132740465304 ], [ 72.834366444820205, 18.962129697161274 ], [ 72.834352546932578, 18.962128015395159 ], [ 72.834191453159931, 18.962125339776396 ], [ 72.833934222375504, 18.962125637047198 ], [ 72.833692279491061, 18.962125916742735 ], [ 72.833452191017614, 18.962121032199757 ], [ 72.833303273169776, 18.962112095015382 ], [ 72.833191465029202, 18.962100224458005 ], [ 72.833069133581759, 18.96208582625556 ], [ 72.832991674775741, 18.96207429959296 ], [ 72.832836217472902, 18.962043718421899 ], [ 72.832618447178845, 18.961997829439934 ], [ 72.832588873754247, 18.961993110735726 ], [ 72.832402028473496, 18.961947862458985 ], [ 72.832286204962131, 18.961917983083335 ], [ 72.832194566275447, 18.961895100591992 ], [ 72.832114812054854, 18.961878583305928 ], [ 72.831989691609948, 18.961872856473573 ], [ 72.831950894219759, 18.961869532736355 ], [ 72.831826043661593, 18.961866944163273 ], [ 72.831705422008682, 18.961862340158671 ], [ 72.83153168772111, 18.96185410557403 ], [ 72.8315243934845, 18.961853760046488 ], [ 72.831333234018601, 18.961846526236471 ], [ 72.831292926998756, 18.961844948354816 ], [ 72.831097139685824, 18.961837283859957 ], [ 72.83094759521714, 18.961829347316357 ], [ 72.830652903684481, 18.961815391499286 ], [ 72.830625773711603, 18.96181480731456 ], [ 72.830485082890448, 18.961808572853815 ], [ 72.830351072162173, 18.961800769890154 ], [ 72.830289934651006, 18.961797211241546 ], [ 72.830210188805836, 18.961793717325289 ], [ 72.830199644523958, 18.961793255093173 ], [ 72.830120581120241, 18.961788892972447 ], [ 72.830043751894507, 18.96178465273556 ], [ 72.829993320484647, 18.96178284526853 ], [ 72.829915370329346, 18.961780052415037 ], [ 72.829828136693877, 18.961773199919772 ], [ 72.829821824156909, 18.961772704143701 ], [ 72.829653941192177, 18.961763438904061 ], [ 72.82962627380941, 18.961761982053261 ], [ 72.829528379674016, 18.961756828189849 ], [ 72.829386819238692, 18.961748846651069 ], [ 72.829312046658757, 18.96174487951188 ], [ 72.829108892770222, 18.961735641253153 ], [ 72.828986438457278, 18.961727647572094 ], [ 72.828820670449147, 18.961720391730069 ], [ 72.828468860435223, 18.961711488718056 ], [ 72.828010932542909, 18.961699900110691 ], [ 72.827920530039052, 18.961696500728859 ], [ 72.827920527192333, 18.961696500623219 ], [ 72.827920524345629, 18.961696500517572 ], [ 72.827315063894247, 18.961673723155638 ], [ 72.827253524792795, 18.96642251718767 ] ] ] } },
{ "type": "Feature", "properties": { "grid_id": "cell_0451", "ward_id": "T", "ward_gid": 13, "NDVI_prev": 0.42119057474378746, "LST_C": 31.875802467611958, "NDVI": 0.43565988124787025, "pop_density_km2": 11417.563937332056, "elderly_pct": 4.7571458671844269, "slum_pct": 2.942386888030474, "hospital_dist_m": 2267.1167277182963, "impervious_pct": 2.9057879289479907 }, "geometry": { "type": "Polygon", "coordinates": [ [ [ 72.90092286615392, 19.147928668610298 ], [ 72.901018574772948, 19.140361173212089 ], [ 72.900855197288962, 19.140078353070706 ], [ 72.900627026826626, 19.139707234774715 ], [ 72.900199436160349, 19.13981088749323 ], [ 72.899784685153136, 19.139349831821946 ], [ 72.89955828545331, 19.139894635526954 ], [ 72.899473567771878, 19.140159914801885 ], [ 72.899324694386891, 19.140404126170321 ], [ 72.899288992749135, 19.140465579764001 ], [ 72.899259624802809, 19.140516131861691 ], [ 72.899203572386071, 19.140612614847811 ], [ 72.899156049638847, 19.140691770243901 ], [ 72.899141690411824, 19.140715827408968 ], [ 72.899129467589617, 19.14073816748137 ], [ 72.899118390513152, 19.140755511992047 ], [ 72.8990630379744, 19.140841589066142 ], [ 72.899054495945535, 19.140852301804756 ], [ 72.899034086312255, 19.140876885950952 ], [ 72.899009597324778, 19.140894573925848 ], [ 72.898970561829401, 19.140918973126734 ], [ 72.898926046570395, 19.14094679811577 ], [ 72.898649678380778, 19.141039440432394 ], [ 72.898634406866037, 19.141044560806382 ], [ 72.89723899878561, 19.141523110559493 ], [ 72.896982810575992, 19.141616542941478 ], [ 72.896790232101921, 19.141694658106989 ], [ 72.896641467751962, 19.141766409664225 ], [ 72.896367736770799, 19.14188782878675 ], [ 72.896222291811412, 19.141962812848462 ], [ 72.896090447574139, 19.142025176599361 ], [ 72.896007046263762, 19.142093392588734 ], [ 72.895879666415169, 19.142217576716192 ], [ 72.895701409873922, 19.142393435205477 ], [ 72.895637996036044, 19.14246072187845 ], [ 72.895501071272122, 19.142577423873568 ], [ 72.895400577848193, 19.142633653373348 ], [ 72.895194009305172, 19.142622270077826 ], [ 72.894630381823816, 19.142611505711258 ], [ 72.894485644774718, 19.142610500456883 ], [ 72.894423148258099, 19.142090344898701 ], [ 72.894139906977941, 19.142004436349339 ], [ 72.894223404556655, 19.142760626123724 ], [ 72.894415951464282, 19.14315874270704 ], [ 72.894741438432973, 19.143816152263653 ], [ 72.894913498532858, 19.144167256680714 ], [ 72.895005169378507, 19.144340988301902 ], [ 72.895284081778229, 19.144903645799513 ], [ 72.895337695582555, 19.145205443682197 ], [ 72.895308106086958, 19.145274911965952 ], [ 72.895249600388766, 19.145412265308234 ], [ 72.89519981391561, 19.14555219274903 ], [ 72.895165203111532, 19.145755114379092 ], [ 72.895164214706725, 19.145760912904919 ], [ 72.895156015246698, 19.145817679182596 ], [ 72.89515051935858, 19.145956808634054 ], [ 72.895126407089535, 19.146497844938292 ], [ 72.895021192377044, 19.146830520540153 ], [ 72.894989776515771, 19.147295086642231 ], [ 72.894654467389856, 19.147856942202274 ], [ 72.90092286615392, 19.147928668610298 ] ] ] } },
{ "type": "Feature", "properties": { "grid_id": "cell_0452", "ward_id": "K/E", "ward_gid": 19, "NDVI_prev": 0.39023383820575774, "LST_C": 32.856138541692935, "NDVI": 0.38487208942352508, "pop_density_km2": 67044.601965368478, "elderly_pct": 4.7571458624213294, "slum_pct": 2.7247690971043919, "hospital_dist_m": 611.7811194301039, "impervious_pct": 31.129331422308397 }, "geometry": { "type": "Polygon", "coordinates": [ [ [ 72.882262119046061, 19.12061648611963 ], [ 72.882146997926014, 19.129647843407458 ], [ 72.886605630253626, 19.12969914599541 ], [ 72.886535911962156, 19.12960724533918 ], [ 72.886395007015551, 19.12942852119825 ], [ 72.886266583585055, 19.129429372188355 ], [ 72.886199029535987, 19.129429817739016 ], [ 72.88619742997318, 19.129430383620971 ], [ 72.886146075652135, 19.129446898194772 ], [ 72.886105727075517, 19.129460824092149 ], [ 72.886100939540995, 19.129461931920087 ], [ 72.886058303057141, 19.129472285410252 ], [ 72.886006610144392, 19.12948374156953 ], [ 72.885939678248434, 19.129497433832764 ], [ 72.885883781710902, 19.129507235574227 ], [ 72.885822803932527, 19.129517781047696 ], [ 72.885728824321589, 19.129531966278435 ], [ 72.885652647479475, 19.12954153600926 ], [ 72.885581572008192, 19.129548753040087 ], [ 72.885476679918213, 19.12955719051789 ], [ 72.885398875656961, 19.129561922302415 ], [ 72.885320256414232, 19.129564235624837 ], [ 72.885239124314111, 19.12956491204762 ], [ 72.885173199210925, 19.129565763706658 ], [ 72.885111530198898, 19.129564255060892 ], [ 72.885050726924462, 19.129561148605777 ], [ 72.884995836246503, 19.129558111154569 ], [ 72.884948551986255, 19.129555160498747 ], [ 72.884881009410279, 19.129550369729262 ], [ 72.884823625068947, 19.129544090793484 ], [ 72.884771565430611, 19.129537893582416 ], [ 72.88487468273955, 19.129132806551741 ], [ 72.884893312756148, 19.129082418886881 ], [ 72.884910286740222, 19.128957222850929 ], [ 72.884926769831338, 19.128835647102576 ], [ 72.884945757410392, 19.128766526592116 ], [ 72.88489398568538, 19.128680145201582 ], [ 72.884765457618371, 19.128473803652881 ], [ 72.884729338835399, 19.128415817749101 ], [ 72.884743760804767, 19.128336944855235 ], [ 72.88477848214751, 19.128307036051829 ], [ 72.88488838580578, 19.128212365399477 ], [ 72.884912308665292, 19.128180907571981 ], [ 72.88495281011906, 19.128127649368565 ], [ 72.884964877926876, 19.128108290783803 ], [ 72.885023734765298, 19.128013875254389 ], [ 72.885029285497808, 19.128000308005369 ], [ 72.885080678763643, 19.127874691467472 ], [ 72.885124474033617, 19.127805275910674 ], [ 72.885157584017563, 19.127772639075221 ], [ 72.8852504633238, 19.127699903576286 ], [ 72.885475361837251, 19.127529633694376 ], [ 72.885584437221056, 19.127468737469798 ], [ 72.885751712723788, 19.127429233454166 ], [ 72.886337032840302, 19.127210975224827 ], [ 72.886480044000152, 19.127123732453605 ], [ 72.886510856989219, 19.127029229547212 ], [ 72.886669142944584, 19.126599035497293 ], [ 72.886688068651537, 19.1265475984397 ], [ 72.886660960018887, 19.125914460308937 ], [ 72.886743189563745, 19.125563575297331 ], [ 72.886841817972254, 19.125109499883365 ], [ 72.887055327440905, 19.124574187518036 ], [ 72.887071083177261, 19.124462975510074 ], [ 72.887074334242982, 19.124450424918695 ], [ 72.887176078214864, 19.124168882396251 ], [ 72.887299336030154, 19.123884488956612 ], [ 72.887403526213589, 19.123637805502803 ], [ 72.887433312688003, 19.12356927350341 ], [ 72.887450628460613, 19.12352370240356 ], [ 72.887453867689274, 19.123509256204716 ], [ 72.887459122871391, 19.123461886176607 ], [ 72.887461157383655, 19.123442577273138 ], [ 72.887502553315173, 19.123049700068577 ], [ 72.887529583151561, 19.122793159332716 ], [ 72.887693974162161, 19.122557852151168 ], [ 72.887782537792759, 19.122446406692479 ], [ 72.8880278758608, 19.122315862787037 ], [ 72.888061018486454, 19.122256687138588 ], [ 72.888451375720237, 19.12200482993801 ], [ 72.888580055953327, 19.12192180547796 ], [ 72.888588204517447, 19.121916548219716 ], [ 72.888573203078408, 19.12181647913139 ], [ 72.888548167821924, 19.121649490198116 ], [ 72.888544755585229, 19.121626733206522 ], [ 72.888524428915943, 19.12149115066164 ], [ 72.888380363798774, 19.121436645982705 ], [ 72.887863488421104, 19.121240137472778 ], [ 72.887299601901731, 19.1210990360652 ], [ 72.887270575833767, 19.121093928880004 ], [ 72.886887662068162, 19.120855773079086 ], [ 72.886800900100539, 19.120801810652786 ], [ 72.886632997982787, 19.120668222025373 ], [ 72.886632232086868, 19.120666748416049 ], [ 72.882262119046061, 19.12061648611963 ] ] ] } },
{ "type": "Feature", "properties": { "grid_id": "cell_0453", "ward_id": "M/E", "ward_gid": 16, "NDVI_prev": 0.38379923389659953, "LST_C": 30.835032720928432, "NDVI": 0.47743688893548919, "pop_density_km2": 33436.904523618134, "elderly_pct": 4.7571458698238898, "slum_pct": 0.0, "hospital_dist_m": 2445.5153489866375, "impervious_pct": 2.8022124952498908 }, "geometry": { "type": "Polygon", "coordinates": [ [ [ 72.959051714075287, 19.05825313145132 ], [ 72.949553297440559, 19.058147788975095 ], [ 72.949540553032293, 19.059184353833157 ], [ 72.949579807685467, 19.059231349516065 ], [ 72.949684753478962, 19.059357045839377 ], [ 72.949740397234891, 19.059423691746204 ], [ 72.9498970266676, 19.059617028140572 ], [ 72.950037964266613, 19.059785343797373 ], [ 72.950090694748553, 19.059846091973956 ], [ 72.950277837596289, 19.060083039144754 ], [ 72.950336948395346, 19.060154734826753 ], [ 72.950438593284161, 19.060278020091697 ], [ 72.950528843379743, 19.060388009230405 ], [ 72.950583240041098, 19.060454303744169 ], [ 72.950719244088646, 19.060624340130001 ], [ 72.950735726359227, 19.060644946917577 ], [ 72.950848154984641, 19.060783838367573 ], [ 72.950937236352743, 19.060894972903188 ], [ 72.951044767534057, 19.061021774643979 ], [ 72.951136583652058, 19.061138768041566 ], [ 72.951142741293225, 19.061146405204269 ], [ 72.95121755022835, 19.061239188874769 ], [ 72.951336738144505, 19.061382330320789 ], [ 72.951451379428505, 19.061525295173151 ], [ 72.951587842749561, 19.061690749379686 ], [ 72.951689758684012, 19.06181157779724 ], [ 72.951763122986989, 19.061907490264762 ], [ 72.951806491398941, 19.061958951283604 ], [ 72.951847441900654, 19.06200939288971 ], [ 72.951891241550541, 19.062063343927363 ], [ 72.951921515404763, 19.062101311974374 ], [ 72.952078484387982, 19.062213443934152 ], [ 72.952084432387679, 19.062217752195036 ], [ 72.95234367519484, 19.062405517901404 ], [ 72.95255538864734, 19.062569550056715 ], [ 72.952685507165185, 19.062665226253589 ], [ 72.952861375562236, 19.062794542104598 ], [ 72.953088456418072, 19.062972157751354 ], [ 72.953165184354532, 19.063028836850403 ], [ 72.953188978439755, 19.063046414350069 ], [ 72.953210177299269, 19.063060548691745 ], [ 72.953296529925751, 19.063118120802748 ], [ 72.953328889184462, 19.063138202932418 ], [ 72.953402760090768, 19.063184051034359 ], [ 72.953461513162637, 19.06322429936348 ], [ 72.953503575964916, 19.063253113482222 ], [ 72.953543317400872, 19.063278166047745 ], [ 72.953608045171265, 19.06331897434832 ], [ 72.953712446614418, 19.063386499383167 ], [ 72.95373459692955, 19.063390484529659 ], [ 72.953818914344311, 19.063405654370776 ], [ 72.9538724198148, 19.063416138450904 ], [ 72.953935773126858, 19.06342855053159 ], [ 72.953963360193328, 19.063433334696363 ], [ 72.954059726226831, 19.063450048820332 ], [ 72.954138808122295, 19.063466093874951 ], [ 72.954181783672638, 19.063474813165538 ], [ 72.954305882353964, 19.063492976023447 ], [ 72.954342254959244, 19.063500444082955 ], [ 72.954426181093837, 19.063517677921922 ], [ 72.954535113478215, 19.063520212418062 ], [ 72.954568985076378, 19.063521523976441 ], [ 72.954659024782913, 19.063525010390237 ], [ 72.954785522503045, 19.063528225176576 ], [ 72.954908362145076, 19.063534641384202 ], [ 72.955038437947664, 19.063536322045888 ], [ 72.955155094266104, 19.063542439431874 ], [ 72.955159526168927, 19.063542672416073 ], [ 72.955284331901467, 19.063544149938348 ], [ 72.955370501113407, 19.063545171253367 ], [ 72.955409141278295, 19.0635456285728 ], [ 72.955533882806392, 19.063548773658123 ], [ 72.955657926770755, 19.063553571276429 ], [ 72.955779082955686, 19.063558252395261 ], [ 72.955787926462676, 19.063558121167432 ], [ 72.95583916320625, 19.063557360938773 ], [ 72.95590403538904, 19.063556397705572 ], [ 72.956202876108335, 19.063524596314963 ], [ 72.956336755947873, 19.063500193239978 ], [ 72.956362464966233, 19.06349550688757 ], [ 72.956438690957754, 19.063481612052801 ], [ 72.956678286858889, 19.063403346011413 ], [ 72.957117064766848, 19.063260015125216 ], [ 72.95728038443076, 19.063189744838866 ], [ 72.957383845953046, 19.063152307856527 ], [ 72.957562641949252, 19.063080092269651 ], [ 72.957647654455187, 19.063037683141633 ], [ 72.957736601543047, 19.062972804402943 ], [ 72.957895415731329, 19.062841418210553 ], [ 72.95807513957871, 19.062689050996518 ], [ 72.958199733485785, 19.06258760061468 ], [ 72.958331657150012, 19.062480431139967 ], [ 72.958501234389303, 19.062338837780043 ], [ 72.958668393421434, 19.062195008882959 ], [ 72.959006796273243, 19.06192320804767 ], [ 72.959051714075287, 19.05825313145132 ] ] ] } },
{ "type": "Feature", "properties": { "grid_id": "cell_0454", "ward_id": "H/W", "ward_gid": 23, "NDVI_prev": 0.25710867321793335, "LST_C": 32.601466164423378, "NDVI": 0.27274588038312758, "pop_density_km2": 60552.826546427714, "elderly_pct": 4.7571458624444309, "slum_pct": 2.7373212851053497, "hospital_dist_m": 59.14116970838149, "impervious_pct": 64.253129267983581 }, "geometry": { "type": "Polygon", "coordinates": [ [ [ 72.826079691405894, 19.056733902356207 ], [ 72.826197373522547, 19.047702806656467 ], [ 72.819633918882104, 19.047625371143102 ], [ 72.819942035324516, 19.048264070886365 ], [ 72.819965707104487, 19.048314553848883 ], [ 72.819993635449563, 19.048372722232706 ], [ 72.82001260533174, 19.048412748768449 ], [ 72.820031287922106, 19.048452736682226 ], [ 72.820047187241087, 19.048486561384994 ], [ 72.820064496767031, 19.048523173904591 ], [ 72.820082004174381, 19.048559981152177 ], [ 72.820096870832046, 19.048591057721293 ], [ 72.820116910030876, 19.048632703756553 ], [ 72.820131493323387, 19.048662787018959 ], [ 72.82013989814476, 19.048680122947417 ], [ 72.820163269190274, 19.048727968475834 ], [ 72.820181971890776, 19.048765985734875 ], [ 72.82019822316947, 19.04879883004897 ], [ 72.820214362701535, 19.048831285549575 ], [ 72.820240138912624, 19.048882758918346 ], [ 72.820272109983222, 19.048946018755082 ], [ 72.820306769820263, 19.049013881676707 ], [ 72.820331316896301, 19.049061507142266 ], [ 72.820351915642362, 19.049101191597529 ], [ 72.820377086446612, 19.049149352825527 ], [ 72.820394391368936, 19.04918225563954 ], [ 72.820420927204822, 19.049232374966131 ], [ 72.8204493374283, 19.049285597402097 ], [ 72.820478999681356, 19.049340702536362 ], [ 72.820501522586383, 19.04938222884536 ], [ 72.82052062001722, 19.049417233902503 ], [ 72.820546929317103, 19.049465140298125 ], [ 72.820573553062005, 19.049513262667997 ], [ 72.820601817705807, 19.049563966021864 ], [ 72.820630391947887, 19.049614820258501 ], [ 72.820654657348868, 19.049657698520015 ], [ 72.820677060737538, 19.049697036644059 ], [ 72.82071334414249, 19.049760248004532 ], [ 72.820728970413214, 19.049787288775686 ], [ 72.820750888504719, 19.04982502331956 ], [ 72.820773550769218, 19.049863816222523 ], [ 72.820801059237937, 19.049910607698159 ], [ 72.820876644721537, 19.050029044303425 ], [ 72.820901353312692, 19.050068107045558 ], [ 72.820923411243271, 19.050104085509496 ], [ 72.820949238761784, 19.050147659626305 ], [ 72.820969579981366, 19.050183154446785 ], [ 72.820993382658969, 19.050226128375133 ], [ 72.821015800879081, 19.05026812399441 ], [ 72.821031125357948, 19.050297769757432 ], [ 72.821048623598472, 19.050332615886838 ], [ 72.821086981825559, 19.050413132599385 ], [ 72.821112745603969, 19.050470830908122 ], [ 72.821130461004756, 19.050512471103456 ], [ 72.821145498949178, 19.050549222925618 ], [ 72.821156637995642, 19.05057737044881 ], [ 72.82118843926024, 19.050677028081477 ], [ 72.821208551172617, 19.050744346049587 ], [ 72.821225125438318, 19.050820638442946 ], [ 72.821235074254616, 19.050877231383872 ], [ 72.821242119043973, 19.050914935674179 ], [ 72.821252301783176, 19.050977182987371 ], [ 72.821267080215065, 19.051042757933086 ], [ 72.821277814043611, 19.051095246760568 ], [ 72.821285682920973, 19.051137128358651 ], [ 72.821295174514574, 19.051192658197834 ], [ 72.82130227294077, 19.051238840084384 ], [ 72.821323752133878, 19.051368540620306 ], [ 72.821336140348166, 19.051433200350885 ], [ 72.821345875921523, 19.051484014512727 ], [ 72.821358103263748, 19.0515478287112 ], [ 72.821371049841446, 19.051615411615536 ], [ 72.821381605208359, 19.051670514133406 ], [ 72.8213925270408, 19.051727522311261 ], [ 72.821399550480933, 19.051764174065127 ], [ 72.821409701263292, 19.05181716362857 ], [ 72.821422219293154, 19.051882505936934 ], [ 72.821435024048967, 19.051944658655945 ], [ 72.821442663802188, 19.051978704595896 ], [ 72.821453990340288, 19.0520281456395 ], [ 72.821463209677418, 19.05206750596253 ], [ 72.821471714682417, 19.052103159057928 ], [ 72.821479766411287, 19.052136353584565 ], [ 72.821491663243307, 19.052184458234283 ], [ 72.821505490971319, 19.052239052022067 ], [ 72.821518143570586, 19.052287837610095 ], [ 72.821533043779809, 19.052343954288059 ], [ 72.821545178887604, 19.052388652899037 ], [ 72.82155942004087, 19.052440030591058 ], [ 72.821574113645795, 19.052491894151853 ], [ 72.821591303689871, 19.052551164903065 ], [ 72.821604991435663, 19.052597351426414 ], [ 72.821614036928025, 19.052627406258665 ], [ 72.821634916763202, 19.052695444125767 ], [ 72.821649222144359, 19.052741033668489 ], [ 72.821673956746167, 19.052818007699305 ], [ 72.821693714590339, 19.052877915745714 ], [ 72.82171144517298, 19.05293056756318 ], [ 72.821729965529585, 19.05298449686218 ], [ 72.821740637649427, 19.053015102908844 ], [ 72.821749309615697, 19.053039722108405 ], [ 72.82175218048755, 19.05304777050765 ], [ 72.821766878711855, 19.053088957745889 ], [ 72.821792277433659, 19.053158652219466 ], [ 72.821811132007753, 19.053209322031613 ], [ 72.821834294311927, 19.053270393000208 ], [ 72.821852039889052, 19.053315063904201 ], [ 72.821867920521569, 19.053352049648357 ], [ 72.821886478892367, 19.053393325811989 ], [ 72.821902440416949, 19.053427318248382 ], [ 72.821924048934306, 19.053471353708101 ], [ 72.821948774148296, 19.053519234951761 ], [ 72.821974815110636, 19.053567104629714 ], [ 72.821992032284072, 19.053597469093528 ], [ 72.822021285801483, 19.053646936600639 ], [ 72.822043272778345, 19.053682505876264 ], [ 72.822059305203851, 19.053707652747381 ], [ 72.822079097176484, 19.053737826307554 ], [ 72.8221039066256, 19.053774387243269 ], [ 72.822122776867332, 19.053801314490464 ], [ 72.822149776678245, 19.053838609424837 ], [ 72.822173660633965, 19.053870467063575 ], [ 72.822191270493747, 19.053893313011823 ], [ 72.822217531646729, 19.05392643615669 ], [ 72.822233766146113, 19.053946367348395 ], [ 72.822252805221666, 19.053969241906081 ], [ 72.822277137957002, 19.053997722174955 ], [ 72.82230863217849, 19.05403338197938 ], [ 72.822351399513664, 19.054086949835789 ], [ 72.822377623982263, 19.054121359655614 ], [ 72.822379519144619, 19.054123313167207 ], [ 72.822403065809468, 19.054147033971589 ], [ 72.822426523488417, 19.054170077191621 ], [ 72.822452412990685, 19.054194858056277 ], [ 72.82247870529288, 19.054219344697938 ], [ 72.822508370216397, 19.054246192488815 ], [ 72.822534572083285, 19.054269240088146 ], [ 72.822557158957196, 19.054288629319977 ], [ 72.822614120660219, 19.054335640902387 ], [ 72.822660992809716, 19.054372384507587 ], [ 72.82270392875256, 19.054404608768571 ], [ 72.822753377146313, 19.054440106472807 ], [ 72.822813777391147, 19.054481235094972 ], [ 72.822874993702001, 19.054520537933936 ], [ 72.822925466241102, 19.054551516096769 ], [ 72.822979200695301, 19.054585188286921 ], [ 72.82302020251818, 19.054611610687115 ], [ 72.823088092178793, 19.05465678654263 ], [ 72.82314438274237, 19.054695634649914 ], [ 72.823201832589334, 19.054736636213139 ], [ 72.823276469206661, 19.054792017920818 ], [ 72.823306451275386, 19.054814961898963 ], [ 72.823347190499163, 19.054846812359045 ], [ 72.823401366809833, 19.054890386528719 ], [ 72.823444864568202, 19.054926384710623 ], [ 72.823462135068382, 19.054939735239294 ], [ 72.823497255238451, 19.054969223319382 ], [ 72.823527669979725, 19.054997814050829 ], [ 72.823533108939841, 19.055003535292972 ], [ 72.823403478796365, 19.05500275517845 ], [ 72.823410077485406, 19.055026311092995 ], [ 72.823450710403719, 19.055255792613504 ], [ 72.823453724813177, 19.055272821358386 ], [ 72.823484331950681, 19.055478253312099 ], [ 72.82348456333996, 19.055622087601105 ], [ 72.823476310685393, 19.05586867224196 ], [ 72.823523964661248, 19.055917916767125 ], [ 72.823737278639129, 19.055929484648068 ], [ 72.823730619505369, 19.055979186146139 ], [ 72.82372109369183, 19.056038028677861 ], [ 72.823720032225168, 19.056043440332175 ], [ 72.823182351749395, 19.056014792700864 ], [ 72.823157457620951, 19.056140036604109 ], [ 72.823132156512457, 19.056222026232021 ], [ 72.823113403770336, 19.056282796750196 ], [ 72.823055811404714, 19.056387157258172 ], [ 72.822986717956582, 19.056522637507001 ], [ 72.822929122542831, 19.056625168885109 ], [ 72.822894371698823, 19.056696334058646 ], [ 72.826079691405894, 19.056733902356207 ] ] ] } },
{ "type": "Feature", "properties": { "grid_id": "cell_0455", "ward_id": "R/C", "ward_gid": 11, "NDVI_prev": 0.070141912572302428, "LST_C": 28.827401835949146, "NDVI": 0.23563976577611448, "pop_density_km2": 4555.2488461350986, "elderly_pct": 4.7571458709046759, "slum_pct": 0.0, "hospital_dist_m": 590.95137657394389, "impervious_pct": 11.155086174663314 }, "geometry": { "type": "Polygon", "coordinates": [ [ [ 72.814443234585809, 19.219178783884132 ], [ 72.814498909976237, 19.214968358327823 ], [ 72.812617568188486, 19.214733819878667 ], [ 72.811064624692804, 19.214608716071083 ], [ 72.805000705377481, 19.214230723989871 ], [ 72.804962916020173, 19.217076387049712 ], [ 72.805249074321452, 19.217117791869814 ], [ 72.806030477392568, 19.217201912024777 ], [ 72.806056382730745, 19.217230454441744 ], [ 72.806139950103571, 19.217322527629559 ], [ 72.80626876582545, 19.217464454332699 ], [ 72.806996779550474, 19.218973501347413 ], [ 72.807053196097101, 19.21909044187996 ], [ 72.814443234585809, 19.219178783884132 ] ] ] } },
{ "type": "Feature", "properties": { "grid_id": "cell_0456", "ward_id": "G/S", "ward_gid": 7, "NDVI_prev": 0.36282107222750803, "LST_C": 33.539628681537792, "NDVI": 0.30586907387335555, "pop_density_km2": 72820.767925386332, "elderly_pct": 5.5859844751817969, "slum_pct": 4.9309843652815886, "hospital_dist_m": 699.09337120347732, "impervious_pct": 34.770851124395108 }, "geometry": { "type": "Polygon", "coordinates": [ [ [ 72.817525873376539, 18.984373149222233 ], [ 72.8270192889687, 18.984484870266545 ], [ 72.827058969738019, 18.981426454627105 ], [ 72.827055102306403, 18.98142207581877 ], [ 72.8269576871607, 18.981456679622216 ], [ 72.826887707324914, 18.98147796152718 ], [ 72.826827848185232, 18.981486731131934 ], [ 72.826754877489165, 18.981482716801111 ], [ 72.826688545106194, 18.981478780394479 ], [ 72.826632331021671, 18.981462331675885 ], [ 72.826559771234017, 18.981426746056982 ], [ 72.826490610756096, 18.981384884200942 ], [ 72.826434971504426, 18.98132423618959 ], [ 72.826395720155432, 18.981279568069557 ], [ 72.826370112934086, 18.981206641638508 ], [ 72.826360976716998, 18.981143382268449 ], [ 72.826351922456269, 18.981073807728738 ], [ 72.826355379474379, 18.981005400767703 ], [ 72.826191691369345, 18.980972449293041 ], [ 72.826185500860404, 18.98097120325663 ], [ 72.826184545347886, 18.980971010479752 ], [ 72.826118032222098, 18.980957619823439 ], [ 72.825848112268886, 18.980904453227893 ], [ 72.82576024450772, 18.980884495136426 ], [ 72.825474260227892, 18.980831517761317 ], [ 72.824698854355944, 18.980684141217928 ], [ 72.824427750766077, 18.980633663052942 ], [ 72.824077923205564, 18.980564339363028 ], [ 72.823966916396515, 18.98054234165404 ], [ 72.823736189282329, 18.980489165894468 ], [ 72.823190304565301, 18.980372112729707 ], [ 72.822176067634615, 18.980154626968918 ], [ 72.822089559759988, 18.980136551129917 ], [ 72.821720937619645, 18.980059526678385 ], [ 72.821672526981018, 18.980049411360913 ], [ 72.82157650490457, 18.980029347261624 ], [ 72.821409215339031, 18.979994390568024 ], [ 72.82121471703978, 18.979953749026343 ], [ 72.820542779968221, 18.979813340029104 ], [ 72.820483269177075, 18.979800904223634 ], [ 72.820326587158661, 18.97976816433151 ], [ 72.820056513004275, 18.979711728850127 ], [ 72.8200418301128, 18.979708699836905 ], [ 72.819652552502234, 18.979628421219832 ], [ 72.819524837176857, 18.979602081809951 ], [ 72.819426238795799, 18.979583118963802 ], [ 72.819372829727342, 18.979572847532513 ], [ 72.819329861706692, 18.979564119009833 ], [ 72.819260937688043, 18.979550118591789 ], [ 72.819164712113263, 18.97953056935696 ], [ 72.819079581749023, 18.979513585973141 ], [ 72.818936814327969, 18.979485102436385 ], [ 72.81874992318717, 18.979449083264864 ], [ 72.81759293997932, 18.979226093406503 ], [ 72.817525873376539, 18.984373149222233 ] ] ] } },
{ "type": "Feature", "properties": { "grid_id": "cell_0457", "ward_id": "R/N", "ward_gid": 15, "NDVI_prev": 0.55945119753554418, "LST_C": 28.837394364055072, "NDVI": 0.66176263311901684, "pop_density_km2": 17215.156287770449, "elderly_pct": 4.5961208882005362, "slum_pct": 0.0, "hospital_dist_m": 931.43449166317407, "impervious_pct": 0.36724994599265504 }, "geometry": { "type": "Polygon", "coordinates": [ [ [ 72.861392872601655, 19.264895502458888 ], [ 72.851883212059406, 19.264783984047941 ], [ 72.851815985558687, 19.269941917009067 ], [ 72.852031095966893, 19.269945854827895 ], [ 72.852267644077955, 19.269937681611683 ], [ 72.852458253611417, 19.26991436548801 ], [ 72.852581473823975, 19.269899384499617 ], [ 72.852677383279129, 19.26991511519342 ], [ 72.852880591307638, 19.269957663878618 ], [ 72.853110801050619, 19.269993226870447 ], [ 72.853302761946139, 19.270013737520888 ], [ 72.853459604625698, 19.270073994519596 ], [ 72.853597536865522, 19.270110299273391 ], [ 72.853687655040815, 19.270127786882135 ], [ 72.853789165231589, 19.270156360972496 ], [ 72.853883103602627, 19.270175719714498 ], [ 72.853963827873812, 19.270176667777736 ], [ 72.854090869374659, 19.270163555203762 ], [ 72.854187110977691, 19.270153733573636 ], [ 72.854319895529301, 19.270142513731937 ], [ 72.854466322946053, 19.270116851247369 ], [ 72.854578178804587, 19.270088956387859 ], [ 72.854713169431534, 19.270055857601054 ], [ 72.854827256051649, 19.27000425785824 ], [ 72.854929882120928, 19.269947047139823 ], [ 72.855034453838883, 19.269888033740731 ], [ 72.855251378960347, 19.269762796255275 ], [ 72.85537139738851, 19.269698486669455 ], [ 72.85553182431272, 19.269631001201841 ], [ 72.85565929380833, 19.269585035212195 ], [ 72.85573439356682, 19.269574962828557 ], [ 72.85586902740333, 19.269569241683804 ], [ 72.855974641948066, 19.269577781801587 ], [ 72.856233706299335, 19.26961185485812 ], [ 72.856335286098769, 19.269634951990781 ], [ 72.856515289226081, 19.269688177198297 ], [ 72.856624486698749, 19.269716839902049 ], [ 72.856676179960331, 19.269723656934715 ], [ 72.85672557384936, 19.269726707552778 ], [ 72.856780267976021, 19.269722407396163 ], [ 72.856810539405771, 19.269715350411868 ], [ 72.85683254651488, 19.269703748921213 ], [ 72.856842567048773, 19.269693488167448 ], [ 72.856854802318253, 19.269672877820252 ], [ 72.856859195181784, 19.26965513994336 ], [ 72.856862145027463, 19.269628489992254 ], [ 72.856901373296679, 19.268641423936376 ], [ 72.856901535809968, 19.268641433971418 ], [ 72.856902470126315, 19.268641483767993 ], [ 72.857447362260359, 19.268671242750425 ], [ 72.85750713280288, 19.26867450782543 ], [ 72.857512268059779, 19.268674867005455 ], [ 72.85753230067273, 19.268676269762828 ], [ 72.857635272732423, 19.268683480838579 ], [ 72.85765784446582, 19.268685061481499 ], [ 72.857793130167451, 19.268641579113787 ], [ 72.857798351831931, 19.268639900674984 ], [ 72.858100777335224, 19.268542698549286 ], [ 72.858273140179904, 19.268489020984138 ], [ 72.858496192498592, 19.268419557630143 ], [ 72.858711301301952, 19.268278908207236 ], [ 72.859189535663774, 19.268201235735916 ], [ 72.859304501725589, 19.26813261191198 ], [ 72.859560709142684, 19.26797968200983 ], [ 72.859760120736212, 19.267858508570853 ], [ 72.859940446377408, 19.26774893216664 ], [ 72.859981509894808, 19.267718721632754 ], [ 72.860015532485136, 19.267693689144888 ], [ 72.86018394997167, 19.267539327380881 ], [ 72.860350790487132, 19.267386406615273 ], [ 72.860441276489439, 19.267306287639741 ], [ 72.860454110124351, 19.267294925110395 ], [ 72.860622079899201, 19.267146194785418 ], [ 72.860969439449491, 19.266835410684156 ], [ 72.861174885084381, 19.266685607249826 ], [ 72.861175465710986, 19.266685646561754 ], [ 72.861176066308147, 19.266685686107383 ], [ 72.861179033324191, 19.266683525037749 ], [ 72.86136950511596, 19.266696522262968 ], [ 72.861392872601655, 19.264895502458888 ] ] ] } },
{ "type": "Feature", "properties": { "grid_id": "cell_0458", "ward_id": "K/W", "ward_gid": 14, "NDVI_prev": 0.33971308581707682, "LST_C": 32.829269239327196, "NDVI": 0.36468553978990664, "pop_density_km2": 53725.363561195983, "elderly_pct": 4.7571458731331955, "slum_pct": 0.0, "hospital_dist_m": 698.06078376700555, "impervious_pct": 35.609824519958352 }, "geometry": { "type": "Polygon", "coordinates": [ [ [ 72.825254054905628, 19.119951305206989 ], [ 72.825372202559151, 19.110920276296863 ], [ 72.822580643650852, 19.110887265140622 ], [ 72.822337207366814, 19.111808128523002 ], [ 72.821958099334196, 19.113075936036452 ], [ 72.821391508542618, 19.114818632382573 ], [ 72.820599771084488, 19.116717695206582 ], [ 72.819127150664585, 19.119878764000543 ], [ 72.825254054905628, 19.119951305206989 ] ] ] } },
{ "type": "Feature", "properties": { "grid_id": "cell_0459", "ward_id": "A", "ward_gid": 1, "NDVI_prev": 0.19426818672525922, "LST_C": 32.857024295044241, "NDVI": 0.18517251456941913, "pop_density_km2": 71012.284784540636, "elderly_pct": 5.5859844825032878, "slum_pct": 0.0, "hospital_dist_m": 615.30973594574198, "impervious_pct": 82.716711349419185 }, "geometry": { "type": "Polygon", "coordinates": [ [ [ 72.827604381388326, 18.939328916406179 ], [ 72.827721201081602, 18.930297697184738 ], [ 72.821934501114399, 18.930229842390727 ], [ 72.821948259318972, 18.93025191422177 ], [ 72.821993902012352, 18.930338923385595 ], [ 72.822043639334225, 18.930431656680643 ], [ 72.822086073522129, 18.930506101796841 ], [ 72.822175187648526, 18.930671761133489 ], [ 72.822345118991862, 18.93100129412705 ], [ 72.822391102387655, 18.931093827927043 ], [ 72.822437086767096, 18.931186362634101 ], [ 72.822437120968388, 18.931186433489636 ], [ 72.822437154290895, 18.931186498915274 ], [ 72.822542289468885, 18.93139806544167 ], [ 72.822627108048366, 18.931587771283738 ], [ 72.822762467157361, 18.931895750241019 ], [ 72.822791651023437, 18.931967799636663 ], [ 72.822843532205127, 18.932096362141007 ], [ 72.822843602143593, 18.932096531870918 ], [ 72.82284362508544, 18.932096592658404 ], [ 72.822903462300999, 18.932244866369462 ], [ 72.823040235150359, 18.932616234283632 ], [ 72.823040321340983, 18.932616468335464 ], [ 72.823040435043225, 18.932616776777266 ], [ 72.82304047444768, 18.932616885630562 ], [ 72.823040560650014, 18.932617118779298 ], [ 72.82304061477106, 18.932617263935587 ], [ 72.823040623933792, 18.93261728933431 ], [ 72.823153170220749, 18.932922876804309 ], [ 72.823396592167285, 18.933597242695452 ], [ 72.823509308665635, 18.934004851282598 ], [ 72.823523575504836, 18.934053899352246 ], [ 72.82353144772874, 18.934080962079154 ], [ 72.823567993223449, 18.934261273637322 ], [ 72.823568102103479, 18.934261807836563 ], [ 72.823568186833569, 18.934262227942043 ], [ 72.823568203870877, 18.934262304918803 ], [ 72.823568354594599, 18.934263052777705 ], [ 72.82359177298251, 18.934378589486553 ], [ 72.823615347744166, 18.934473491319658 ], [ 72.823619723154849, 18.934491762258066 ], [ 72.823622329152059, 18.934502642760126 ], [ 72.823624394796653, 18.934511272327992 ], [ 72.823626243421401, 18.934518996092311 ], [ 72.823626252420468, 18.934519034134709 ], [ 72.823626259661836, 18.934519061317388 ], [ 72.823626271367644, 18.934519110230632 ], [ 72.823637882802373, 18.934567614085633 ], [ 72.823672387635142, 18.934725514466521 ], [ 72.823686690464868, 18.934795963817237 ], [ 72.823686696733787, 18.934795992795021 ], [ 72.823686703893259, 18.934796026299534 ], [ 72.823686732414117, 18.934796169348793 ], [ 72.823686764543936, 18.934796326892517 ], [ 72.823708286632993, 18.93490233366067 ], [ 72.823734994138491, 18.935044827818434 ], [ 72.823766304009425, 18.935210204894272 ], [ 72.823766949840163, 18.935213985376588 ], [ 72.823766962190803, 18.935214057782073 ], [ 72.823766968412954, 18.935214090372327 ], [ 72.823790723947596, 18.935353141898986 ], [ 72.823799209056219, 18.935406384583271 ], [ 72.823805934152162, 18.935448580558397 ], [ 72.823812261837176, 18.935480717717919 ], [ 72.823812268117834, 18.935480745792578 ], [ 72.823812272523767, 18.935480772038723 ], [ 72.823814680700011, 18.935493002393805 ], [ 72.823822053770584, 18.935536982678407 ], [ 72.823832255976754, 18.935599530991375 ], [ 72.823832261214747, 18.935599566279862 ], [ 72.823837262066675, 18.935630226400093 ], [ 72.823865844986983, 18.935812745092825 ], [ 72.823887531322299, 18.935967547714899 ], [ 72.823900664650822, 18.936072148122882 ], [ 72.823900682790708, 18.936072286534035 ], [ 72.823907852607107, 18.936129390560808 ], [ 72.823918499145634, 18.936235811657994 ], [ 72.823921290457278, 18.936274952723419 ], [ 72.823932862405229, 18.936389730772063 ], [ 72.823932865698282, 18.936389769650752 ], [ 72.823943066489733, 18.936509786757988 ], [ 72.823955156394092, 18.936678648870217 ], [ 72.82396102622431, 18.936786336282719 ], [ 72.823961031451745, 18.936786445638155 ], [ 72.823961895806761, 18.936802297098861 ], [ 72.823962098193988, 18.936804625360022 ], [ 72.823962101568966, 18.936804657916866 ], [ 72.823963302062552, 18.936818376216205 ], [ 72.82396462940325, 18.936844354102362 ], [ 72.823964632415425, 18.936844414655905 ], [ 72.823964635626567, 18.936844459856442 ], [ 72.82396463618943, 18.936844489670516 ], [ 72.823964638416371, 18.936844537569261 ], [ 72.823969481011446, 18.936939273773206 ], [ 72.823981740360637, 18.93721321192848 ], [ 72.82398948077541, 18.937535322835981 ], [ 72.823989297250691, 18.937719712423508 ], [ 72.823989136482126, 18.937881835189458 ], [ 72.823986172110594, 18.938134017686924 ], [ 72.823979748643637, 18.938367088223679 ], [ 72.82397974465043, 18.938367249859766 ], [ 72.823979741523345, 18.938367344665036 ], [ 72.823979735070182, 18.93836754962858 ], [ 72.823979730866313, 18.93836772752082 ], [ 72.823977971208194, 18.938431580669356 ], [ 72.823962564667013, 18.938703944933405 ], [ 72.823945122641447, 18.938928793870083 ], [ 72.823939069024533, 18.938993788017626 ], [ 72.8239270462837, 18.93912289481959 ], [ 72.823926023128266, 18.939132040931195 ], [ 72.823922221476195, 18.939166022896735 ], [ 72.823919152944455, 18.939193462145376 ], [ 72.823918342416192, 18.93920070397742 ], [ 72.823914342025816, 18.939236470251565 ], [ 72.823914315442593, 18.939236690334198 ], [ 72.823902590961978, 18.939285510144419 ], [ 72.827604381388326, 18.939328916406179 ] ] ] } },
{ "type": "Feature", "properties": { "grid_id": "cell_0460", "ward_id": "H/W", "ward_gid": 23, "NDVI_prev": 0.30029232408175055, "LST_C": 32.328664532626647, "NDVI": 0.3117531749652665, "pop_density_km2": 63349.599036395884, "elderly_pct": 4.7571458594824492, "slum_pct": 1.8991920440092329, "hospital_dist_m": 694.01932586232294, "impervious_pct": 59.900246742173302 }, "geometry": { "type": "Polygon", "coordinates": [ [ [ 72.825961942833644, 19.065764988526478 ], [ 72.826079691405894, 19.056733902356207 ], [ 72.822894371698823, 19.056696334058646 ], [ 72.822882252610128, 19.056721152345848 ], [ 72.823216864925413, 19.056839797015193 ], [ 72.822935390570279, 19.0571395057618 ], [ 72.822522722948833, 19.057329653900496 ], [ 72.82238905434032, 19.05738172420369 ], [ 72.822305022374252, 19.057303284907317 ], [ 72.821253975400225, 19.058127267195726 ], [ 72.821176620283069, 19.058644671165116 ], [ 72.820526464602295, 19.058981027550402 ], [ 72.821224667517043, 19.06025354182767 ], [ 72.821276524063478, 19.060769561960427 ], [ 72.821332566410405, 19.060965243085768 ], [ 72.821400639574151, 19.061290890196759 ], [ 72.821608058440262, 19.062366790034229 ], [ 72.821951047245719, 19.062317480413064 ], [ 72.821959046233061, 19.062351706689402 ], [ 72.822129178259928, 19.062785544055721 ], [ 72.822283026009785, 19.063344558440175 ], [ 72.822580623985644, 19.064114219321564 ], [ 72.822735747342691, 19.06457573901028 ], [ 72.822754856446593, 19.065356041187631 ], [ 72.82268171933859, 19.065726282454317 ], [ 72.825961942833644, 19.065764988526478 ] ] ] } },
{ "type": "Feature", "properties": { "grid_id": "cell_0461", "ward_id": "D", "ward_gid": 4, "NDVI_prev": 0.14621302637971395, "LST_C": 34.973099232574548, "NDVI": 0.1573409442318916, "pop_density_km2": 71799.022928986131, "elderly_pct": 5.5859844862765708, "slum_pct": 0.0, "hospital_dist_m": 158.39942544313618, "impervious_pct": 71.529105670668656 }, "geometry": { "type": "Polygon", "coordinates": [ [ [ 72.808386841864973, 18.957167741461628 ], [ 72.817878659280993, 18.957279776643123 ], [ 72.817966299648972, 18.95054198365683 ], [ 72.817704395280145, 18.95083242651884 ], [ 72.817688382415668, 18.950821646746572 ], [ 72.817559290601778, 18.950891804101929 ], [ 72.817238011161493, 18.951079875273685 ], [ 72.817164992716954, 18.951164381095829 ], [ 72.815520449765472, 18.952176432956215 ], [ 72.814717823341212, 18.953010242559621 ], [ 72.813860610624715, 18.953462520847854 ], [ 72.812668529966132, 18.953962707270026 ], [ 72.811459443594273, 18.954429506885276 ], [ 72.810584159307595, 18.954701176672483 ], [ 72.809500120313118, 18.954937196780552 ], [ 72.808698243090859, 18.954927715445734 ], [ 72.808415933212146, 18.954941195625736 ], [ 72.808386841864973, 18.957167741461628 ] ] ] } },
{ "type": "Feature", "properties": { "grid_id": "cell_0462", "ward_id": "T", "ward_gid": 13, "NDVI_prev": 0.41549750534572505, "LST_C": 32.339220717038522, "NDVI": 0.4187303528974976, "pop_density_km2": 67401.964824307273, "elderly_pct": 4.7571458625496543, "slum_pct": 8.8082928155018685, "hospital_dist_m": 447.44867710795586, "impervious_pct": 30.941137930758966 }, "geometry": { "type": "Polygon", "coordinates": [ [ [ 72.947992570606758, 19.184592218015453 ], [ 72.938486999303365, 19.184485631817054 ], [ 72.938411757081909, 19.190528358569779 ], [ 72.939525137184702, 19.18948574282448 ], [ 72.939742791709676, 19.189341635894127 ], [ 72.939919691325983, 19.189219399260676 ], [ 72.940238708214792, 19.188998591153037 ], [ 72.940647011269746, 19.188716574609185 ], [ 72.940746442979801, 19.188648126995627 ], [ 72.940792483828588, 19.188606641908567 ], [ 72.940854244462656, 19.188553707974535 ], [ 72.941090819393622, 19.188330267079621 ], [ 72.941334333215877, 19.188157338897295 ], [ 72.941453502485047, 19.188014913464276 ], [ 72.941512531937605, 19.187947859098205 ], [ 72.941651724673065, 19.187779053652967 ], [ 72.941939963842913, 19.187386105380842 ], [ 72.941940019331682, 19.187386153877892 ], [ 72.942247923042657, 19.187654818395959 ], [ 72.942406880652172, 19.187704973022942 ], [ 72.942876658289791, 19.187853197673281 ], [ 72.942876697487847, 19.187853180047135 ], [ 72.94310244618714, 19.187749404682979 ], [ 72.943439172417982, 19.187596814022051 ], [ 72.943439216848176, 19.187596834392654 ], [ 72.943781881816648, 19.187755932362951 ], [ 72.944254610747237, 19.187976701081094 ], [ 72.944254701074513, 19.187976700287013 ], [ 72.944685467175148, 19.187969239038694 ], [ 72.944685557502453, 19.187969238244406 ], [ 72.944737958615335, 19.187968328733405 ], [ 72.944968062183051, 19.188081118742673 ], [ 72.945021408084443, 19.188107191118831 ], [ 72.945021498389409, 19.188107192130705 ], [ 72.945930982772623, 19.188138845628188 ], [ 72.94615539243982, 19.187966957619746 ], [ 72.946293105201775, 19.18789357713359 ], [ 72.946293147675306, 19.187893601998077 ], [ 72.946389103155241, 19.187953591901813 ], [ 72.946389152921412, 19.18795356536031 ], [ 72.946509023473936, 19.187891922822022 ], [ 72.946509065947495, 19.187891947686499 ], [ 72.946727436255969, 19.188020371163891 ], [ 72.94672749355955, 19.188020350126433 ], [ 72.946863164730274, 19.187971215090961 ], [ 72.946814992388127, 19.187763064010209 ], [ 72.946923704059088, 19.187750728018667 ], [ 72.94700118946237, 19.187741934701386 ], [ 72.947111523240238, 19.187702209056091 ], [ 72.947126003148824, 19.187696793305136 ], [ 72.947141292059243, 19.187691074972477 ], [ 72.947290226014672, 19.187635360317824 ], [ 72.947290257114972, 19.187635382344929 ], [ 72.94754121790308, 19.187815129797286 ], [ 72.947541275251297, 19.187815105146885 ], [ 72.947713703264668, 19.187740055232648 ], [ 72.947915796014144, 19.187645761807854 ], [ 72.947954932709465, 19.187629210310455 ], [ 72.947992570606758, 19.184592218015453 ] ] ] } },
{ "type": "Feature", "properties": { "grid_id": "cell_0463", "ward_id": "H/W", "ward_gid": 23, "NDVI_prev": 0.26670681002901764, "LST_C": 32.445844516180081, "NDVI": 0.28871136361548527, "pop_density_km2": 63891.91739587341, "elderly_pct": 4.7571458716014421, "slum_pct": 3.7423046945119922, "hospital_dist_m": 719.66370352097522, "impervious_pct": 61.053616558431195 }, "geometry": { "type": "Polygon", "coordinates": [ [ [ 72.825844127789239, 19.074796065163305 ], [ 72.825961942833644, 19.065764988526478 ], [ 72.82268171933859, 19.065726282454317 ], [ 72.822645044181343, 19.06591194193005 ], [ 72.822400487540577, 19.066689130093984 ], [ 72.822202966185046, 19.067230064412229 ], [ 72.822123902316733, 19.06767488827813 ], [ 72.822119534646546, 19.068009154980224 ], [ 72.822260192884002, 19.068456574275601 ], [ 72.822384929741261, 19.069001314979143 ], [ 72.822392844791239, 19.069516815876071 ], [ 72.822380245257207, 19.069575190891499 ], [ 72.822049789706313, 19.07027085222575 ], [ 72.821782825048473, 19.071073487556955 ], [ 72.821582476750621, 19.071898114494072 ], [ 72.821497639995442, 19.072416633940204 ], [ 72.82144176420465, 19.07319457023614 ], [ 72.821442925872475, 19.073223339397373 ], [ 72.821314120916796, 19.073218670669277 ], [ 72.821274282065332, 19.073217227442441 ], [ 72.821261598710464, 19.07384750319811 ], [ 72.821315124502775, 19.073849724455716 ], [ 72.821359005503012, 19.073851546089291 ], [ 72.821478010282704, 19.074097599036861 ], [ 72.821528628823955, 19.074180716991972 ], [ 72.82182923491753, 19.074614281565026 ], [ 72.821853974682426, 19.07474895293241 ], [ 72.825844127789239, 19.074796065163305 ] ] ] } },
{ "type": "Feature", "properties": { "grid_id": "cell_0464", "ward_id": "C", "ward_gid": 3, "NDVI_prev": 0.1947520107466339, "LST_C": 34.705094642051442, "NDVI": 0.17364103037114503, "pop_density_km2": 78795.093107613677, "elderly_pct": 5.5859844825753644, "slum_pct": 0.0, "hospital_dist_m": 563.31916151628525, "impervious_pct": 81.693831687746922 }, "geometry": { "type": "Polygon", "coordinates": [ [ [ 72.827487495453354, 18.948360126149801 ], [ 72.827558016577811, 18.942911914309107 ], [ 72.827539515554278, 18.942906198682508 ], [ 72.827539487197853, 18.94290618931765 ], [ 72.827510803425753, 18.94289732734677 ], [ 72.827468733784229, 18.942887472997977 ], [ 72.827468698760669, 18.942887465361508 ], [ 72.827414187966554, 18.94287469582147 ], [ 72.827245695497467, 18.942836850159207 ], [ 72.827088606722612, 18.942789306947891 ], [ 72.826925771957406, 18.942740024330806 ], [ 72.826925587571012, 18.942739968877373 ], [ 72.826924301611783, 18.9427395807589 ], [ 72.826923674726103, 18.942739390049713 ], [ 72.826918842972745, 18.942737927946499 ], [ 72.826917256342782, 18.942737447784484 ], [ 72.826916826111756, 18.942737318092071 ], [ 72.826901960410282, 18.942725323815875 ], [ 72.826895332053226, 18.942657621925704 ], [ 72.826865262738366, 18.94264624521 ], [ 72.826683626877141, 18.942577713090955 ], [ 72.826673907496172, 18.942574046643504 ], [ 72.826652125108026, 18.942565828179042 ], [ 72.826612637640537, 18.942550983611053 ], [ 72.826612591356451, 18.942550965906573 ], [ 72.826565209414824, 18.942533154617852 ], [ 72.826459995844147, 18.942493601365022 ], [ 72.826400680190716, 18.942470420269469 ], [ 72.826259602933817, 18.942417242626338 ], [ 72.826245584975723, 18.942411770837783 ], [ 72.826245541566692, 18.942411753961803 ], [ 72.826210526067911, 18.942398084495657 ], [ 72.82621047978391, 18.942398066791085 ], [ 72.826206576272384, 18.942396542390334 ], [ 72.826198523674819, 18.942393398576975 ], [ 72.826166607009725, 18.94238093876821 ], [ 72.826050731226246, 18.942335702540309 ], [ 72.826014894087436, 18.942321710878463 ], [ 72.825989744957425, 18.942312206404399 ], [ 72.825989708448219, 18.942312193294555 ], [ 72.825981049999342, 18.942308921331712 ], [ 72.825978789503239, 18.942308067441179 ], [ 72.825970632678974, 18.942304982914706 ], [ 72.82596300199215, 18.942302098757811 ], [ 72.825942092232765, 18.942294671765929 ], [ 72.825929810393831, 18.942290012470107 ], [ 72.825929807598058, 18.942290011389545 ], [ 72.825929804840243, 18.942290010309414 ], [ 72.825910119918177, 18.942282260942726 ], [ 72.825817285942875, 18.942247024664482 ], [ 72.825802301252054, 18.9422412957136 ], [ 72.825800738462434, 18.942239195378772 ], [ 72.825776003493132, 18.942205950872097 ], [ 72.82577589992043, 18.942205812362399 ], [ 72.825775816877126, 18.942205701191142 ], [ 72.825771709766585, 18.942200181997293 ], [ 72.825762716518824, 18.942188093921224 ], [ 72.825741466375888, 18.942143553496834 ], [ 72.825725910921847, 18.942110948654545 ], [ 72.825718142424748, 18.942094666664619 ], [ 72.8256965558639, 18.942073976411312 ], [ 72.825678367182988, 18.942056544310343 ], [ 72.825666056369485, 18.942044746109218 ], [ 72.825624542814765, 18.942004958527647 ], [ 72.825616580060029, 18.942002795779185 ], [ 72.82559896987128, 18.941998012443658 ], [ 72.825285620226296, 18.941912892191134 ], [ 72.825103647161839, 18.941863459620421 ], [ 72.825103572428461, 18.941863439775361 ], [ 72.824494351975432, 18.941697945939758 ], [ 72.823971862041475, 18.941568371773243 ], [ 72.823931987164158, 18.941558482810841 ], [ 72.823924828188012, 18.941556707891465 ], [ 72.823849699702137, 18.941538076216911 ], [ 72.823641735828332, 18.941486501658201 ], [ 72.823637720601127, 18.94148554404391 ], [ 72.823549686341195, 18.941464564041492 ], [ 72.823491956293097, 18.941656821878663 ], [ 72.823451303184783, 18.941807920961761 ], [ 72.823406284193979, 18.941958011321244 ], [ 72.8233559756289, 18.942133819392499 ], [ 72.823302790123293, 18.942295837071288 ], [ 72.823244639515096, 18.942469818765918 ], [ 72.823185606864541, 18.942637289339181 ], [ 72.823123575489561, 18.942816025305238 ], [ 72.823051798816508, 18.943008385326099 ], [ 72.82301737125502, 18.943096591367958 ], [ 72.822994761868131, 18.943162106385603 ], [ 72.822969257728246, 18.943221142675629 ], [ 72.822936877983892, 18.943298633932152 ], [ 72.822881839140479, 18.943436680716808 ], [ 72.82285523699494, 18.943502714255875 ], [ 72.822822849299769, 18.943582053448804 ], [ 72.822714585017778, 18.943779192023563 ], [ 72.822679137947375, 18.943855514504136 ], [ 72.822660599432979, 18.943893458419986 ], [ 72.822620754450128, 18.943984339390404 ], [ 72.822583733497879, 18.944068778077785 ], [ 72.822589830648823, 18.944068772914232 ], [ 72.82247619161177, 18.944307135065372 ], [ 72.822364644657696, 18.944542988959999 ], [ 72.822241485989665, 18.944780598665197 ], [ 72.822049592779976, 18.945143954907383 ], [ 72.821808073778357, 18.945561886830905 ], [ 72.82171657968432, 18.945725506726763 ], [ 72.821609445104258, 18.945889138765633 ], [ 72.821477320910475, 18.946098689361598 ], [ 72.821327774601045, 18.946321826860299 ], [ 72.821209748508238, 18.946492310931056 ], [ 72.821116459619574, 18.946625475964129 ], [ 72.820907888916182, 18.946925632512688 ], [ 72.820679173731534, 18.947246336694892 ], [ 72.820446921781482, 18.947553137579646 ], [ 72.820121394989258, 18.94797070915639 ], [ 72.819884336503335, 18.948270852551357 ], [ 72.827487495453354, 18.948360126149801 ] ] ] } },
{ "type": "Feature", "properties": { "grid_id": "cell_0465", "ward_id": "P/N", "ward_gid": 21, "NDVI_prev": 0.38100719417203377, "LST_C": 32.660002876930704, "NDVI": 0.3275724626889322, "pop_density_km2": 12807.683164762035, "elderly_pct": 4.7571458617222788, "slum_pct": 4.7161959755989908, "hospital_dist_m": 3624.981593252699, "impervious_pct": 15.66171778619135 }, "geometry": { "type": "Polygon", "coordinates": [ [ [ 72.786647948897851, 19.164651902574406 ], [ 72.786768495958739, 19.155621151853094 ], [ 72.784308297747017, 19.15559148620256 ], [ 72.784264750460451, 19.156194286314996 ], [ 72.784171354276026, 19.156494021865051 ], [ 72.784046668502043, 19.156930202827727 ], [ 72.783970602286971, 19.157063414322476 ], [ 72.783894818907257, 19.15717545086218 ], [ 72.783773433224326, 19.157364590876934 ], [ 72.783638135724104, 19.157482968458996 ], [ 72.783316302753676, 19.157662629222195 ], [ 72.782928188219245, 19.157799132482488 ], [ 72.782651390637398, 19.157944038520409 ], [ 72.782443610637443, 19.157927410519211 ], [ 72.782146701290173, 19.15790970584397 ], [ 72.781901689803746, 19.157899686998512 ], [ 72.781716003572086, 19.157897443948567 ], [ 72.781654789955212, 19.158030833689267 ], [ 72.781690322100445, 19.15815127331603 ], [ 72.781800034498445, 19.158279668498917 ], [ 72.781974989373211, 19.158528862070131 ], [ 72.782157277811081, 19.158785203538468 ], [ 72.782332611302905, 19.159006163711073 ], [ 72.782590686175638, 19.159150469164075 ], [ 72.782878471565397, 19.159295133039329 ], [ 72.783092265341907, 19.159417724827115 ], [ 72.783306719968081, 19.159490908330337 ], [ 72.783562402099889, 19.159478496099755 ], [ 72.783794482555393, 19.159795698849312 ], [ 72.783746595281826, 19.160671778293224 ], [ 72.783684058746758, 19.160876997826634 ], [ 72.783594899683393, 19.161273365863401 ], [ 72.783532931117804, 19.16146322262221 ], [ 72.783296823943601, 19.161898057224725 ], [ 72.783190383213963, 19.162080317400193 ], [ 72.782888274755194, 19.162450819428241 ], [ 72.782459139102585, 19.162876262008641 ], [ 72.782165777142893, 19.163148036136555 ], [ 72.781678525334812, 19.163483340132561 ], [ 72.781612944982982, 19.163565352328025 ], [ 72.78140641823768, 19.163823625622872 ], [ 72.781261985257615, 19.164068960082503 ], [ 72.781169451487841, 19.164321981084285 ], [ 72.78109196183425, 19.164561064974873 ], [ 72.78109012831969, 19.164584807833496 ], [ 72.786647948897851, 19.164651902574406 ] ] ] } },
{ "type": "Feature", "properties": { "grid_id": "cell_0466", "ward_id": "K/W", "ward_gid": 14, "NDVI_prev": 0.25243507296355711, "LST_C": 34.085859683160514, "NDVI": 0.26399734597235247, "pop_density_km2": 96878.46659899666, "elderly_pct": 4.7571458674709897, "slum_pct": 2.9796275082902719, "hospital_dist_m": 90.958845809202515, "impervious_pct": 63.731161385560753 }, "geometry": { "type": "Polygon", "coordinates": [ [ [ 72.835107932816015, 19.092970107348492 ], [ 72.843228738084434, 19.093065392113122 ], [ 72.843193886255307, 19.092632650092423 ], [ 72.842873972623579, 19.090783265033249 ], [ 72.84284061382462, 19.090590418234864 ], [ 72.84282079834118, 19.090471362329538 ], [ 72.842812738300452, 19.090422936599929 ], [ 72.842699683369602, 19.090437868314293 ], [ 72.841752797962783, 19.090562925068504 ], [ 72.84162757634661, 19.090566631641487 ], [ 72.841551361792753, 19.090568325471438 ], [ 72.841494360172618, 19.090557309538966 ], [ 72.841377703329968, 19.090530072476955 ], [ 72.839577051428094, 19.089916904520539 ], [ 72.839542404604771, 19.089906645530526 ], [ 72.839440899397133, 19.089880800877616 ], [ 72.839380914497113, 19.089866903109538 ], [ 72.83932023589675, 19.089853420340138 ], [ 72.839259424954633, 19.089840484019629 ], [ 72.839198488920843, 19.089828097701368 ], [ 72.83913743024172, 19.089816260257706 ], [ 72.839076258644198, 19.089804971802593 ], [ 72.839014977730514, 19.089794235846643 ], [ 72.838953592378871, 19.089784051290753 ], [ 72.838892107452438, 19.089774418191823 ], [ 72.838830528985298, 19.089765340088992 ], [ 72.838768863071593, 19.08975681589747 ], [ 72.838707115745351, 19.089748849156415 ], [ 72.838645290698878, 19.089741436440498 ], [ 72.838583396398064, 19.089734581317451 ], [ 72.838521435274188, 19.089728283815688 ], [ 72.838459005286978, 19.089722505688233 ], [ 72.838393136432074, 19.089719981084794 ], [ 72.838340272291902, 19.089718712061948 ], [ 72.838274513841583, 19.089719767030491 ], [ 72.838271046806497, 19.089664970551802 ], [ 72.838269498983422, 19.089640504203935 ], [ 72.83826873980162, 19.089628506373256 ], [ 72.838266897671602, 19.089599392958682 ], [ 72.838259080638693, 19.089475856306986 ], [ 72.838251047269694, 19.089348899973057 ], [ 72.83824111760886, 19.089191976376775 ], [ 72.838234564920086, 19.089088420524316 ], [ 72.83822636676696, 19.088958859879874 ], [ 72.838214592199293, 19.088772779873675 ], [ 72.838210404529761, 19.088706599790662 ], [ 72.83819977016357, 19.088538538422661 ], [ 72.838192931543745, 19.088430463715387 ], [ 72.838189716693023, 19.088379657467605 ], [ 72.83818488628836, 19.088260912199107 ], [ 72.838182803827308, 19.088209719570457 ], [ 72.8381803298671, 19.088148902833083 ], [ 72.838178190108962, 19.088096301435712 ], [ 72.83817068428479, 19.087911786994653 ], [ 72.838162136099456, 19.087701648565641 ], [ 72.838152795380907, 19.087472026814442 ], [ 72.838151828565046, 19.08744477627328 ], [ 72.838144099702788, 19.087226935208111 ], [ 72.838124701259915, 19.086680183182121 ], [ 72.837873851464352, 19.08667723909107 ], [ 72.836667574864009, 19.086602175889162 ], [ 72.835562269127692, 19.086530633607484 ], [ 72.835192004382947, 19.08650519256291 ], [ 72.835107932816015, 19.092970107348492 ] ] ] } },
{ "type": "Feature", "properties": { "grid_id": "cell_0467", "ward_id": "M/E", "ward_gid": 16, "NDVI_prev": 0.45635904068673816, "LST_C": 30.956776547319222, "NDVI": 0.43793043380990843, "pop_density_km2": 15276.489112873962, "elderly_pct": 4.7571458662922144, "slum_pct": 0.0, "hospital_dist_m": 1218.6847710003999, "impervious_pct": 0.21866391184572997 }, "geometry": { "type": "Polygon", "coordinates": [ [ [ 72.94038932409353, 19.0309466436312 ], [ 72.94988613885738, 19.031052312732065 ], [ 72.949901793961985, 19.029776750921187 ], [ 72.94819406011672, 19.028772534467993 ], [ 72.948078370498976, 19.028706070099332 ], [ 72.947317886807767, 19.028411586527213 ], [ 72.946999267439537, 19.028269747697902 ], [ 72.946591064651116, 19.028108523879339 ], [ 72.944910838544715, 19.027424186359404 ], [ 72.942387302319744, 19.026213794133938 ], [ 72.941903246303141, 19.025989304150396 ], [ 72.941318419616294, 19.025829833163765 ], [ 72.940728687061792, 19.025715777868736 ], [ 72.940454544064906, 19.02565641446451 ], [ 72.94038932409353, 19.0309466436312 ] ] ] } },
{ "type": "Feature", "properties": { "grid_id": "cell_0468", "ward_id": "A", "ward_gid": 1, "NDVI_prev": 0.45336696031208679, "LST_C": 30.586598627856322, "NDVI": 0.42106992454152092, "pop_density_km2": 20188.112099532696, "elderly_pct": 5.5859844774185436, "slum_pct": 0.0, "hospital_dist_m": 729.05901001475559, "impervious_pct": 19.336407290662638 }, "geometry": { "type": "Polygon", "coordinates": [ [ [ 72.80909367223974, 18.902981084016027 ], [ 72.809208856708324, 18.894133337147593 ], [ 72.809190227862942, 18.894143079095315 ], [ 72.809188980986022, 18.894143730090772 ], [ 72.809179190282734, 18.894130912194644 ], [ 72.809169931406316, 18.894118792461079 ], [ 72.809160692043761, 18.89411224603014 ], [ 72.809155841928572, 18.894114063994362 ], [ 72.809155778988909, 18.894114087640062 ], [ 72.809155719856278, 18.894114110427381 ], [ 72.809154636539461, 18.894114516763082 ], [ 72.809153605678233, 18.894114902942476 ], [ 72.809147253597033, 18.894117284891248 ], [ 72.809129974144795, 18.894130238831124 ], [ 72.809129933882829, 18.894130269970226 ], [ 72.809125616649197, 18.894133506905231 ], [ 72.809094093675597, 18.894157140055619 ], [ 72.808911444531574, 18.89428757925953 ], [ 72.808911120760939, 18.894287811190434 ], [ 72.808900450047389, 18.894295431651429 ], [ 72.808744166409355, 18.894413216292616 ], [ 72.808693354397874, 18.894449181606415 ], [ 72.808478202580446, 18.894601472357252 ], [ 72.808253638022194, 18.894761742218702 ], [ 72.808000005280363, 18.894959305554007 ], [ 72.807800325943091, 18.895137553158023 ], [ 72.807527476546909, 18.895372254742536 ], [ 72.807379331000917, 18.895511405675357 ], [ 72.807379162861608, 18.895511564469928 ], [ 72.807327923225373, 18.895559692918447 ], [ 72.807252226526387, 18.895631570047275 ], [ 72.806972667083372, 18.895897019462851 ], [ 72.806878021295688, 18.896000036351531 ], [ 72.806856432391726, 18.896023533415732 ], [ 72.806850547804785, 18.896029940266285 ], [ 72.806676358543427, 18.896219536807649 ], [ 72.806476862837229, 18.896411577529694 ], [ 72.806263392236119, 18.896663663731978 ], [ 72.806016171012217, 18.896971538706328 ], [ 72.805909597751565, 18.897096204160444 ], [ 72.805768701890003, 18.897261015618337 ], [ 72.805550799426499, 18.897549985097019 ], [ 72.805493697996297, 18.897630839833294 ], [ 72.805493681571605, 18.897630862220545 ], [ 72.805386355685457, 18.897782832719336 ], [ 72.805227799019974, 18.898013495189144 ], [ 72.805159153510473, 18.898113360516678 ], [ 72.805060659331389, 18.898280239396986 ], [ 72.805060563240289, 18.898280403556523 ], [ 72.804980855544173, 18.898415451587489 ], [ 72.804862324247324, 18.898604935872118 ], [ 72.804796726672464, 18.898709801302893 ], [ 72.804796447573395, 18.89871024511384 ], [ 72.804783034768121, 18.898731686949777 ], [ 72.804774250779957, 18.898747191319526 ], [ 72.80464291399683, 18.899001507556598 ], [ 72.804531320007527, 18.899262927125825 ], [ 72.804404870663461, 18.899652892337308 ], [ 72.804334023163818, 18.899915167268567 ], [ 72.804185673296246, 18.900433219767503 ], [ 72.804051867577314, 18.900991715440494 ], [ 72.803860045651561, 18.901878806580566 ], [ 72.803767958679941, 18.902352455102001 ], [ 72.803767918049274, 18.902352659659318 ], [ 72.803751342196605, 18.90243753354537 ], [ 72.803695228901987, 18.90277079157951 ], [ 72.803679695300374, 18.902867925843289 ], [ 72.803671840199215, 18.902917046552737 ], [ 72.80909367223974, 18.902981084016027 ] ] ] } },
{ "type": "Feature", "properties": { "grid_id": "cell_0469", "ward_id": "R/N", "ward_gid": 15, "NDVI_prev": 0.32468546206094956, "LST_C": 33.932356748844789, "NDVI": 0.35587924325736048, "pop_density_km2": 70487.585203219918, "elderly_pct": 4.7571458724124112, "slum_pct": 16.325596303545744, "hospital_dist_m": 700.45200364822529, "impervious_pct": 37.734161229214905 }, "geometry": { "type": "Polygon", "coordinates": [ [ [ 72.871019214265402, 19.255975368724879 ], [ 72.870951963959172, 19.261184115627291 ], [ 72.87108913819813, 19.261165304246049 ], [ 72.87109328665089, 19.261164732927615 ], [ 72.871091068493811, 19.261099486907497 ], [ 72.87109145944703, 19.261099556494582 ], [ 72.871091434435613, 19.261098694501239 ], [ 72.87146067583501, 19.261162491434956 ], [ 72.87166416205595, 19.261208249284095 ], [ 72.871766929738172, 19.261230008280609 ], [ 72.871869695548398, 19.26125176448992 ], [ 72.871894399889754, 19.261244428639746 ], [ 72.872055705951169, 19.261215182148764 ], [ 72.872155642188332, 19.26119405859383 ], [ 72.872164227501372, 19.261195035584628 ], [ 72.872266914411739, 19.261166532800083 ], [ 72.87227888318499, 19.261168657457272 ], [ 72.872406132980345, 19.261191241197412 ], [ 72.872471700808532, 19.261202878560358 ], [ 72.872473384634958, 19.261202185491168 ], [ 72.872641735012337, 19.261133015406607 ], [ 72.872698228937509, 19.261067065198795 ], [ 72.872699294048587, 19.261065821169399 ], [ 72.872699456255901, 19.261065633373985 ], [ 72.873211663389768, 19.26084739191214 ], [ 72.873212083685644, 19.260847212971907 ], [ 72.873226534152607, 19.260841906474582 ], [ 72.873329230618793, 19.260804190894081 ], [ 72.873572298906254, 19.26074581854698 ], [ 72.873758922053213, 19.260701706579376 ], [ 72.873803059989285, 19.260691272516379 ], [ 72.873847996703503, 19.260582532261477 ], [ 72.874042617573735, 19.26060744656078 ], [ 72.874043124590514, 19.260607513878284 ], [ 72.874256504817026, 19.260610528153688 ], [ 72.874490184391661, 19.260613830589275 ], [ 72.874855569476637, 19.260679142981559 ], [ 72.874998782887602, 19.260712627590877 ], [ 72.874999226676849, 19.260712730300948 ], [ 72.875059082362426, 19.26072672466708 ], [ 72.87520633382735, 19.260678983108306 ], [ 72.875322739522844, 19.260623472631561 ], [ 72.875340960364042, 19.260614782835642 ], [ 72.875341382399483, 19.26061458089557 ], [ 72.875656954644143, 19.260481515539215 ], [ 72.875741541386688, 19.260445848030709 ], [ 72.875827680966211, 19.260501154382208 ], [ 72.875887188604594, 19.260539361572587 ], [ 72.875983509992338, 19.26049601263469 ], [ 72.876021055276837, 19.260479117221248 ], [ 72.876107176885299, 19.260440359272216 ], [ 72.876140178152383, 19.260406750519095 ], [ 72.876199319860063, 19.260346515829607 ], [ 72.876212342835856, 19.260333252896704 ], [ 72.876661034466707, 19.259876277869047 ], [ 72.876814128218982, 19.259721516534309 ], [ 72.876814808531734, 19.259720829832673 ], [ 72.876816057635082, 19.259719623139507 ], [ 72.876915612134013, 19.259623377773355 ], [ 72.87730089837379, 19.259241171152791 ], [ 72.877654111133424, 19.258786183606141 ], [ 72.877657380812948, 19.258778141044786 ], [ 72.877683432737172, 19.258712317084512 ], [ 72.877692832685639, 19.258688567628841 ], [ 72.877839204966563, 19.258318743499977 ], [ 72.877889173033495, 19.258195909954964 ], [ 72.877918303699758, 19.258124298391948 ], [ 72.877928538712098, 19.258099137789483 ], [ 72.87808996572511, 19.257835430881304 ], [ 72.878193668658142, 19.257666017631458 ], [ 72.878231703259658, 19.257598827790172 ], [ 72.87823242840382, 19.257597168796263 ], [ 72.878232568511066, 19.257596923833521 ], [ 72.878262547641413, 19.2575246174973 ], [ 72.878325391372812, 19.257373057025731 ], [ 72.878501155157764, 19.257070405932993 ], [ 72.878654251359663, 19.25680678774626 ], [ 72.878773056333941, 19.256728670586554 ], [ 72.879050711165647, 19.256553116517235 ], [ 72.87927696044143, 19.256410064654748 ], [ 72.879515053034467, 19.256261613771173 ], [ 72.879701575947081, 19.256155940699049 ], [ 72.8798116274574, 19.256092753258855 ], [ 72.879820259368202, 19.256087797825703 ], [ 72.879820712932499, 19.256087435459765 ], [ 72.879832877002031, 19.256077778913237 ], [ 72.871019214265402, 19.255975368724879 ] ] ] } },
{ "type": "Feature", "properties": { "grid_id": "cell_0470", "ward_id": "T", "ward_gid": 13, "NDVI_prev": 0.64145434717575378, "LST_C": 29.812557905157039, "NDVI": 0.64303585276960284, "pop_density_km2": 6621.8674423017101, "elderly_pct": 4.7571458757368648, "slum_pct": 0.0, "hospital_dist_m": 3974.4740974681231, "impervious_pct": 0.89564820343507423 }, "geometry": { "type": "Polygon", "coordinates": [ [ [ 72.928642339102126, 19.211473221712243 ], [ 72.919135340599738, 19.211365488387607 ], [ 72.919068654448751, 19.216663328685158 ], [ 72.919365902485751, 19.216740025810168 ], [ 72.920088987494779, 19.21693349773297 ], [ 72.920089038042534, 19.21693348566108 ], [ 72.921591195129309, 19.216564401075185 ], [ 72.922291022978541, 19.216394450846778 ], [ 72.924188936952362, 19.21498540650791 ], [ 72.926159012359406, 19.213524354359066 ], [ 72.927565043766947, 19.211693537849261 ], [ 72.928434240231354, 19.211562806669217 ], [ 72.928641564383156, 19.211535061230833 ], [ 72.928642339102126, 19.211473221712243 ] ] ] } },
{ "type": "Feature", "properties": { "grid_id": "cell_0471", "ward_id": "R/N", "ward_gid": 15, "NDVI_prev": 0.58476929998322191, "LST_C": 27.787805872448779, "NDVI": 0.71106088845106452, "pop_density_km2": 12089.879337471977, "elderly_pct": 4.4875682084723225, "slum_pct": 0.0, "hospital_dist_m": 1498.0570257756333, "impervious_pct": 0.0 }, "geometry": { "type": "Polygon", "coordinates": [ [ [ 72.851883212059406, 19.264783984047941 ], [ 72.842373617482068, 19.264671971706623 ], [ 72.842337316319302, 19.267445103193438 ], [ 72.842486148655865, 19.267449950125467 ], [ 72.842839678075634, 19.267373262873981 ], [ 72.843253688441877, 19.267291156595753 ], [ 72.843926421056054, 19.267200740013866 ], [ 72.844149911443765, 19.267170754278222 ], [ 72.844280069757673, 19.267148455878818 ], [ 72.844503793295573, 19.267107253319043 ], [ 72.844655384542548, 19.26708142466773 ], [ 72.84490393631414, 19.267042083340122 ], [ 72.845234904042982, 19.266986099334442 ], [ 72.845561933195754, 19.266934613378627 ], [ 72.845853030976983, 19.267013819342434 ], [ 72.846104536393071, 19.267086146147808 ], [ 72.846198070348876, 19.267107328406116 ], [ 72.846645426325267, 19.2672339304311 ], [ 72.846769323373579, 19.267266664924172 ], [ 72.847076188495393, 19.267341921579657 ], [ 72.847303053886293, 19.267548275566874 ], [ 72.847634427878418, 19.267855679996593 ], [ 72.847855330459566, 19.268014303704515 ], [ 72.848635733574056, 19.268562732591981 ], [ 72.84901599969696, 19.268812244585522 ], [ 72.849190089729106, 19.268927474245714 ], [ 72.849246228281672, 19.268960201830215 ], [ 72.849445725362301, 19.269094084154311 ], [ 72.84973010434571, 19.269276107966334 ], [ 72.849882078251412, 19.269376790238031 ], [ 72.850048260123984, 19.269477056066105 ], [ 72.850258251168484, 19.269592002678227 ], [ 72.850440265841272, 19.26969163339956 ], [ 72.850506316404463, 19.26972591609832 ], [ 72.850807945491297, 19.2698962113103 ], [ 72.850809034116836, 19.269896827479361 ], [ 72.850878167520207, 19.269912217985432 ], [ 72.850991421918195, 19.269924502643651 ], [ 72.851212426699988, 19.269928927968184 ], [ 72.851337307127238, 19.269934047320842 ], [ 72.851502645718625, 19.269932340477297 ], [ 72.851752432350807, 19.269940753553328 ], [ 72.851815985558687, 19.269941917009067 ], [ 72.851883212059406, 19.264783984047941 ] ] ] } },
{ "type": "Feature", "properties": { "grid_id": "cell_0472", "ward_id": "A", "ward_gid": 1, "NDVI_prev": 0.25076552933174723, "LST_C": 30.160193801355391, "NDVI": 0.24041806867147061, "pop_density_km2": 39768.43694310823, "elderly_pct": 5.5859844899373678, "slum_pct": 0.086753314344699545, "hospital_dist_m": 1244.859238942953, "impervious_pct": 49.454296160877433 }, "geometry": { "type": "Polygon", "coordinates": [ [ [ 72.818465304741807, 18.91212396589696 ], [ 72.827954641808589, 18.912235230324317 ], [ 72.827958940759657, 18.911902406547775 ], [ 72.82793688591849, 18.911886841731015 ], [ 72.827934160343517, 18.911884917511593 ], [ 72.827912319019376, 18.91187038322958 ], [ 72.827912191986385, 18.911870298643336 ], [ 72.827912119536663, 18.911870249922888 ], [ 72.827816340959203, 18.911806508961195 ], [ 72.827768300078276, 18.911772232661974 ], [ 72.827664807214177, 18.911695951728962 ], [ 72.827587649813339, 18.911642048274548 ], [ 72.82758757363807, 18.911641994090825 ], [ 72.827511415577007, 18.911589272928108 ], [ 72.827509142719251, 18.911587275417126 ], [ 72.827507559580241, 18.911585885742067 ], [ 72.827380099780797, 18.911501536301795 ], [ 72.827324759652342, 18.911464769100895 ], [ 72.827272247285975, 18.911429877629967 ], [ 72.827134177153255, 18.911338690836917 ], [ 72.827133718862825, 18.911338388300557 ], [ 72.826975530349031, 18.911233912024908 ], [ 72.82697532426036, 18.911233775930238 ], [ 72.826958091857932, 18.911222396387142 ], [ 72.826954385097508, 18.911219947618957 ], [ 72.826949282754839, 18.911216578352434 ], [ 72.826946397620546, 18.911215399249087 ], [ 72.826946371178877, 18.911215389003733 ], [ 72.82694163935416, 18.911213459354506 ], [ 72.826941612912478, 18.911213449109148 ], [ 72.826938301957924, 18.911212098821725 ], [ 72.826926272841334, 18.911199876014717 ], [ 72.826841486137084, 18.910958117746514 ], [ 72.826837237202085, 18.910942542773899 ], [ 72.826816704032638, 18.910867262272649 ], [ 72.826782140723722, 18.910715016028213 ], [ 72.826708150225002, 18.910445264700755 ], [ 72.826829865082587, 18.910382286017001 ], [ 72.826829682438827, 18.910381951479369 ], [ 72.826714597816078, 18.910172310765482 ], [ 72.826577440537051, 18.909922462225936 ], [ 72.825937066492813, 18.908856707323761 ], [ 72.825903687128786, 18.90880707255695 ], [ 72.825889682474056, 18.908786246502974 ], [ 72.825856342658653, 18.908763462212477 ], [ 72.825648441211285, 18.908293558009316 ], [ 72.825028587921338, 18.907338165153 ], [ 72.824929144715455, 18.907390604420169 ], [ 72.823740486602873, 18.908700628513159 ], [ 72.823719497739191, 18.908723179866843 ], [ 72.823719470795638, 18.908723208455331 ], [ 72.823719396689185, 18.908723287976812 ], [ 72.823719367812728, 18.908723319252431 ], [ 72.823593893652586, 18.908858129578199 ], [ 72.823593792602423, 18.908858237688086 ], [ 72.822951374738167, 18.909548449461699 ], [ 72.822371927276095, 18.910171924577483 ], [ 72.822310853379491, 18.910237638380373 ], [ 72.822296345822778, 18.910252306946671 ], [ 72.82223145614536, 18.910186500406127 ], [ 72.822217202207781, 18.910171909084607 ], [ 72.821579158698881, 18.909518697603804 ], [ 72.821448231399984, 18.909380694526238 ], [ 72.820732843431756, 18.908619763814194 ], [ 72.820693068988831, 18.908578707302301 ], [ 72.820521006122888, 18.908401097184964 ], [ 72.820520858102569, 18.908400948216563 ], [ 72.820520989694899, 18.908400826918136 ], [ 72.820568445633938, 18.908357221866854 ], [ 72.820568492680565, 18.908357179965957 ], [ 72.820568513814038, 18.908357160342348 ], [ 72.820568547458919, 18.908357127316727 ], [ 72.820568577214516, 18.908357101471502 ], [ 72.820647706266143, 18.908284392149277 ], [ 72.82068828613798, 18.90825172927957 ], [ 72.819647808883857, 18.907159292087922 ], [ 72.81945030701327, 18.907304791859989 ], [ 72.819297677711901, 18.907142378954301 ], [ 72.819216984349509, 18.907056512098229 ], [ 72.819101422575642, 18.906944625149677 ], [ 72.818649132051547, 18.906496518515471 ], [ 72.818602873009141, 18.906445965037001 ], [ 72.818538239726109, 18.906500970685986 ], [ 72.818465304741807, 18.91212396589696 ] ] ] } },
{ "type": "Feature", "properties": { "grid_id": "cell_0473", "ward_id": "M/E", "ward_gid": 16, "NDVI_prev": 0.32046049833546764, "LST_C": 33.824214847635616, "NDVI": 0.35031934921012048, "pop_density_km2": 32526.180256929991, "elderly_pct": 4.7571458676779148, "slum_pct": 20.652690452878332, "hospital_dist_m": 432.48452988852426, "impervious_pct": 26.435161574481892 }, "geometry": { "type": "Polygon", "coordinates": [ [ [ 72.94988613885738, 19.031052312732065 ], [ 72.949775254382089, 19.040084147594076 ], [ 72.955245544976222, 19.040144820416529 ], [ 72.954576596042585, 19.039397748805516 ], [ 72.954496576411088, 19.039313502290412 ], [ 72.953780274313687, 19.038528213920898 ], [ 72.953521905352005, 19.038341151974677 ], [ 72.954852990385277, 19.037514628727109 ], [ 72.953960061312301, 19.036356674245599 ], [ 72.953865065711284, 19.036316704173956 ], [ 72.953790290088222, 19.036296416852441 ], [ 72.95368799822819, 19.03629528317326 ], [ 72.953558428539068, 19.036293847098293 ], [ 72.953415776376502, 19.036246862363956 ], [ 72.953240976994437, 19.036111453863366 ], [ 72.953028007184386, 19.035926106748615 ], [ 72.952865636678339, 19.035715139754934 ], [ 72.952818405333744, 19.035580981719178 ], [ 72.952820826745551, 19.035383462126873 ], [ 72.952823960292804, 19.035127848536469 ], [ 72.952820486644967, 19.034912832983068 ], [ 72.952738099237479, 19.03465627119478 ], [ 72.952332536198583, 19.033396260805219 ], [ 72.951869323489817, 19.031941641335546 ], [ 72.951592154997257, 19.031071243484622 ], [ 72.94988613885738, 19.031052312732065 ] ] ] } },
{ "type": "Feature", "properties": { "grid_id": "cell_0474", "ward_id": "A", "ward_gid": 1, "NDVI_prev": 0.16193534929892803, "LST_C": 32.947560555767581, "NDVI": 0.16813648934905992, "pop_density_km2": 63109.187668275983, "elderly_pct": 5.5859844872462485, "slum_pct": 0.0, "hospital_dist_m": 165.37919620219421, "impervious_pct": 92.59730963381638 }, "geometry": { "type": "MultiPolygon", "coordinates": [ [ [ [ 72.837327866630588, 18.921377305538687 ], [ 72.837332299071107, 18.921032837677107 ], [ 72.837005632485941, 18.921373549975964 ], [ 72.837327866630588, 18.921377305538687 ] ] ], [ [ [ 72.827954641808589, 18.912235230324317 ], [ 72.827837954549565, 18.921266468489456 ], [ 72.833439438667426, 18.921331949474894 ], [ 72.833398553297059, 18.921240293188898 ], [ 72.833297590405792, 18.921012253700926 ], [ 72.832851449375084, 18.920118995515274 ], [ 72.832821365291693, 18.920051534520805 ], [ 72.832740341483216, 18.919869839217547 ], [ 72.832742338133627, 18.919868096656113 ], [ 72.83274863764224, 18.919852625977764 ], [ 72.832612694738572, 18.919553677218637 ], [ 72.832343058644099, 18.918954974778597 ], [ 72.832340860778174, 18.918950094073725 ], [ 72.832199483263409, 18.918630930764326 ], [ 72.832139530391842, 18.918495359897733 ], [ 72.832138557333252, 18.918493242124509 ], [ 72.832083840186968, 18.918374206098054 ], [ 72.832083990555844, 18.91837417443374 ], [ 72.832085816645787, 18.918373807360812 ], [ 72.832086482756395, 18.918373673329224 ], [ 72.832088949299703, 18.918373174634738 ], [ 72.832340666689845, 18.91832245456277 ], [ 72.832340856059758, 18.918322416127641 ], [ 72.832340963596636, 18.918322393898769 ], [ 72.832341048288257, 18.918322376822644 ], [ 72.832341133928836, 18.918322359757603 ], [ 72.832449352500063, 18.91830055340661 ], [ 72.83252141911899, 18.918286186799989 ], [ 72.832526251167891, 18.918285222543009 ], [ 72.832526597514374, 18.918285155229974 ], [ 72.832529080141668, 18.918284660330297 ], [ 72.832531028950555, 18.918284271201117 ], [ 72.832531810189252, 18.918284115027511 ], [ 72.832535969461887, 18.918283286532198 ], [ 72.832537331146767, 18.918283015196661 ], [ 72.832539914644741, 18.918282499796511 ], [ 72.832552036591238, 18.918280084221415 ], [ 72.832592905270729, 18.918271936229342 ], [ 72.832639661260146, 18.918262614991448 ], [ 72.832662397915541, 18.918258743556233 ], [ 72.832691440106487, 18.918253798606255 ], [ 72.832694970988342, 18.91825319671436 ], [ 72.832739049838693, 18.918245690457404 ], [ 72.832791480250009, 18.918236763324238 ], [ 72.832798015953514, 18.918232486817349 ], [ 72.832798574322538, 18.91823202273746 ], [ 72.832804552442013, 18.918227045110662 ], [ 72.832808073511956, 18.91822433308057 ], [ 72.832808460821198, 18.91822403320354 ], [ 72.832813131284126, 18.918220436751355 ], [ 72.83281768818928, 18.918215415431231 ], [ 72.832820891416048, 18.918211884946682 ], [ 72.83282783300659, 18.918201597449102 ], [ 72.832835190646307, 18.918188559858255 ], [ 72.832838459209498, 18.918174955145201 ], [ 72.832839686121488, 18.91816018035264 ], [ 72.832839920361337, 18.91815371663079 ], [ 72.832840095323661, 18.918148906090586 ], [ 72.832839661446272, 18.918143541967464 ], [ 72.832839231882957, 18.918138211315416 ], [ 72.832839226945921, 18.918138152545701 ], [ 72.832839224518153, 18.918138119999885 ], [ 72.832838871828301, 18.918133746800542 ], [ 72.832837237947345, 18.918120530152834 ], [ 72.832835399537601, 18.918115669005786 ], [ 72.832833561104664, 18.91811080966497 ], [ 72.832832957201802, 18.918109873156325 ], [ 72.832830294874526, 18.918105754806575 ], [ 72.832828922908149, 18.918103878969198 ], [ 72.832827285164967, 18.918101636916926 ], [ 72.832827062260847, 18.918101331721218 ], [ 72.832826974559339, 18.918101214176311 ], [ 72.832826835619016, 18.918101021965562 ], [ 72.832825397439933, 18.918099055028769 ], [ 72.832823758747878, 18.918096812965398 ], [ 72.832818739718547, 18.918092035716985 ], [ 72.832814771739038, 18.91808825981359 ], [ 72.832807419673259, 18.918081650604524 ], [ 72.832804227140045, 18.918079272070099 ], [ 72.832801743426074, 18.918077422091443 ], [ 72.832801420029867, 18.918077181660482 ], [ 72.832798782151443, 18.918075216070594 ], [ 72.83279802537713, 18.918074652630818 ], [ 72.832795994382096, 18.91807353958102 ], [ 72.832784544460509, 18.918067265505396 ], [ 72.832778525717885, 18.918065382378458 ], [ 72.83277820525025, 18.918065282890616 ], [ 72.832777557718742, 18.918065080224864 ], [ 72.832774653744636, 18.918064171957823 ], [ 72.832773108170244, 18.918063688730353 ], [ 72.832769887041493, 18.918063233810781 ], [ 72.832769003116809, 18.918063109678315 ], [ 72.832762755061211, 18.918062228301249 ], [ 72.832762078623944, 18.918062132786162 ], [ 72.832747780728184, 18.918061355226648 ], [ 72.832733893575679, 18.918063686975682 ], [ 72.832731392700282, 18.918064051595575 ], [ 72.832728582744991, 18.918064464092279 ], [ 72.832727183499031, 18.918064704279889 ], [ 72.832724088147415, 18.918065241707236 ], [ 72.832657109825035, 18.91807165949534 ], [ 72.832645131440302, 18.918072805864899 ], [ 72.832633550250137, 18.918073916225094 ], [ 72.832633033298578, 18.918073965287412 ], [ 72.832631851122798, 18.918074079745846 ], [ 72.83263057963876, 18.918074201290722 ], [ 72.83263051406648, 18.918074207751108 ], [ 72.832625392960139, 18.918074698036179 ], [ 72.832557832110254, 18.918081171310334 ], [ 72.832546733911812, 18.918082290015107 ], [ 72.832511531018611, 18.918085837913182 ], [ 72.832496149580621, 18.918087388936645 ], [ 72.832440594549311, 18.918093605841353 ], [ 72.832229539820929, 18.918115601254581 ], [ 72.832225800022343, 18.918115991140777 ], [ 72.832218720548326, 18.918116728616624 ], [ 72.832204109213606, 18.918118250672951 ], [ 72.83210538141951, 18.918128540049619 ], [ 72.832102376323618, 18.918128923159426 ], [ 72.832091252452045, 18.918130339613011 ], [ 72.832087614456071, 18.918130489514443 ], [ 72.83208531257344, 18.918130584567798 ], [ 72.832081907637573, 18.918129957676047 ], [ 72.832080883131781, 18.91812976866991 ], [ 72.832080671016087, 18.918129730965081 ], [ 72.832080618962351, 18.918129719517918 ], [ 72.832077304918286, 18.91812910994647 ], [ 72.832071416984178, 18.91812746136662 ], [ 72.832068524092833, 18.918126650770535 ], [ 72.83206025930096, 18.918122226703598 ], [ 72.832057451782475, 18.918119874332671 ], [ 72.832057404834657, 18.918119834944012 ], [ 72.832057237687891, 18.918119695695776 ], [ 72.832057199187673, 18.918119663631892 ], [ 72.832056996375925, 18.918119493256157 ], [ 72.832053802917912, 18.918116819332113 ], [ 72.832048378871193, 18.91811165615719 ], [ 72.832045924857397, 18.918108460655304 ], [ 72.832043471792673, 18.918105265164485 ], [ 72.832039599596385, 18.918097154706139 ], [ 72.832037948983285, 18.918091275060501 ], [ 72.832035467233254, 18.918082429329349 ], [ 72.832033350659685, 18.918074484803075 ], [ 72.832030817650676, 18.91806497728518 ], [ 72.832027046873804, 18.918050916416561 ], [ 72.832024363656089, 18.918040913059649 ], [ 72.832021136492699, 18.918026134124457 ], [ 72.832020232324894, 18.918021986622136 ], [ 72.831962746616711, 18.917776608759347 ], [ 72.831962739467542, 18.917776574351869 ], [ 72.831962680999183, 18.917776324368528 ], [ 72.831962616167559, 18.917776052632586 ], [ 72.831962582942538, 18.917775905915992 ], [ 72.831916950405287, 18.917581118213459 ], [ 72.831884272893063, 18.917441630509828 ], [ 72.831871106625314, 18.917391971620187 ], [ 72.831867833697586, 18.917380006714186 ], [ 72.83186781647089, 18.917379944187871 ], [ 72.831863607679125, 18.917372103484112 ], [ 72.831857233463751, 18.917364301616985 ], [ 72.831855501268748, 18.917363350119363 ], [ 72.831845347389987, 18.917357779417884 ], [ 72.831839095428663, 18.917355290160014 ], [ 72.831832781138488, 18.917352776689022 ], [ 72.831811609424477, 18.917349603705819 ], [ 72.831787120419577, 18.917352623574487 ], [ 72.83170702542543, 18.917369729671496 ], [ 72.831611043036489, 18.917391119467176 ], [ 72.83156940479229, 18.917402212837406 ], [ 72.831567351453856, 18.917402759710136 ], [ 72.831546829285585, 18.917407653189127 ], [ 72.831534251186298, 18.917411957514133 ], [ 72.831529432543775, 18.917412178518997 ], [ 72.831521677512214, 18.917412534127529 ], [ 72.831506458050512, 18.917411245303587 ], [ 72.831498225927959, 18.917408780772707 ], [ 72.831493890996086, 18.917407482721675 ], [ 72.831480007034799, 18.91739875487723 ], [ 72.831458853335874, 18.917382560639165 ], [ 72.831373589560116, 18.917310339527656 ], [ 72.83112856779627, 18.917103567001362 ], [ 72.830955831422827, 18.916957796171673 ], [ 72.830741139943598, 18.916774961812713 ], [ 72.830697895032856, 18.91674052176521 ], [ 72.830682023925945, 18.916727881199847 ], [ 72.830575037245978, 18.916642674419649 ], [ 72.830484256596549, 18.91656423907526 ], [ 72.830484212508082, 18.916564198816438 ], [ 72.830484158062632, 18.916564152113715 ], [ 72.830342267692416, 18.916441554108758 ], [ 72.830223622683548, 18.916349057952875 ], [ 72.829916277330284, 18.916087707586044 ], [ 72.829841677840918, 18.916024826131991 ], [ 72.829928299460477, 18.915864892513511 ], [ 72.830074909355346, 18.915638689379023 ], [ 72.830204738063145, 18.915393863142146 ], [ 72.830276797681577, 18.915376871340186 ], [ 72.830306520470742, 18.915369602458913 ], [ 72.83031634905079, 18.91536719814447 ], [ 72.830344599227416, 18.915365047086514 ], [ 72.830364939602489, 18.915362896608201 ], [ 72.830393190474837, 18.915362898023417 ], [ 72.830411796533767, 18.915364375542854 ], [ 72.830420309764662, 18.915365052229902 ], [ 72.830446300583475, 18.915367205888739 ], [ 72.830467770906893, 18.915369354582509 ], [ 72.830501668936378, 18.915377960516768 ], [ 72.830510717353732, 18.915380999161382 ], [ 72.830567625308873, 18.915402995695093 ], [ 72.830576511690779, 18.915406529236915 ], [ 72.830623706584646, 18.915425288756992 ], [ 72.830663164003283, 18.915439594182597 ], [ 72.830663206508248, 18.915439610034809 ], [ 72.830663237672326, 18.915439622141403 ], [ 72.830694895806701, 18.915451100432456 ], [ 72.830717496020554, 18.915457554603176 ], [ 72.830736706155136, 18.915458630876291 ], [ 72.830753726597592, 18.915455597008151 ], [ 72.830770606991194, 18.915450029658796 ], [ 72.830787556770304, 18.915438201707502 ], [ 72.830818687047156, 18.915414236136758 ], [ 72.830854200106003, 18.915386898413175 ], [ 72.830854244224071, 18.915386862798243 ], [ 72.830854368858496, 18.915386765799134 ], [ 72.830854432130494, 18.915386716859107 ], [ 72.830854679454816, 18.915386526451226 ], [ 72.830854870219753, 18.915386379642229 ], [ 72.831237321170974, 18.915091940052083 ], [ 72.831250882340569, 18.915073657493807 ], [ 72.831252480451894, 18.915071757636412 ], [ 72.83125992356716, 18.91506290591505 ], [ 72.831261123436505, 18.915060240858097 ], [ 72.831263314052606, 18.915055377093928 ], [ 72.83126444566372, 18.915047849882765 ], [ 72.831263381119456, 18.915036712869245 ], [ 72.831263315122129, 18.91503601658636 ], [ 72.831257280366273, 18.915030970009546 ], [ 72.831238073271493, 18.915012076081741 ], [ 72.83120352721906, 18.914971890994185 ], [ 72.831040318392198, 18.914787603716757 ], [ 72.830894707401441, 18.914615504629623 ], [ 72.830750698882383, 18.914454063699807 ], [ 72.830700288684255, 18.914396591369481 ], [ 72.829847697092603, 18.913285536713204 ], [ 72.829488723490613, 18.912980635348848 ], [ 72.829473133668301, 18.912962506390919 ], [ 72.829465809133083, 18.912953779504232 ], [ 72.829465779214587, 18.912953744469199 ], [ 72.829465744823253, 18.912953703022897 ], [ 72.829465714016166, 18.912953666243205 ], [ 72.829456755728117, 18.912942995223837 ], [ 72.829447884219675, 18.912932424649753 ], [ 72.829443348035213, 18.912927531865808 ], [ 72.829435665510758, 18.912919245919806 ], [ 72.829433929003699, 18.912917591941774 ], [ 72.829433890905008, 18.912917555365883 ], [ 72.829416117369206, 18.912900637653699 ], [ 72.829397414211741, 18.912885929793113 ], [ 72.8293973829294, 18.912885906303867 ], [ 72.829311669046618, 18.912825524130312 ], [ 72.829300804041353, 18.912817869236861 ], [ 72.829298609367839, 18.912816323205664 ], [ 72.829279048659359, 18.91280254296522 ], [ 72.829253653279039, 18.912784652259564 ], [ 72.829189297480127, 18.912739315664851 ], [ 72.829188762313137, 18.912738939069847 ], [ 72.829055062255748, 18.912644751609417 ], [ 72.829041853683322, 18.912636091137522 ], [ 72.829041771801826, 18.912636037790858 ], [ 72.828983662526241, 18.912597940655374 ], [ 72.828983519546696, 18.912597841431122 ], [ 72.828964549116904, 18.912584548491168 ], [ 72.828962391430466, 18.912583037393627 ], [ 72.828958074183191, 18.912580013370007 ], [ 72.828923556045211, 18.912555828636062 ], [ 72.828921056937915, 18.912554077794162 ], [ 72.828920980750127, 18.912554024514012 ], [ 72.828896913341168, 18.912537161887759 ], [ 72.828824370961783, 18.912489399028477 ], [ 72.828802004256744, 18.912474673525491 ], [ 72.828675062627539, 18.912389632705221 ], [ 72.828582598726413, 18.912326909993787 ], [ 72.828540057723089, 18.91229805182568 ], [ 72.828459797687444, 18.912241139785554 ], [ 72.827954641808589, 18.912235230324317 ] ] ] ] } },
{ "type": "Feature", "properties": { "grid_id": "cell_0475", "ward_id": "G/S", "ward_gid": 7, "NDVI_prev": 0.24486128547972716, "LST_C": 32.891919623087496, "NDVI": 0.2735985058014328, "pop_density_km2": 69845.708449024969, "elderly_pct": 5.5859844907960809, "slum_pct": 0.0, "hospital_dist_m": 277.81960552453188, "impervious_pct": 68.37794130312048 }, "geometry": { "type": "Polygon", "coordinates": [ [ [ 72.817172487957023, 19.011466436268577 ], [ 72.817290349737164, 19.002435350096736 ], [ 72.811797552489466, 19.002370427708005 ], [ 72.811993516001436, 19.002708411759347 ], [ 72.812054528480402, 19.002813641071061 ], [ 72.812398470323046, 19.003414269320462 ], [ 72.812625136627389, 19.003812820278362 ], [ 72.81277133472517, 19.004058495065586 ], [ 72.81283100782386, 19.004158771170975 ], [ 72.813121767925168, 19.004663002462493 ], [ 72.813153394876366, 19.004715471271837 ], [ 72.81317982812692, 19.004762883694724 ], [ 72.813199681685205, 19.004801575128504 ], [ 72.813215216124803, 19.004834991099113 ], [ 72.813244270085633, 19.004894913760804 ], [ 72.813283566951199, 19.004982182309544 ], [ 72.813289157626969, 19.004995954290262 ], [ 72.813315648157541, 19.005049741584852 ], [ 72.813345838860826, 19.005117291142032 ], [ 72.8134017869139, 19.00524285372849 ], [ 72.813427944261392, 19.005312327359817 ], [ 72.81348315093561, 19.0054678806755 ], [ 72.813531321345621, 19.005624653246542 ], [ 72.813571633960123, 19.005746693390638 ], [ 72.813608629015661, 19.005867474912552 ], [ 72.813649688395898, 19.005999373777939 ], [ 72.813688138032518, 19.006127080520042 ], [ 72.813729591437166, 19.006264368285898 ], [ 72.813780010223553, 19.006432090366697 ], [ 72.813836383943737, 19.006617841201557 ], [ 72.813895009411155, 19.006810339709858 ], [ 72.813937980170905, 19.006955577701838 ], [ 72.813984887077893, 19.007109611076551 ], [ 72.813985136525247, 19.007110433270611 ], [ 72.814051952927997, 19.007323184549346 ], [ 72.814118473724463, 19.007532770957443 ], [ 72.81420690951802, 19.007811629915185 ], [ 72.814258924041894, 19.007984687300741 ], [ 72.814288726275436, 19.008083838566549 ], [ 72.814341926660731, 19.008255397023404 ], [ 72.814391784878509, 19.00839720547485 ], [ 72.814426135201344, 19.008491833753713 ], [ 72.814483300115455, 19.008625706849553 ], [ 72.814525809632883, 19.008725133884727 ], [ 72.814563372813822, 19.00881102961139 ], [ 72.814627154475502, 19.008944498573474 ], [ 72.814701536835742, 19.009090978557975 ], [ 72.814773391895756, 19.009222741857737 ], [ 72.814851018556254, 19.009355329384523 ], [ 72.814919651022748, 19.009475520090806 ], [ 72.814954218454616, 19.009532127810548 ], [ 72.815480286492914, 19.010397701889733 ], [ 72.815977027921789, 19.011220402581888 ], [ 72.816115768131681, 19.011453953291014 ], [ 72.817172487957023, 19.011466436268577 ] ] ] } },
{ "type": "Feature", "properties": { "grid_id": "cell_0476", "ward_id": "D", "ward_gid": 4, "NDVI_prev": 0.280970495843057, "LST_C": 30.100607088540798, "NDVI": 0.27603065571721896, "pop_density_km2": 21297.300771058166, "elderly_pct": 5.585984492814684, "slum_pct": 3.4167203842629008, "hospital_dist_m": 129.43701566362853, "impervious_pct": 45.444507975314934 }, "geometry": { "type": "Polygon", "coordinates": [ [ [ 72.799013573324231, 18.948024192605189 ], [ 72.799021652172883, 18.947408213615166 ], [ 72.798958463955074, 18.94741002235369 ], [ 72.798846937879915, 18.947412706432782 ], [ 72.798818171564008, 18.947408026757891 ], [ 72.798758080775315, 18.947397313256868 ], [ 72.798696954755101, 18.947390644524873 ], [ 72.798684797833417, 18.947389318090398 ], [ 72.79865470645116, 18.947382923218889 ], [ 72.798633052419163, 18.947381007944383 ], [ 72.798592815207044, 18.947377448233091 ], [ 72.798562884400937, 18.947375193230858 ], [ 72.798550004333038, 18.947374222784347 ], [ 72.798350822646839, 18.947458513350174 ], [ 72.798222525436117, 18.947535515583663 ], [ 72.798194170675629, 18.947552533685034 ], [ 72.798108035391678, 18.947486109315026 ], [ 72.798084291575535, 18.947464176504607 ], [ 72.798046489974652, 18.947425179713708 ], [ 72.79798294622104, 18.9473570293111 ], [ 72.797943146873919, 18.947314963032799 ], [ 72.797938717259328, 18.947295818550444 ], [ 72.79793610395771, 18.947284531283493 ], [ 72.797921931820852, 18.947240011853562 ], [ 72.797905841611183, 18.947162619573145 ], [ 72.797885293207088, 18.947088301356317 ], [ 72.797850556728292, 18.946946881525793 ], [ 72.797834188612285, 18.946881050167228 ], [ 72.797826483958957, 18.946857934955599 ], [ 72.797810414224827, 18.946809804390444 ], [ 72.797806511248098, 18.94679147275976 ], [ 72.79779691217604, 18.946772602866019 ], [ 72.797777623273021, 18.946740911924021 ], [ 72.797750926406607, 18.946702271930469 ], [ 72.7977590601744, 18.946654850734124 ], [ 72.797776705930886, 18.946642555875989 ], [ 72.797793876491241, 18.946626469876851 ], [ 72.797808102132549, 18.946607224569497 ], [ 72.797839410658796, 18.946571918408825 ], [ 72.797846853290636, 18.946559152770913 ], [ 72.797850564162232, 18.946535045931729 ], [ 72.79783030499712, 18.946444188244737 ], [ 72.797807266961797, 18.946338531317771 ], [ 72.797673120681296, 18.946146322483571 ], [ 72.797681743244866, 18.946126900416925 ], [ 72.797628320023477, 18.946078432628859 ], [ 72.797548024344096, 18.946005586750683 ], [ 72.797370822771583, 18.945874460146825 ], [ 72.797233403620666, 18.945758390809999 ], [ 72.797119529096079, 18.945653597268791 ], [ 72.796990476630654, 18.945559470337415 ], [ 72.796888107049242, 18.945484565331245 ], [ 72.796882409773005, 18.945479781787355 ], [ 72.79686559067126, 18.945448993564607 ], [ 72.796851550475225, 18.945428151461556 ], [ 72.796846493606566, 18.945420645927332 ], [ 72.796834996216887, 18.945400690319229 ], [ 72.796827391741161, 18.945382540496073 ], [ 72.796819117211072, 18.945355993386883 ], [ 72.796798086150488, 18.945270836768643 ], [ 72.796715389034532, 18.945084288905932 ], [ 72.796694135851297, 18.945077739790712 ], [ 72.796590169217538, 18.945045704361732 ], [ 72.796570513810224, 18.9450348756911 ], [ 72.796561587615003, 18.945027024282169 ], [ 72.796532041595313, 18.94498657903041 ], [ 72.796512948527067, 18.9449654546491 ], [ 72.796510385210738, 18.94495759938577 ], [ 72.796510124674157, 18.944956620786417 ], [ 72.796507816208646, 18.944947935762325 ], [ 72.796501419120688, 18.94489356939831 ], [ 72.7964829958037, 18.944877322359098 ], [ 72.796459258574501, 18.944867728667646 ], [ 72.796192002243501, 18.944759714949452 ], [ 72.796154105784282, 18.94472288722087 ], [ 72.79607147660532, 18.944644447284162 ], [ 72.796040325852275, 18.944611861877707 ], [ 72.796022559682072, 18.944586491730284 ], [ 72.795997365068644, 18.944551913221154 ], [ 72.795851464935453, 18.944351672876333 ], [ 72.795847100279531, 18.944345891712469 ], [ 72.795814269917841, 18.944302402519789 ], [ 72.795563588223516, 18.943807669860252 ], [ 72.795455039972978, 18.943399941029153 ], [ 72.795347016024763, 18.942874360342405 ], [ 72.795333921284836, 18.942780233608612 ], [ 72.795314277848547, 18.942611901140829 ], [ 72.795296818255537, 18.942489996925381 ], [ 72.795297873998621, 18.942367621006731 ], [ 72.79529551894565, 18.94226708648263 ], [ 72.795252345587443, 18.942024339654925 ], [ 72.795227817802186, 18.941938087274124 ], [ 72.795221303706128, 18.94192930525951 ], [ 72.795182622902644, 18.941798749423025 ], [ 72.795167527406747, 18.941751183990633 ], [ 72.795160294542768, 18.941732010652959 ], [ 72.795159566684447, 18.941724334370509 ], [ 72.795167660396501, 18.941717497331901 ], [ 72.795174135724139, 18.941712101590245 ], [ 72.795178063645977, 18.941703356137666 ], [ 72.795182821574642, 18.941703399170645 ], [ 72.795193629145189, 18.94170349969405 ], [ 72.795195253421767, 18.941700886960881 ], [ 72.795197081301907, 18.941694480320109 ], [ 72.795165429761028, 18.941634306546135 ], [ 72.795139513762862, 18.941586976440576 ], [ 72.795098606447837, 18.941515301793963 ], [ 72.795077964929234, 18.941478194081508 ], [ 72.795071357359305, 18.941468869909574 ], [ 72.795067380563125, 18.941466954709643 ], [ 72.795057594437964, 18.941469090111148 ], [ 72.795044471017462, 18.941474462786879 ], [ 72.795040675500829, 18.941475078821544 ], [ 72.795024371716679, 18.941445579219234 ], [ 72.794969781069199, 18.941353257179859 ], [ 72.794914071577793, 18.941256147282161 ], [ 72.794871561288161, 18.941180851403264 ], [ 72.794829915287238, 18.94110356963105 ], [ 72.794814889856028, 18.941038902117729 ], [ 72.794797718074378, 18.940964996905343 ], [ 72.794804745071758, 18.940964211563198 ], [ 72.794805673634201, 18.940945695296733 ], [ 72.794818232670934, 18.940914129114823 ], [ 72.794817888100042, 18.940905457501344 ], [ 72.794809920749245, 18.940831640988954 ], [ 72.794700119601487, 18.940540603738434 ], [ 72.794572124706562, 18.940241643578315 ], [ 72.794567468708351, 18.940195113662686 ], [ 72.794553931993008, 18.940162008686478 ], [ 72.794454735859205, 18.940044419778932 ], [ 72.794440469954296, 18.939979611346729 ], [ 72.794408839386548, 18.939794615054144 ], [ 72.794390770890359, 18.939731327609934 ], [ 72.794371159288275, 18.939722499068584 ], [ 72.794358153208933, 18.939723356890557 ], [ 72.794302048481399, 18.939725682836091 ], [ 72.79425618108084, 18.939707995469501 ], [ 72.794221161802241, 18.939658557205441 ], [ 72.794241672086187, 18.939632796850557 ], [ 72.794300528199969, 18.939654414282685 ], [ 72.794554689177914, 18.93965975435556 ], [ 72.794775914767357, 18.939713473865378 ], [ 72.794775982102209, 18.939696495511686 ], [ 72.794573334283029, 18.939649162506832 ], [ 72.7945295094447, 18.939642686160202 ], [ 72.79429698158016, 18.93963868909557 ], [ 72.794197620020725, 18.939587480109797 ], [ 72.793973604080435, 18.939424102037471 ], [ 72.793903724888665, 18.9393823980324 ], [ 72.793846332272707, 18.939374243562547 ], [ 72.79380967978976, 18.939353973171769 ], [ 72.793798528512355, 18.939341466976689 ], [ 72.793789759629277, 18.939327526778527 ], [ 72.793637310481429, 18.939282543275915 ], [ 72.793613014533094, 18.939282456500379 ], [ 72.793601993502335, 18.939285393671469 ], [ 72.79356943377644, 18.939286455030818 ], [ 72.793529824959478, 18.939270053222433 ], [ 72.793455870264452, 18.939274122033105 ], [ 72.793404762207771, 18.939260932578247 ], [ 72.79339899173938, 18.9392563964727 ], [ 72.79337503190574, 18.939242580775286 ], [ 72.79330150052597, 18.939212059493357 ], [ 72.793246160034087, 18.93921330762787 ], [ 72.7932345582755, 18.939218685651127 ], [ 72.793155589940014, 18.939241884951134 ], [ 72.792930143565854, 18.939415477377363 ], [ 72.792928510499422, 18.939421068876648 ], [ 72.79292913735955, 18.939429921784512 ], [ 72.792950866972973, 18.939455111709801 ], [ 72.792956244447467, 18.939463620124425 ], [ 72.792957345215356, 18.939472382026295 ], [ 72.792883931636581, 18.939531822143739 ], [ 72.792828214463484, 18.939485107139344 ], [ 72.792775153376752, 18.939509572987209 ], [ 72.792665896284305, 18.939583961307466 ], [ 72.792596898260911, 18.939653802300437 ], [ 72.792557222061276, 18.939749665179985 ], [ 72.792555567304717, 18.939760226051071 ], [ 72.792557148091035, 18.939767997392703 ], [ 72.792609043840827, 18.939798530575043 ], [ 72.792619157386227, 18.939808594762194 ], [ 72.792621597187562, 18.939815646510866 ], [ 72.79262100626157, 18.939844636239624 ], [ 72.792612688238492, 18.939860231939388 ], [ 72.792463658588105, 18.940030486349663 ], [ 72.792442228367591, 18.940049015012761 ], [ 72.792441023888841, 18.940065901223051 ], [ 72.792457194104813, 18.940080681094241 ], [ 72.792541563226038, 18.940226758794772 ], [ 72.792579177871502, 18.940314773166865 ], [ 72.792704481070814, 18.940454672221641 ], [ 72.792725395800375, 18.940517156354975 ], [ 72.792719035773857, 18.940565907168857 ], [ 72.792733680746423, 18.940582485282832 ], [ 72.792780460193256, 18.94063404822273 ], [ 72.79279079457595, 18.94066118088034 ], [ 72.792797209496797, 18.940694531762347 ], [ 72.792799358596625, 18.940726872619685 ], [ 72.792796500629322, 18.940753141894902 ], [ 72.792796052915591, 18.940770300864539 ], [ 72.792813911974491, 18.940790778593747 ], [ 72.79284436919626, 18.940817533884033 ], [ 72.792868331380461, 18.940830533162028 ], [ 72.792917935722912, 18.940911273697612 ], [ 72.793002583944627, 18.941058706725336 ], [ 72.793061309669028, 18.941184637503412 ], [ 72.793082706762661, 18.941246041657461 ], [ 72.793138808601924, 18.941363838206257 ], [ 72.793298363007409, 18.941698136583302 ], [ 72.793309169386021, 18.941773138522965 ], [ 72.793384989048974, 18.941945376857834 ], [ 72.793245346608927, 18.942738585512096 ], [ 72.793374728196412, 18.943094088751536 ], [ 72.793490183825213, 18.943474443057884 ], [ 72.793432205251776, 18.943867281809009 ], [ 72.793418058779508, 18.943870256202768 ], [ 72.793427907479867, 18.943896400588919 ], [ 72.793400799708735, 18.944080070952417 ], [ 72.79339793225796, 18.944080672811733 ], [ 72.793399458342648, 18.944089160998111 ], [ 72.793365151517236, 18.944248918180783 ], [ 72.793154815766599, 18.944544468561201 ], [ 72.793002312753899, 18.944772967605946 ], [ 72.792813774632663, 18.945034907205983 ], [ 72.792698285289276, 18.945155463315345 ], [ 72.792245849584432, 18.945454903420309 ], [ 72.79204726087994, 18.945701724717917 ], [ 72.791966584522086, 18.946376054774685 ], [ 72.791898887723761, 18.946894629365289 ], [ 72.791845769842681, 18.947385628085183 ], [ 72.791785987418322, 18.947938226042123 ], [ 72.799013573324231, 18.948024192605189 ] ] ] } },
{ "type": "Feature", "properties": { "grid_id": "cell_0477", "ward_id": "P/N", "ward_gid": 21, "NDVI_prev": 0.28840545666308015, "LST_C": 32.420185505873171, "NDVI": 0.31578710754328598, "pop_density_km2": 9610.8739219782037, "elderly_pct": 4.7571458702463199, "slum_pct": 0.0, "hospital_dist_m": 3682.1901777529806, "impervious_pct": 16.554472454156848 }, "geometry": { "type": "Polygon", "coordinates": [ [ [ 72.786165082318419, 19.200774809407314 ], [ 72.786260329880918, 19.193655845044233 ], [ 72.786102643587085, 19.193599437644721 ], [ 72.785903738901652, 19.193623060125987 ], [ 72.785820968349626, 19.193667603270818 ], [ 72.785670078033505, 19.193685299221855 ], [ 72.785635844141126, 19.193684885749935 ], [ 72.785505929393494, 19.193670304386771 ], [ 72.785268294362027, 19.193517793536223 ], [ 72.785016443883194, 19.193404147271057 ], [ 72.784757659965422, 19.193296923037703 ], [ 72.784531891016741, 19.19328118283002 ], [ 72.784210615972384, 19.193238263722368 ], [ 72.783936745754644, 19.193234953661968 ], [ 72.783716255864562, 19.193336386050461 ], [ 72.783522281524824, 19.193503199707713 ], [ 72.783321024356866, 19.193702455583473 ], [ 72.783114052750989, 19.193817062794903 ], [ 72.782642061215341, 19.193778824500711 ], [ 72.782346429735156, 19.1938663341001 ], [ 72.782214859076248, 19.193975346176643 ], [ 72.782158515656008, 19.194091774269399 ], [ 72.782046351693324, 19.194285600172762 ], [ 72.781821096275522, 19.194437914410322 ], [ 72.781755335741494, 19.194448056685555 ], [ 72.781666872798638, 19.19454525158854 ], [ 72.781666085900042, 19.194547076496825 ], [ 72.781571675609172, 19.194766023215561 ], [ 72.781573645587912, 19.195031799101905 ], [ 72.781576951687967, 19.195040901064537 ], [ 72.781657764674762, 19.195263349081689 ], [ 72.782203782698602, 19.19676629485161 ], [ 72.782410848595134, 19.197336247743582 ], [ 72.782430364580406, 19.198110338843744 ], [ 72.782424234169611, 19.198567724282753 ], [ 72.782419738424437, 19.198903140236403 ], [ 72.782447337882189, 19.199238944514562 ], [ 72.782569724875799, 19.199687718946535 ], [ 72.782652587981758, 19.199892036780582 ], [ 72.782859998410416, 19.200304537232281 ], [ 72.783128101115807, 19.2005136792637 ], [ 72.783323974612173, 19.200721947373395 ], [ 72.783489421354545, 19.200742471047104 ], [ 72.784834404028004, 19.200758731551122 ], [ 72.784961589832022, 19.200750737294829 ], [ 72.784970326759577, 19.200760374273909 ], [ 72.786165082318419, 19.200774809407314 ] ] ] } },
{ "type": "Feature", "properties": { "grid_id": "cell_0478", "ward_id": "F/S", "ward_gid": 6, "NDVI_prev": 0.22642913148486929, "LST_C": 35.137695151958361, "NDVI": 0.23164629449450419, "pop_density_km2": 56399.036770707979, "elderly_pct": 5.5859845040063085, "slum_pct": 0.0, "hospital_dist_m": 1108.662440781234, "impervious_pct": 48.816484250136561 }, "geometry": { "type": "Polygon", "coordinates": [ [ [ 72.855499932531416, 18.984817116304509 ], [ 72.859812132003441, 18.984867039016805 ], [ 72.859841630977442, 18.984796554778274 ], [ 72.859842980070198, 18.984791514780085 ], [ 72.860030780587763, 18.984352938826909 ], [ 72.860105069077903, 18.984183797066237 ], [ 72.86020682224698, 18.983940973342214 ], [ 72.860289819068257, 18.983742483751559 ], [ 72.860388435581001, 18.983510425811779 ], [ 72.860524269965211, 18.98318748738075 ], [ 72.860672490721086, 18.982840032699457 ], [ 72.860755680187225, 18.982644206045432 ], [ 72.860873159183896, 18.982369747637602 ], [ 72.860990137619154, 18.982096236279776 ], [ 72.861120058336851, 18.981793637316983 ], [ 72.861161601732292, 18.981693455135897 ], [ 72.861185269065572, 18.981637809870719 ], [ 72.861186714303628, 18.981629993409403 ], [ 72.861186713807513, 18.981626314382364 ], [ 72.861184292852016, 18.981623097859618 ], [ 72.861025379856059, 18.981475706512224 ], [ 72.86086236402916, 18.981323585979041 ], [ 72.860734453975482, 18.98120513674505 ], [ 72.860640126656932, 18.981115519608789 ], [ 72.860417825453624, 18.980908405227279 ], [ 72.860255777304872, 18.980756284593536 ], [ 72.860083451697832, 18.980596476514599 ], [ 72.859915014573772, 18.980441125736657 ], [ 72.859843525676595, 18.980370337242203 ], [ 72.859629944098756, 18.980169725270638 ], [ 72.859538138910978, 18.980084485172306 ], [ 72.859448425143285, 18.980004698778583 ], [ 72.859290628434252, 18.97985816455229 ], [ 72.859193086868302, 18.979768464460257 ], [ 72.859037649797344, 18.979625739335731 ], [ 72.858974313544621, 18.97956641341575 ], [ 72.858838697299063, 18.979443512053241 ], [ 72.858726889679801, 18.979339675853193 ], [ 72.858498947817282, 18.979129054633859 ], [ 72.858440925519062, 18.979075125654429 ], [ 72.85838290513388, 18.979021198488404 ], [ 72.858192000055752, 18.97884824185326 ], [ 72.858165492638278, 18.978822326539145 ], [ 72.858138984302755, 18.978796409404733 ], [ 72.857961117154261, 18.978632865560503 ], [ 72.857798189650595, 18.978479394338013 ], [ 72.857690740845698, 18.97837879298519 ], [ 72.857682917987859, 18.978370862069426 ], [ 72.857677179092761, 18.978368880718815 ], [ 72.857676366295792, 18.978368958928925 ], [ 72.857676237951537, 18.978368971895819 ], [ 72.857673445010306, 18.978369237650192 ], [ 72.857671966781865, 18.978369378613817 ], [ 72.857602203570025, 18.978384075801738 ], [ 72.857433385884633, 18.978419638203185 ], [ 72.856967375743395, 18.978519007366941 ], [ 72.855718038117075, 18.97880817767145 ], [ 72.855576446259988, 18.978840949738139 ], [ 72.855499932531416, 18.984817116304509 ] ] ] } },
{ "type": "Feature", "properties": { "grid_id": "cell_0479", "ward_id": "F/S", "ward_gid": 6, "NDVI_prev": 0.2855373859605535, "LST_C": 34.409834484233073, "NDVI": 0.34599103925073432, "pop_density_km2": 55076.969778491381, "elderly_pct": 5.5859844943259711, "slum_pct": 0.0, "hospital_dist_m": 1604.3618757939803, "impervious_pct": 30.878106604796301 }, "geometry": { "type": "Polygon", "coordinates": [ [ [ 72.855499932531416, 18.984817116304509 ], [ 72.855384248587157, 18.993848448420263 ], [ 72.860558489711323, 18.99390836640417 ], [ 72.859584808055175, 18.993546871682057 ], [ 72.859946349493839, 18.99275706408427 ], [ 72.856896759406283, 18.991768747185169 ], [ 72.856913403735774, 18.991730711725101 ], [ 72.857013170469017, 18.991492693878211 ], [ 72.857062480300158, 18.991376977465698 ], [ 72.857129912402527, 18.991215318473355 ], [ 72.857156652907719, 18.991153491506999 ], [ 72.857237985429663, 18.990964732835238 ], [ 72.857255367268365, 18.990922483272701 ], [ 72.857270628359231, 18.990885384870293 ], [ 72.85728560674076, 18.99084937885565 ], [ 72.857334268405467, 18.990732413733362 ], [ 72.857425364482623, 18.990521182699208 ], [ 72.85748439895292, 18.990383644675816 ], [ 72.857591938117608, 18.990128976989766 ], [ 72.857633486639202, 18.990032393818989 ], [ 72.857770093513608, 18.989711895459227 ], [ 72.857874899018171, 18.989465460770852 ], [ 72.858031012861971, 18.989094057555402 ], [ 72.858116805932397, 18.988891644634233 ], [ 72.858220010670053, 18.988637835794304 ], [ 72.858320372826782, 18.988403573212853 ], [ 72.858458021473396, 18.988078231055169 ], [ 72.858542197948807, 18.98788044462821 ], [ 72.858587821147921, 18.987780180495353 ], [ 72.858627498277116, 18.987692990996262 ], [ 72.858647939785911, 18.98764204473942 ], [ 72.858706664314312, 18.98750072415222 ], [ 72.858770144556999, 18.98735155857986 ], [ 72.858813608412831, 18.987248978683045 ], [ 72.858918658852545, 18.987001165718198 ], [ 72.858971368279697, 18.986869971498798 ], [ 72.859059589768876, 18.986661528676038 ], [ 72.859092833703215, 18.986580327332124 ], [ 72.859092857227267, 18.986580269795063 ], [ 72.859097371691206, 18.986569242527736 ], [ 72.859471628474566, 18.985655084623673 ], [ 72.85960803071616, 18.98535191101929 ], [ 72.859609382353796, 18.985348901603537 ], [ 72.859609413622479, 18.985348832413447 ], [ 72.85962479771284, 18.985314649981721 ], [ 72.859812132003441, 18.984867039016805 ], [ 72.855499932531416, 18.984817116304509 ] ] ] } },
{ "type": "Feature", "properties": { "grid_id": "cell_0480", "ward_id": "T", "ward_gid": 13, "NDVI_prev": 0.33217134914615815, "LST_C": 32.341390729983438, "NDVI": 0.31988632414049095, "pop_density_km2": 91357.738047972161, "elderly_pct": 4.7571458662207107, "slum_pct": 0.31119290870302097, "hospital_dist_m": 211.18994606781544, "impervious_pct": 55.384018460658737 }, "geometry": { "type": "Polygon", "coordinates": [ [ [ 72.967114755662507, 19.17577212441677 ], [ 72.957609576276482, 19.175666575389332 ], [ 72.957524103444101, 19.182598501292187 ], [ 72.957668577124622, 19.182655548706716 ], [ 72.957698154949668, 19.182665947966164 ], [ 72.957698199826226, 19.182665932206444 ], [ 72.958020763163518, 19.182552397898199 ], [ 72.958164833623599, 19.182167477720864 ], [ 72.958347392186994, 19.182152835608743 ], [ 72.958396419950063, 19.182020798800501 ], [ 72.958452017292061, 19.181927825937748 ], [ 72.958657356033697, 19.181686556540843 ], [ 72.958538471289643, 19.181050427377375 ], [ 72.958622025044662, 19.180809177491291 ], [ 72.958669983780425, 19.180758420963336 ], [ 72.95867004425908, 19.180758450541823 ], [ 72.958744117896217, 19.180795022767366 ], [ 72.958809274311037, 19.180857970517017 ], [ 72.958809347703379, 19.18085795507422 ], [ 72.95901872993521, 19.180814621062339 ], [ 72.959139891388972, 19.180699759624208 ], [ 72.959384177689444, 19.180414880313908 ], [ 72.959560448016376, 19.180207423742221 ], [ 72.959600095677516, 19.180061963000199 ], [ 72.959600069596391, 19.180061919351807 ], [ 72.959392452924533, 19.179708385162279 ], [ 72.95939245246359, 19.179708345412017 ], [ 72.959393995214825, 19.179420372022104 ], [ 72.959746581630256, 19.179314408796696 ], [ 72.95975011568818, 19.179061602131334 ], [ 72.959797866432055, 19.178932955076206 ], [ 72.960173446467209, 19.178900083212103 ], [ 72.960498452042856, 19.179114824389647 ], [ 72.960498496178985, 19.179114791458204 ], [ 72.960778084598559, 19.17890148316534 ], [ 72.960778121202452, 19.178901521510745 ], [ 72.960866934388676, 19.178998274590562 ], [ 72.960876258935116, 19.179008434655238 ], [ 72.960876311714912, 19.179008394593378 ], [ 72.961062237633982, 19.178870735842132 ], [ 72.961062271375212, 19.178870775058975 ], [ 72.961436088061959, 19.17931055141187 ], [ 72.961582073672616, 19.179478874646289 ], [ 72.961582141516558, 19.179478846494483 ], [ 72.961668529701114, 19.179442464785861 ], [ 72.961732356123122, 19.179391055304052 ], [ 72.961813165707724, 19.179204248284218 ], [ 72.961856737313184, 19.179010733355106 ], [ 72.962152823934957, 19.17869486384857 ], [ 72.962549522493305, 19.178425242630606 ], [ 72.962549539563298, 19.17842516874957 ], [ 72.962587696867303, 19.178248047033168 ], [ 72.962622036803921, 19.178108984109603 ], [ 72.962622526040946, 19.1781070031852 ], [ 72.962590978083881, 19.177952125321333 ], [ 72.962581607619754, 19.177857423165296 ], [ 72.962557932196162, 19.177618134409983 ], [ 72.962557626923299, 19.177615051670042 ], [ 72.962557718001136, 19.177614989450365 ], [ 72.962627171322112, 19.177566129738988 ], [ 72.962641228751821, 19.177556232098855 ], [ 72.962769149439566, 19.17742975688347 ], [ 72.963044704117536, 19.177157312253858 ], [ 72.96337906914134, 19.176826720451327 ], [ 72.963783911251639, 19.176670320276639 ], [ 72.96378395665478, 19.176670338846499 ], [ 72.963784000201272, 19.176670353782562 ], [ 72.963785874875143, 19.176671051158205 ], [ 72.963829271640464, 19.176687186932323 ], [ 72.963829289751786, 19.176687260300671 ], [ 72.963846806401477, 19.17676221817435 ], [ 72.963948203405423, 19.176861365917471 ], [ 72.963948386356151, 19.176861640744388 ], [ 72.963972226725446, 19.176897699480257 ], [ 72.963972318926423, 19.176897700503336 ], [ 72.964065292570993, 19.176899206363487 ], [ 72.964065302076264, 19.176899206468956 ], [ 72.964065310642098, 19.176899205660678 ], [ 72.964266379193759, 19.176863835733087 ], [ 72.964266438070851, 19.176863840902822 ], [ 72.964487036600403, 19.176881178224402 ], [ 72.964582682016953, 19.176918243001918 ], [ 72.964741739816787, 19.176934123223468 ], [ 72.964819394951462, 19.176954409145239 ], [ 72.965305380345299, 19.177058939784217 ], [ 72.965744779128684, 19.177143835225419 ], [ 72.965826953432739, 19.177219054542199 ], [ 72.966204608746636, 19.177426678927493 ], [ 72.966245196205534, 19.177473294751263 ], [ 72.966286229896966, 19.177520424072565 ], [ 72.966330255340338, 19.177541921031818 ], [ 72.966499781022932, 19.177582024033228 ], [ 72.966527215142932, 19.177604331606169 ], [ 72.966765868706958, 19.177655551410677 ], [ 72.966969139198611, 19.177950591998599 ], [ 72.966969220193477, 19.177950576636619 ], [ 72.967088298003475, 19.177928214820025 ], [ 72.967114755662507, 19.17577212441677 ] ] ] } },
{ "type": "Feature", "properties": { "grid_id": "cell_0481", "ward_id": "G/N", "ward_gid": 9, "NDVI_prev": 0.25749112698053706, "LST_C": 31.828166442573007, "NDVI": 0.22986934181851909, "pop_density_km2": 47755.543287525914, "elderly_pct": 5.5859844918033339, "slum_pct": 0.0, "hospital_dist_m": 335.82117622104352, "impervious_pct": 51.384382672746426 }, "geometry": { "type": "Polygon", "coordinates": [ [ [ 72.836045549483146, 19.020720924748758 ], [ 72.828735333094457, 19.020635157715478 ], [ 72.82887373411468, 19.020749301382111 ], [ 72.828967153233577, 19.020828086999376 ], [ 72.82916283441655, 19.020993112686437 ], [ 72.829335038064684, 19.021117077800927 ], [ 72.829633169174699, 19.021343066825473 ], [ 72.829771871429031, 19.021475257756837 ], [ 72.829910280209504, 19.02160022635956 ], [ 72.830086053003953, 19.021752284208219 ], [ 72.83039311175078, 19.021994501908143 ], [ 72.830734383096015, 19.022278314658617 ], [ 72.830819367652182, 19.022356739396109 ], [ 72.830978854346768, 19.022502157873561 ], [ 72.831282868466531, 19.022795796892005 ], [ 72.831389063461287, 19.022914321037106 ], [ 72.831631774368731, 19.023164837613258 ], [ 72.831871626563355, 19.02341709888168 ], [ 72.832041872232281, 19.023592410489528 ], [ 72.832252235930085, 19.023817591686335 ], [ 72.832414803923228, 19.023987340103087 ], [ 72.83257015943289, 19.024137590146172 ], [ 72.83289430918235, 19.02444751224029 ], [ 72.833250341093319, 19.024829078185256 ], [ 72.833430785295008, 19.025045666942482 ], [ 72.833544678013766, 19.025198457692333 ], [ 72.834128469800604, 19.02607182813685 ], [ 72.834236610934298, 19.026246624845683 ], [ 72.834300173194976, 19.026356112908214 ], [ 72.834331401143515, 19.026398987105942 ], [ 72.834422294592827, 19.026536268974866 ], [ 72.834694416150413, 19.026947254254299 ], [ 72.834934074251763, 19.027359327385003 ], [ 72.835099696484619, 19.027703169578391 ], [ 72.835272125137152, 19.028066071536244 ], [ 72.835411513800338, 19.028346664574268 ], [ 72.835599615147217, 19.02872725327861 ], [ 72.83573567633033, 19.029026070061327 ], [ 72.835828978443345, 19.029304133841755 ], [ 72.835929294313829, 19.029696886825427 ], [ 72.836045549483146, 19.020720924748758 ] ] ] } },
{ "type": "Feature", "properties": { "grid_id": "cell_0482", "ward_id": "T", "ward_gid": 13, "NDVI_prev": 0.43757224537693917, "LST_C": 28.098299466731376, "NDVI": 0.45280036199243034, "pop_density_km2": 9274.0503257392011, "elderly_pct": 4.7571458645524052, "slum_pct": 0.0, "hospital_dist_m": 2256.4689160757966, "impervious_pct": 0.0 }, "geometry": { "type": "Polygon", "coordinates": [ [ [ 72.958054436236438, 19.13953953246148 ], [ 72.966835906462322, 19.139636885925203 ], [ 72.965678938104148, 19.139077651818099 ], [ 72.965410117645931, 19.138795373496418 ], [ 72.965037387281825, 19.138403969721882 ], [ 72.964524540017877, 19.137873116150988 ], [ 72.964524533465422, 19.137873107948689 ], [ 72.964524525034491, 19.137873097918977 ], [ 72.964135755797727, 19.137456713881463 ], [ 72.962458124083, 19.135699735983756 ], [ 72.962458115641226, 19.13569972685714 ], [ 72.962458107210537, 19.135699716827357 ], [ 72.962228215618509, 19.13545504339843 ], [ 72.961435248945207, 19.134653079735671 ], [ 72.961435240492449, 19.134653071512197 ], [ 72.961435232050803, 19.134653062385553 ], [ 72.961311126749365, 19.134527665055352 ], [ 72.960107552075073, 19.135439434621976 ], [ 72.959688222807998, 19.13579629158659 ], [ 72.95938668604893, 19.136134736347231 ], [ 72.95889497355536, 19.136753704385544 ], [ 72.958318177665589, 19.137542621579286 ], [ 72.958074195552072, 19.13793298866662 ], [ 72.958054436236438, 19.13953953246148 ] ] ] } },
{ "type": "Feature", "properties": { "grid_id": "cell_0483", "ward_id": "F/S", "ward_gid": 6, "NDVI_prev": 0.29458155890572713, "LST_C": 34.092787619388659, "NDVI": 0.3553025227848281, "pop_density_km2": 102462.43044269971, "elderly_pct": 5.585984495161207, "slum_pct": 0.0, "hospital_dist_m": 706.30791993083415, "impervious_pct": 46.816249409541783 }, "geometry": { "type": "Polygon", "coordinates": [ [ [ 72.864647897827197, 19.012021028809368 ], [ 72.866530941324029, 19.012042774525383 ], [ 72.866592833606987, 19.011930931128056 ], [ 72.86668445557585, 19.011817627340822 ], [ 72.866713990704639, 19.011789377913182 ], [ 72.866744409754745, 19.011761138681923 ], [ 72.866869010325061, 19.01169614624612 ], [ 72.867083179428732, 19.011609483310711 ], [ 72.867166116128104, 19.011553259672649 ], [ 72.867223396742403, 19.011498421765353 ], [ 72.867353087598701, 19.011311558329663 ], [ 72.867396364256848, 19.011245627170634 ], [ 72.86742949929284, 19.011212373796454 ], [ 72.867580344891891, 19.011099752770651 ], [ 72.867699640956445, 19.011034698537905 ], [ 72.867756771125983, 19.010991631174949 ], [ 72.867790875772485, 19.010951661742986 ], [ 72.867821412417086, 19.010914173836611 ], [ 72.86783781662767, 19.010875682027763 ], [ 72.867853486948604, 19.010825409235576 ], [ 72.867883831508095, 19.010664307864641 ], [ 72.867887212281858, 19.010607166173799 ], [ 72.867903096951181, 19.010540077980558 ], [ 72.867915263593062, 19.010487242070347 ], [ 72.86792805691708, 19.010454594817723 ], [ 72.867949668235582, 19.010423731058562 ], [ 72.867974708126795, 19.010401315793505 ], [ 72.868010269582541, 19.010385749014574 ], [ 72.868075065544886, 19.010365474032014 ], [ 72.868252727803679, 19.010368363987425 ], [ 72.868328897132614, 19.010357469942001 ], [ 72.868381232068771, 19.010343778273928 ], [ 72.868461494436403, 19.010289204933798 ], [ 72.868527699393141, 19.010227742319959 ], [ 72.868627199586399, 19.010120414462722 ], [ 72.86874385892861, 19.00998469399191 ], [ 72.868832124728456, 19.009857055059442 ], [ 72.868888086333541, 19.009766883789446 ], [ 72.86894155678327, 19.009664070379241 ], [ 72.868968058903874, 19.009596263576238 ], [ 72.868987757326167, 19.009507355977366 ], [ 72.868998637475542, 19.009139170172876 ], [ 72.868996714196513, 19.0090819672719 ], [ 72.868959797477814, 19.008857023175885 ], [ 72.868958672376323, 19.008806556612171 ], [ 72.868964575981821, 19.008759534644931 ], [ 72.869021044902723, 19.008528516256256 ], [ 72.86925026786092, 19.00861044452477 ], [ 72.869369130602408, 19.008670144273513 ], [ 72.86936981373627, 19.008670117822945 ], [ 72.869393915843276, 19.008672127194455 ], [ 72.869419224644588, 19.008674235378468 ], [ 72.869588372190663, 19.008219138924503 ], [ 72.869794664004516, 19.007664100665373 ], [ 72.86717896905715, 19.006066850342364 ], [ 72.864739646974201, 19.004834993646288 ], [ 72.864647897827197, 19.012021028809368 ] ] ] } },
{ "type": "Feature", "properties": { "grid_id": "cell_0484", "ward_id": "R/C", "ward_gid": 11, "NDVI_prev": 0.60951506796247745, "LST_C": 29.364459628359654, "NDVI": 0.54302853117946626, "pop_density_km2": 8836.7745136589147, "elderly_pct": 4.7571458750595452, "slum_pct": 0.0, "hospital_dist_m": 5059.7854480564174, "impervious_pct": 0.0 }, "geometry": { "type": "Polygon", "coordinates": [ [ [ 72.785438745572336, 19.254958881062649 ], [ 72.785559971564098, 19.245928226532705 ], [ 72.781993273540678, 19.245885012971403 ], [ 72.782464067954137, 19.247497334148104 ], [ 72.782481315176298, 19.247558979484616 ], [ 72.782481361507678, 19.247559140817895 ], [ 72.782481374188023, 19.247559187938602 ], [ 72.782503030103015, 19.247635440344236 ], [ 72.782549151682389, 19.247791515286924 ], [ 72.782549157035348, 19.247791541544931 ], [ 72.782554813290375, 19.247812850933094 ], [ 72.782612160474557, 19.248028137383372 ], [ 72.782645716381964, 19.248140312947307 ], [ 72.782645776502619, 19.248140509672968 ], [ 72.782656199805729, 19.248175138699541 ], [ 72.782656261281915, 19.248175376086117 ], [ 72.782691555804078, 19.248310535961373 ], [ 72.782717271784463, 19.248394559125519 ], [ 72.782747072415418, 19.24850149659397 ], [ 72.782747086034561, 19.248501544629264 ], [ 72.782805143158086, 19.24870550074267 ], [ 72.782805180479315, 19.24870562493501 ], [ 72.782852536279378, 19.24887094651972 ], [ 72.782943941782847, 19.249199024178267 ], [ 72.783089220724321, 19.250288927070429 ], [ 72.783112720847384, 19.250929652505501 ], [ 72.783107530302573, 19.251315887020901 ], [ 72.783077069789172, 19.251680099567896 ], [ 72.783052787904765, 19.252039635413777 ], [ 72.783047878616557, 19.252113666290665 ], [ 72.783047868032043, 19.252113816998566 ], [ 72.783046818032645, 19.252128966471091 ], [ 72.783046815475558, 19.25212901521348 ], [ 72.783006525662657, 19.252763751368061 ], [ 72.783115582727945, 19.253267999394932 ], [ 72.783115615870386, 19.253268151536158 ], [ 72.783071066057701, 19.253528945555122 ], [ 72.783035057581756, 19.253783688622402 ], [ 72.782999180805248, 19.254006123608871 ], [ 72.782934522795003, 19.254379790942469 ], [ 72.782841345073308, 19.254699783229135 ], [ 72.782827705029575, 19.254895853884523 ], [ 72.782826247299695, 19.254917558422957 ], [ 72.782825570854897, 19.254927212792143 ], [ 72.785438745572336, 19.254958881062649 ] ] ] } },
{ "type": "Feature", "properties": { "grid_id": "cell_0485", "ward_id": "P/N", "ward_gid": 21, "NDVI_prev": 0.37175018433890272, "LST_C": 32.457695138467507, "NDVI": 0.34793998687653871, "pop_density_km2": 12913.981571481472, "elderly_pct": 4.757145873821619, "slum_pct": 0.0, "hospital_dist_m": 3450.7920922801313, "impervious_pct": 24.26778242677824 }, "geometry": { "type": "MultiPolygon", "coordinates": [ [ [ [ 72.78604419600471, 19.209805512082589 ], [ 72.786165082318419, 19.200774809407314 ], [ 72.784970326759577, 19.200760374273909 ], [ 72.784984804061082, 19.200776342979523 ], [ 72.785427055244213, 19.201468018181682 ], [ 72.785744973011688, 19.20200376599626 ], [ 72.785759356418325, 19.202278472221497 ], [ 72.785841607485878, 19.202880005619697 ], [ 72.785703031206339, 19.203787719908934 ], [ 72.785423205290229, 19.204453511105491 ], [ 72.785035718273051, 19.205066525594962 ], [ 72.784541488680318, 19.20555814058919 ], [ 72.784267400644566, 19.205795042224214 ], [ 72.783756028116073, 19.206217814370312 ], [ 72.782340729693829, 19.206703786860437 ], [ 72.782318157820768, 19.206705730162838 ], [ 72.782317510587873, 19.206705784651174 ], [ 72.782027855612569, 19.206766050171844 ], [ 72.781702136749573, 19.206779910075436 ], [ 72.781214187095031, 19.206614527282962 ], [ 72.780863305709602, 19.206447626112624 ], [ 72.780661527338168, 19.206333359040688 ], [ 72.780513789220251, 19.206179083345397 ], [ 72.780310783653746, 19.206156292799431 ], [ 72.780082560225011, 19.206417837486189 ], [ 72.780089848151221, 19.206672069486316 ], [ 72.780116487300702, 19.207079022174437 ], [ 72.78016411502216, 19.207516726349226 ], [ 72.780244385601662, 19.20791416299976 ], [ 72.780292559416438, 19.20831121078794 ], [ 72.780330443659793, 19.208677636663815 ], [ 72.780454329673148, 19.209014607166029 ], [ 72.78047040683586, 19.209411266098392 ], [ 72.780489212719672, 19.20960464315155 ], [ 72.780494822506256, 19.209738367880384 ], [ 72.78604419600471, 19.209805512082589 ] ] ], [ [ [ 72.783489421354545, 19.200742471047104 ], [ 72.783630492054769, 19.200759970751538 ], [ 72.784171986903431, 19.200783676344862 ], [ 72.784623654083234, 19.200771978029074 ], [ 72.784834404028004, 19.200758731551122 ], [ 72.783489421354545, 19.200742471047104 ] ] ] ] } },
{ "type": "Feature", "properties": { "grid_id": "cell_0486", "ward_id": "T", "ward_gid": 13, "NDVI_prev": 0.32725669134002272, "LST_C": 29.278435416283372, "NDVI": 0.39499747545404962, "pop_density_km2": 31149.366683878561, "elderly_pct": 4.7571458700710885, "slum_pct": 0.0, "hospital_dist_m": 2467.8750434686817, "impervious_pct": 0.0 }, "geometry": { "type": "Polygon", "coordinates": [ [ [ 72.967446943891673, 19.148676696007989 ], [ 72.972696183847447, 19.148734695666132 ], [ 72.972650377318516, 19.148657706261282 ], [ 72.972630965239489, 19.148624650511476 ], [ 72.972257449821853, 19.147988613640862 ], [ 72.972056377931779, 19.147654793978663 ], [ 72.971873509836371, 19.147349108958149 ], [ 72.971776444538264, 19.147136996084239 ], [ 72.971697771850813, 19.147001908849379 ], [ 72.971557398934664, 19.146760875374056 ], [ 72.971523249021899, 19.146702238680589 ], [ 72.970879446918488, 19.145592134749783 ], [ 72.970528500656556, 19.144976090778801 ], [ 72.970294946758742, 19.144526517134285 ], [ 72.96993053223683, 19.143892947550398 ], [ 72.969286523348899, 19.142815144840849 ], [ 72.969027001479816, 19.142392663160983 ], [ 72.968698559935504, 19.141798026161148 ], [ 72.968304637590819, 19.141079578589814 ], [ 72.968074034677414, 19.140654031824386 ], [ 72.967550868524739, 19.140190509420698 ], [ 72.967446943891673, 19.148676696007989 ] ] ] } },
{ "type": "Feature", "properties": { "grid_id": "cell_0487", "ward_id": "H/W", "ward_gid": 23, "NDVI_prev": 0.15010538963929987, "LST_C": 34.567269760111223, "NDVI": 0.16515689224347671, "pop_density_km2": 40529.669766577674, "elderly_pct": 4.7571458773163062, "slum_pct": 0.43227471901633108, "hospital_dist_m": 1032.6768750525464, "impervious_pct": 70.817421818557094 }, "geometry": { "type": "Polygon", "coordinates": [ [ [ 72.825844127789239, 19.074796065163305 ], [ 72.821853974682426, 19.07474895293241 ], [ 72.821869205131136, 19.07483186008384 ], [ 72.821864835183831, 19.075166126506328 ], [ 72.821650100713356, 19.075901874168395 ], [ 72.821393602935856, 19.076469968752523 ], [ 72.821388503070906, 19.076859946033146 ], [ 72.821514697327501, 19.077293265122599 ], [ 72.821973966205306, 19.077578825764821 ], [ 72.821991295510003, 19.077638749067553 ], [ 72.822032636556386, 19.077764038544561 ], [ 72.822083348011645, 19.07789846831049 ], [ 72.822139616681881, 19.078044810838964 ], [ 72.822197330766002, 19.078169707622404 ], [ 72.822268061422974, 19.078299896160519 ], [ 72.822349562344428, 19.078432239845785 ], [ 72.822421895095729, 19.078540819126214 ], [ 72.822510115375394, 19.07865572413456 ], [ 72.822606670453595, 19.078764861274845 ], [ 72.822718352085829, 19.078872401250791 ], [ 72.822839516039195, 19.07897132309219 ], [ 72.822949098061414, 19.079047958456005 ], [ 72.823108144767787, 19.079136787049382 ], [ 72.823251765130308, 19.079202437408071 ], [ 72.823378309798684, 19.079254705820052 ], [ 72.823420972561365, 19.0792695506731 ], [ 72.823402099395295, 19.07929552231117 ], [ 72.823389606194127, 19.079312714365994 ], [ 72.823379696206828, 19.079326351665724 ], [ 72.823308152238113, 19.079395748652782 ], [ 72.82324126993889, 19.079481472372372 ], [ 72.823234088119136, 19.079490677223987 ], [ 72.823204873367573, 19.079624442392834 ], [ 72.823204996240804, 19.079702321155612 ], [ 72.823205036939882, 19.079727773188843 ], [ 72.823206671650851, 19.079751293441692 ], [ 72.823212893897534, 19.079840818685412 ], [ 72.823190491707095, 19.079974215154088 ], [ 72.823141692825047, 19.080264792658646 ], [ 72.82310080335337, 19.08050827194041 ], [ 72.823047025680594, 19.080828493314606 ], [ 72.82300741088693, 19.08106438022201 ], [ 72.822999238617243, 19.081114770436081 ], [ 72.822954862369173, 19.08138839456775 ], [ 72.822947855850941, 19.081431596729626 ], [ 72.822907569549798, 19.081718252276652 ], [ 72.822906946639193, 19.081722684650874 ], [ 72.822886162110535, 19.081822203470026 ], [ 72.822845954802318, 19.08186664605762 ], [ 72.822808944484478, 19.081894251209192 ], [ 72.822769709857354, 19.081909666295889 ], [ 72.822726830608332, 19.081926513339049 ], [ 72.822672120172712, 19.08196791608415 ], [ 72.822660910293521, 19.082004059955672 ], [ 72.82265929750146, 19.082009260021728 ], [ 72.822669027543796, 19.082049041439138 ], [ 72.822709387399343, 19.082101023817049 ], [ 72.822914595448111, 19.082258934759967 ], [ 72.822915859177627, 19.082259907239571 ], [ 72.823043311792162, 19.082311439915031 ], [ 72.823082033740945, 19.082346587788759 ], [ 72.82309224573585, 19.082371174840077 ], [ 72.823099822988922, 19.082389418384327 ], [ 72.823100585499219, 19.082428026634055 ], [ 72.823217517917101, 19.08228094089511 ], [ 72.823475757919155, 19.081970586378457 ], [ 72.823993991013111, 19.081036574503145 ], [ 72.82492548450773, 19.080477788849976 ], [ 72.825391184307605, 19.080198419497542 ], [ 72.825776637823978, 19.079967189187585 ], [ 72.825844127789239, 19.074796065163305 ] ] ] } },
{ "type": "Feature", "properties": { "grid_id": "cell_0488", "ward_id": "M/E", "ward_gid": 16, "NDVI_prev": 0.51923235444386873, "LST_C": 30.371637190350501, "NDVI": 0.50897675338389015, "pop_density_km2": 19763.082515304326, "elderly_pct": 4.7571458677632332, "slum_pct": 0.0, "hospital_dist_m": 4233.0031022642661, "impervious_pct": 0.0 }, "geometry": { "type": "Polygon", "coordinates": [ [ [ 72.912237682204974, 19.003531800799266 ], [ 72.918487893218412, 19.003602268037888 ], [ 72.91801327283595, 19.00289638692071 ], [ 72.915556942491506, 19.000272037537741 ], [ 72.913812949741285, 18.99847670499469 ], [ 72.913715577786178, 18.998236941717952 ], [ 72.912953263673586, 18.997397787246111 ], [ 72.91233683208327, 18.996932593930385 ], [ 72.912320125205781, 18.996924258972523 ], [ 72.912237682204974, 19.003531800799266 ] ] ] } },
{ "type": "Feature", "properties": { "grid_id": "cell_0489", "ward_id": "R/C", "ward_gid": 11, "NDVI_prev": 0.52202607725599159, "LST_C": 29.57754039261626, "NDVI": 0.52079820819644262, "pop_density_km2": 8132.3260420516099, "elderly_pct": 4.7571458777796485, "slum_pct": 0.0, "hospital_dist_m": 5816.5580167883154, "impervious_pct": 1.0181130970601151 }, "geometry": { "type": "Polygon", "coordinates": [ [ [ 72.785317451593784, 19.263989525951605 ], [ 72.785438745572336, 19.254958881062649 ], [ 72.782825570854897, 19.254927212792143 ], [ 72.782796593946458, 19.255340775695569 ], [ 72.782796614363349, 19.255340954778841 ], [ 72.782807368252108, 19.255437594709612 ], [ 72.78271456200298, 19.255865364678375 ], [ 72.78261373327534, 19.256199610502371 ], [ 72.78252264953943, 19.256605134453054 ], [ 72.782478747567566, 19.256685927690839 ], [ 72.782390533440307, 19.256878006292055 ], [ 72.782279821200405, 19.257151137656496 ], [ 72.782169792047455, 19.257373448621241 ], [ 72.782019043075692, 19.258235705256546 ], [ 72.782015488457318, 19.258499970614309 ], [ 72.781967483988183, 19.258885685139663 ], [ 72.781879678019806, 19.259047271156078 ], [ 72.781747558501252, 19.259320142160931 ], [ 72.78167004412694, 19.259512350036847 ], [ 72.781667992923772, 19.259664810741537 ], [ 72.781688030111553, 19.259766710961049 ], [ 72.781793549417742, 19.259879814146629 ], [ 72.781985781587636, 19.259912643744702 ], [ 72.782157566192907, 19.259874065109088 ], [ 72.782393154719571, 19.259866757410375 ], [ 72.782543124411561, 19.259858410904766 ], [ 72.78276678047213, 19.259942449408499 ], [ 72.782989753441001, 19.260077307962476 ], [ 72.783261729096935, 19.260548229076694 ], [ 72.783269425052552, 19.260771968113907 ], [ 72.783563900545701, 19.261161836050782 ], [ 72.783858514010063, 19.261541539586254 ], [ 72.784068601715845, 19.2618388923179 ], [ 72.784247129020116, 19.262095199427755 ], [ 72.784380934274182, 19.262493284389592 ], [ 72.784515423100828, 19.262840548963275 ], [ 72.784522164342007, 19.263135436556826 ], [ 72.784465099771523, 19.263399053544084 ], [ 72.784365907531054, 19.26361133124891 ], [ 72.784256695493539, 19.263772658800232 ], [ 72.784180410887373, 19.263873391180425 ], [ 72.784152095356177, 19.263975401609354 ], [ 72.785317451593784, 19.263989525951605 ] ] ] } },
{ "type": "Feature", "properties": { "grid_id": "cell_0490", "ward_id": "S", "ward_gid": 12, "NDVI_prev": 0.56942188390911574, "LST_C": 29.807363365480793, "NDVI": 0.55317318491317191, "pop_density_km2": 22767.0603529576, "elderly_pct": 4.7571458827777677, "slum_pct": 0.0, "hospital_dist_m": 2328.6894865802196, "impervious_pct": 0.0 }, "geometry": { "type": "Polygon", "coordinates": [ [ [ 72.958165494837317, 19.130507748010167 ], [ 72.960064268709175, 19.130528824257262 ], [ 72.960110385998064, 19.130452892987147 ], [ 72.960742116110026, 19.129387144710961 ], [ 72.960950093165209, 19.129036775258371 ], [ 72.961208476994599, 19.128601484753798 ], [ 72.961208369599859, 19.128600788019174 ], [ 72.961168276321303, 19.12833315617161 ], [ 72.961080443424692, 19.127785959947904 ], [ 72.961045105691866, 19.127587506133196 ], [ 72.960973386116052, 19.127217995861137 ], [ 72.960964519713244, 19.127210054162173 ], [ 72.960820020318664, 19.12640889077478 ], [ 72.960739592707853, 19.125970056501217 ], [ 72.960501390025215, 19.125564716761364 ], [ 72.960398118314174, 19.1253889827336 ], [ 72.960178567468759, 19.125054741708944 ], [ 72.960162781234089, 19.125050241598441 ], [ 72.959929764046464, 19.124689432062539 ], [ 72.959702057038584, 19.124322772702978 ], [ 72.959354985103133, 19.123763903614542 ], [ 72.959362460520779, 19.123746029789594 ], [ 72.959140750319534, 19.123413369030686 ], [ 72.958812839308322, 19.122909092444193 ], [ 72.958803628497563, 19.122907552165284 ], [ 72.958719603107482, 19.122779196994074 ], [ 72.958548465014843, 19.122519781229901 ], [ 72.958433119635686, 19.122344937612226 ], [ 72.958400404332963, 19.122295343563692 ], [ 72.958361046609298, 19.122233725081337 ], [ 72.958268952320225, 19.122089533720427 ], [ 72.958165494837317, 19.130507748010167 ] ] ] } },
{ "type": "Feature", "properties": { "grid_id": "cell_0491", "ward_id": "K/W", "ward_gid": 14, "NDVI_prev": 0.25363669443253667, "LST_C": 32.283852652619075, "NDVI": 0.26161479794053766, "pop_density_km2": 48227.328781904049, "elderly_pct": 4.7571458647456124, "slum_pct": 0.0, "hospital_dist_m": 455.86171706561606, "impervious_pct": 31.935679816420869 }, "geometry": { "type": "Polygon", "coordinates": [ [ [ 72.825372202559151, 19.110920276296863 ], [ 72.825490283657686, 19.101889237833465 ], [ 72.824441852379806, 19.101876850359975 ], [ 72.824154757101567, 19.102897047385678 ], [ 72.824017168745357, 19.103823137545046 ], [ 72.82386165131949, 19.105053836540392 ], [ 72.82369444505062, 19.106112106691345 ], [ 72.82332410144906, 19.107777615874351 ], [ 72.823071339732536, 19.108980656577835 ], [ 72.822850617378435, 19.109866001677183 ], [ 72.822580643650852, 19.110887265140622 ], [ 72.825372202559151, 19.110920276296863 ] ] ] } },
{ "type": "Feature", "properties": { "grid_id": "cell_0492", "ward_id": "A", "ward_gid": 1, "NDVI_prev": 0.080558221342908701, "LST_C": 31.723867969752909, "NDVI": 0.078419262265768411, "pop_density_km2": 38318.787295374437, "elderly_pct": 5.585984494930182, "slum_pct": 0.0, "hospital_dist_m": 725.87742391205074, "impervious_pct": 78.071993969091551 }, "geometry": { "type": "MultiPolygon", "coordinates": [ [ [ [ 72.843938392507681, 18.930486898154314 ], [ 72.84424254505717, 18.929005106187077 ], [ 72.844037141093636, 18.928963524058268 ], [ 72.844010219398868, 18.92913566956021 ], [ 72.842991336232856, 18.928935689089691 ], [ 72.842736920218954, 18.930472929567756 ], [ 72.843938392507681, 18.930486898154314 ] ] ], [ [ [ 72.837211622272804, 18.930408591048028 ], [ 72.839591840113641, 18.930436327319327 ], [ 72.838553952614106, 18.929704958991614 ], [ 72.837528108033808, 18.928976886748124 ], [ 72.837227319503782, 18.929189337518185 ], [ 72.837211622272804, 18.930408591048028 ] ] ], [ [ [ 72.837327866630588, 18.921377305538687 ], [ 72.837249890514045, 18.927436011904096 ], [ 72.837337270729407, 18.927456655664642 ], [ 72.837937439354107, 18.927718918799577 ], [ 72.838262096007639, 18.927057181925065 ], [ 72.838397069181724, 18.926782914743274 ], [ 72.838606103548372, 18.926878657055994 ], [ 72.838835604433783, 18.926983997443795 ], [ 72.839106947926027, 18.927108228046229 ], [ 72.839107244224977, 18.927108363373979 ], [ 72.839268093660792, 18.927182005676578 ], [ 72.839307154877233, 18.9272006053829 ], [ 72.839307932219455, 18.927200976645267 ], [ 72.839497589334115, 18.927291289811247 ], [ 72.840012775655111, 18.927538124385169 ], [ 72.840158728038759, 18.927608050836927 ], [ 72.840237734575027, 18.927645177091378 ], [ 72.840307030899353, 18.927677740792536 ], [ 72.840314038129293, 18.927681177995122 ], [ 72.840318889153394, 18.92768355676143 ], [ 72.840343471535377, 18.927695614278765 ], [ 72.840359190791673, 18.927698790686254 ], [ 72.840359241252884, 18.927698778627931 ], [ 72.840359752508391, 18.927698658122225 ], [ 72.840374095335022, 18.927695272541555 ], [ 72.840380385992631, 18.92769183839005 ], [ 72.840387764426396, 18.927687811712975 ], [ 72.840395231412174, 18.927678372796937 ], [ 72.840398561009351, 18.927667747604424 ], [ 72.840398373477726, 18.927664319335843 ], [ 72.840397761184775, 18.927653174946187 ], [ 72.840395657830044, 18.927646011052239 ], [ 72.84039406012684, 18.927640565635539 ], [ 72.84038497356714, 18.927630310772262 ], [ 72.84003710490849, 18.927459490260414 ], [ 72.839652680025694, 18.927277347394678 ], [ 72.839333365929846, 18.927127558303958 ], [ 72.839205284942267, 18.927067477245782 ], [ 72.838539983073318, 18.926761598660857 ], [ 72.837955872093488, 18.926496255920075 ], [ 72.83788890872944, 18.926465951763898 ], [ 72.838824560572419, 18.924292252572805 ], [ 72.840045444084183, 18.921726435146976 ], [ 72.840287244506996, 18.921546914827868 ], [ 72.84021009933231, 18.921410872398205 ], [ 72.837327866630588, 18.921377305538687 ] ] ], [ [ [ 72.84059185791412, 18.921415315051913 ], [ 72.841626313138505, 18.9224559340879 ], [ 72.844320601856225, 18.925258743202203 ], [ 72.844443018039428, 18.925424266827335 ], [ 72.844507378453883, 18.925634699699621 ], [ 72.844444177193779, 18.926080685908587 ], [ 72.844692635754853, 18.926129156082101 ], [ 72.844771485969076, 18.925956853861145 ], [ 72.844757239419806, 18.925573785033475 ], [ 72.844636459736563, 18.925280646137473 ], [ 72.842452960354578, 18.922985201237999 ], [ 72.840963974098742, 18.921419644738069 ], [ 72.84059185791412, 18.921415315051913 ] ] ] ] } },
{ "type": "Feature", "properties": { "grid_id": "cell_0493", "ward_id": "T", "ward_gid": 13, "NDVI_prev": 0.70561544815279886, "LST_C": 28.773835716701029, "NDVI": 0.71120537409621853, "pop_density_km2": 4650.779647546191, "elderly_pct": 4.7571458640882884, "slum_pct": 0.0, "hospital_dist_m": 4297.8454691216539, "impervious_pct": 0.0 }, "geometry": { "type": "Polygon", "coordinates": [ [ [ 72.919135340599738, 19.211365488387607 ], [ 72.915273919937377, 19.211321589900574 ], [ 72.915736609097266, 19.212607475914247 ], [ 72.915961602219511, 19.21317718916206 ], [ 72.916330468859272, 19.214173903335713 ], [ 72.916717924377593, 19.215383412744501 ], [ 72.91721176154995, 19.216166326961076 ], [ 72.917211805403184, 19.216166393398897 ], [ 72.917907717082727, 19.21636345587202 ], [ 72.918821352034257, 19.216599518317004 ], [ 72.919068654448751, 19.216663328685158 ], [ 72.919135340599738, 19.211365488387607 ] ] ] } },
{ "type": "Feature", "properties": { "grid_id": "cell_0494", "ward_id": "B", "ward_gid": 2, "NDVI_prev": 0.14650221509473449, "LST_C": 34.949097844519258, "NDVI": 0.17319688391855526, "pop_density_km2": 47559.964538582964, "elderly_pct": 5.5859844896352371, "slum_pct": 0.0, "hospital_dist_m": 988.43108401104098, "impervious_pct": 66.575677899765196 }, "geometry": { "type": "MultiPolygon", "coordinates": [ [ [ [ 72.846354509753539, 18.957612969651088 ], [ 72.846278765922875, 18.963510773008682 ], [ 72.846437677840868, 18.963547069126324 ], [ 72.846462053028262, 18.963556911783815 ], [ 72.846473459540903, 18.963561517371641 ], [ 72.846473688117939, 18.963561682616938 ], [ 72.846501926388925, 18.963582165485235 ], [ 72.846548194444992, 18.963615724981267 ], [ 72.846557107983273, 18.963623058346418 ], [ 72.846623968063426, 18.963655366841561 ], [ 72.846653760763772, 18.963649143752871 ], [ 72.846749896652497, 18.963629061725467 ], [ 72.847469766213095, 18.963478688931826 ], [ 72.847605256545663, 18.963448849649367 ], [ 72.847619588488982, 18.963527309463657 ], [ 72.847671601684539, 18.963750849803105 ], [ 72.848346263183274, 18.963618490492159 ], [ 72.848621523045352, 18.963559600009507 ], [ 72.84937556794543, 18.963395411714501 ], [ 72.849134916390085, 18.962745044925391 ], [ 72.849072877253207, 18.962484250608867 ], [ 72.849019479835192, 18.962268203289945 ], [ 72.848998617882145, 18.962183791047693 ], [ 72.84892254384755, 18.961868208685566 ], [ 72.84888394660706, 18.961711652532941 ], [ 72.848785554416068, 18.961302732968019 ], [ 72.848784151083677, 18.961296751499169 ], [ 72.848768671973843, 18.961230786841003 ], [ 72.848718522016313, 18.961031538204715 ], [ 72.848634576190193, 18.960704597021142 ], [ 72.848606938975877, 18.960583180538396 ], [ 72.848523180615473, 18.96023758453692 ], [ 72.848389994047793, 18.959662526728078 ], [ 72.848181016884766, 18.958684537461668 ], [ 72.848179472922013, 18.958677310559285 ], [ 72.847999966200206, 18.957959028572652 ], [ 72.848876110768572, 18.957642263742155 ], [ 72.848381181541157, 18.957636516727845 ], [ 72.847954724199965, 18.957772014173315 ], [ 72.847919597933767, 18.957631155724567 ], [ 72.846354509753539, 18.957612969651088 ] ] ], [ [ [ 72.850116015610965, 18.957656655452919 ], [ 72.850580745074012, 18.957909880449638 ], [ 72.850782377732173, 18.958802459007561 ], [ 72.851060820633435, 18.95876161767972 ], [ 72.850823830179564, 18.957736415350443 ], [ 72.850596220070543, 18.957786660429139 ], [ 72.850403925837995, 18.957659996071435 ], [ 72.850116015610965, 18.957656655452919 ] ] ] ] } },
{ "type": "Feature", "properties": { "grid_id": "cell_0495", "ward_id": "D", "ward_gid": 4, "NDVI_prev": -0.10739362201486774, "LST_C": 34.586749517755763, "NDVI": 0.10890757263198535, "pop_density_km2": 10948.41074331249, "elderly_pct": 5.5859844959811085, "slum_pct": 2.7743690808425066, "hospital_dist_m": 501.97794868409289, "impervious_pct": 27.252043481924666 }, "geometry": { "type": "Polygon", "coordinates": [ [ [ 72.80815069709945, 18.975229884671396 ], [ 72.803132375424553, 18.975170400795346 ], [ 72.80330695805111, 18.975453631151289 ], [ 72.803311515320146, 18.975460674167046 ], [ 72.803618134399414, 18.975912413732864 ], [ 72.803973675004258, 18.976444418764572 ], [ 72.804417049636669, 18.977125363125825 ], [ 72.805825637163949, 18.97928866279128 ], [ 72.806169992971377, 18.979098664681771 ], [ 72.806554033584632, 18.978903726462459 ], [ 72.807058297865112, 18.978628255469882 ], [ 72.807386604815491, 18.978466162676639 ], [ 72.807775541232672, 18.97830839682679 ], [ 72.808007529430697, 18.978260627203177 ], [ 72.808111279174284, 18.978242871710115 ], [ 72.80815069709945, 18.975229884671396 ] ] ] } },
{ "type": "Feature", "properties": { "grid_id": "cell_0496", "ward_id": "H/W", "ward_gid": 23, "NDVI_prev": 0.21193246751691439, "LST_C": 34.434706403918163, "NDVI": 0.22789730517212528, "pop_density_km2": 49012.078725495463, "elderly_pct": 4.7571458670047448, "slum_pct": 0.65274075781317176, "hospital_dist_m": 545.50405703539866, "impervious_pct": 62.534593604972983 }, "geometry": { "type": "Polygon", "coordinates": [ [ [ 72.826197373522547, 19.047702806656467 ], [ 72.831626097187481, 19.047766678264079 ], [ 72.829758242749605, 19.046051798632153 ], [ 72.82976516328209, 19.045519625575693 ], [ 72.829559919248311, 19.045162375593179 ], [ 72.829306599108534, 19.044915446291647 ], [ 72.828725104842874, 19.044797719608837 ], [ 72.827543420048457, 19.044207204953675 ], [ 72.826253394518844, 19.043401878757834 ], [ 72.826197373522547, 19.047702806656467 ] ] ] } },
{ "type": "Feature", "properties": { "grid_id": "cell_0497", "ward_id": "N", "ward_gid": 10, "NDVI_prev": 0.59989912809196277, "LST_C": 29.186473992717797, "NDVI": 0.64760494356199039, "pop_density_km2": 19738.326869490877, "elderly_pct": 4.7571458699690092, "slum_pct": 0.0, "hospital_dist_m": 2697.5623734564724, "impervious_pct": 0.0 }, "geometry": { "type": "MultiPolygon", "coordinates": [ [ [ [ 72.949219891816966, 19.085243180130277 ], [ 72.949296908095917, 19.085244037417752 ], [ 72.949306236764073, 19.085174309672567 ], [ 72.949227813759833, 19.08459990794853 ], [ 72.949219891816966, 19.085243180130277 ] ] ], [ [ [ 72.949331089740468, 19.076211392539292 ], [ 72.949236691406369, 19.083879000604608 ], [ 72.949770372827899, 19.082982371922974 ], [ 72.950100071595656, 19.082328777374638 ], [ 72.950300084177385, 19.081661055241181 ], [ 72.950586177738458, 19.080719281305907 ], [ 72.950719419450238, 19.080276937777004 ], [ 72.950814591570577, 19.079972564930578 ], [ 72.950848991029204, 19.079862556568489 ], [ 72.95092588008842, 19.079597103279824 ], [ 72.951028571686507, 19.079257939112576 ], [ 72.95103193480557, 19.079246832451688 ], [ 72.951033355016165, 19.079242134805249 ], [ 72.951086328238716, 19.079067174891673 ], [ 72.951143288733974, 19.07887855165021 ], [ 72.951148291404991, 19.078866849870757 ], [ 72.952215706488616, 19.077586603645305 ], [ 72.952461171596028, 19.077277054161968 ], [ 72.95275324560923, 19.076988456565083 ], [ 72.952849478836086, 19.07679037398896 ], [ 72.953076945937468, 19.076253032365067 ], [ 72.949331089740468, 19.076211392539292 ] ] ] ] } },
{ "type": "Feature", "properties": { "grid_id": "cell_0498", "ward_id": "K/W", "ward_gid": 14, "NDVI_prev": -0.31441604982655047, "LST_C": 26.795102631220796, "NDVI": -0.073469065794785654, "pop_density_km2": 1252.3449405495508, "elderly_pct": 4.7571458799333257, "slum_pct": 0.0, "hospital_dist_m": 1137.9628703440685, "impervious_pct": 0.0 }, "geometry": { "type": "Polygon", "coordinates": [ [ [ 72.796511329067528, 19.137673785351961 ], [ 72.80332085946786, 19.13775529822944 ], [ 72.796561651005433, 19.133881893254493 ], [ 72.796511329067528, 19.137673785351961 ] ] ] } },
{ "type": "Feature", "properties": { "grid_id": "cell_0499", "ward_id": "F/N", "ward_gid": 8, "NDVI_prev": 0.51296234685162834, "LST_C": 29.673694149636376, "NDVI": 0.61699254824571481, "pop_density_km2": 46941.160908648511, "elderly_pct": 5.584510818378873, "slum_pct": 0.0, "hospital_dist_m": 1789.9050495702795, "impervious_pct": 0.0 }, "geometry": { "type": "Polygon", "coordinates": [ [ [ 72.87414317660631, 19.012130486446626 ], [ 72.88363852031209, 19.012239457093195 ], [ 72.883676164830391, 19.009264987281277 ], [ 72.881860354776066, 19.010686209910439 ], [ 72.880883060061606, 19.011531690118264 ], [ 72.880090478982652, 19.01166886411686 ], [ 72.87936564561349, 19.011660549249338 ], [ 72.878465625708671, 19.011608431475565 ], [ 72.877634152301013, 19.011348149992717 ], [ 72.876738379874624, 19.010961758568108 ], [ 72.87562588693001, 19.010343031531018 ], [ 72.874176164938802, 19.009535591798407 ], [ 72.87414317660631, 19.012130486446626 ] ] ] } },
{ "type": "Feature", "properties": { "grid_id": "cell_0500", "ward_id": "P/N", "ward_gid": 21, "NDVI_prev": 0.44418097486802732, "LST_C": 31.060701933286094, "NDVI": 0.45915720500003498, "pop_density_km2": 8876.6470529550952, "elderly_pct": 4.7571458861969758, "slum_pct": 0.0, "hospital_dist_m": 4104.2688183681294, "impervious_pct": 0.63437569967908058 }, "geometry": { "type": "Polygon", "coordinates": [ [ [ 72.786647948897851, 19.164651902574406 ], [ 72.78109012831969, 19.164584807833496 ], [ 72.781073988423259, 19.164793808816274 ], [ 72.781108009326175, 19.165027181130128 ], [ 72.781120502788482, 19.165203817836499 ], [ 72.781261503302701, 19.165386331701939 ], [ 72.781452588084505, 19.165835253116565 ], [ 72.78148462010823, 19.166145048203191 ], [ 72.781606164003477, 19.166524682450962 ], [ 72.781639116416059, 19.166765731336394 ], [ 72.781671838859424, 19.167023966786527 ], [ 72.781851323220963, 19.167129271855849 ], [ 72.782268231558504, 19.167065552126886 ], [ 72.782630650430974, 19.167018362578911 ], [ 72.783372195120165, 19.167027319061361 ], [ 72.783697291839388, 19.167065623375979 ], [ 72.784005910774979, 19.166983402727219 ], [ 72.784372005219851, 19.1666612243136 ], [ 72.78453708039747, 19.166491323182136 ], [ 72.784598028638626, 19.166391827868516 ], [ 72.784884094846404, 19.166321095399688 ], [ 72.785293699010722, 19.166398431184561 ], [ 72.786126937279249, 19.166543540994322 ], [ 72.786616602624647, 19.166999366745969 ], [ 72.786647948897851, 19.164651902574406 ] ] ] } },
{ "type": "Feature", "properties": { "grid_id": "cell_0501", "ward_id": "T", "ward_gid": 13, "NDVI_prev": 0.57339955269065768, "LST_C": 29.175894686529151, "NDVI": 0.57848185890827708, "pop_density_km2": 20684.062553309202, "elderly_pct": 4.7571458873006796, "slum_pct": 0.0, "hospital_dist_m": 1416.7608200262405, "impervious_pct": 0.0 }, "geometry": { "type": "Polygon", "coordinates": [ [ [ 72.976730271891697, 19.166845328613647 ], [ 72.976658054247508, 19.17276077038915 ], [ 72.976938125530026, 19.172430296087374 ], [ 72.977056221120833, 19.172279303003325 ], [ 72.977799110232866, 19.171342133731965 ], [ 72.978142618082003, 19.170908785990484 ], [ 72.978768131981894, 19.170101365185001 ], [ 72.979258470573654, 19.169477209917886 ], [ 72.979642478437, 19.168988395157569 ], [ 72.979731497045918, 19.168875082043431 ], [ 72.979690598606751, 19.168768012596612 ], [ 72.979253261977661, 19.167168730184788 ], [ 72.979172181091201, 19.166872226346616 ], [ 72.976730271891697, 19.166845328613647 ] ] ] } },
{ "type": "Feature", "properties": { "grid_id": "cell_0502", "ward_id": "R/C", "ward_gid": 11, "NDVI_prev": 0.66367270235968645, "LST_C": 28.390928011641645, "NDVI": 0.67616310963203075, "pop_density_km2": 4923.042861892729, "elderly_pct": 4.7571458698838445, "slum_pct": 0.0, "hospital_dist_m": 2304.4798634541435, "impervious_pct": 0.0 }, "geometry": { "type": "Polygon", "coordinates": [ [ [ 72.890297715902847, 19.247166210637914 ], [ 72.890439399691715, 19.24725829701212 ], [ 72.890477381987907, 19.247282982355195 ], [ 72.890856728704691, 19.247553049375441 ], [ 72.890857206367343, 19.247553390174037 ], [ 72.89106946413898, 19.247704500872214 ], [ 72.891487901324453, 19.248001020976123 ], [ 72.891488142580883, 19.248001193715016 ], [ 72.891640488950372, 19.24810902893638 ], [ 72.891818215729089, 19.248236849718086 ], [ 72.891819003388662, 19.248237417229355 ], [ 72.891836036669559, 19.2482496666826 ], [ 72.891843997098647, 19.248255068747131 ], [ 72.89184442902517, 19.248255363058348 ], [ 72.892088942685007, 19.248421292597879 ], [ 72.892098430601294, 19.248427731172111 ], [ 72.892292277480053, 19.248561492764974 ], [ 72.892918897106895, 19.248987414771193 ], [ 72.893337947347504, 19.249274108397884 ], [ 72.893427854976153, 19.249336799394921 ], [ 72.893427902070272, 19.24933683227415 ], [ 72.893582565929378, 19.249444677948329 ], [ 72.894138474571065, 19.249283003045615 ], [ 72.896700337743525, 19.248537909663114 ], [ 72.898699452185056, 19.24794296320038 ], [ 72.898942437119175, 19.247265711099562 ], [ 72.890297715902847, 19.247166210637914 ] ] ] } },
{ "type": "Feature", "properties": { "grid_id": "cell_0503", "ward_id": "R/C", "ward_gid": 11, "NDVI_prev": 0.69125256753432973, "LST_C": 27.076794641858516, "NDVI": 0.70709523777899308, "pop_density_km2": 4175.243513297798, "elderly_pct": 4.7571458719248083, "slum_pct": 0.0, "hospital_dist_m": 3203.2712570278977, "impervious_pct": 0.0 }, "geometry": { "type": "Polygon", "coordinates": [ [ [ 72.899777142051761, 19.238242633350431 ], [ 72.899688798987, 19.24518539472103 ], [ 72.901028187664053, 19.241451987223247 ], [ 72.901028209409859, 19.241451922437498 ], [ 72.901028231624153, 19.24145189559432 ], [ 72.901228247829437, 19.241231217675612 ], [ 72.901234339778057, 19.241224496792594 ], [ 72.901234589564083, 19.241224223258083 ], [ 72.902074827854463, 19.240297020183679 ], [ 72.903200524677686, 19.239037304570239 ], [ 72.903200566172032, 19.239037257172502 ], [ 72.903628159586333, 19.238558626891056 ], [ 72.903866636892531, 19.238289523747341 ], [ 72.899777142051761, 19.238242633350431 ] ] ] } },
{ "type": "Feature", "properties": { "grid_id": "cell_0505", "ward_id": "G/S", "ward_gid": 7, "NDVI_prev": 0.060138786108175329, "LST_C": 31.738327219846372, "NDVI": 0.10657640257656169, "pop_density_km2": 11885.455029560215, "elderly_pct": 5.5859844840866533, "slum_pct": 0.0, "hospital_dist_m": 1379.7382488353448, "impervious_pct": 30.539856352290123 }, "geometry": { "type": "Polygon", "coordinates": [ [ [ 72.817054559514517, 19.020497512924852 ], [ 72.815565254283626, 19.020479910062562 ], [ 72.815526529398852, 19.02111446378149 ], [ 72.815455656132485, 19.022305965184962 ], [ 72.815358184658564, 19.023854106276037 ], [ 72.815351075630474, 19.023907240521503 ], [ 72.815343896911116, 19.023951540201168 ], [ 72.815332358213297, 19.024015223448565 ], [ 72.815318814246609, 19.024081553875021 ], [ 72.815307634289539, 19.024131235637576 ], [ 72.815292206950275, 19.02419408525849 ], [ 72.815278813811346, 19.024244374017126 ], [ 72.81525930818681, 19.024312033052112 ], [ 72.815249354118365, 19.024344439382848 ], [ 72.81523838211001, 19.02437872235916 ], [ 72.81523183501082, 19.024398535290494 ], [ 72.815226520643463, 19.024414280132437 ], [ 72.815222453727401, 19.024426138611588 ], [ 72.815205821661493, 19.024473041624599 ], [ 72.815192416975137, 19.024509174573758 ], [ 72.81518592267328, 19.02452618354998 ], [ 72.815174464266804, 19.024555464013524 ], [ 72.815167518440944, 19.024572794622973 ], [ 72.815159704867412, 19.024591918749294 ], [ 72.815150528835616, 19.024613918951474 ], [ 72.815134915996879, 19.024650273265134 ], [ 72.815123754810529, 19.024675488119122 ], [ 72.815108404456552, 19.024709199025327 ], [ 72.815098348771684, 19.02473070648578 ], [ 72.815086279091673, 19.024755963881859 ], [ 72.815076229855393, 19.024776541977399 ], [ 72.815066489919047, 19.024796126547926 ], [ 72.815055883294249, 19.024817060250104 ], [ 72.815046802648013, 19.024834669091007 ], [ 72.815027485080464, 19.024871229767928 ], [ 72.815019793408126, 19.024885459737927 ], [ 72.815009280186729, 19.024904624180447 ], [ 72.814996946313627, 19.024926697213203 ], [ 72.814953084415208, 19.025002030188844 ], [ 72.81443098093547, 19.025927063632139 ], [ 72.814033590424529, 19.02667756932496 ], [ 72.81439491281175, 19.026850621966904 ], [ 72.814640880970771, 19.026878646224247 ], [ 72.815050762431412, 19.026588010564961 ], [ 72.815517531851285, 19.02620047359601 ], [ 72.81583000956023, 19.025897286765257 ], [ 72.816405476146741, 19.02536012538917 ], [ 72.816913612360082, 19.024586330367146 ], [ 72.81700267136695, 19.024469538786491 ], [ 72.817054559514517, 19.020497512924852 ] ] ] } },
{ "type": "Feature", "properties": { "grid_id": "cell_0506", "ward_id": "R/C", "ward_gid": 11, "NDVI_prev": 0.65789219902223472, "LST_C": 28.284480342986992, "NDVI": 0.66284588718760651, "pop_density_km2": 2574.3823956188794, "elderly_pct": 4.7571458674900136, "slum_pct": 0.0, "hospital_dist_m": 3940.8934824631579, "impervious_pct": 0.0 }, "geometry": { "type": "Polygon", "coordinates": [ [ [ 72.909514191098168, 19.220288690161926 ], [ 72.909399912133466, 19.229320108249748 ], [ 72.909466399548663, 19.229320867532557 ], [ 72.909481914269819, 19.229240731173199 ], [ 72.909481966184188, 19.229240686602456 ], [ 72.909482063787664, 19.229240413122383 ], [ 72.910092319193637, 19.228703109809882 ], [ 72.910542349152976, 19.227647465277855 ], [ 72.910974816311366, 19.226040888690392 ], [ 72.910790439743025, 19.224797022288701 ], [ 72.910790425821261, 19.224796920060015 ], [ 72.910770048646114, 19.224659701699814 ], [ 72.910727196344084, 19.224378071760231 ], [ 72.91072715600076, 19.224377803027846 ], [ 72.910434143672745, 19.222453761696393 ], [ 72.910373310327842, 19.222000728306558 ], [ 72.910373292075192, 19.222000592607333 ], [ 72.910373251124525, 19.222000296769782 ], [ 72.910350138091417, 19.221828913383398 ], [ 72.91020916582967, 19.220721076246754 ], [ 72.910148116574746, 19.220295925310822 ], [ 72.909514191098168, 19.220288690161926 ] ] ] } },
{ "type": "Feature", "properties": { "grid_id": "cell_0507", "ward_id": "G/S", "ward_gid": 7, "NDVI_prev": 0.13092065083528096, "LST_C": 32.737134871607452, "NDVI": 0.12469159440671101, "pop_density_km2": 35900.818081838639, "elderly_pct": 5.5859844937147676, "slum_pct": 13.434288897863045, "hospital_dist_m": 779.4730128936593, "impervious_pct": 42.453321887359344 }, "geometry": { "type": "Polygon", "coordinates": [ [ [ 72.817054559514517, 19.020497512924852 ], [ 72.817172487957023, 19.011466436268577 ], [ 72.816115768131681, 19.011453953291014 ], [ 72.816316295884604, 19.011791513913039 ], [ 72.816396964845893, 19.011951788015086 ], [ 72.816451271454611, 19.012070428898401 ], [ 72.816503845299366, 19.012221264507598 ], [ 72.816564696565038, 19.012393097225878 ], [ 72.816587338672733, 19.012457037307517 ], [ 72.816626113183645, 19.012591166904862 ], [ 72.816650894666097, 19.012701011785367 ], [ 72.816688179504894, 19.012905156132891 ], [ 72.816709922904735, 19.013057489086233 ], [ 72.816719365190167, 19.013181123275299 ], [ 72.816728836563328, 19.013390597886833 ], [ 72.816729736163126, 19.013519513603484 ], [ 72.816725061686768, 19.013679016058081 ], [ 72.816717858173632, 19.013739042947307 ], [ 72.816710224993457, 19.013802665101842 ], [ 72.816687347664939, 19.013939905146717 ], [ 72.816649522797434, 19.014099684346167 ], [ 72.816622231699711, 19.014175307820647 ], [ 72.816604174022444, 19.014257841827085 ], [ 72.816591421301553, 19.014289313830659 ], [ 72.816565252412417, 19.014372806990036 ], [ 72.816529492453853, 19.014510507183569 ], [ 72.816506605710174, 19.014597764999426 ], [ 72.81648944326902, 19.014667296483481 ], [ 72.816470848211608, 19.014739557810412 ], [ 72.816455119513591, 19.014807723357578 ], [ 72.816442247344682, 19.014859531435476 ], [ 72.816433232839628, 19.014894385989706 ], [ 72.816428557257467, 19.014906632963989 ], [ 72.816426071457116, 19.01491314580803 ], [ 72.816422040730501, 19.014921245466653 ], [ 72.816418009991665, 19.014929346028261 ], [ 72.816407262116158, 19.01495236743806 ], [ 72.816400153860343, 19.014963424091285 ], [ 72.816359299213971, 19.015046772572589 ], [ 72.81632638744621, 19.015108820597984 ], [ 72.816284142741864, 19.015198542196082 ], [ 72.816246772502225, 19.015277438163416 ], [ 72.816145021581903, 19.01544243400436 ], [ 72.816108980418534, 19.015492712723017 ], [ 72.816058154543143, 19.015570788441103 ], [ 72.816022645066951, 19.015631467078489 ], [ 72.815973519370644, 19.015726450857517 ], [ 72.815946525834661, 19.015785936673343 ], [ 72.815927079507659, 19.015832972818089 ], [ 72.815907218611244, 19.015885717093216 ], [ 72.81588980904597, 19.015936987336119 ], [ 72.815867073376666, 19.016013944371885 ], [ 72.815844199374752, 19.01611028162775 ], [ 72.815828053029591, 19.01620172873637 ], [ 72.815820166812728, 19.016262433936273 ], [ 72.815705742882699, 19.018177758072294 ], [ 72.815565254283626, 19.020479910062562 ], [ 72.817054559514517, 19.020497512924852 ] ] ] } },
{ "type": "Feature", "properties": { "grid_id": "cell_0508", "ward_id": "R/N", "ward_gid": 15, "NDVI_prev": 0.60183677483527231, "LST_C": 27.698394003573242, "NDVI": 0.705678345766517, "pop_density_km2": 6958.049922656206, "elderly_pct": 4.020579305681613, "slum_pct": 0.0, "hospital_dist_m": 1726.3533545512039, "impervious_pct": 0.0 }, "geometry": { "type": "Polygon", "coordinates": [ [ [ 72.842373617482068, 19.264671971706623 ], [ 72.837744482152758, 19.264617266673568 ], [ 72.837821215128685, 19.26471470503191 ], [ 72.838132439084291, 19.265170064105142 ], [ 72.838432483728724, 19.265581016635302 ], [ 72.838645639383003, 19.265866919707744 ], [ 72.838730171719078, 19.265973349604952 ], [ 72.838916238481758, 19.266133710127935 ], [ 72.839029534777595, 19.266226343480021 ], [ 72.839093216733204, 19.266241478676811 ], [ 72.839436377237988, 19.266510249993981 ], [ 72.839807615016767, 19.266739310344843 ], [ 72.840080313623119, 19.26688867624334 ], [ 72.840379124258945, 19.267073714775712 ], [ 72.840466117055684, 19.267121920623204 ], [ 72.840763114705538, 19.267206415923365 ], [ 72.84097002077273, 19.267256145771778 ], [ 72.841183911984515, 19.267314807828139 ], [ 72.84153389896926, 19.267416602543303 ], [ 72.841670959046155, 19.267424803186579 ], [ 72.842047414245144, 19.267435661781324 ], [ 72.842337316319302, 19.267445103193438 ], [ 72.842373617482068, 19.264671971706623 ] ] ] } },
{ "type": "Feature", "properties": { "grid_id": "cell_0509", "ward_id": "M/E", "ward_gid": 16, "NDVI_prev": 0.39898940493303248, "LST_C": 32.317723199162756, "NDVI": 0.37946600343639497, "pop_density_km2": 28184.232776185632, "elderly_pct": 4.7571458579430423, "slum_pct": 0.0, "hospital_dist_m": 2065.8138551085558, "impervious_pct": 11.535311535311532 }, "geometry": { "type": "Polygon", "coordinates": [ [ [ 72.95916221051742, 19.04922126182165 ], [ 72.959051714075287, 19.05825313145132 ], [ 72.960528250202543, 19.05826946309946 ], [ 72.960531341386769, 19.058210521981575 ], [ 72.960537517139215, 19.058063000339306 ], [ 72.960545943599328, 19.057873973925403 ], [ 72.960546107816384, 19.057781848109592 ], [ 72.960553946037436, 19.057618781719761 ], [ 72.960554035994747, 19.057571571242708 ], [ 72.960560312949994, 19.057378396539058 ], [ 72.96056039134848, 19.057335238179554 ], [ 72.960575029369124, 19.056997289480993 ], [ 72.960598597023406, 19.056880446792839 ], [ 72.960409391975418, 19.055669088065866 ], [ 72.960346335162498, 19.055277663562741 ], [ 72.960345081813287, 19.055269883374432 ], [ 72.96024159402063, 19.054627481005355 ], [ 72.959928776531044, 19.052673049530014 ], [ 72.959809666362162, 19.051460274974577 ], [ 72.959742590284804, 19.050863538572337 ], [ 72.959718627665808, 19.050685693754563 ], [ 72.959689717180311, 19.050462847338029 ], [ 72.959645953866485, 19.050114061640404 ], [ 72.959609635112969, 19.049860912167617 ], [ 72.959575700514193, 19.049616481603749 ], [ 72.959542200924474, 19.049381848627551 ], [ 72.959520575638976, 19.049225224901502 ], [ 72.95916221051742, 19.04922126182165 ] ] ] } },
{ "type": "Feature", "properties": { "grid_id": "cell_0510", "ward_id": "R/N", "ward_gid": 15, "NDVI_prev": 0.51058206097708747, "LST_C": 29.49328168133416, "NDVI": 0.66298415687980894, "pop_density_km2": 20531.612457672665, "elderly_pct": 4.7111142053985011, "slum_pct": 0.0, "hospital_dist_m": 542.54106929101874, "impervious_pct": 0.0 }, "geometry": { "type": "Polygon", "coordinates": [ [ [ 72.861392872601655, 19.264895502458888 ], [ 72.86136950511596, 19.266696522262968 ], [ 72.861419245770705, 19.266699916383619 ], [ 72.861661761745623, 19.266718007182195 ], [ 72.861753066940011, 19.266724817398185 ], [ 72.861988600522196, 19.266744324562165 ], [ 72.862488647968448, 19.267041628075244 ], [ 72.862499401240271, 19.267048021476647 ], [ 72.862571367512587, 19.267433416142818 ], [ 72.862589726828119, 19.267530912393326 ], [ 72.862637746841486, 19.267785898869811 ], [ 72.863031458744757, 19.267700312954396 ], [ 72.863031650800707, 19.267698704710146 ], [ 72.863083875521838, 19.26725906356792 ], [ 72.863190481253625, 19.267178110922867 ], [ 72.863344348539499, 19.26706127014112 ], [ 72.863721890466877, 19.266773423435389 ], [ 72.863741730137136, 19.266758295613009 ], [ 72.863742127384171, 19.266758173801719 ], [ 72.863744105060562, 19.266757564645189 ], [ 72.863745877378236, 19.266756215134802 ], [ 72.863901693713885, 19.266708212337385 ], [ 72.864285332435685, 19.266584281144741 ], [ 72.864291351251396, 19.266574951377454 ], [ 72.864519366518152, 19.266221604135783 ], [ 72.864645407490002, 19.266029612775586 ], [ 72.864646981841119, 19.266030181247867 ], [ 72.864647655895453, 19.266030423967795 ], [ 72.864649554725958, 19.266027530467635 ], [ 72.864856381395626, 19.266102094692528 ], [ 72.866185571441278, 19.266581272951083 ], [ 72.866326637563404, 19.266314202431673 ], [ 72.866195778095303, 19.265687858511455 ], [ 72.866172045890323, 19.265596814850625 ], [ 72.866168624466368, 19.265583682311295 ], [ 72.866168574606121, 19.265583492950139 ], [ 72.866128152747422, 19.265420330523149 ], [ 72.866079324158832, 19.265210503842354 ], [ 72.866029410173809, 19.265021710183319 ], [ 72.866012250010598, 19.264949494708386 ], [ 72.861392872601655, 19.264895502458888 ] ] ] } },
{ "type": "Feature", "properties": { "grid_id": "cell_0511", "ward_id": "T", "ward_gid": 13, "NDVI_prev": 0.66282165438985974, "LST_C": 28.467223908057502, "NDVI": 0.61711192054031094, "pop_density_km2": 20005.202353817956, "elderly_pct": 4.7571458574148684, "slum_pct": 0.0, "hospital_dist_m": 1534.4574251320889, "impervious_pct": 0.0 }, "geometry": { "type": "Polygon", "coordinates": [ [ [ 72.976730271891697, 19.166845328613647 ], [ 72.979172181091201, 19.166872226346616 ], [ 72.979133062883662, 19.166729175065669 ], [ 72.979133042843074, 19.166729103483686 ], [ 72.979085705405367, 19.166600468847658 ], [ 72.979085680568375, 19.166600400826102 ], [ 72.978969066996342, 19.166221107779918 ], [ 72.978969046955854, 19.166221036197928 ], [ 72.978771396266453, 19.165497068019484 ], [ 72.978771377198626, 19.165496994641583 ], [ 72.978546544763446, 19.164902126862625 ], [ 72.978370809054496, 19.164442957938594 ], [ 72.978265681142503, 19.164155812908344 ], [ 72.977578770161756, 19.162279539785398 ], [ 72.977426100747735, 19.161864666936566 ], [ 72.977385504286829, 19.161727306248309 ], [ 72.977047801883032, 19.160584654640594 ], [ 72.977047780882387, 19.160584583951213 ], [ 72.976909930161881, 19.160115505791982 ], [ 72.976909909139266, 19.160115436908963 ], [ 72.976827125098183, 19.159855397390555 ], [ 72.976816131654886, 19.159809601078081 ], [ 72.976730271891697, 19.166845328613647 ] ] ] } },
{ "type": "Feature", "properties": { "grid_id": "cell_0512", "ward_id": "T", "ward_gid": 13, "NDVI_prev": 0.29486299046651926, "LST_C": 32.52214068705436, "NDVI": 0.30557439475649412, "pop_density_km2": 100334.17360643177, "elderly_pct": 4.7571458618910096, "slum_pct": 1.3682018077571123, "hospital_dist_m": 355.27669218332164, "impervious_pct": 67.944186731463049 }, "geometry": { "type": "MultiPolygon", "coordinates": [ [ [ [ 72.967114755662507, 19.17577212441677 ], [ 72.967088298003475, 19.177928214820025 ], [ 72.967251082422749, 19.177897645130351 ], [ 72.967304941764709, 19.177887532266656 ], [ 72.96767037761893, 19.177817466219846 ], [ 72.967763844068998, 19.177792343640434 ], [ 72.96776387718252, 19.177792356653423 ], [ 72.967777385771896, 19.177798349736296 ], [ 72.967777395720432, 19.177798313714405 ], [ 72.968025566949791, 19.177913646266489 ], [ 72.968025559888375, 19.177913601926456 ], [ 72.967959468984077, 19.177531203903349 ], [ 72.967988069286264, 19.177454890777469 ], [ 72.968053583624766, 19.177280073000123 ], [ 72.968069415946886, 19.177215506824464 ], [ 72.968084690793361, 19.177153218924943 ], [ 72.968103973446901, 19.177110398217184 ], [ 72.968113287828032, 19.177089717271784 ], [ 72.968155602196475, 19.176899459810038 ], [ 72.96820312356212, 19.176798079931771 ], [ 72.968209962792727, 19.176783490543446 ], [ 72.968224185054339, 19.176739349157987 ], [ 72.968301497204763, 19.176584699836511 ], [ 72.968347879128487, 19.176485752527441 ], [ 72.968355857577421, 19.176468730504048 ], [ 72.968401725747952, 19.176385857180133 ], [ 72.968427423721494, 19.176322374843366 ], [ 72.968487127038657, 19.176132019806591 ], [ 72.96850082842046, 19.176053515494417 ], [ 72.968508125903114, 19.176011705613458 ], [ 72.968508224515787, 19.17601164889383 ], [ 72.968676108260539, 19.175913376321848 ], [ 72.968811211933058, 19.175861201220023 ], [ 72.968938171673244, 19.175817060178172 ], [ 72.968992391850549, 19.17579807940707 ], [ 72.969006770972683, 19.175793075305716 ], [ 72.967114755662507, 19.17577212441677 ] ] ], [ [ [ 72.970554718781372, 19.175810201718168 ], [ 72.970591619285244, 19.175838408971114 ], [ 72.970916015279798, 19.176089809667285 ], [ 72.971146621720095, 19.176607147993664 ], [ 72.97132296158901, 19.177046499187075 ], [ 72.971432019210013, 19.177315828145584 ], [ 72.97145689909145, 19.177383671256294 ], [ 72.971477958561096, 19.177446212188688 ], [ 72.971494570483941, 19.177489917031739 ], [ 72.971494595263579, 19.177489989570009 ], [ 72.971543399376714, 19.177628188141814 ], [ 72.971543421315843, 19.177628259745383 ], [ 72.971582707192994, 19.177754212677261 ], [ 72.97158272818163, 19.177754284270307 ], [ 72.971638008980307, 19.177934202165524 ], [ 72.971638029957916, 19.177934274661752 ], [ 72.971704832587193, 19.178155758992791 ], [ 72.97170485452645, 19.178155830596342 ], [ 72.971764316506864, 19.178349497813358 ], [ 72.971764336556134, 19.178349568492706 ], [ 72.971819060553827, 19.17852754893568 ], [ 72.971819082482099, 19.178527621442409 ], [ 72.971862100040482, 19.178661421039667 ], [ 72.971861298187335, 19.178702842220513 ], [ 72.97186139062201, 19.178702824272904 ], [ 72.972676170023405, 19.178533602548551 ], [ 72.97295376205615, 19.178351765836386 ], [ 72.972953768765194, 19.178351761393991 ], [ 72.972734718947919, 19.177927603677155 ], [ 72.972676283496099, 19.177818226347544 ], [ 72.972676262075908, 19.177818189978677 ], [ 72.972678009679456, 19.177616584478162 ], [ 72.972689809433859, 19.177467968587408 ], [ 72.972702596979801, 19.177306916068126 ], [ 72.972875281732115, 19.177286103112966 ], [ 72.973061639212716, 19.177265184492796 ], [ 72.973568375393157, 19.177196465780955 ], [ 72.973568383959005, 19.177196464972251 ], [ 72.973470063531664, 19.176987506037896 ], [ 72.973470037579688, 19.176987451552979 ], [ 72.973553893955469, 19.176810366062583 ], [ 72.973645433799291, 19.176710655764868 ], [ 72.97374808665883, 19.176516435171514 ], [ 72.973891033668508, 19.176343212325325 ], [ 72.974185452859658, 19.175942138094424 ], [ 72.974235510309782, 19.175870860777113 ], [ 72.974251878295092, 19.175851054062584 ], [ 72.970554718781372, 19.175810201718168 ] ] ] ] } },
{ "type": "Feature", "properties": { "grid_id": "cell_0513", "ward_id": "T", "ward_gid": 13, "NDVI_prev": 0.39630167877619077, "LST_C": 33.295677655049325, "NDVI": 0.41882454526085833, "pop_density_km2": 109434.42205583795, "elderly_pct": 4.757145872462293, "slum_pct": 1.0866521705008059, "hospital_dist_m": 302.31702801410165, "impervious_pct": 40.904984189128143 }, "geometry": { "type": "Polygon", "coordinates": [ [ [ 72.947992570606758, 19.184592218015453 ], [ 72.947954932709465, 19.187629210310455 ], [ 72.94811660975293, 19.187560834527208 ], [ 72.948139008780572, 19.187502277144912 ], [ 72.948281927006022, 19.18745831302353 ], [ 72.948371002385926, 19.187442380869843 ], [ 72.948418856593904, 19.187421028489762 ], [ 72.94857520339319, 19.187360341729576 ], [ 72.948712475886396, 19.18733726689057 ], [ 72.948714737579152, 19.18733688660792 ], [ 72.948737689870114, 19.187333026106806 ], [ 72.948842523112063, 19.187305125178732 ], [ 72.949173093903823, 19.187148084483336 ], [ 72.949605910166525, 19.187075302776133 ], [ 72.949741978502061, 19.186876740753689 ], [ 72.949748503393565, 19.186872502272777 ], [ 72.949914217277453, 19.186766917804569 ], [ 72.950081351991102, 19.186656133429818 ], [ 72.950041993575837, 19.186328033634695 ], [ 72.950026107764529, 19.186212432294159 ], [ 72.950043803578183, 19.185992091788076 ], [ 72.950073957776837, 19.185946796207865 ], [ 72.950111815414189, 19.185917709609054 ], [ 72.950204947574832, 19.185909983981908 ], [ 72.95027881309953, 19.185860841953193 ], [ 72.950568045977718, 19.185575849088906 ], [ 72.950818924609607, 19.185437985723116 ], [ 72.951004529051545, 19.185335912096079 ], [ 72.951051760940686, 19.185281570910458 ], [ 72.951108599740692, 19.185246963803891 ], [ 72.951182084315349, 19.185154496008792 ], [ 72.95127046466871, 19.185059463895939 ], [ 72.951304644755552, 19.185052725898679 ], [ 72.951356873787716, 19.185038612649652 ], [ 72.952236434324917, 19.184876174186872 ], [ 72.952236525623775, 19.184876171592975 ], [ 72.952476287458325, 19.184867315793436 ], [ 72.952534028460505, 19.184851744381959 ], [ 72.952710749247089, 19.184804088997993 ], [ 72.952857695905905, 19.184787745376457 ], [ 72.953058239607401, 19.184766811233828 ], [ 72.953155964092332, 19.184756610578408 ], [ 72.953302983859132, 19.184741193285983 ], [ 72.953438786553491, 19.184844219992129 ], [ 72.953447699437987, 19.18485098033835 ], [ 72.953731567796567, 19.184915681675516 ], [ 72.953731614508214, 19.184915671357068 ], [ 72.953878628823091, 19.184883240878641 ], [ 72.954052563804083, 19.184859825554433 ], [ 72.954147751800335, 19.18483831933229 ], [ 72.954413512521569, 19.184778198963439 ], [ 72.954413537068916, 19.184778212786625 ], [ 72.954456148428207, 19.18480443644097 ], [ 72.954456148624644, 19.184804500577179 ], [ 72.954456437558491, 19.18483574970832 ], [ 72.954459528605852, 19.185170112961352 ], [ 72.954459611450261, 19.185170102142408 ], [ 72.954514502211808, 19.185163306352372 ], [ 72.954514551596688, 19.185163310516291 ], [ 72.95488563166677, 19.185198671687314 ], [ 72.954885658371907, 19.185198664758691 ], [ 72.954981260138069, 19.18517761346914 ], [ 72.955034636752032, 19.185099045504192 ], [ 72.955079377039525, 19.18489054053958 ], [ 72.955083962501661, 19.184869349747842 ], [ 72.955117419371703, 19.184830245986582 ], [ 72.955177028020501, 19.184760575353888 ], [ 72.955317947807458, 19.184697983330018 ], [ 72.955323184456731, 19.184695656098341 ], [ 72.955324093551965, 19.184695252522474 ], [ 72.955370606427351, 19.184674608596545 ], [ 72.947992570606758, 19.184592218015453 ] ] ] } },
{ "type": "Feature", "properties": { "grid_id": "cell_0515", "ward_id": "M/E", "ward_gid": 16, "NDVI_prev": 0.37095340494277562, "LST_C": 34.331094726612996, "NDVI": 0.3454151003470447, "pop_density_km2": 40895.081033373921, "elderly_pct": 4.7571458775364119, "slum_pct": 0.0, "hospital_dist_m": 3866.1188048584872, "impervious_pct": 63.986102872637879 }, "geometry": { "type": "Polygon", "coordinates": [ [ [ 72.921620538615272, 19.012670469487041 ], [ 72.924901248788942, 19.01270733217731 ], [ 72.921671493280655, 19.008570613202515 ], [ 72.921620538615272, 19.012670469487041 ] ] ] } },
{ "type": "Feature", "properties": { "grid_id": "cell_0516", "ward_id": "R/C", "ward_gid": 11, "NDVI_prev": 0.24075978828708647, "LST_C": 26.952512828416204, "NDVI": 0.46929999234792202, "pop_density_km2": 3159.4123272266629, "elderly_pct": 4.7571458628906775, "slum_pct": 0.0, "hospital_dist_m": 1757.2092224311596, "impervious_pct": 0.0 }, "geometry": { "type": "Polygon", "coordinates": [ [ [ 72.833101412554612, 19.246497590731529 ], [ 72.828377328797785, 19.246441567134656 ], [ 72.828420958409424, 19.2464998956298 ], [ 72.828717631264439, 19.246830048215255 ], [ 72.828842677754295, 19.246958304909704 ], [ 72.828972070688906, 19.247063561707833 ], [ 72.829176541171435, 19.247188616850142 ], [ 72.829754977576641, 19.247481880862079 ], [ 72.830069798966079, 19.24765844521243 ], [ 72.830446740126945, 19.24785549602715 ], [ 72.830697015335957, 19.24795983172238 ], [ 72.831198599942951, 19.248145826989258 ], [ 72.831391847271462, 19.24820531020708 ], [ 72.831660437052378, 19.248301695679345 ], [ 72.831944643265118, 19.248399917005941 ], [ 72.833071569857651, 19.248769932502203 ], [ 72.833101412554612, 19.246497590731529 ] ] ] } },
{ "type": "Feature", "properties": { "grid_id": "cell_0517", "ward_id": "K/W", "ward_gid": 14, "NDVI_prev": 0.13850145254645485, "LST_C": 30.1536408190718, "NDVI": 0.21165773053814002, "pop_density_km2": 3039.2812763399393, "elderly_pct": 4.7571458638054338, "slum_pct": 0.0, "hospital_dist_m": 2933.3557064301085, "impervious_pct": 6.8606788933231693 }, "geometry": { "type": "Polygon", "coordinates": [ [ [ 72.781700387263527, 19.132477558896252 ], [ 72.781383750436362, 19.132609768551962 ], [ 72.781093915853333, 19.132878331797322 ], [ 72.780659525711783, 19.133253973889609 ], [ 72.78042474758459, 19.133686437326418 ], [ 72.780420748038139, 19.133985656452172 ], [ 72.780471080176298, 19.134503180593349 ], [ 72.780754374828106, 19.134724250063947 ], [ 72.780924642838642, 19.134835130196656 ], [ 72.781520219259789, 19.135250411307108 ], [ 72.782065824809351, 19.135120964821127 ], [ 72.783132771545453, 19.134535300193484 ], [ 72.783423695754266, 19.134185128319857 ], [ 72.783574785068183, 19.133588414377044 ], [ 72.783464298238002, 19.1332878142649 ], [ 72.783126666556782, 19.132848444221679 ], [ 72.782844097607381, 19.132572974798524 ], [ 72.782586517409598, 19.132569868032927 ], [ 72.782186927077717, 19.132483429245291 ], [ 72.781700387263527, 19.132477558896252 ] ] ] } },
{ "type": "Feature", "properties": { "grid_id": "cell_0518", "ward_id": "P/N", "ward_gid": 21, "NDVI_prev": 0.20042249889600686, "LST_C": 31.72676538559455, "NDVI": 0.21836898472120805, "pop_density_km2": 1468.596199415043, "elderly_pct": 4.7571459334470632, "slum_pct": 0.0, "hospital_dist_m": 2729.2923463227512, "impervious_pct": 1.2723488790086079 }, "geometry": { "type": "MultiPolygon", "coordinates": [ [ [ [ 72.796031342090984, 19.173797039268056 ], [ 72.793798037973204, 19.173770202203574 ], [ 72.794121265173501, 19.174222974801353 ], [ 72.795415801823324, 19.178029060240064 ], [ 72.795842625370639, 19.179069972342322 ], [ 72.795954723510576, 19.179555734864849 ], [ 72.796031342090984, 19.173797039268056 ] ] ], [ [ [ 72.795911176531391, 19.182827828759155 ], [ 72.795923375885238, 19.181911243947884 ], [ 72.795802481225266, 19.182826522633054 ], [ 72.795911176531391, 19.182827828759155 ] ] ] ] } },
{ "type": "Feature", "properties": { "grid_id": "cell_0519", "ward_id": "R/C", "ward_gid": 11, "NDVI_prev": 0.66538448084899227, "LST_C": 28.811435066539239, "NDVI": 0.65775214250592628, "pop_density_km2": 4217.8014124566935, "elderly_pct": 4.7571458708106942, "slum_pct": 0.0, "hospital_dist_m": 2634.497448426217, "impervious_pct": 0.0 }, "geometry": { "type": "Polygon", "coordinates": [ [ [ 72.81408463457818, 19.246271325154776 ], [ 72.814048443074924, 19.249003088338625 ], [ 72.814369054550369, 19.24874376505462 ], [ 72.81483348496559, 19.248373369868212 ], [ 72.815324920298252, 19.248024901045618 ], [ 72.81571553304407, 19.247731402910254 ], [ 72.816009357261535, 19.247531815512122 ], [ 72.816248020336701, 19.247374779408517 ], [ 72.816518470334401, 19.247222445251762 ], [ 72.816683319622328, 19.24714230967335 ], [ 72.817373303384045, 19.246917199938505 ], [ 72.818227106307233, 19.246689718642525 ], [ 72.818560153480902, 19.246620230374059 ], [ 72.818902354200901, 19.246546529574893 ], [ 72.819025348932229, 19.246535032078565 ], [ 72.819759561827212, 19.246405505907127 ], [ 72.820077927101991, 19.246342847917024 ], [ 72.81408463457818, 19.246271325154776 ] ] ] } },
{ "type": "Feature", "properties": { "grid_id": "cell_0520", "ward_id": "A", "ward_gid": 1, "NDVI_prev": 0.20477462239045116, "LST_C": 30.310005273616369, "NDVI": 0.20770009323056973, "pop_density_km2": 5797.4830270537614, "elderly_pct": 5.5859844368926979, "slum_pct": 17.265808692103281, "hospital_dist_m": 1643.7195480556418, "impervious_pct": 48.45597405836866 }, "geometry": { "type": "Polygon", "coordinates": [ [ [ 72.808976034156089, 18.912012217297907 ], [ 72.806039827916123, 18.911977541378274 ], [ 72.806146703417895, 18.912132001933507 ], [ 72.806476446832946, 18.912645302655978 ], [ 72.806776939703042, 18.913056376127678 ], [ 72.807107444871036, 18.913511466896054 ], [ 72.807517438564744, 18.914027445715966 ], [ 72.807842470482115, 18.914423562614346 ], [ 72.808167320456448, 18.914815258211981 ], [ 72.808927435613157, 18.915741653093068 ], [ 72.808976034156089, 18.912012217297907 ] ] ] } },
{ "type": "Feature", "properties": { "grid_id": "cell_0521", "ward_id": "B", "ward_gid": 2, "NDVI_prev": 0.086355444520888988, "LST_C": 31.177772590167713, "NDVI": 0.11063402375214733, "pop_density_km2": 3926.7091401773014, "elderly_pct": 5.5859844752195809, "slum_pct": 0.0, "hospital_dist_m": 983.07362206334767, "impervious_pct": 37.433477256752674 }, "geometry": { "type": "MultiPolygon", "coordinates": [ [ [ [ 72.850403925837995, 18.957659996071435 ], [ 72.849806193668883, 18.957266267062902 ], [ 72.849518382807361, 18.955870275537873 ], [ 72.849104961246752, 18.95596243360923 ], [ 72.849435184506959, 18.957301625130466 ], [ 72.848381181541157, 18.957636516727845 ], [ 72.848876110768572, 18.957642263742155 ], [ 72.849605580692625, 18.957378524024861 ], [ 72.850116015610965, 18.957656655452919 ], [ 72.850403925837995, 18.957659996071435 ] ] ], [ [ [ 72.846354509753539, 18.957612969651088 ], [ 72.847919597933767, 18.957631155724567 ], [ 72.847864237884039, 18.957409158194963 ], [ 72.847828955995809, 18.95726387888427 ], [ 72.847785128728717, 18.957083115748336 ], [ 72.847733918183081, 18.956873966601762 ], [ 72.847691434257285, 18.956699354948 ], [ 72.84765763761888, 18.956567373600087 ], [ 72.847625969610533, 18.956431680163387 ], [ 72.847595630562054, 18.956313458688328 ], [ 72.847561390120589, 18.956169167881335 ], [ 72.847387384739577, 18.955480893434924 ], [ 72.847247059596285, 18.95491692298507 ], [ 72.847196560964321, 18.954709341975921 ], [ 72.847178681893425, 18.954665427004983 ], [ 72.847151774884694, 18.954624604707554 ], [ 72.847098680424622, 18.954564491493411 ], [ 72.847042714865538, 18.954520384207822 ], [ 72.846973384788399, 18.954474715239094 ], [ 72.846920393119291, 18.954447800920601 ], [ 72.846903442129715, 18.954439573020252 ], [ 72.84687671209295, 18.954431937844433 ], [ 72.846852343230381, 18.954431462290991 ], [ 72.84682274725688, 18.954433213969285 ], [ 72.846795489399611, 18.954439927354848 ], [ 72.84675302519436, 18.954265436852232 ], [ 72.846979620559395, 18.954213635351628 ], [ 72.847077387608223, 18.954191697335034 ], [ 72.847098516639562, 18.954181352924454 ], [ 72.8471196265332, 18.954161107586511 ], [ 72.847132170406283, 18.954142655971626 ], [ 72.847133879677472, 18.954127157714115 ], [ 72.84713558158488, 18.954105279600739 ], [ 72.847132791416044, 18.954088938710481 ], [ 72.847125970480903, 18.954071408358637 ], [ 72.847112322764858, 18.954053003818039 ], [ 72.847088841775104, 18.954036386407267 ], [ 72.84707073801323, 18.9540291450475 ], [ 72.84704956097444, 18.95402621811003 ], [ 72.847021131252887, 18.954031932456896 ], [ 72.846766641687779, 18.954087240655177 ], [ 72.846711742555783, 18.954099410129817 ], [ 72.846673771513295, 18.953951259584898 ], [ 72.846708034956777, 18.953943316978016 ], [ 72.846731397715033, 18.953928684565568 ], [ 72.846748128774379, 18.953916469910688 ], [ 72.846768880231679, 18.953894565664367 ], [ 72.846807705290516, 18.953834912565679 ], [ 72.846827876404163, 18.953800826442045 ], [ 72.846853548585628, 18.953749526557555 ], [ 72.846894621105079, 18.953658325875516 ], [ 72.846911660194721, 18.95357979697016 ], [ 72.846912831223364, 18.953562670195087 ], [ 72.846878327110474, 18.953430340023743 ], [ 72.846822373228278, 18.95320576294883 ], [ 72.846774001479659, 18.953011824237297 ], [ 72.846735644952645, 18.952853551742336 ], [ 72.846691011769778, 18.952664717461278 ], [ 72.846635681142772, 18.952430591043132 ], [ 72.846626959792502, 18.952416979548783 ], [ 72.846592726530872, 18.952364017083266 ], [ 72.846546803374437, 18.952313571666625 ], [ 72.846505177933096, 18.952271325450013 ], [ 72.846451881227921, 18.952231550423605 ], [ 72.846423743766678, 18.952220141176355 ], [ 72.846354509753539, 18.957612969651088 ] ] ], [ [ [ 72.84642662210257, 18.951995900063682 ], [ 72.846532810486011, 18.952012841806443 ], [ 72.846605961475376, 18.952023225795742 ], [ 72.846632313251021, 18.952019621756371 ], [ 72.846654935966143, 18.952008115063162 ], [ 72.846672544212737, 18.951992924390762 ], [ 72.846684950595431, 18.951970898776782 ], [ 72.846692270393405, 18.951949328921025 ], [ 72.846690778521975, 18.951928139023849 ], [ 72.846681908903932, 18.951906184146079 ], [ 72.846677168227728, 18.951892040817718 ], [ 72.846660449748228, 18.951873631290663 ], [ 72.84664283711264, 18.951864016412713 ], [ 72.846595028740438, 18.951853584582867 ], [ 72.846532552507824, 18.951844559402641 ], [ 72.846512180589542, 18.951838910306403 ], [ 72.846501036595726, 18.951827076286548 ], [ 72.846490822250729, 18.951816996372802 ], [ 72.846466874645529, 18.951721530090264 ], [ 72.846435824840782, 18.951593849385436 ], [ 72.846431984317007, 18.95157814020509 ], [ 72.84642662210257, 18.951995900063682 ] ] ], [ [ [ 72.846470441977715, 18.948581655974088 ], [ 72.846446290074397, 18.950463552363662 ], [ 72.846504786554533, 18.950439742054549 ], [ 72.846541860073771, 18.950118773373752 ], [ 72.846766672310551, 18.948585097560247 ], [ 72.846470441977715, 18.948581655974088 ] ] ] ] } },
{ "type": "Feature", "properties": { "grid_id": "cell_0523", "ward_id": "G/S", "ward_gid": 7, "NDVI_prev": 0.068716243990751907, "LST_C": 33.260310220484591, "NDVI": 0.10686830102265193, "pop_density_km2": 25187.154418770468, "elderly_pct": 5.5859844430374475, "slum_pct": 0.0, "hospital_dist_m": 1145.3951948057895, "impervious_pct": 75.983415392588753 }, "geometry": { "type": "Polygon", "coordinates": [ [ [ 72.817054559514517, 19.020497512924852 ], [ 72.81700267136695, 19.024469538786491 ], [ 72.817371873325399, 19.023985366592058 ], [ 72.818885314741479, 19.022876243020889 ], [ 72.818993021547399, 19.022997980754525 ], [ 72.819060775853544, 19.023074565828601 ], [ 72.819073198586864, 19.02308667238826 ], [ 72.819086346589231, 19.023096255707394 ], [ 72.819100551038062, 19.023103918548628 ], [ 72.819114543088816, 19.023109299988349 ], [ 72.81912864997777, 19.023112868158897 ], [ 72.819139075601697, 19.023114414757384 ], [ 72.819153737742127, 19.023115097283153 ], [ 72.819168485148438, 19.023114049289198 ], [ 72.819184912248318, 19.023110771134171 ], [ 72.819200356096729, 19.02310547887069 ], [ 72.819207809372855, 19.023102059548609 ], [ 72.819218378614011, 19.023096094626325 ], [ 72.81922950580811, 19.023088128371082 ], [ 72.819239508682301, 19.023079060429389 ], [ 72.81924876394072, 19.023068406591484 ], [ 72.819255026695842, 19.023059352304639 ], [ 72.819259981739293, 19.023050513811469 ], [ 72.819263236655004, 19.023043433742505 ], [ 72.819265589482285, 19.023037289627741 ], [ 72.819267014208862, 19.023032910341254 ], [ 72.819268554997834, 19.023027278717443 ], [ 72.819270499425997, 19.02301735240081 ], [ 72.819271502134214, 19.023007469162156 ], [ 72.81927156556776, 19.022996859463593 ], [ 72.819271142654344, 19.022990914716193 ], [ 72.819269151988905, 19.022978331561497 ], [ 72.819263637061695, 19.022960574551785 ], [ 72.819255402859213, 19.022944293864544 ], [ 72.819242618810947, 19.022927271192081 ], [ 72.818825243528551, 19.022412374774998 ], [ 72.818578564084802, 19.022101599406344 ], [ 72.818626839475471, 19.021995147401363 ], [ 72.818653105851951, 19.021944321217408 ], [ 72.818683076208913, 19.021805876414799 ], [ 72.818735160526117, 19.021346264171111 ], [ 72.818730881112501, 19.021085661698372 ], [ 72.818792759536564, 19.020660255914738 ], [ 72.818814757920521, 19.020518302135532 ], [ 72.817054559514517, 19.020497512924852 ] ] ] } },
{ "type": "Feature", "properties": { "grid_id": "cell_0524", "ward_id": "S", "ward_gid": 12, "NDVI_prev": 0.67861470098660626, "LST_C": 29.455357127812853, "NDVI": 0.60988280669575468, "pop_density_km2": 12178.087775257351, "elderly_pct": 4.7571458951063068, "slum_pct": 0.0, "hospital_dist_m": 1374.3621134722437, "impervious_pct": 0.0 }, "geometry": { "type": "Polygon", "coordinates": [ [ [ 72.948885921565093, 19.112338486091758 ], [ 72.952789529379899, 19.112381956811099 ], [ 72.952728596964164, 19.112279514762903 ], [ 72.952688609999214, 19.112200191795221 ], [ 72.952568566374808, 19.112006618290835 ], [ 72.951823552349083, 19.11083155606778 ], [ 72.950950266837353, 19.110933299894533 ], [ 72.950415017049806, 19.111002637480219 ], [ 72.950099986751013, 19.111038738225993 ], [ 72.94989884375336, 19.111079134176947 ], [ 72.949547045751856, 19.111145798495944 ], [ 72.949437051622439, 19.111167084900362 ], [ 72.949400109247719, 19.111180693364094 ], [ 72.949370932865094, 19.111194733420497 ], [ 72.949325003273302, 19.111219708208672 ], [ 72.949062814947638, 19.111348434090566 ], [ 72.948896791691297, 19.1114573053644 ], [ 72.948885921565093, 19.112338486091758 ] ] ] } },
{ "type": "Feature", "properties": { "grid_id": "cell_0525", "ward_id": "P/N", "ward_gid": 21, "NDVI_prev": 0.3024905190800809, "LST_C": 32.854281436857569, "NDVI": 0.28004144660639468, "pop_density_km2": 10923.716894821449, "elderly_pct": 4.7571458458012819, "slum_pct": 0.0, "hospital_dist_m": 3119.8291364859997, "impervious_pct": 4.1103674706402318 }, "geometry": { "type": "Polygon", "coordinates": [ [ [ 72.786768495958739, 19.155621151853094 ], [ 72.78680565366281, 19.152836465856463 ], [ 72.786647024129479, 19.15300826869073 ], [ 72.786211344887988, 19.153370109477038 ], [ 72.785716433941317, 19.153717116054633 ], [ 72.785222369229729, 19.154000596233882 ], [ 72.784967767575225, 19.154152833682659 ], [ 72.78465421844227, 19.154269062442843 ], [ 72.784474266121336, 19.154393961726456 ], [ 72.784412584838336, 19.154562644350275 ], [ 72.784350149057019, 19.154787793382944 ], [ 72.784348640412745, 19.154900726308909 ], [ 72.784340135319553, 19.1551612567322 ], [ 72.784339340652636, 19.155161761980125 ], [ 72.784334340130059, 19.155231004791855 ], [ 72.784313342627257, 19.155521652313119 ], [ 72.784308297747017, 19.15559148620256 ], [ 72.786768495958739, 19.155621151853094 ] ] ] } },
{ "type": "Feature", "properties": { "grid_id": "cell_0526", "ward_id": "M/E", "ward_gid": 16, "NDVI_prev": 0.34000628483450307, "LST_C": 33.083949215440242, "NDVI": 0.33733036340070677, "pop_density_km2": 33016.749810014109, "elderly_pct": 4.7571458443189032, "slum_pct": 0.0, "hospital_dist_m": 2546.6174304124202, "impervious_pct": 16.84187472623741 }, "geometry": { "type": "Polygon", "coordinates": [ [ [ 72.959051714075287, 19.05825313145132 ], [ 72.959006796273243, 19.06192320804767 ], [ 72.959066041795779, 19.061875622637995 ], [ 72.959471139054486, 19.061547884524963 ], [ 72.959674224172062, 19.061255222730754 ], [ 72.959851337938048, 19.060995156512671 ], [ 72.959988721389422, 19.060793431648737 ], [ 72.960058764794667, 19.060633163545639 ], [ 72.960116695302219, 19.060488228794174 ], [ 72.960170822413531, 19.060352808960069 ], [ 72.960238463470674, 19.060198552804842 ], [ 72.960262014216909, 19.060052799654592 ], [ 72.9602992756991, 19.059704821629005 ], [ 72.96039932730821, 19.05919019264228 ], [ 72.960433274431651, 19.059015606040141 ], [ 72.960485928059882, 19.058715051109637 ], [ 72.960514265447387, 19.058536959929409 ], [ 72.96052432959263, 19.058344219162205 ], [ 72.960528250202543, 19.05826946309946 ], [ 72.959051714075287, 19.05825313145132 ] ] ] } },
{ "type": "Feature", "properties": { "grid_id": "cell_0527", "ward_id": "R/C", "ward_gid": 11, "NDVI_prev": 0.72202793504882579, "LST_C": 28.531265230016587, "NDVI": 0.62451384710388402, "pop_density_km2": 5986.0272009772589, "elderly_pct": 4.7571458772766828, "slum_pct": 0.0, "hospital_dist_m": 4043.0577738823308, "impervious_pct": 0.0 }, "geometry": { "type": "Polygon", "coordinates": [ [ [ 72.804456159070625, 19.255188222631219 ], [ 72.804424174410372, 19.257590673648629 ], [ 72.804437624825752, 19.257582615423331 ], [ 72.804639862855836, 19.257429482253631 ], [ 72.804883732171845, 19.257224993850816 ], [ 72.805164167709307, 19.257007980101562 ], [ 72.805619198562766, 19.256663425690657 ], [ 72.805890016787529, 19.256485187035253 ], [ 72.806348904145324, 19.256192531672006 ], [ 72.806661179263727, 19.255975898180306 ], [ 72.806909307672527, 19.255793063703123 ], [ 72.80714856634917, 19.255592837500391 ], [ 72.807461645376733, 19.255315715149923 ], [ 72.807567978457044, 19.255225561516774 ], [ 72.804456159070625, 19.255188222631219 ] ] ] } },
{ "type": "Feature", "properties": { "grid_id": "cell_0528", "ward_id": "K/W", "ward_gid": 14, "NDVI_prev": 0.12486526633397851, "LST_C": 34.414241845724298, "NDVI": 0.15098583156689949, "pop_density_km2": 14833.155551723308, "elderly_pct": 4.7571458560425945, "slum_pct": 45.474783068057263, "hospital_dist_m": 208.1820357100467, "impervious_pct": 40.567765567765555 }, "geometry": { "type": "Polygon", "coordinates": [ [ [ 72.815634212505415, 19.128869689139066 ], [ 72.815680128423665, 19.125377780805263 ], [ 72.814719702737221, 19.126996400034137 ], [ 72.813722769248685, 19.128846970948437 ], [ 72.815634212505415, 19.128869689139066 ] ] ] } },
{ "type": "Feature", "properties": { "grid_id": "cell_0529", "ward_id": "A", "ward_gid": 1, "NDVI_prev": 0.14407448085881133, "LST_C": 30.964648535291822, "NDVI": 0.15528290951004428, "pop_density_km2": 46927.816055719493, "elderly_pct": 5.5859845059505693, "slum_pct": 0.0, "hospital_dist_m": 696.08427993305554, "impervious_pct": 73.123957754307952 }, "geometry": { "type": "Polygon", "coordinates": [ [ [ 72.840963974098742, 18.921419644738069 ], [ 72.840515275301556, 18.920947864353597 ], [ 72.840317528382784, 18.920681178031312 ], [ 72.840052265907715, 18.920450172666403 ], [ 72.839518345320585, 18.920252506526175 ], [ 72.838914917549246, 18.920245480745258 ], [ 72.838521624581801, 18.920286484131921 ], [ 72.838098424475831, 18.920418305451985 ], [ 72.837508523738194, 18.920849034983327 ], [ 72.837332299071107, 18.921032837677107 ], [ 72.837327866630588, 18.921377305538687 ], [ 72.84021009933231, 18.921410872398205 ], [ 72.84019356997824, 18.921381723513989 ], [ 72.840425205819145, 18.921247668328959 ], [ 72.84059185791412, 18.921415315051913 ], [ 72.840963974098742, 18.921419644738069 ] ] ] } },
{ "type": "Feature", "properties": { "grid_id": "cell_0530", "ward_id": "K/W", "ward_gid": 14, "NDVI_prev": 0.03675575475152449, "LST_C": 32.136576727102401, "NDVI": 0.13262258576721853, "pop_density_km2": 4976.4530111837284, "elderly_pct": 4.7571458604190013, "slum_pct": 0.0, "hospital_dist_m": 1222.0568651310193, "impervious_pct": 0.0 }, "geometry": { "type": "Polygon", "coordinates": [ [ [ 72.825726246256153, 19.083827132262719 ], [ 72.823976332606719, 19.083806472055219 ], [ 72.824045427780092, 19.083913641570607 ], [ 72.824136922073365, 19.084039559612712 ], [ 72.824248077431207, 19.084269422174 ], [ 72.82429209368108, 19.084359943103223 ], [ 72.824292203758759, 19.084360171117627 ], [ 72.824293085507193, 19.084361981697473 ], [ 72.824293142855907, 19.084362100699789 ], [ 72.824293162320259, 19.08436213796271 ], [ 72.824293504642583, 19.084362842020038 ], [ 72.824293892271584, 19.084363641453155 ], [ 72.82429403384387, 19.084363931260135 ], [ 72.824294051408387, 19.084363968500586 ], [ 72.824294322440124, 19.084364529906608 ], [ 72.824356166452205, 19.08449170909482 ], [ 72.82448966822551, 19.084771421782825 ], [ 72.824590739355955, 19.084982247563435 ], [ 72.824705861499424, 19.085217703605817 ], [ 72.824813454349496, 19.085434566824109 ], [ 72.824942112678229, 19.085700058319897 ], [ 72.825064010773588, 19.085949979291129 ], [ 72.825121992222648, 19.086069135243505 ], [ 72.825172105522938, 19.086172125049405 ], [ 72.825279761527369, 19.086396167819075 ], [ 72.825396033868884, 19.086642842805048 ], [ 72.825544805065803, 19.086960200028351 ], [ 72.825629932180377, 19.087143920514187 ], [ 72.825681230449732, 19.087274509269935 ], [ 72.825726246256153, 19.083827132262719 ] ] ] } },
{ "type": "Feature", "properties": { "grid_id": "cell_0531", "ward_id": "K/W", "ward_gid": 14, "NDVI_prev": 0.14514742218668059, "LST_C": 30.30994616787163, "NDVI": 0.17065067601418829, "pop_density_km2": 16817.354015622674, "elderly_pct": 4.7571459298385737, "slum_pct": 0.0, "hospital_dist_m": 1036.058123190189, "impervious_pct": 5.0183208539111055 }, "geometry": { "type": "Polygon", "coordinates": [ [ [ 72.825490283657686, 19.101889237833465 ], [ 72.825533756472694, 19.098563079999614 ], [ 72.825398779465701, 19.098927754415783 ], [ 72.825354040600132, 19.099075512445797 ], [ 72.824593386389196, 19.101338365844892 ], [ 72.824441852379806, 19.101876850359975 ], [ 72.825490283657686, 19.101889237833465 ] ] ] } },
{ "type": "Feature", "properties": { "grid_id": "cell_0532", "ward_id": "M/E", "ward_gid": 16, "NDVI_prev": 0.18470119933975623, "LST_C": 33.330008301335972, "NDVI": 0.20805864721457304, "pop_density_km2": 16361.697489739503, "elderly_pct": 4.7571458778224223, "slum_pct": 0.0, "hospital_dist_m": 963.9889878580434, "impervious_pct": 0.0 }, "geometry": { "type": "Polygon", "coordinates": [ [ [ 72.94988613885738, 19.031052312732065 ], [ 72.951592154997257, 19.031071243484622 ], [ 72.951559447077656, 19.030968529614807 ], [ 72.951523001618241, 19.030877816551396 ], [ 72.951115571475626, 19.030490484901868 ], [ 72.949901793961985, 19.029776750921187 ], [ 72.94988613885738, 19.031052312732065 ] ] ] } },
{ "type": "Feature", "properties": { "grid_id": "cell_0533", "ward_id": "M/E", "ward_gid": 16, "NDVI_prev": 0.51224151095761383, "LST_C": 28.443711652773004, "NDVI": 0.49145814218088607, "pop_density_km2": 17616.027205038037, "elderly_pct": 4.757145857684046, "slum_pct": 0.0, "hospital_dist_m": 1487.731211202768, "impervious_pct": 0.0 }, "geometry": { "type": "Polygon", "coordinates": [ [ [ 72.95916221051742, 19.04922126182165 ], [ 72.959520575638976, 19.049225224901502 ], [ 72.959504477731016, 19.049108633749107 ], [ 72.959605757525836, 19.048946417174708 ], [ 72.959631930037474, 19.048896983877452 ], [ 72.959688878375516, 19.048800987394838 ], [ 72.959708929109212, 19.0486875736073 ], [ 72.95972096067787, 19.04859753823937 ], [ 72.959758367632347, 19.04834409372728 ], [ 72.959799060380035, 19.048079678686879 ], [ 72.959776757981487, 19.048003015704946 ], [ 72.959664808842732, 19.047657495847364 ], [ 72.959529895425959, 19.047253911105592 ], [ 72.959379822209669, 19.046803079066738 ], [ 72.959198213066912, 19.046277345099647 ], [ 72.95916221051742, 19.04922126182165 ] ] ] } },
{ "type": "Feature", "properties": { "grid_id": "cell_0535", "ward_id": "R/C", "ward_gid": 11, "NDVI_prev": 0.45440453690892885, "LST_C": 29.451206545923192, "NDVI": 0.59355356004925064, "pop_density_km2": 6536.2518075786411, "elderly_pct": 4.7571458293777491, "slum_pct": 0.0, "hospital_dist_m": 6199.0307699801333, "impervious_pct": 0.0 }, "geometry": { "type": "Polygon", "coordinates": [ [ [ 72.785317451593784, 19.263989525951605 ], [ 72.784152095356177, 19.263975401609354 ], [ 72.784135414323998, 19.264035497149546 ], [ 72.784035401421164, 19.26430875890858 ], [ 72.784032395381502, 19.264532368224394 ], [ 72.784041321735003, 19.264664630721331 ], [ 72.784157548250064, 19.264777862722724 ], [ 72.784350060017587, 19.264790362333361 ], [ 72.784501572510408, 19.264759228216978 ], [ 72.78481057541056, 19.264631481345912 ], [ 72.785107679649855, 19.264508492777303 ], [ 72.785311613316949, 19.264424072586124 ], [ 72.785317451593784, 19.263989525951605 ] ] ] } },
{ "type": "Feature", "properties": { "grid_id": "cell_0536", "ward_id": "M/W", "ward_gid": 17, "NDVI_prev": 0.015497924994634643, "LST_C": 29.689226719943463, "NDVI": 0.21363489486931575, "pop_density_km2": 37677.281185522741, "elderly_pct": 4.7571459647644172, "slum_pct": 0.0, "hospital_dist_m": 4623.8943564047486, "impervious_pct": 0.0 }, "geometry": { "type": "Polygon", "coordinates": [ [ [ 72.904313792984652, 18.994409268967615 ], [ 72.904445253539549, 18.993988930658471 ], [ 72.904213984878226, 18.994024496757792 ], [ 72.903589462774775, 18.994208350948458 ], [ 72.903035903241388, 18.994394786627318 ], [ 72.904313792984652, 18.994409268967615 ] ] ] } },
{ "type": "Feature", "properties": { "grid_id": "cell_0537", "ward_id": "D", "ward_gid": 4, "NDVI_prev": -0.16481940342936433, "LST_C": 27.866698005714301, "NDVI": -0.002310634827124809, "pop_density_km2": 4912.0422902143982, "elderly_pct": 5.5859845123025114, "slum_pct": 0.0, "hospital_dist_m": 480.09727147284377, "impervious_pct": 0.0 }, "geometry": { "type": "Polygon", "coordinates": [ [ [ 72.799013573324231, 18.948024192605189 ], [ 72.800124872259914, 18.948037385655066 ], [ 72.800093420065508, 18.948008885299643 ], [ 72.800041469359428, 18.947962312773104 ], [ 72.800025423054421, 18.947955096375235 ], [ 72.800015262679594, 18.947950315254531 ], [ 72.799995517100271, 18.947945089811693 ], [ 72.799969885964586, 18.9479430284484 ], [ 72.799888927180945, 18.947951111710353 ], [ 72.799844585588332, 18.947929912203751 ], [ 72.799828639692535, 18.947931911230292 ], [ 72.799742338764034, 18.947903148919366 ], [ 72.799701144820901, 18.947901367405933 ], [ 72.799640011673887, 18.947897429822547 ], [ 72.799629952495195, 18.947896712567584 ], [ 72.799558842209038, 18.947875078443285 ], [ 72.799414259250625, 18.94784020937432 ], [ 72.799391143842811, 18.947765530667986 ], [ 72.799345545342064, 18.947708386702512 ], [ 72.79932995960786, 18.947678139053579 ], [ 72.799301830685934, 18.947625408069982 ], [ 72.799281222270878, 18.947607629358036 ], [ 72.799264120488488, 18.947583524010533 ], [ 72.7992365671968, 18.947543078374071 ], [ 72.799134532886981, 18.947403779598826 ], [ 72.799067997407221, 18.947406886986816 ], [ 72.799021652172883, 18.947408213615166 ], [ 72.799013573324231, 18.948024192605189 ] ] ] } },
{ "type": "Feature", "properties": { "grid_id": "cell_0538", "ward_id": "A", "ward_gid": 1, "NDVI_prev": 0.11096722666190245, "LST_C": 32.86853497586209, "NDVI": 0.086435876988456936, "pop_density_km2": 5165.9565553655675, "elderly_pct": 5.5859844937370289, "slum_pct": 0.0, "hospital_dist_m": 936.00983971510789, "impervious_pct": 69.65517241379311 }, "geometry": { "type": "Polygon", "coordinates": [ [ [ 72.84647682764296, 18.948084052987998 ], [ 72.846807594966364, 18.948028844156052 ], [ 72.846730653368951, 18.947604643581368 ], [ 72.846495143424008, 18.946656709326788 ], [ 72.84647682764296, 18.948084052987998 ] ] ] } },
{ "type": "Feature", "properties": { "grid_id": "cell_0539", "ward_id": "R/C", "ward_gid": 11, "NDVI_prev": 0.54974952957472945, "LST_C": 28.991260673151771, "NDVI": 0.59802825159843132, "pop_density_km2": 13610.598442237622, "elderly_pct": 4.7571458351226887, "slum_pct": 0.0, "hospital_dist_m": 6105.3617753243534, "impervious_pct": 0.0 }, "geometry": { "type": "Polygon", "coordinates": [ [ [ 72.785317451593784, 19.263989525951605 ], [ 72.785311613316949, 19.264424072586124 ], [ 72.785715750915188, 19.264256775194529 ], [ 72.785934173580785, 19.264166824928086 ], [ 72.78615259512884, 19.26407687075201 ], [ 72.786334359807057, 19.264001845005406 ], [ 72.785317451593784, 19.263989525951605 ] ] ] } },
{ "type": "Feature", "properties": { "grid_id": "cell_0541", "ward_id": "A", "ward_gid": 1, "NDVI_prev": 0.17246337229111722, "LST_C": 31.293280015427658, "NDVI": 0.14119879347178818, "pop_density_km2": 31090.161058028254, "elderly_pct": 5.5859844878085845, "slum_pct": 0.0, "hospital_dist_m": 801.53504943891949, "impervious_pct": 80.921052631578945 }, "geometry": { "type": "Polygon", "coordinates": [ [ [ 72.827954641808589, 18.912235230324317 ], [ 72.828459797687444, 18.912241139785554 ], [ 72.828404333958119, 18.912201810657226 ], [ 72.828404278460681, 18.9122017720711 ], [ 72.828404222963229, 18.91220173348497 ], [ 72.828403562769154, 18.912201264196188 ], [ 72.828400967161258, 18.912199490541088 ], [ 72.828261414558725, 18.912104089690224 ], [ 72.828226301093437, 18.912080748750494 ], [ 72.828226198534153, 18.912080679806191 ], [ 72.828225864461089, 18.912080459115554 ], [ 72.828225840947624, 18.912080442581782 ], [ 72.828225796697538, 18.912080414966312 ], [ 72.82810382701031, 18.911999337665677 ], [ 72.828103795014783, 18.911999316516368 ], [ 72.828008430165823, 18.911937332807899 ], [ 72.827958940759657, 18.911902406547775 ], [ 72.827954641808589, 18.912235230324317 ] ] ] } },
{ "type": "Feature", "properties": { "grid_id": "cell_0542", "ward_id": "N", "ward_gid": 10, "NDVI_prev": 0.68923431179377281, "LST_C": 28.427749923953503, "NDVI": 0.69372173351964739, "pop_density_km2": 21136.637083144062, "elderly_pct": 4.7571459273438892, "slum_pct": 0.0, "hospital_dist_m": 3005.8750015995743, "impervious_pct": 0.0 }, "geometry": { "type": "Polygon", "coordinates": [ [ [ 72.949219891816966, 19.085243180130277 ], [ 72.949211776992058, 19.085902087747687 ], [ 72.949215245743886, 19.085854424537018 ], [ 72.949296908095917, 19.085244037417752 ], [ 72.949219891816966, 19.085243180130277 ] ] ] } },
{ "type": "Feature", "properties": { "grid_id": "cell_0543", "ward_id": "T", "ward_gid": 13, "NDVI_prev": 0.69494543722692725, "LST_C": 27.10934807000001, "NDVI": 0.70813779491662698, "pop_density_km2": 26135.954498418592, "elderly_pct": 4.7571458365329518, "slum_pct": 0.0, "hospital_dist_m": 3376.4063101207612, "impervious_pct": 0.0 }, "geometry": { "type": "Polygon", "coordinates": [ [ [ 72.928642339102126, 19.211473221712243 ], [ 72.928641564383156, 19.211535061230833 ], [ 72.929067713072513, 19.211478030521963 ], [ 72.928642339102126, 19.211473221712243 ] ] ] } },
{ "type": "Feature", "properties": { "grid_id": "cell_0544", "ward_id": "M/E", "ward_gid": 16, "NDVI_prev": 0.64153787626640302, "LST_C": 29.64329719700002, "NDVI": 0.59799728601010349, "pop_density_km2": 5083.9306386097869, "elderly_pct": 4.7571458925951733, "slum_pct": 0.0, "hospital_dist_m": 2681.3204740518081, "impervious_pct": 0.0 }, "geometry": { "type": "Polygon", "coordinates": [ [ [ 72.931004419041372, 19.02180875067992 ], [ 72.931241746053686, 19.021811408307133 ], [ 72.931005760376934, 19.021700405486204 ], [ 72.931004419041372, 19.02180875067992 ] ] ] } },
{ "type": "Feature", "properties": { "grid_id": "cell_0545", "ward_id": "R/C", "ward_gid": 11, "NDVI_prev": 0.66883710949981945, "LST_C": 29.580498847727309, "NDVI": 0.66507618809123892, "pop_density_km2": 2933.8487357326444, "elderly_pct": 4.7571458324307949, "slum_pct": 0.0, "hospital_dist_m": 4156.3555777606025, "impervious_pct": 0.0 }, "geometry": { "type": "Polygon", "coordinates": [ [ [ 72.909399912133466, 19.229320108249748 ], [ 72.909395251087162, 19.229688360989492 ], [ 72.909466399548663, 19.229320867532557 ], [ 72.909399912133466, 19.229320108249748 ] ] ] } }
]
}
