{"type": "FeatureCollection", "name": "grid_1km", "crs": {"type": "name", "properties": {"name": "urn:ogc:def:crs:OGC:1.3:CRS84"}}, "features": [{"type": "Feature", "properties": {"grid_id": "cell_0000", "ward_id": "R/C", "ward_gid": 11, "area_m2": 1000000.0, "LST_C": 31.48195181463496, "NDVI": 0.4358751695818359, "NDVI_prev": 0.43426429742341754, "impervious_pct": 0}, "geometry": {"type": "Polygon", "coordinates": [[[72.78580221965561, 19.227866888565778], [72.78568112958618, 19.23689756236576], [72.79518876382217, 19.23701236390162], [72.7953093349955, 19.22798163208869], [72.78580221965561, 19.227866888565778]]]}}, {"type": "Feature", "properties": {"grid_id": "cell_0001", "ward_id": "P/N", "ward_gid": 21, "area_m2": 1000000.0, "LST_C": 31.258521197806857, "NDVI": 0.44578533390733655, "NDVI_prev": 0.4570078043448492, "impervious_pct": 0}, "geometry": {"type": "Polygon", "coordinates": [[[72.78604419600471, 19.20980551208259], [72.78592324178945, 19.21883620513673], [72.79542983852416, 19.21895089065281], [72.79555027442515, 19.209920139597944], [72.78604419600471, 19.20980551208259]]]}}, {"type": "Feature", "properties": {"grid_id": "cell_0002", "ward_id": "P/N", "ward_gid": 21, "area_m2": 1000000.0, "LST_C": 30.4578045822538, "NDVI": 0.3428255572132447, "NDVI_prev": 0.22903677993172647, "impervious_pct": 3.69625729480812}, "geometry": {"type": "Polygon", "coordinates": [[[72.78616508231842, 19.200774809407314], [72.78604419600471, 19.20980551208259], [72.79555027442515, 19.209920139597944], [72.79567064271541, 19.200889378928075], [72.78616508231842, 19.200774809407314]]]}}, {"type": "Feature", "properties": {"grid_id": "cell_0003", "ward_id": "T", "ward_gid": 13, "area_m2": 1000000.0, "LST_C": 32.42761814310662, "NDVI": 0.32500367614769543, "NDVI_prev": 0.306534909193199, "impervious_pct": 67.7801001957467}, "geometry": {"type": "Polygon", "coordinates": [[[72.94821628548604, 19.16652884201049], [72.94810445949304, 19.175560534765534], [72.95760957627648, 19.175666575389332], [72.95772088513121, 19.166634828896797], [72.94821628548604, 19.16652884201049]]]}}, {"type": "Feature", "properties": {"grid_id": "cell_0004", "ward_id": "T", "ward_gid": 13, "area_m2": 1000000.0, "LST_C": 33.622673441759915, "NDVI": 0.3386286078432064, "NDVI_prev": 0.31144065034346324, "impervious_pct": 48.168190686007854}, "geometry": {"type": "Polygon", "coordinates": [[[72.94832804860147, 19.157497139754234], [72.94821628548604, 19.16652884201049], [72.95772088513121, 19.166634828896797], [72.95783213139903, 19.15760307290871], [72.94832804860147, 19.157497139754234]]]}}, {"type": "Feature", "properties": {"grid_id": "cell_0005", "ward_id": "L", "ward_gid": 24, "area_m2": 1000000.0, "LST_C": 37.65350627166577, "NDVI": 0.23015643725311144, "NDVI_prev": 0.20685440335575964, "impervious_pct": 87.87758082719243}, "geometry": {"type": "Polygon", "coordinates": [[[72.88260709348693, 19.093522357141097], [72.88249216681035, 19.1025537429825], [72.8919927091551, 19.102662780704208], [72.89210712112748, 19.093631339428715], [72.88260709348693, 19.093522357141097]]]}}, {"type": "Feature", "properties": {"grid_id": "cell_0006", "ward_id": "L", "ward_gid": 24, "area_m2": 1000000.0, "LST_C": 37.78737698468431, "NDVI": 0.22972950979718745, "NDVI_prev": 0.20254320003220255, "impervious_pct": 82.87394974720912}, "geometry": {"type": "Polygon", "coordinates": [[[72.88272195538131, 19.08449096178972], [72.88260709348693, 19.093522357141097], [72.89210712112748, 19.093631339428715], [72.89222146860764, 19.08459988864905], [72.88272195538131, 19.08449096178972]]]}}, {"type": "Feature", "properties": {"grid_id": "cell_0007", "ward_id": "L", "ward_gid": 24, "area_m2": 1000000.0, "LST_C": 35.25786812643963, "NDVI": 0.27366508727536903, "NDVI_prev": 0.24137565979833267, "impervious_pct": 74.93028536523829}, "geometry": {"type": "Polygon", "coordinates": [[[72.88283675250966, 19.075459556932323], [72.88272195538131, 19.08449096178972], [72.89222146860764, 19.08459988864905], [72.89233575161168, 19.075568428369163], [72.88283675250966, 19.075459556932323]]]}}, {"type": "Feature", "properties": {"grid_id": "cell_0008", "ward_id": "M/W", "ward_gid": 17, "area_m2": 1000000.0, "LST_C": 33.63933444686099, "NDVI": 0.367500172087958, "NDVI_prev": 0.3013740240922365, "impervious_pct": 44.4107196227543}, "geometry": {"type": "Polygon", "coordinates": [[[72.88352417609514, 19.02127092838229], [72.88340976722479, 19.030302390192993], [72.89290620005127, 19.03041098460429], [72.89302009653524, 19.021379467405833], [72.88352417609514, 19.02127092838229]]]}}, {"type": "Feature", "properties": {"grid_id": "cell_0009", "ward_id": "R/C", "ward_gid": 11, "area_m2": 1000000.0, "LST_C": 29.710393393466184, "NDVI": 0.5486486341136599, "NDVI_prev": 0.5590724933923517, "impervious_pct": 0.3170591766410968}, "geometry": {"type": "Polygon", "coordinates": [[[72.7855599715641, 19.245928226532705], [72.78543874557234, 19.25495888106265], [72.79494741847368, 19.25507379864279], [72.79506812498722, 19.24604308608764], [72.7855599715641, 19.245928226532705]]]}}, {"type": "Feature", "properties": {"grid_id": "cell_0010", "ward_id": "R/C", "ward_gid": 11, "area_m2": 1000000.0, "LST_C": 31.148970488162757, "NDVI": 0.4663377546256984, "NDVI_prev": 0.4793587948897806, "impervious_pct": 1.104444643443479}, "geometry": {"type": "Polygon", "coordinates": [[[72.78568112958618, 19.23689756236576], [72.7855599715641, 19.245928226532705], [72.79506812498722, 19.24604308608764], [72.79518876382217, 19.23701236390162], [72.78568112958618, 19.23689756236576]]]}}, {"type": "Feature", "properties": {"grid_id": "cell_0011", "ward_id": "R/C", "ward_gid": 11, "area_m2": 1000000.0, "LST_C": 30.081865779379594, "NDVI": 0.5958891398828982, "NDVI_prev": 0.6218912877324525, "impervious_pct": 3.751782693774669}, "geometry": {"type": "Polygon", "coordinates": [[[72.87136866847968, 19.2288818366205], [72.87125224908009, 19.237913023568794], [72.88076048179246, 19.238023386727384], [72.88087638214581, 19.22899214400832], [72.87136866847968, 19.2288818366205]]]}}, {"type": "Feature", "properties": {"grid_id": "cell_0012", "ward_id": "R/C", "ward_gid": 11, "area_m2": 1000000.0, "LST_C": 31.46585481309169, "NDVI": 0.5534601255759434, "NDVI_prev": 0.5551156929225879, "impervious_pct": 0.889614201984218}, "geometry": {"type": "Polygon", "coordinates": [[[72.87148502256265, 19.21985064009726], [72.87136866847968, 19.2288818366205], [72.88087638214581, 19.22899214400832], [72.8809922174736, 19.219960891720213], [72.87148502256265, 19.21985064009726]]]}}, {"type": "Feature", "properties": {"grid_id": "cell_0013", "ward_id": "R/C", "ward_gid": 11, "area_m2": 1000000.0, "LST_C": 28.208811986219274, "NDVI": 0.6833280566915674, "NDVI_prev": 0.6798425017789442, "impervious_pct": 0}, "geometry": {"type": "Polygon", "coordinates": [[[72.89038416083754, 19.229101958418763], [72.89026877954673, 19.238133256659417], [72.89977714205176, 19.23824263335043], [72.89989200426378, 19.229211279837372], [72.89038416083754, 19.229101958418763]]]}}, {"type": "Feature", "properties": {"grid_id": "cell_0014", "ward_id": "R/C", "ward_gid": 11, "area_m2": 1000000.0, "LST_C": 27.760940701564444, "NDVI": 0.6930126831230806, "NDVI_prev": 0.710155044646899, "impervious_pct": 0}, "geometry": {"type": "Polygon", "coordinates": [[[72.89049947739385, 19.220070650614932], [72.89038416083754, 19.229101958418763], [72.89989200426378, 19.229211279837372], [72.90000680203237, 19.220179916766963], [72.89049947739385, 19.220070650614932]]]}}, {"type": "Feature", "properties": {"grid_id": "cell_0015", "ward_id": "R/C", "ward_gid": 11, "area_m2": 1000000.0, "LST_C": 28.01830983921229, "NDVI": 0.6926376894929818, "NDVI_prev": 0.7120952550390584, "impervious_pct": 0}, "geometry": {"type": "Polygon", "coordinates": [[[72.89061472923186, 19.21103933325184], [72.89049947739385, 19.220070650614932], [72.90000680203237, 19.220179916766963], [72.90012153537367, 19.21114854414313], [72.89061472923186, 19.21103933325184]]]}}, {"type": "Feature", "properties": {"grid_id": "cell_0016", "ward_id": "M/E", "ward_gid": 16, "area_m2": 1000000.0, "LST_C": 34.057653184000344, "NDVI": 0.4452695715459922, "NDVI_prev": 0.4103852679778701, "impervious_pct": 38.278972151932415}, "geometry": {"type": "Polygon", "coordinates": [[[72.90251608133933, 19.021487519161536], [72.90240269725776, 19.030519091499166], [72.91189925855473, 19.030626710863416], [72.91201213021802, 19.021595083635198], [72.90251608133933, 19.021487519161536]]]}}, {"type": "Feature", "properties": {"grid_id": "cell_0017", "ward_id": "M/E", "ward_gid": 16, "area_m2": 1000000.0, "LST_C": 34.95138960132198, "NDVI": 0.33528062936824204, "NDVI_prev": 0.32333058876127097, "impervious_pct": 47.76290402388363}, "geometry": {"type": "Polygon", "coordinates": [[[72.90262940134635, 19.012455937357032], [72.90251608133933, 19.021487519161536], [72.91201213021802, 19.021595083635198], [72.91212493809616, 19.01256344694584], [72.90262940134635, 19.012455937357032]]]}}, {"type": "Feature", "properties": {"grid_id": "cell_0018", "ward_id": "R/S", "ward_gid": 22, "area_m2": 1000000.0, "LST_C": 35.027376721099735, "NDVI": 0.32889118687421487, "NDVI_prev": 0.2959346347156792, "impervious_pct": 67.15055814493527}, "geometry": {"type": "Polygon", "coordinates": [[[72.87171753484418, 19.20178821834178], [72.87160131134536, 19.210819434003053], [72.88110798779212, 19.210929629867], [72.88122369311765, 19.20189835845261], [72.87171753484418, 19.20178821834178]]]}}, {"type": "Feature", "properties": {"grid_id": "cell_0019", "ward_id": "P/S", "ward_gid": 20, "area_m2": 1000000.0, "LST_C": 29.870809590740873, "NDVI": 0.6296410794418128, "NDVI_prev": 0.6017083433447191, "impervious_pct": 2.6007206896322934}, "geometry": {"type": "Polygon", "coordinates": [[[72.87241350579046, 19.14760072368663], [72.87229767365193, 19.15663199666749], [72.88180124542001, 19.15674185810076], [72.88191656112919, 19.147710529401966], [72.87241350579046, 19.14760072368663]]]}}, {"type": "Feature", "properties": {"grid_id": "cell_0020", "ward_id": "M/W", "ward_gid": 17, "area_m2": 1000000.0, "LST_C": 34.84276889771766, "NDVI": 0.31131290375442966, "NDVI_prev": 0.3122132714856997, "impervious_pct": 55.82507187962736}, "geometry": {"type": "Polygon", "coordinates": [[[72.88329529368498, 19.039333842521344], [72.88318075545966, 19.048365285363403], [72.89267821392743, 19.04847399056755], [72.89279223918734, 19.039442492326177], [72.88329529368498, 19.039333842521344]]]}}, {"type": "Feature", "properties": {"grid_id": "cell_0021", "ward_id": "M/W", "ward_gid": 17, "area_m2": 1000000.0, "LST_C": 34.3655161872987, "NDVI": 0.35814044945938617, "NDVI_prev": 0.3065699019544225, "impervious_pct": 48.02992220624816}, "geometry": {"type": "Polygon", "coordinates": [[[72.88340976722479, 19.030302390192993], [72.88329529368498, 19.039333842521344], [72.89279223918734, 19.039442492326177], [72.89290620005127, 19.03041098460429], [72.88340976722479, 19.030302390192993]]]}}, {"type": "Feature", "properties": {"grid_id": "cell_0022", "ward_id": "T", "ward_gid": 13, "area_m2": 1000000.0, "LST_C": 31.766410927785124, "NDVI": 0.38946577785807046, "NDVI_prev": 0.39795122833711144, "impervious_pct": 47.21847164396968}, "geometry": {"type": "Polygon", "coordinates": [[[72.93859940560289, 19.17545400255935], [72.93848699930336, 19.184485631817054], [72.94799257060676, 19.184592218015453], [72.94810445949304, 19.175560534765534], [72.93859940560289, 19.17545400255935]]]}}, {"type": "Feature", "properties": {"grid_id": "cell_0023", "ward_id": "T", "ward_gid": 13, "area_m2": 1000000.0, "LST_C": 32.43023909916927, "NDVI": 0.39164572665196357, "NDVI_prev": 0.3620120150418083, "impervious_pct": 47.95191835542994}, "geometry": {"type": "Polygon", "coordinates": [[[72.9387117487184, 19.166422363790833], [72.93859940560289, 19.17545400255935], [72.94810445949304, 19.175560534765534], [72.94821628548604, 19.16652884201049], [72.9387117487184, 19.166422363790833]]]}}, {"type": "Feature", "properties": {"grid_id": "cell_0024", "ward_id": "R/C", "ward_gid": 11, "area_m2": 1000000.0, "LST_C": 29.652297653475053, "NDVI": 0.5826259324808375, "NDVI_prev": 0.5604663146759992, "impervious_pct": 0}, "geometry": {"type": "Polygon", "coordinates": [[[72.79506812498722, 19.24604308608764], [72.79494741847368, 19.25507379864279], [72.80445615907063, 19.25518822263122], [72.80457634608895, 19.246157452300018], [72.79506812498722, 19.24604308608764]]]}}, {"type": "Feature", "properties": {"grid_id": "cell_0025", "ward_id": "R/C", "ward_gid": 11, "area_m2": 1000000.0, "LST_C": 30.68154501717642, "NDVI": 0.5211791552985133, "NDVI_prev": 0.5334643081076286, "impervious_pct": 0.41760647472469237}, "geometry": {"type": "Polygon", "coordinates": [[[72.79518876382217, 19.23701236390162], [72.79506812498722, 19.24604308608764], [72.80457634608895, 19.246157452300018], [72.80469646571979, 19.237126672344043], [72.79518876382217, 19.23701236390162]]]}}, {"type": "Feature", "properties": {"grid_id": "cell_0026", "ward_id": "R/C", "ward_gid": 11, "area_m2": 1000000.0, "LST_C": 30.37298024038546, "NDVI": 0.5230520103729002, "NDVI_prev": 0.5346360255892134, "impervious_pct": 1.569890475842991}, "geometry": {"type": "Polygon", "coordinates": [[[72.7953093349955, 19.22798163208869], [72.79518876382217, 19.23701236390162], [72.80469646571979, 19.237126672344043], [72.80481651798003, 19.22809588276726], [72.7953093349955, 19.22798163208869]]]}}, {"type": "Feature", "properties": {"grid_id": "cell_0027", "ward_id": "P/N", "ward_gid": 21, "area_m2": 1000000.0, "LST_C": 27.43327089349163, "NDVI": 0.10061325793347828, "NDVI_prev": -0.0882209498039774, "impervious_pct": 0}, "geometry": {"type": "Polygon", "coordinates": [[[72.79567064271541, 19.200889378928075], [72.79555027442515, 19.209920139597944], [72.80505642045634, 19.210034274767086], [72.80517627070617, 19.201003456351632], [72.79567064271541, 19.200889378928075]]]}}, {"type": "Feature", "properties": {"grid_id": "cell_0028", "ward_id": "L", "ward_gid": 24, "area_m2": 1000000.0, "LST_C": 36.28432818481307, "NDVI": 0.20697179121794987, "NDVI_prev": 0.19796863736831835, "impervious_pct": 88.10953647176773}, "geometry": {"type": "Polygon", "coordinates": [[[72.87345306435436, 19.06631883805598], [72.87333781815757, 19.075350196750065], [72.88283675250966, 19.075459556932323], [72.8829514848881, 19.066428142572835], [72.87345306435436, 19.06631883805598]]]}}, {"type": "Feature", "properties": {"grid_id": "cell_0029", "ward_id": "L", "ward_gid": 24, "area_m2": 1000000.0, "LST_C": 35.082693034739734, "NDVI": 0.26589360897276454, "NDVI_prev": 0.24405453643277905, "impervious_pct": 75.91311391598235}, "geometry": {"type": "Polygon", "coordinates": [[[72.87356824552761, 19.05728746985793], [72.87345306435436, 19.06631883805598], [72.8829514848881, 19.066428142572835], [72.88306615253273, 19.05739671871521], [72.87356824552761, 19.05728746985793]]]}}, {"type": "Feature", "properties": {"grid_id": "cell_0030", "ward_id": "M/E", "ward_gid": 16, "area_m2": 1000000.0, "LST_C": 32.41900287031489, "NDVI": 0.4519190853460549, "NDVI_prev": 0.3853623507146224, "impervious_pct": 38.41931724227242}, "geometry": {"type": "Polygon", "coordinates": [[[72.90240269725776, 19.030519091499166], [72.90228924908568, 19.039550654365986], [72.91178632309045, 19.039658328626544], [72.91189925855473, 19.030626710863416], [72.90240269725776, 19.030519091499166]]]}}, {"type": "Feature", "properties": {"grid_id": "cell_0031", "ward_id": "P/S", "ward_gid": 20, "area_m2": 1000000.0, "LST_C": 30.26095918500385, "NDVI": 0.6538367716259086, "NDVI_prev": 0.6333236616152441, "impervious_pct": 5.069999104064565}, "geometry": {"type": "Polygon", "coordinates": [[[72.86279416706977, 19.156521644263755], [72.86267775304177, 19.16555285172846], [72.87218177632747, 19.165663260104942], [72.87229767365193, 19.15663199666749], [72.86279416706977, 19.156521644263755]]]}}, {"type": "Feature", "properties": {"grid_id": "cell_0032", "ward_id": "P/S", "ward_gid": 20, "area_m2": 1000000.0, "LST_C": 30.39272928431305, "NDVI": 0.6245027209298767, "NDVI_prev": 0.5864706694375261, "impervious_pct": 3.315690796568834}, "geometry": {"type": "Polygon", "coordinates": [[[72.8629105156214, 19.147490427249753], [72.86279416706977, 19.156521644263755], [72.87229767365193, 19.15663199666749], [72.87241350579046, 19.14760072368663], [72.8629105156214, 19.147490427249753]]]}}, {"type": "Feature", "properties": {"grid_id": "cell_0033", "ward_id": "R/N", "ward_gid": 15, "area_m2": 1000000.0, "LST_C": 34.49354672470379, "NDVI": 0.28650821420433364, "NDVI_prev": 0.25804937585604704, "impervious_pct": 75.68187848235607}, "geometry": {"type": "Polygon", "coordinates": [[[72.86162707764716, 19.246833288541787], [72.86151000795296, 19.255864400296666], [72.8710192142654, 19.25597536872488], [72.87113576434746, 19.246944200938234], [72.86162707764716, 19.246833288541787]]]}}, {"type": "Feature", "properties": {"grid_id": "cell_0034", "ward_id": "K/E", "ward_gid": 19, "area_m2": 1000000.0, "LST_C": 32.55041313695328, "NDVI": 0.38942430207643064, "NDVI_prev": 0.3860233098677544, "impervious_pct": 51.11198876893}, "geometry": {"type": "Polygon", "coordinates": [[[72.87276061125334, 19.120506847522982], [72.8726449745749, 19.12953814911043], [72.88214699792601, 19.129647843407458], [72.88226211904606, 19.12061648611963], [72.87276061125334, 19.120506847522982]]]}}, {"type": "Feature", "properties": {"grid_id": "cell_0035", "ward_id": "K/E", "ward_gid": 19, "area_m2": 1000000.0, "LST_C": 34.526312477720346, "NDVI": 0.305250884484079, "NDVI_prev": 0.2934822613756989, "impervious_pct": 71.45796960986729}, "geometry": {"type": "Polygon", "coordinates": [[[72.87287618281094, 19.11147553640789], [72.87276061125334, 19.120506847522982], [72.88226211904606, 19.12061648611963], [72.88237717533545, 19.111585119309986], [72.87287618281094, 19.11147553640789]]]}}, {"type": "Feature", "properties": {"grid_id": "cell_0036", "ward_id": "S", "ward_gid": 12, "area_m2": 1000000.0, "LST_C": 27.90911366942307, "NDVI": 0.2644137763636814, "NDVI_prev": 0.0567730331013558, "impervious_pct": 7.468595987587752}, "geometry": {"type": "Polygon", "coordinates": [[[72.90126532883329, 19.12083429333057], [72.90115123887847, 19.129865761272587], [72.9106534558993, 19.12997398481202], [72.91076703024738, 19.120942461916226], [72.90126532883329, 19.12083429333057]]]}}, {"type": "Feature", "properties": {"grid_id": "cell_0037", "ward_id": "N", "ward_gid": 10, "area_m2": 1000000.0, "LST_C": 34.207324717960084, "NDVI": 0.3097925003309293, "NDVI_prev": 0.2761330061837158, "impervious_pct": 69.91178052002374}, "geometry": {"type": "Polygon", "coordinates": [[[72.9017210463101, 19.084708326499918], [72.90160721326022, 19.0937398324591], [72.9111073695952, 19.093847836217982], [72.91122068819878, 19.08481627532805], [72.9017210463101, 19.084708326499918]]]}}, {"type": "Feature", "properties": {"grid_id": "cell_0038", "ward_id": "N", "ward_gid": 10, "area_m2": 1000000.0, "LST_C": 32.35419269087473, "NDVI": 0.27764317553332357, "NDVI_prev": 0.2767510202684274, "impervious_pct": 74.6937718675103}, "geometry": {"type": "Polygon", "coordinates": [[[72.90183481517377, 19.075676811046282], [72.9017210463101, 19.084708326499918], [72.91122068819878, 19.08481627532805], [72.9113339429061, 19.075784704949417], [72.90183481517377, 19.075676811046282]]]}}, {"type": "Feature", "properties": {"grid_id": "cell_0039", "ward_id": "S", "ward_gid": 12, "area_m2": 1000000.0, "LST_C": 33.673163223730555, "NDVI": 0.43293653790479897, "NDVI_prev": 0.41379632731154453, "impervious_pct": 12.159215735728958}, "geometry": {"type": "Polygon", "coordinates": [[[72.93927251708901, 19.121264027423305], [72.93916048965657, 19.130295713687083], [72.94866296083957, 19.130401976017332], [72.94877447260187, 19.121370235795368], [72.93927251708901, 19.121264027423305]]]}}, {"type": "Feature", "properties": {"grid_id": "cell_0040", "ward_id": "P/N", "ward_gid": 21, "area_m2": 1000000.0, "LST_C": 32.45701022659061, "NDVI": 0.3892399392582464, "NDVI_prev": 0.36410846191065105, "impervious_pct": 0.1164743126024544}, "geometry": {"type": "Polygon", "coordinates": [[[72.79615144010751, 19.164766240177805], [72.79603134209098, 19.173797039268056], [72.80553541770468, 19.173910943491347], [72.80565499884332, 19.164880086679826], [72.79615144010751, 19.164766240177805]]]}}, {"type": "Feature", "properties": {"grid_id": "cell_0041", "ward_id": "P/N", "ward_gid": 21, "area_m2": 1000000.0, "LST_C": 30.981557555760094, "NDVI": 0.5287526812646516, "NDVI_prev": 0.5400069580985783, "impervious_pct": 1.41967299070476}, "geometry": {"type": "Polygon", "coordinates": [[[72.79627147059786, 19.155735431492396], [72.79615144010751, 19.164766240177805], [72.80565499884332, 19.164880086679826], [72.80577451274625, 19.155849220279205], [72.79627147059786, 19.155735431492396]]]}}, {"type": "Feature", "properties": {"grid_id": "cell_0042", "ward_id": "D", "ward_gid": 4, "area_m2": 1000000.0, "LST_C": 32.077376356565345, "NDVI": 0.2646721710492982, "NDVI_prev": 0.24992295181547763, "impervious_pct": 68.99677772979445}, "geometry": {"type": "Polygon", "coordinates": [[[72.80826880291653, 18.966198817817332], [72.80815069709945, 18.975229884671396], [72.8176435352688, 18.975342034527536], [72.81776113056479, 18.966310910333167], [72.80826880291653, 18.966198817817332]]]}}, {"type": "Feature", "properties": {"grid_id": "cell_0043", "ward_id": "D", "ward_gid": 4, "area_m2": 1000000.0, "LST_C": 33.58001079180938, "NDVI": 0.200091140395731, "NDVI_prev": 0.20023705150934343, "impervious_pct": 85.07006039345443}, "geometry": {"type": "Polygon", "coordinates": [[[72.80838684186497, 18.957167741461628], [72.80826880291653, 18.966198817817332], [72.81776113056479, 18.966310910333167], [72.81787865928099, 18.957279776643123], [72.80838684186497, 18.957167741461628]]]}}, {"type": "Feature", "properties": {"grid_id": "cell_0044", "ward_id": "R/C", "ward_gid": 11, "area_m2": 1000000.0, "LST_C": 32.66238949032458, "NDVI": 0.36950983690660866, "NDVI_prev": 0.35334660814866314, "impervious_pct": 60.54922929444035}, "geometry": {"type": "Polygon", "coordinates": [[[72.86197789295196, 19.219739895760604], [72.86186102013019, 19.22877103626982], [72.87136866847968, 19.2288818366205], [72.87148502256265, 19.21985064009726], [72.86197789295196, 19.219739895760604]]]}}, {"type": "Feature", "properties": {"grid_id": "cell_0045", "ward_id": "R/S", "ward_gid": 22, "area_m2": 1000000.0, "LST_C": 34.247434063723084, "NDVI": 0.34085739868138126, "NDVI_prev": 0.3066092687012112, "impervious_pct": 55.234768416233834}, "geometry": {"type": "Polygon", "coordinates": [[[72.86221144183824, 19.20167758601544], [72.8620947001825, 19.210708745674506], [72.87160131134536, 19.210819434003053], [72.87171753484418, 19.20178821834178], [72.86221144183824, 19.20167758601544]]]}}, {"type": "Feature", "properties": {"grid_id": "cell_0046", "ward_id": "P/S", "ward_gid": 20, "area_m2": 1000000.0, "LST_C": 31.822227944090635, "NDVI": 0.46478738625010985, "NDVI_prev": 0.4285857251867265, "impervious_pct": 40.270654041895334}, "geometry": {"type": "Polygon", "coordinates": [[[72.86267775304177, 19.16555285172846], [72.862561273521, 19.174584049639932], [72.87206581380077, 19.174694513995043], [72.87218177632747, 19.165663260104942], [72.86267775304177, 19.16555285172846]]]}}, {"type": "Feature", "properties": {"grid_id": "cell_0047", "ward_id": "T", "ward_gid": 13, "area_m2": 1000000.0, "LST_C": 29.111713308849023, "NDVI": 0.6523866643075932, "NDVI_prev": 0.6584827640970533, "impervious_pct": 0}, "geometry": {"type": "Polygon", "coordinates": [[[72.90057982478885, 19.175022958192084], [72.90046534899531, 19.18405436899035], [72.90997066575503, 19.18416292237367], [72.91008462419902, 19.17513145658698], [72.90057982478885, 19.175022958192084]]]}}, {"type": "Feature", "properties": {"grid_id": "cell_0048", "ward_id": "K/E", "ward_gid": 19, "area_m2": 1000000.0, "LST_C": 33.16874109699057, "NDVI": 0.3498128603528889, "NDVI_prev": 0.3033638437583765, "impervious_pct": 63.08413230984699}, "geometry": {"type": "Polygon", "coordinates": [[[72.8631430163609, 19.12942796458965], [72.86302679871298, 19.1384592006904], [72.87252927275937, 19.138569441166293], [72.8726449745749, 19.12953814911043], [72.8631430163609, 19.12942796458965]]]}}, {"type": "Feature", "properties": {"grid_id": "cell_0049", "ward_id": "K/E", "ward_gid": 19, "area_m2": 1000000.0, "LST_C": 33.93170252983399, "NDVI": 0.316091866809388, "NDVI_prev": 0.2980704359380287, "impervious_pct": 76.1227368525864}, "geometry": {"type": "Polygon", "coordinates": [[[72.86325916858145, 19.120396718951444], [72.8631430163609, 19.12942796458965], [72.8726449745749, 19.12953814911043], [72.87276061125334, 19.120506847522982], [72.86325916858145, 19.120396718951444]]]}}, {"type": "Feature", "properties": {"grid_id": "cell_0050", "ward_id": "K/E", "ward_gid": 19, "area_m2": 1000000.0, "LST_C": 33.490689388187654, "NDVI": 0.29951883648445415, "NDVI_prev": 0.282082828771328, "impervious_pct": 73.55712583515614}, "geometry": {"type": "Polygon", "coordinates": [[[72.86337525539102, 19.111365463779727], [72.86325916858145, 19.120396718951444], [72.87276061125334, 19.120506847522982], [72.87287618281094, 19.11147553640789], [72.86337525539102, 19.111365463779727]]]}}, {"type": "Feature", "properties": {"grid_id": "cell_0051", "ward_id": "K/E", "ward_gid": 19, "area_m2": 1000000.0, "LST_C": 34.45060172998966, "NDVI": 0.293187513287811, "NDVI_prev": 0.28160085284689834, "impervious_pct": 72.01467146864064}, "geometry": {"type": "Polygon", "coordinates": [[[72.86349127680587, 19.102334199078452], [72.86337525539102, 19.111365463779727], [72.87287618281094, 19.11147553640789], [72.87299168926393, 19.10244421576911], [72.86349127680587, 19.102334199078452]]]}}, {"type": "Feature", "properties": {"grid_id": "cell_0052", "ward_id": "K/E", "ward_gid": 19, "area_m2": 1000000.0, "LST_C": 38.5938182689653, "NDVI": 0.20959496262281418, "NDVI_prev": 0.19228008447274775, "impervious_pct": 82.65409765326788}, "geometry": {"type": "Polygon", "coordinates": [[[72.86360723284233, 19.093302924851574], [72.86349127680587, 19.102334199078452], [72.87299168926393, 19.10244421576911], [72.87310713062855, 19.093412885610583], [72.86360723284233, 19.093302924851574]]]}}, {"type": "Feature", "properties": {"grid_id": "cell_0053", "ward_id": "K/E", "ward_gid": 19, "area_m2": 1000000.0, "LST_C": 39.954944625730526, "NDVI": 0.17755112657958194, "NDVI_prev": 0.16339302408753595, "impervious_pct": 74.39936800037185}, "geometry": {"type": "Polygon", "coordinates": [[[72.86372312351669, 19.084271641103026], [72.86360723284233, 19.093302924851574], [72.87310713062855, 19.093412885610583], [72.87322250692102, 19.08438154593625], [72.86372312351669, 19.084271641103026]]]}}, {"type": "Feature", "properties": {"grid_id": "cell_0054", "ward_id": "A", "ward_gid": 1, "area_m2": 1000000.0, "LST_C": 30.055283772832535, "NDVI": 0.12754901242558528, "NDVI_prev": 0.09379758180113099, "impervious_pct": 52.606830364115524}, "geometry": {"type": "Polygon", "coordinates": [[[72.8184653047418, 18.91212396589696], [72.8183481086775, 18.921155147005706], [72.82783795454957, 18.921266468489456], [72.82795464180859, 18.912235230324317], [72.8184653047418, 18.91212396589696]]]}}, {"type": "Feature", "properties": {"grid_id": "cell_0055", "ward_id": "R/C", "ward_gid": 11, "area_m2": 1000000.0, "LST_C": 29.374829808008574, "NDVI": 0.6160023189768696, "NDVI_prev": 0.6767755031659274, "impervious_pct": 0}, "geometry": {"type": "Polygon", "coordinates": [[[72.80469646571979, 19.237126672344043], [72.80457634608895, 19.246157452300018], [72.81408463457818, 19.246271325154776], [72.81420423498798, 19.237240487677987], [72.80469646571979, 19.237126672344043]]]}}, {"type": "Feature", "properties": {"grid_id": "cell_0056", "ward_id": "R/C", "ward_gid": 11, "area_m2": 1000000.0, "LST_C": 30.263345322139553, "NDVI": 0.5417758756187232, "NDVI_prev": 0.4475891371770562, "impervious_pct": 3.9277800628922552}, "geometry": {"type": "Polygon", "coordinates": [[[72.80481651798003, 19.22809588276726], [72.80469646571979, 19.237126672344043], [72.81420423498798, 19.237240487677987], [72.81432376831825, 19.228209640586456], [72.80481651798003, 19.22809588276726]]]}}, {"type": "Feature", "properties": {"grid_id": "cell_0057", "ward_id": "P/N", "ward_gid": 21, "area_m2": 1000000.0, "LST_C": 34.38816004234072, "NDVI": 0.36415158102286654, "NDVI_prev": 0.3932610837223468, "impervious_pct": 38.46363117593201}, "geometry": {"type": "Polygon", "coordinates": [[[72.80529605365292, 19.19197262833121], [72.80517627070617, 19.201003456351632], [72.814681966, 19.201117041662975], [72.81480123118024, 19.192086156152055], [72.80529605365292, 19.19197262833121]]]}}, {"type": "Feature", "properties": {"grid_id": "cell_0058", "ward_id": "P/N", "ward_gid": 21, "area_m2": 1000000.0, "LST_C": 33.120347309133486, "NDVI": 0.43019389122328117, "NDVI_prev": 0.4278008599980456, "impervious_pct": 23.699061433164044}, "geometry": {"type": "Polygon", "coordinates": [[[72.8054157693135, 19.182941790709794], [72.80529605365292, 19.19197262833121], [72.81480123118024, 19.192086156152055], [72.81492042936497, 19.183055261046192], [72.8054157693135, 19.182941790709794]]]}}, {"type": "Feature", "properties": {"grid_id": "cell_0059", "ward_id": "P/N", "ward_gid": 21, "area_m2": 1000000.0, "LST_C": 34.53537104883337, "NDVI": 0.3685087630028896, "NDVI_prev": 0.368619859867571, "impervious_pct": 36.000942250651995}, "geometry": {"type": "Polygon", "coordinates": [[[72.80553541770468, 19.173910943491347], [72.8054157693135, 19.182941790709794], [72.81492042936497, 19.183055261046192], [72.81503956057094, 19.17402435634935], [72.80553541770468, 19.173910943491347]]]}}, {"type": "Feature", "properties": {"grid_id": "cell_0060", "ward_id": "P/N", "ward_gid": 21, "area_m2": 1000000.0, "LST_C": 30.77844160106791, "NDVI": 0.5799565189451813, "NDVI_prev": 0.48776054857269996, "impervious_pct": 3.5098197310399084}, "geometry": {"type": "Polygon", "coordinates": [[[72.80565499884332, 19.164880086679826], [72.80553541770468, 19.173910943491347], [72.81503956057094, 19.17402435634935], [72.81515862481488, 19.164993442065477], [72.80565499884332, 19.164880086679826]]]}}, {"type": "Feature", "properties": {"grid_id": "cell_0061", "ward_id": "S", "ward_gid": 12, "area_m2": 1000000.0, "LST_C": 32.077061741187705, "NDVI": 0.48105909963914206, "NDVI_prev": 0.4804098675203706, "impervious_pct": 17.75831804169721}, "geometry": {"type": "Polygon", "coordinates": [[[72.93904839911906, 19.139327390459645], [72.93893624546071, 19.148359057737068], [72.94843974885507, 19.14846542800068], [72.94855138626252, 19.139433706753735], [72.93904839911906, 19.139327390459645]]]}}, {"type": "Feature", "properties": {"grid_id": "cell_0062", "ward_id": "S", "ward_gid": 12, "area_m2": 1000000.0, "LST_C": 32.71285350731464, "NDVI": 0.4427678589543374, "NDVI_prev": 0.4385050925200978, "impervious_pct": 22.151980646510143}, "geometry": {"type": "Polygon", "coordinates": [[[72.93916048965657, 19.130295713687083], [72.93904839911906, 19.139327390459645], [72.94855138626252, 19.139433706753735], [72.94866296083957, 19.130401976017332], [72.93916048965657, 19.130295713687083]]]}}, {"type": "Feature", "properties": {"grid_id": "cell_0063", "ward_id": "T", "ward_gid": 13, "area_m2": 1000000.0, "LST_C": 29.881488765732698, "NDVI": 0.6076701639047228, "NDVI_prev": 0.6192097288360023, "impervious_pct": 0}, "geometry": {"type": "Polygon", "coordinates": [[[72.90069423623574, 19.165991537860034], [72.90057982478885, 19.175022958192084], [72.91008462419902, 19.17513145658698], [72.91019851858702, 19.166099981272275], [72.90069423623574, 19.165991537860034]]]}}, {"type": "Feature", "properties": {"grid_id": "cell_0064", "ward_id": "T", "ward_gid": 13, "area_m2": 1000000.0, "LST_C": 27.974914750042686, "NDVI": 0.4017458180381552, "NDVI_prev": 0.4028593416753503, "impervious_pct": 0}, "geometry": {"type": "Polygon", "coordinates": [[[72.90080858335207, 19.156960107998128], [72.90069423623574, 19.165991537860034], [72.91019851858702, 19.166099981272275], [72.91031234893507, 19.157068496433503], [72.90080858335207, 19.156960107998128]]]}}, {"type": "Feature", "properties": {"grid_id": "cell_0065", "ward_id": "T", "ward_gid": 13, "area_m2": 1000000.0, "LST_C": 26.759793342165494, "NDVI": 0.08128745592872176, "NDVI_prev": 0.04278955884384149, "impervious_pct": 0}, "geometry": {"type": "Polygon", "coordinates": [[[72.90092286615392, 19.147928668610298], [72.90080858335207, 19.156960107998128], [72.91031234893507, 19.157068496433503], [72.91042611525911, 19.148037002074588], [72.90092286615392, 19.147928668610298]]]}}, {"type": "Feature", "properties": {"grid_id": "cell_0066", "ward_id": "S", "ward_gid": 12, "area_m2": 1000000.0, "LST_C": 29.312881375383668, "NDVI": 0.5046273467909955, "NDVI_prev": 0.4699938247891374, "impervious_pct": 12.209246371905797}, "geometry": {"type": "Polygon", "coordinates": [[[72.90115123887847, 19.129865761272587], [72.90103708465737, 19.13889721970047], [72.9105398175752, 19.13900549819944], [72.9106534558993, 19.12997398481202], [72.90115123887847, 19.129865761272587]]]}}, {"type": "Feature", "properties": {"grid_id": "cell_0067", "ward_id": "R/N", "ward_gid": 15, "area_m2": 1000000.0, "LST_C": 32.04306779681158, "NDVI": 0.4152306748929358, "NDVI_prev": 0.40339611336533204, "impervious_pct": 36.26351396166342}, "geometry": {"type": "Polygon", "coordinates": [[[72.8520008672976, 19.255752938172638], [72.8518832120594, 19.26478398404794], [72.86139287260166, 19.264895502458888], [72.86151000795296, 19.255864400296666], [72.8520008672976, 19.255752938172638]]]}}, {"type": "Feature", "properties": {"grid_id": "cell_0068", "ward_id": "R/N", "ward_gid": 15, "area_m2": 1000000.0, "LST_C": 32.223849975856176, "NDVI": 0.3600664792685173, "NDVI_prev": 0.3524644888275655, "impervious_pct": 60.948195807906735}, "geometry": {"type": "Polygon", "coordinates": [[[72.85211845658746, 19.246721882698726], [72.8520008672976, 19.255752938172638], [72.86151000795296, 19.255864400296666], [72.86162707764716, 19.246833288541787], [72.85211845658746, 19.246721882698726]]]}}, {"type": "Feature", "properties": {"grid_id": "cell_0069", "ward_id": "M/E", "ward_gid": 16, "area_m2": 1000000.0, "LST_C": 30.744979981950685, "NDVI": 0.5628880335153251, "NDVI_prev": 0.5522907639418343, "impervious_pct": 3.737048352816158}, "geometry": {"type": "Polygon", "coordinates": [[[72.91212493809616, 19.01256344694584], [72.91201213021802, 19.021595083635198], [72.92150824288183, 19.02170216081269], [72.92162053861527, 19.01267046948704], [72.91212493809616, 19.01256344694584]]]}}, {"type": "Feature", "properties": {"grid_id": "cell_0070", "ward_id": "R/C", "ward_gid": 11, "area_m2": 1000000.0, "LST_C": 28.597747276411265, "NDVI": 0.6488033318713506, "NDVI_prev": 0.6424265586190342, "impervious_pct": 0}, "geometry": {"type": "Polygon", "coordinates": [[[72.90000680203237, 19.220179916766963], [72.89989200426378, 19.229211279837372], [72.90939991213347, 19.22932010824975], [72.90951419109817, 19.220288690161926], [72.90000680203237, 19.220179916766963]]]}}, {"type": "Feature", "properties": {"grid_id": "cell_0071", "ward_id": "K/W", "ward_gid": 14, "area_m2": 1000000.0, "LST_C": 32.211854452821974, "NDVI": 0.4225036997827967, "NDVI_prev": 0.3904931241387103, "impervious_pct": 48.26057378001235}, "geometry": {"type": "Polygon", "coordinates": [[[72.81551541594214, 19.137900641731374], [72.81539655248376, 19.146931584752522], [72.82489921244905, 19.147044334578105], [72.8250175598672, 19.138013334351577], [72.81551541594214, 19.137900641731374]]]}}, {"type": "Feature", "properties": {"grid_id": "cell_0072", "ward_id": "N", "ward_gid": 10, "area_m2": 1000000.0, "LST_C": 30.924794234553467, "NDVI": 0.4189537740168043, "NDVI_prev": 0.3418247322747552, "impervious_pct": 0}, "geometry": {"type": "Polygon", "coordinates": [[[72.9399433573582, 19.067073710744598], [72.93983170822588, 19.076105453873353], [72.94933108974047, 19.076211392539292], [72.94944222494314, 19.067179595486262], [72.9399433573582, 19.067073710744598]]]}}, {"type": "Feature", "properties": {"grid_id": "cell_0073", "ward_id": "M/E", "ward_gid": 16, "area_m2": 1000000.0, "LST_C": 33.89872320679344, "NDVI": 0.32719042927650605, "NDVI_prev": 0.36313182510250275, "impervious_pct": 17.729768853297227}, "geometry": {"type": "Polygon", "coordinates": [[[72.94027792684747, 19.03997842459146], [72.94016646665332, 19.049010196099726], [72.94966430724836, 19.04911597300973], [72.94977525438209, 19.040084147594076], [72.94027792684747, 19.03997842459146]]]}}, {"type": "Feature", "properties": {"grid_id": "cell_0074", "ward_id": "R/S", "ward_gid": 22, "area_m2": 1000000.0, "LST_C": 30.18087285083082, "NDVI": 0.6166004717836694, "NDVI_prev": 0.5307354765704958, "impervious_pct": 5.545510942730235}, "geometry": {"type": "Polygon", "coordinates": [[[72.88133933346647, 19.19286707748098], [72.88122369311765, 19.20189835845261], [72.89072991636782, 19.20200800633343], [72.89084503881791, 19.19297666986362], [72.88133933346647, 19.19286707748098]]]}}, {"type": "Feature", "properties": {"grid_id": "cell_0075", "ward_id": "P/N", "ward_gid": 21, "area_m2": 1000000.0, "LST_C": 32.435891920347835, "NDVI": 0.47932524716332886, "NDVI_prev": 0.4450914729701296, "impervious_pct": 6.336472040292251}, "geometry": {"type": "Polygon", "coordinates": [[[72.88157041929908, 19.174804486881737], [72.88145490885486, 19.183835786956042], [72.89096009659836, 19.183945323846352], [72.89107508972533, 19.174913968285562], [72.88157041929908, 19.174804486881737]]]}}, {"type": "Feature", "properties": {"grid_id": "cell_0076", "ward_id": "P/N", "ward_gid": 21, "area_m2": 1000000.0, "LST_C": 32.67679204734012, "NDVI": 0.481794303120588, "NDVI_prev": 0.48445441180541027, "impervious_pct": 9.196451086307349}, "geometry": {"type": "Polygon", "coordinates": [[[72.8816858648154, 19.165773177261997], [72.88157041929908, 19.174804486881737], [72.89107508972533, 19.174913968285562], [72.891190018215, 19.16588260318516], [72.8816858648154, 19.165773177261997]]]}}, {"type": "Feature", "properties": {"grid_id": "cell_0077", "ward_id": "P/S", "ward_gid": 20, "area_m2": 1000000.0, "LST_C": 31.84028872607083, "NDVI": 0.5656232375069127, "NDVI_prev": 0.5230396812358262, "impervious_pct": 1.7770329688562967}, "geometry": {"type": "Polygon", "coordinates": [[[72.88203181195911, 19.13867919116955], [72.88191656112919, 19.147710529401966], [72.89141968134714, 19.147819844381317], [72.8915344160219, 19.138788450685734], [72.88203181195911, 19.13867919116955]]]}}, {"type": "Feature", "properties": {"grid_id": "cell_0078", "ward_id": "R/C", "ward_gid": 11, "area_m2": 1000000.0, "LST_C": 32.8243591516522, "NDVI": 0.29560510602173795, "NDVI_prev": 0.2908850795000289, "impervious_pct": 73.9918003967122}, "geometry": {"type": "Polygon", "coordinates": [[[72.85247082893248, 19.219628658724805], [72.85235343738836, 19.228659742970873], [72.86186102013019, 19.22877103626982], [72.86197789295196, 19.219739895760604], [72.85247082893248, 19.219628658724805]]]}}, {"type": "Feature", "properties": {"grid_id": "cell_0079", "ward_id": "R/S", "ward_gid": 22, "area_m2": 1000000.0, "LST_C": 33.83113767694986, "NDVI": 0.3875851120402672, "NDVI_prev": 0.370217460839336, "impervious_pct": 36.62134415147165}, "geometry": {"type": "Polygon", "coordinates": [[[72.85270541439066, 19.20156646148814], [72.8525881545944, 19.210597564895917], [72.8620947001825, 19.210708745674506], [72.86221144183824, 19.20167758601544], [72.85270541439066, 19.20156646148814]]]}}, {"type": "Feature", "properties": {"grid_id": "cell_0080", "ward_id": "P/S", "ward_gid": 20, "area_m2": 1000000.0, "LST_C": 32.22425163116104, "NDVI": 0.46701712459654304, "NDVI_prev": 0.4574171143879326, "impervious_pct": 42.6068980163392}, "geometry": {"type": "Polygon", "coordinates": [[[72.85329072596399, 19.156410800904073], [72.85317379524882, 19.165441952147084], [72.86267775304177, 19.16555285172846], [72.86279416706977, 19.156521644263755], [72.85329072596399, 19.156410800904073]]]}}, {"type": "Feature", "properties": {"grid_id": "cell_0081", "ward_id": "P/S", "ward_gid": 20, "area_m2": 1000000.0, "LST_C": 32.80983619288445, "NDVI": 0.4274228036174966, "NDVI_prev": 0.3847269934449916, "impervious_pct": 44.052644154189245}, "geometry": {"type": "Polygon", "coordinates": [[[72.85340759091234, 19.14737964010586], [72.85329072596399, 19.156410800904073], [72.86279416706977, 19.156521644263755], [72.8629105156214, 19.147490427249753], [72.85340759091234, 19.14737964010586]]]}}, {"type": "Feature", "properties": {"grid_id": "cell_0082", "ward_id": "F/N", "ward_gid": 8, "area_m2": 1000000.0, "LST_C": 35.900595791291586, "NDVI": 0.2716119277875754, "NDVI_prev": 0.2397001020015512, "impervious_pct": 66.16700151095031}, "geometry": {"type": "Polygon", "coordinates": [[[72.86441709586961, 19.03008373887832], [72.86430159702635, 19.039115079673802], [72.87379841286814, 19.03922470496577], [72.87391339906773, 19.030193308279557], [72.86441709586961, 19.03008373887832]]]}}, {"type": "Feature", "properties": {"grid_id": "cell_0083", "ward_id": "F/N", "ward_gid": 8, "area_m2": 1000000.0, "LST_C": 35.13518784904493, "NDVI": 0.3032592547183225, "NDVI_prev": 0.26255175037750667, "impervious_pct": 68.9215217449058}, "geometry": {"type": "Polygon", "coordinates": [[[72.86453252946448, 19.021052388588856], [72.86441709586961, 19.03008373887832], [72.87391339906773, 19.030193308279557], [72.87402832030841, 19.02116190210519], [72.86453252946448, 19.021052388588856]]]}}, {"type": "Feature", "properties": {"grid_id": "cell_0084", "ward_id": "M/E", "ward_gid": 16, "area_m2": 1000000.0, "LST_C": 32.81209525278304, "NDVI": 0.4123637559108241, "NDVI_prev": 0.38256829148792165, "impervious_pct": 46.83075676680745}, "geometry": {"type": "Polygon", "coordinates": [[[72.91178632309045, 19.039658328626544], [72.91167332380931, 19.04868993692064], [72.92117097464414, 19.048797178041173], [72.92128346091205, 19.03976551509369], [72.91178632309045, 19.039658328626544]]]}}, {"type": "Feature", "properties": {"grid_id": "cell_0085", "ward_id": "M/E", "ward_gid": 16, "area_m2": 1000000.0, "LST_C": 29.572607825539624, "NDVI": 0.5629471140752591, "NDVI_prev": 0.5621919383129731, "impervious_pct": 10.604873254215464}, "geometry": {"type": "Polygon", "coordinates": [[[72.91189925855473, 19.030626710863416], [72.91178632309045, 19.039658328626544], [72.92128346091205, 19.03976551509369], [72.92139588365268, 19.030733842682885], [72.91189925855473, 19.030626710863416]]]}}, {"type": "Feature", "properties": {"grid_id": "cell_0086", "ward_id": "M/E", "ward_gid": 16, "area_m2": 1000000.0, "LST_C": 30.562673903022645, "NDVI": 0.5988583002779393, "NDVI_prev": 0.5569580680222094, "impervious_pct": 0}, "geometry": {"type": "Polygon", "coordinates": [[[72.91201213021802, 19.021595083635198], [72.91189925855473, 19.030626710863416], [72.92139588365268, 19.030733842682885], [72.92150824288183, 19.02170216081269], [72.91201213021802, 19.021595083635198]]]}}, {"type": "Feature", "properties": {"grid_id": "cell_0087", "ward_id": "K/E", "ward_gid": 19, "area_m2": 1000000.0, "LST_C": 35.35544509940592, "NDVI": 0.26425408390781335, "NDVI_prev": 0.24939732122810787, "impervious_pct": 82.55306862081325}, "geometry": {"type": "Polygon", "coordinates": [[[72.85364112357422, 19.12931728985961], [72.85352439011028, 19.13834846975638], [72.86302679871298, 19.1384592006904], [72.8631430163609, 19.12942796458965], [72.85364112357422, 19.12931728985961]]]}}, {"type": "Feature", "properties": {"grid_id": "cell_0088", "ward_id": "K/E", "ward_gid": 19, "area_m2": 1000000.0, "LST_C": 34.499395010242715, "NDVI": 0.2845371498425796, "NDVI_prev": 0.2586307571336416, "impervious_pct": 81.0615539322898}, "geometry": {"type": "Polygon", "coordinates": [[[72.8537577913206, 19.120286100419488], [72.85364112357422, 19.12931728985961], [72.8631430163609, 19.12942796458965], [72.86325916858145, 19.120396718951444], [72.8537577913206, 19.120286100419488]]]}}, {"type": "Feature", "properties": {"grid_id": "cell_0089", "ward_id": "K/E", "ward_gid": 19, "area_m2": 1000000.0, "LST_C": 33.68728342087426, "NDVI": 0.2847603004590744, "NDVI_prev": 0.25588050248052163, "impervious_pct": 78.60568386606441}, "geometry": {"type": "Polygon", "coordinates": [[[72.8538743933658, 19.111254901439956], [72.8537577913206, 19.120286100419488], [72.86325916858145, 19.120396718951444], [72.86337525539102, 19.111365463779727], [72.8538743933658, 19.111254901439956]]]}}, {"type": "Feature", "properties": {"grid_id": "cell_0090", "ward_id": "K/E", "ward_gid": 19, "area_m2": 1000000.0, "LST_C": 34.23412123213662, "NDVI": 0.3401607023669219, "NDVI_prev": 0.3063082424717622, "impervious_pct": 63.08699216403432}, "geometry": {"type": "Polygon", "coordinates": [[[72.85399092972621, 19.10222369292499], [72.8538743933658, 19.111254901439956], [72.86337525539102, 19.111365463779727], [72.86349127680587, 19.102334199078452], [72.85399092972621, 19.10222369292499]]]}}, {"type": "Feature", "properties": {"grid_id": "cell_0091", "ward_id": "H/E", "ward_gid": 18, "area_m2": 1000000.0, "LST_C": 33.570073950182845, "NDVI": 0.33565461811757674, "NDVI_prev": 0.33053239470880713, "impervious_pct": 38.8177487093508}, "geometry": {"type": "Polygon", "coordinates": [[[72.85445641864732, 19.06609876358971], [72.8543401448624, 19.07513001020693], [72.86383894884521, 19.07524034783679], [72.8639547088442, 19.06620904505679], [72.85445641864732, 19.06609876358971]]]}}, {"type": "Feature", "properties": {"grid_id": "cell_0092", "ward_id": "H/E", "ward_gid": 18, "area_m2": 1000000.0, "LST_C": 33.35702280873401, "NDVI": 0.24204429186519524, "NDVI_prev": 0.22785412799427252, "impervious_pct": 56.83876751444324}, "geometry": {"type": "Polygon", "coordinates": [[[72.85457262682918, 19.057067507456818], [72.85445641864732, 19.06609876358971], [72.8639547088442, 19.06620904505679], [72.86407040352988, 19.05717773276699], [72.85457262682918, 19.057067507456818]]]}}, {"type": "Feature", "properties": {"grid_id": "cell_0093", "ward_id": "F/N", "ward_gid": 8, "area_m2": 1000000.0, "LST_C": 34.32148711495613, "NDVI": 0.3148819827569506, "NDVI_prev": 0.2755317176493195, "impervious_pct": 67.95786691284164}, "geometry": {"type": "Polygon", "coordinates": [[[72.85503680385271, 19.020942387847686], [72.85492085791984, 19.029973682003696], [72.86441709586961, 19.03008373887832], [72.86453252946448, 19.021052388588856], [72.85503680385271, 19.020942387847686]]]}}, {"type": "Feature", "properties": {"grid_id": "cell_0094", "ward_id": "T", "ward_gid": 13, "area_m2": 1000000.0, "LST_C": 31.62539575438551, "NDVI": 0.5442768051844485, "NDVI_prev": 0.5442589374518175, "impervious_pct": 14.722129143346292}, "geometry": {"type": "Polygon", "coordinates": [[[72.9290944148967, 19.17534697878479], [72.92898149119979, 19.184378553801217], [72.93848699930336, 19.184485631817054], [72.93859940560289, 19.17545400255935], [72.9290944148967, 19.17534697878479]]]}}, {"type": "Feature", "properties": {"grid_id": "cell_0095", "ward_id": "S", "ward_gid": 12, "area_m2": 1000000.0, "LST_C": 35.998678896916765, "NDVI": 0.28505898900685384, "NDVI_prev": 0.2744255268283027, "impervious_pct": 79.14154602676365}, "geometry": {"type": "Polygon", "coordinates": [[[72.92943280520295, 19.148252196652134], [72.92932007188242, 19.15728380020633], [72.93882402866575, 19.15739071551544], [72.93893624546071, 19.148359057737068], [72.92943280520295, 19.148252196652134]]]}}, {"type": "Feature", "properties": {"grid_id": "cell_0096", "ward_id": "S", "ward_gid": 12, "area_m2": 1000000.0, "LST_C": 34.18575738830085, "NDVI": 0.30029869261121644, "NDVI_prev": 0.2914053649513469, "impervious_pct": 61.69222907278491}, "geometry": {"type": "Polygon", "coordinates": [[[72.92954547509642, 19.139220583593183], [72.92943280520295, 19.148252196652134], [72.93893624546071, 19.148359057737068], [72.93904839911906, 19.139327390459645], [72.92954547509642, 19.139220583593183]]]}}, {"type": "Feature", "properties": {"grid_id": "cell_0097", "ward_id": "S", "ward_gid": 12, "area_m2": 1000000.0, "LST_C": 34.0397300867719, "NDVI": 0.27975811952051644, "NDVI_prev": 0.27794905965028804, "impervious_pct": 70.95118325524598}, "geometry": {"type": "Polygon", "coordinates": [[[72.92965808157865, 19.130188961033408], [72.92954547509642, 19.139220583593183], [72.93904839911906, 19.139327390459645], [72.93916048965657, 19.130295713687083], [72.92965808157865, 19.130188961033408]]]}}, {"type": "Feature", "properties": {"grid_id": "cell_0098", "ward_id": "G/S", "ward_gid": 7, "area_m2": 1000000.0, "LST_C": 32.69861165592807, "NDVI": 0.23988193701138855, "NDVI_prev": 0.22844725996389892, "impervious_pct": 60.447265456333014}, "geometry": {"type": "Polygon", "coordinates": [[[72.81729034973716, 19.002435350096736], [72.81717248795702, 19.011466436268577], [72.82666743776339, 19.011578328642184], [72.82678478784965, 19.00254718535463], [72.81729034973716, 19.002435350096736]]]}}, {"type": "Feature", "properties": {"grid_id": "cell_0099", "ward_id": "G/S", "ward_gid": 7, "area_m2": 1000000.0, "LST_C": 33.60315917372001, "NDVI": 0.20414389193189988, "NDVI_prev": 0.18958976670414204, "impervious_pct": 78.39934097544946}, "geometry": {"type": "Polygon", "coordinates": [[[72.8174081448715, 18.993404254413292], [72.81729034973716, 19.002435350096736], [72.82678478784965, 19.00254718535463], [72.82690207157925, 18.993516032561427], [72.8174081448715, 18.993404254413292]]]}}, {"type": "Feature", "properties": {"grid_id": "cell_0100", "ward_id": "G/S", "ward_gid": 7, "area_m2": 1000000.0, "LST_C": 33.794242311154775, "NDVI": 0.31769749664687796, "NDVI_prev": 0.3606877345476011, "impervious_pct": 38.268287254644676}, "geometry": {"type": "Polygon", "coordinates": [[[72.81752587337654, 18.984373149222233], [72.8174081448715, 18.993404254413292], [72.82690207157925, 18.993516032561427], [72.8270192889687, 18.984484870266545], [72.81752587337654, 18.984373149222233]]]}}, {"type": "Feature", "properties": {"grid_id": "cell_0101", "ward_id": "R/N", "ward_gid": 15, "area_m2": 1000000.0, "LST_C": 29.561909196653378, "NDVI": 0.6183592773444513, "NDVI_prev": 0.5856879693269845, "impervious_pct": 9.415678093981025}, "geometry": {"type": "Polygon", "coordinates": [[[72.84249179259061, 19.255640982367463], [72.84237361748207, 19.264671971706623], [72.8518832120594, 19.26478398404794], [72.8520008672976, 19.255752938172638], [72.84249179259061, 19.255640982367463]]]}}, {"type": "Feature", "properties": {"grid_id": "cell_0102", "ward_id": "N", "ward_gid": 10, "area_m2": 1000000.0, "LST_C": 33.956222537251556, "NDVI": 0.30174660710705614, "NDVI_prev": 0.28642724243759987, "impervious_pct": 63.11655806326341}, "geometry": {"type": "Polygon", "coordinates": [[[72.91122068819878, 19.08481627532805], [72.9111073695952, 19.093847836217982], [72.92060758984236, 19.09395535069115], [72.92072039398376, 19.084923735119254], [72.91122068819878, 19.08481627532805]]]}}, {"type": "Feature", "properties": {"grid_id": "cell_0103", "ward_id": "N", "ward_gid": 10, "area_m2": 1000000.0, "LST_C": 33.64765742199565, "NDVI": 0.36761301027294196, "NDVI_prev": 0.33495287066399504, "impervious_pct": 51.32357676081351}, "geometry": {"type": "Polygon", "coordinates": [[[72.9113339429061, 19.075784704949417], [72.91122068819878, 19.08481627532805], [72.92072039398376, 19.084923735119254], [72.9208331345188, 19.075892110064384], [72.9113339429061, 19.075784704949417]]]}}, {"type": "Feature", "properties": {"grid_id": "cell_0104", "ward_id": "R/C", "ward_gid": 11, "area_m2": 1000000.0, "LST_C": 31.762994996280153, "NDVI": 0.34101144257798227, "NDVI_prev": 0.33374755398197076, "impervious_pct": 59.22525868930746}, "geometry": {"type": "Polygon", "coordinates": [[[72.84284592054523, 19.22854795673831], [72.84272794410556, 19.237578974879362], [72.85223597994553, 19.23769081763016], [72.85235343738836, 19.228659742970873], [72.84284592054523, 19.22854795673831]]]}}, {"type": "Feature", "properties": {"grid_id": "cell_0105", "ward_id": "R/C", "ward_gid": 11, "area_m2": 1000000.0, "LST_C": 31.931823498700187, "NDVI": 0.3127634876804646, "NDVI_prev": 0.3189414561266462, "impervious_pct": 61.57599357847464}, "geometry": {"type": "Polygon", "coordinates": [[[72.84296383079518, 19.219516929004524], [72.84284592054523, 19.22854795673831], [72.85235343738836, 19.228659742970873], [72.85247082893248, 19.219628658724805], [72.84296383079518, 19.219516929004524]]]}}, {"type": "Feature", "properties": {"grid_id": "cell_0106", "ward_id": "R/S", "ward_gid": 22, "area_m2": 1000000.0, "LST_C": 32.79192713309107, "NDVI": 0.31863682396962373, "NDVI_prev": 0.3091494527273956, "impervious_pct": 62.906099159022745}, "geometry": {"type": "Polygon", "coordinates": [[[72.84319945279225, 19.20145484477452], [72.843081674872, 19.21048589168194], [72.8525881545944, 19.210597564895917], [72.85270541439066, 19.20156646148814], [72.84319945279225, 19.20145484477452]]]}}, {"type": "Feature", "properties": {"grid_id": "cell_0107", "ward_id": "R/C", "ward_gid": 11, "area_m2": 1000000.0, "LST_C": 29.87172655960775, "NDVI": 0.5587187513179735, "NDVI_prev": 0.4823810544045571, "impervious_pct": 12.390334510838017}, "geometry": {"type": "Polygon", "coordinates": [[[72.81444323458581, 19.219178783884132], [72.81432376831825, 19.228209640586456], [72.82383108571918, 19.228322905531286], [72.82395003333092, 19.219291991569378], [72.81444323458581, 19.219178783884132]]]}}, {"type": "Feature", "properties": {"grid_id": "cell_0108", "ward_id": "P/N", "ward_gid": 21, "area_m2": 1000000.0, "LST_C": 35.07730156751007, "NDVI": 0.32777300213494676, "NDVI_prev": 0.34514890295817624, "impervious_pct": 56.97037862802092}, "geometry": {"type": "Polygon", "coordinates": [[[72.81480123118024, 19.192086156152055], [72.814681966, 19.201117041662975], [72.82418772830614, 19.201230134847147], [72.82430647570308, 19.19219919209474], [72.81480123118024, 19.192086156152055]]]}}, {"type": "Feature", "properties": {"grid_id": "cell_0109", "ward_id": "P/N", "ward_gid": 21, "area_m2": 1000000.0, "LST_C": 38.753264905069884, "NDVI": 0.22247558982843282, "NDVI_prev": 0.20141589492836773, "impervious_pct": 93.95585254098394}, "geometry": {"type": "Polygon", "coordinates": [[[72.81492042936497, 19.183055261046192], [72.81480123118024, 19.192086156152055], [72.82430647570308, 19.19219919209474], [72.8244251563952, 19.183168239753417], [72.81492042936497, 19.183055261046192]]]}}, {"type": "Feature", "properties": {"grid_id": "cell_0110", "ward_id": "P/N", "ward_gid": 21, "area_m2": 1000000.0, "LST_C": 33.367717886153116, "NDVI": 0.4269426823044228, "NDVI_prev": 0.4536721116552323, "impervious_pct": 28.610061286180294}, "geometry": {"type": "Polygon", "coordinates": [[[72.81503956057094, 19.17402435634935], [72.81492042936497, 19.183055261046192], [72.8244251563952, 19.183168239753417], [72.82454377039917, 19.17413727782714], [72.81503956057094, 19.17402435634935]]]}}, {"type": "Feature", "properties": {"grid_id": "cell_0111", "ward_id": "K/W", "ward_gid": 14, "area_m2": 1000000.0, "LST_C": 33.21604006355643, "NDVI": 0.3513256630370431, "NDVI_prev": 0.3348554166414054, "impervious_pct": 61.18268222425768}, "geometry": {"type": "Polygon", "coordinates": [[[72.81563421250542, 19.128869689139066], [72.81551541594214, 19.137900641731374], [72.8250175598672, 19.138013334351577], [72.82513584068052, 19.128982324559882], [72.81563421250542, 19.128869689139066]]]}}, {"type": "Feature", "properties": {"grid_id": "cell_0112", "ward_id": "M/E", "ward_gid": 16, "area_m2": 1000000.0, "LST_C": 33.188317389901556, "NDVI": 0.3837443015077948, "NDVI_prev": 0.3906786835626947, "impervious_pct": 34.43736532989821}, "geometry": {"type": "Polygon", "coordinates": [[[72.94038932409353, 19.0309466436312], [72.94027792684747, 19.03997842459146], [72.94977525438209, 19.040084147594076], [72.94988613885738, 19.031052312732065], [72.94038932409353, 19.0309466436312]]]}}, {"type": "Feature", "properties": {"grid_id": "cell_0113", "ward_id": "P/N", "ward_gid": 21, "area_m2": 1000000.0, "LST_C": 33.3664934652798, "NDVI": 0.3040839531483948, "NDVI_prev": 0.29175932464711146, "impervious_pct": 78.63086509047736}, "geometry": {"type": "Polygon", "coordinates": [[[72.84343481022943, 19.18339272222095], [72.84331716457254, 19.19242378828621], [72.85282260833775, 19.192535348505427], [72.85293973645214, 19.183504225951708], [72.84343481022943, 19.18339272222095]]]}}, {"type": "Feature", "properties": {"grid_id": "cell_0114", "ward_id": "P/S", "ward_gid": 20, "area_m2": 1000000.0, "LST_C": 33.412715815991945, "NDVI": 0.33854517883473273, "NDVI_prev": 0.3073826368076175, "impervious_pct": 68.90147593639682}, "geometry": {"type": "Polygon", "coordinates": [[[72.84366990323915, 19.16533056137541], [72.84355238977945, 19.174361646582703], [72.85305679875034, 19.174473093830947], [72.85317379524882, 19.165441952147084], [72.84366990323915, 19.16533056137541]]]}}, {"type": "Feature", "properties": {"grid_id": "cell_0115", "ward_id": "P/S", "ward_gid": 20, "area_m2": 1000000.0, "LST_C": 33.476954551483686, "NDVI": 0.29228432227999784, "NDVI_prev": 0.2766546647483151, "impervious_pct": 79.57432405527014}, "geometry": {"type": "Polygon", "coordinates": [[[72.84378735062506, 19.156299466603024], [72.84366990323915, 19.16533056137541], [72.85317379524882, 19.165441952147084], [72.85329072596399, 19.156410800904073], [72.84378735062506, 19.156299466603024]]]}}, {"type": "Feature", "properties": {"grid_id": "cell_0116", "ward_id": "F/S", "ward_gid": 6, "area_m2": 1000000.0, "LST_C": 36.982438185007034, "NDVI": 0.26129468514069404, "NDVI_prev": 0.23617750605076013, "impervious_pct": 72.63891795295945}, "geometry": {"type": "Polygon", "coordinates": [[[72.84600631883521, 18.98470685382227], [72.84589012372624, 18.993738129579494], [72.85538424858716, 18.993848448420263], [72.85549993253142, 18.98481711630451], [72.84600631883521, 18.98470685382227]]]}}, {"type": "Feature", "properties": {"grid_id": "cell_0117", "ward_id": "K/E", "ward_gid": 19, "area_m2": 1000000.0, "LST_C": 33.006944560662504, "NDVI": 0.24569299891579757, "NDVI_prev": 0.24932050214377646, "impervious_pct": 88.63704264345628}, "geometry": {"type": "Polygon", "coordinates": [[[72.84460763364612, 19.093081535705963], [72.84449064831495, 19.10211269732326], [72.85399092972621, 19.10222369292499], [72.8541074004182, 19.093192474878528], [72.84460763364612, 19.093081535705963]]]}}, {"type": "Feature", "properties": {"grid_id": "cell_0118", "ward_id": "H/E", "ward_gid": 18, "area_m2": 1000000.0, "LST_C": 34.73560533532588, "NDVI": 0.24780707118935522, "NDVI_prev": 0.23502284128183734, "impervious_pct": 74.29344488156319}, "geometry": {"type": "Polygon", "coordinates": [[[72.84484140649896, 19.075019183875003], [72.84472455303532, 19.084050364555228], [72.85422380545815, 19.084161247304518], [72.8543401448624, 19.07513001020693], [72.84484140649896, 19.075019183875003]]]}}, {"type": "Feature", "properties": {"grid_id": "cell_0119", "ward_id": "R/N", "ward_gid": 15, "area_m2": 1000000.0, "LST_C": 33.15295598326935, "NDVI": 0.38747119014987536, "NDVI_prev": 0.33719129095676365, "impervious_pct": 51.581656170929605}, "geometry": {"type": "Polygon", "coordinates": [[[72.84260990145955, 19.246609983423728], [72.84249179259061, 19.255640982367463], [72.8520008672976, 19.255752938172638], [72.85211845658746, 19.246721882698726], [72.84260990145955, 19.246609983423728]]]}}, {"type": "Feature", "properties": {"grid_id": "cell_0120", "ward_id": "T", "ward_gid": 13, "area_m2": 1000000.0, "LST_C": 26.243938762411357, "NDVI": -0.05980561871980078, "NDVI_prev": -0.07656656378377893, "impervious_pct": 0}, "geometry": {"type": "Polygon", "coordinates": [[[72.91042611525911, 19.148037002074588], [72.91031234893507, 19.157068496433503], [72.919816178542, 19.15717639384097], [72.91992942837226, 19.148144844759926], [72.91042611525911, 19.148037002074588]]]}}, {"type": "Feature", "properties": {"grid_id": "cell_0121", "ward_id": "S", "ward_gid": 12, "area_m2": 1000000.0, "LST_C": 30.991746051560757, "NDVI": 0.5095607123238558, "NDVI_prev": 0.49658510209852097, "impervious_pct": 24.29954303956675}, "geometry": {"type": "Polygon", "coordinates": [[[72.9106534558993, 19.12997398481202], [72.9105398175752, 19.13900549819944], [72.920042614485, 19.139113286168406], [72.92015573689612, 19.13008171807035], [72.9106534558993, 19.12997398481202]]]}}, {"type": "Feature", "properties": {"grid_id": "cell_0122", "ward_id": "S", "ward_gid": 12, "area_m2": 1000000.0, "LST_C": 31.19299602043206, "NDVI": 0.4506526750351055, "NDVI_prev": 0.41259949609486873, "impervious_pct": 34.81262196498033}, "geometry": {"type": "Polygon", "coordinates": [[[72.91076703024738, 19.120942461916226], [72.9106534558993, 19.12997398481202], [72.92015573689612, 19.13008171807035], [72.92026879562152, 19.121050140469666], [72.91076703024738, 19.120942461916226]]]}}, {"type": "Feature", "properties": {"grid_id": "cell_0123", "ward_id": "H/E", "ward_gid": 18, "area_m2": 1000000.0, "LST_C": 34.5664708938908, "NDVI": 0.2717582673664007, "NDVI_prev": 0.26585435403584573, "impervious_pct": 51.12470160130948}, "geometry": {"type": "Polygon", "coordinates": [[[72.84495819405345, 19.065987993669246], [72.84484140649896, 19.075019183875003], [72.8543401448624, 19.07513001020693], [72.85445641864732, 19.06609876358971], [72.84495819405345, 19.065987993669246]]]}}, {"type": "Feature", "properties": {"grid_id": "cell_0124", "ward_id": "H/E", "ward_gid": 18, "area_m2": 1000000.0, "LST_C": 33.749110326152426, "NDVI": 0.2759920550216031, "NDVI_prev": 0.24841077703604053, "impervious_pct": 60.2285630806214}, "geometry": {"type": "Polygon", "coordinates": [[[72.8450749157152, 19.05695679394192], [72.84495819405345, 19.065987993669246], [72.85445641864732, 19.06609876358971], [72.85457262682918, 19.057067507456818], [72.8450749157152, 19.05695679394192]]]}}, {"type": "Feature", "properties": {"grid_id": "cell_0125", "ward_id": "G/N", "ward_gid": 9, "area_m2": 1000000.0, "LST_C": 35.98511857693145, "NDVI": 0.2630672240720012, "NDVI_prev": 0.2222437144078872, "impervious_pct": 79.64480420736697}, "geometry": {"type": "Polygon", "coordinates": [[[72.84530816142605, 19.0388943659384], [72.8451915715006, 19.047925584696983], [72.85468876942437, 19.048036241812216], [72.85480484644914, 19.039004966659853], [72.84530816142605, 19.0388943659384]]]}}, {"type": "Feature", "properties": {"grid_id": "cell_0126", "ward_id": "N", "ward_gid": 10, "area_m2": 1000000.0, "LST_C": 31.35139249639286, "NDVI": 0.5659130993158444, "NDVI_prev": 0.5277504614503891, "impervious_pct": 0.41522973722031703}, "geometry": {"type": "Polygon", "coordinates": [[[72.93010787371173, 19.09406237586447], [72.92999552071622, 19.103094036388327], [72.93949638270163, 19.103200626437772], [72.9396082209133, 19.09416891172386], [72.93010787371173, 19.09406237586447]]]}}, {"type": "Feature", "properties": {"grid_id": "cell_0127", "ward_id": "N", "ward_gid": 10, "area_m2": 1000000.0, "LST_C": 30.48600161731344, "NDVI": 0.6107645096305534, "NDVI_prev": 0.5433895815153881, "impervious_pct": 0}, "geometry": {"type": "Polygon", "coordinates": [[[72.93022016337508, 19.085030705859396], [72.93010787371173, 19.09406237586447], [72.9396082209133, 19.09416891172386], [72.93971999608281, 19.085137187534407], [72.93022016337508, 19.085030705859396]]]}}, {"type": "Feature", "properties": {"grid_id": "cell_0128", "ward_id": "N", "ward_gid": 10, "area_m2": 1000000.0, "LST_C": 31.160404234913145, "NDVI": 0.4237156211688984, "NDVI_prev": 0.3706863527766369, "impervious_pct": 0.08464842686707869}, "geometry": {"type": "Polygon", "coordinates": [[[72.93033238972203, 19.075999026377044], [72.93022016337508, 19.085030705859396], [72.93971999608281, 19.085137187534407], [72.93983170822588, 19.076105453873353], [72.93033238972203, 19.075999026377044]]]}}, {"type": "Feature", "properties": {"grid_id": "cell_0129", "ward_id": "S", "ward_gid": 12, "area_m2": 1000000.0, "LST_C": 33.88126956597493, "NDVI": 0.4003425672057937, "NDVI_prev": 0.4208803469372802, "impervious_pct": 31.33229360233612}, "geometry": {"type": "Polygon", "coordinates": [[[72.92977062466548, 19.121157328976725], [72.92965808157865, 19.130188961033408], [72.93916048965657, 19.130295713687083], [72.93927251708901, 19.121264027423305], [72.92977062466548, 19.121157328976725]]]}}, {"type": "Feature", "properties": {"grid_id": "cell_0130", "ward_id": "A", "ward_gid": 1, "area_m2": 1000000.0, "LST_C": 34.19524677551087, "NDVI": 0.20426812883393683, "NDVI_prev": 0.21356000344895867, "impervious_pct": 75.88767718654692}, "geometry": {"type": "Polygon", "coordinates": [[[72.8277212010816, 18.930297697184738], [72.82760438138833, 18.93932891640618], [72.83709531197835, 18.939439867089423], [72.8372116222728, 18.930408591048028], [72.8277212010816, 18.930297697184738]]]}}, {"type": "Feature", "properties": {"grid_id": "cell_0131", "ward_id": "R/C", "ward_gid": 11, "area_m2": 1000000.0, "LST_C": 28.214034825044, "NDVI": 0.4236218811817244, "NDVI_prev": 0.22568132303865743, "impervious_pct": 5.747282743889706}, "geometry": {"type": "Polygon", "coordinates": [[[72.81432376831825, 19.228209640586456], [72.81420423498798, 19.237240487677987], [72.82371207133572, 19.237353809888454], [72.82383108571918, 19.228322905531286], [72.81432376831825, 19.228209640586456]]]}}, {"type": "Feature", "properties": {"grid_id": "cell_0132", "ward_id": "F/S", "ward_gid": 6, "area_m2": 1000000.0, "LST_C": 34.519010626184084, "NDVI": 0.2606974185169442, "NDVI_prev": 0.2502751147948103, "impervious_pct": 71.5189642172673}, "geometry": {"type": "Polygon", "coordinates": [[[72.84589012372624, 18.993738129579494], [72.84577386285532, 19.00276939584687], [72.85526849917012, 19.00287977105201], [72.85538424858716, 18.993848448420263], [72.84589012372624, 18.993738129579494]]]}}, {"type": "Feature", "properties": {"grid_id": "cell_0133", "ward_id": "K/W", "ward_gid": 14, "area_m2": 1000000.0, "LST_C": 33.563087695488456, "NDVI": 0.29716665775201406, "NDVI_prev": 0.28099986535246807, "impervious_pct": 66.91582332889686}, "geometry": {"type": "Polygon", "coordinates": [[[72.83475523419253, 19.120063393532615], [72.83463753544382, 19.129094469830072], [72.84413929650512, 19.12920612493488], [72.8442564797609, 19.12017499194167], [72.83475523419253, 19.120063393532615]]]}}, {"type": "Feature", "properties": {"grid_id": "cell_0134", "ward_id": "K/W", "ward_gid": 14, "area_m2": 1000000.0, "LST_C": 33.134899624566486, "NDVI": 0.264520117038738, "NDVI_prev": 0.24953846010668654, "impervious_pct": 77.53989750126131}, "geometry": {"type": "Polygon", "coordinates": [[[72.8348728666598, 19.111032307683885], [72.83475523419253, 19.120063393532615], [72.8442564797609, 19.12017499194167], [72.84437359702535, 19.111143849403145], [72.8348728666598, 19.111032307683885]]]}}, {"type": "Feature", "properties": {"grid_id": "cell_0135", "ward_id": "R/C", "ward_gid": 11, "area_m2": 1000000.0, "LST_C": 31.91838283621042, "NDVI": 0.39464330728691693, "NDVI_prev": 0.3766009509180715, "impervious_pct": 42.118112221205024}, "geometry": {"type": "Polygon", "coordinates": [[[72.83333846989184, 19.22843567758686], [72.83321997447193, 19.23746663896053], [72.84272794410556, 19.237578974879362], [72.84284592054523, 19.22854795673831], [72.83333846989184, 19.22843567758686]]]}}, {"type": "Feature", "properties": {"grid_id": "cell_0136", "ward_id": "R/C", "ward_gid": 11, "area_m2": 1000000.0, "LST_C": 32.270952924671526, "NDVI": 0.35664567483808274, "NDVI_prev": 0.3298658595275532, "impervious_pct": 47.58930437292061}, "geometry": {"type": "Polygon", "coordinates": [[[72.83345689883102, 19.21940470661445], [72.83333846989184, 19.22843567758686], [72.84284592054523, 19.22854795673831], [72.84296383079518, 19.219516929004524], [72.83345689883102, 19.21940470661445]]]}}, {"type": "Feature", "properties": {"grid_id": "cell_0137", "ward_id": "T", "ward_gid": 13, "area_m2": 1000000.0, "LST_C": 28.253269986028467, "NDVI": 0.5596126071347731, "NDVI_prev": 0.5539574134902663, "impervious_pct": 0}, "geometry": {"type": "Polygon", "coordinates": [[[72.90985664323898, 19.193194378628434], [72.90974255663485, 19.20222582534735], [72.91924897307, 19.202333996451785], [72.91936254172701, 19.193302494981953], [72.90985664323898, 19.193194378628434]]]}}, {"type": "Feature", "properties": {"grid_id": "cell_0138", "ward_id": "M/E", "ward_gid": 16, "area_m2": 1000000.0, "LST_C": 30.959965968771304, "NDVI": 0.4761590331418109, "NDVI_prev": 0.45514947745988077, "impervious_pct": 16.720788923199557}, "geometry": {"type": "Polygon", "coordinates": [[[72.93089257226212, 19.030840486943486], [72.93078066226091, 19.039872213753338], [72.94027792684747, 19.03997842459146], [72.94038932409353, 19.0309466436312], [72.93089257226212, 19.030840486943486]]]}}, {"type": "Feature", "properties": {"grid_id": "cell_0139", "ward_id": "H/W", "ward_gid": 23, "area_m2": 1000000.0, "LST_C": 32.23720942444883, "NDVI": 0.2567881956022199, "NDVI_prev": 0.2507361232554999, "impervious_pct": 74.26990092698344}, "geometry": {"type": "Polygon", "coordinates": [[[72.82596194283364, 19.065764988526478], [72.82584412778924, 19.074796065163305], [72.83534273404463, 19.074907868855583], [72.83546003535233, 19.06587673530996], [72.82596194283364, 19.065764988526478]]]}}, {"type": "Feature", "properties": {"grid_id": "cell_0140", "ward_id": "H/W", "ward_gid": 23, "area_m2": 1000000.0, "LST_C": 32.53969159745804, "NDVI": 0.2760778046095529, "NDVI_prev": 0.2665325474820148, "impervious_pct": 76.93224644297983}, "geometry": {"type": "Polygon", "coordinates": [[[72.8260796914059, 19.056733902356207], [72.82596194283364, 19.065764988526478], [72.83546003535233, 19.06587673530996], [72.83557727047756, 19.05684559223684], [72.8260796914059, 19.056733902356207]]]}}, {"type": "Feature", "properties": {"grid_id": "cell_0141", "ward_id": "E", "ward_gid": 5, "area_m2": 1000000.0, "LST_C": 34.91996983073388, "NDVI": 0.22347743557130073, "NDVI_prev": 0.20866612735799514, "impervious_pct": 81.70544129323339}, "geometry": {"type": "Polygon", "coordinates": [[[72.8272535247928, 18.96642251718767], [72.82713644003441, 18.975453698473974], [72.83662941110732, 18.97556487649605], [72.8367459853117, 18.966533638366183], [72.8272535247928, 18.96642251718767]]]}}, {"type": "Feature", "properties": {"grid_id": "cell_0142", "ward_id": "T", "ward_gid": 13, "area_m2": 1000000.0, "LST_C": 26.850036246931996, "NDVI": 0.34593725225338234, "NDVI_prev": 0.29806565644098837, "impervious_pct": 0}, "geometry": {"type": "Polygon", "coordinates": [[[72.90997066575503, 19.18416292237367], [72.90985664323898, 19.193194378628434], [72.91936254172701, 19.193302494981953], [72.91947604658675, 19.184270983982035], [72.90997066575503, 19.18416292237367]]]}}, {"type": "Feature", "properties": {"grid_id": "cell_0143", "ward_id": "T", "ward_gid": 13, "area_m2": 1000000.0, "LST_C": 28.577592598314826, "NDVI": 0.6278081788227983, "NDVI_prev": 0.6572376261482837, "impervious_pct": 0}, "geometry": {"type": "Polygon", "coordinates": [[[72.91008462419902, 19.17513145658698], [72.90997066575503, 19.18416292237367], [72.91947604658675, 19.184270983982035], [72.91958948766519, 19.175239463455952], [72.91008462419902, 19.17513145658698]]]}}, {"type": "Feature", "properties": {"grid_id": "cell_0144", "ward_id": "T", "ward_gid": 13, "area_m2": 1000000.0, "LST_C": 28.821052242181967, "NDVI": 0.5360439679700153, "NDVI_prev": 0.589679271406306, "impervious_pct": 1.0998016044164602}, "geometry": {"type": "Polygon", "coordinates": [[[72.91019851858702, 19.166099981272275], [72.91008462419902, 19.17513145658698], [72.91958948766519, 19.175239463455952], [72.91970286497829, 19.166207933407616], [72.91019851858702, 19.166099981272275]]]}}, {"type": "Feature", "properties": {"grid_id": "cell_0145", "ward_id": "T", "ward_gid": 13, "area_m2": 1000000.0, "LST_C": 26.539187782647073, "NDVI": 0.07958524393904809, "NDVI_prev": 0.048933791964011104, "impervious_pct": 0.5981746218693708}, "geometry": {"type": "Polygon", "coordinates": [[[72.91031234893507, 19.157068496433503], [72.91019851858702, 19.166099981272275], [72.91970286497829, 19.166207933407616], [72.919816178542, 19.15717639384097], [72.91031234893507, 19.157068496433503]]]}}, {"type": "Feature", "properties": {"grid_id": "cell_0146", "ward_id": "M/E", "ward_gid": 16, "area_m2": 1000000.0, "LST_C": 32.94415234455807, "NDVI": 0.414276360986023, "NDVI_prev": 0.3999564488728144, "impervious_pct": 31.680462724082208}, "geometry": {"type": "Polygon", "coordinates": [[[72.92128346091205, 19.03976551509369], [72.92117097464414, 19.048797178041173], [72.93066868902203, 19.04890393110555], [72.93078066226091, 19.039872213753338], [72.92128346091205, 19.03976551509369]]]}}, {"type": "Feature", "properties": {"grid_id": "cell_0147", "ward_id": "M/E", "ward_gid": 16, "area_m2": 1000000.0, "LST_C": 31.357186317668695, "NDVI": 0.4509003950467947, "NDVI_prev": 0.46033940746046814, "impervious_pct": 39.37695490194774}, "geometry": {"type": "Polygon", "coordinates": [[[72.92139588365268, 19.030733842682885], [72.92128346091205, 19.03976551509369], [72.93078066226091, 19.039872213753338], [72.93089257226212, 19.030840486943486], [72.92139588365268, 19.030733842682885]]]}}, {"type": "Feature", "properties": {"grid_id": "cell_0148", "ward_id": "M/E", "ward_gid": 16, "area_m2": 1000000.0, "LST_C": 30.26937894160465, "NDVI": 0.5541888651460863, "NDVI_prev": 0.5539024199475908, "impervious_pct": 11.810746460960162}, "geometry": {"type": "Polygon", "coordinates": [[[72.92150824288183, 19.02170216081269], [72.92139588365268, 19.030733842682885], [72.93089257226212, 19.030840486943486], [72.93100441904137, 19.02180875067992], [72.92150824288183, 19.02170216081269]]]}}, {"type": "Feature", "properties": {"grid_id": "cell_0149", "ward_id": "R/S", "ward_gid": 22, "area_m2": 1000000.0, "LST_C": 32.37868785175005, "NDVI": 0.29940182346006833, "NDVI_prev": 0.27730371347871274, "impervious_pct": 71.2939771426676}, "geometry": {"type": "Polygon", "coordinates": [[[72.83369355733382, 19.201342735889273], [72.83357526130612, 19.210373726047273], [72.843081674872, 19.21048589168194], [72.84319945279225, 19.20145484477452], [72.83369355733382, 19.201342735889273]]]}}, {"type": "Feature", "properties": {"grid_id": "cell_0150", "ward_id": "P/N", "ward_gid": 21, "area_m2": 1000000.0, "LST_C": 33.17006304952287, "NDVI": 0.29755414814184405, "NDVI_prev": 0.27067284071864156, "impervious_pct": 75.17666965263265}, "geometry": {"type": "Polygon", "coordinates": [[[72.83392995011356, 19.18328072681661], [72.83381178693075, 19.192311736144397], [72.84331716457254, 19.19242378828621], [72.84343481022943, 19.18339272222095], [72.83392995011356, 19.18328072681661]]]}}, {"type": "Feature", "properties": {"grid_id": "cell_0151", "ward_id": "P/S", "ward_gid": 20, "area_m2": 1000000.0, "LST_C": 34.72424706391451, "NDVI": 0.33017315027829824, "NDVI_prev": 0.31770881862503386, "impervious_pct": 65.29098914078494}, "geometry": {"type": "Polygon", "coordinates": [[[72.83416607730328, 19.165218679428087], [72.83404804689886, 19.174249707909855], [72.84355238977945, 19.174361646582703], [72.84366990323915, 19.16533056137541], [72.83416607730328, 19.165218679428087]]]}}, {"type": "Feature", "properties": {"grid_id": "cell_0152", "ward_id": "P/S", "ward_gid": 20, "area_m2": 1000000.0, "LST_C": 34.387011614664395, "NDVI": 0.3064593222580267, "NDVI_prev": 0.2841461623311734, "impervious_pct": 68.85074557532408}, "geometry": {"type": "Polygon", "coordinates": [[[72.83428404134338, 19.15618764137527], [72.83416607730328, 19.165218679428087], [72.84366990323915, 19.16533056137541], [72.84378735062506, 19.156299466603024], [72.83428404134338, 19.15618764137527]]]}}, {"type": "Feature", "properties": {"grid_id": "cell_0153", "ward_id": "P/N", "ward_gid": 21, "area_m2": 1000000.0, "LST_C": 33.12056013629562, "NDVI": 0.43708150418935815, "NDVI_prev": 0.3510601502564757, "impervious_pct": 33.68788796692892}, "geometry": {"type": "Polygon", "coordinates": [[[72.8244251563952, 19.183168239753417], [72.82430647570308, 19.19219919209474], [72.83381178693075, 19.192311736144397], [72.83392995011356, 19.18328072681661], [72.8244251563952, 19.183168239753417]]]}}, {"type": "Feature", "properties": {"grid_id": "cell_0154", "ward_id": "P/S", "ward_gid": 20, "area_m2": 1000000.0, "LST_C": 34.60051050387223, "NDVI": 0.2374632475579113, "NDVI_prev": 0.2567110789613079, "impervious_pct": 26.70582379293178}, "geometry": {"type": "Polygon", "coordinates": [[[72.82478079840944, 19.15607532523552], [72.8246623177317, 19.165106306319853], [72.83416607730328, 19.165218679428087], [72.83428404134338, 19.15618764137527], [72.82478079840944, 19.15607532523552]]]}}, {"type": "Feature", "properties": {"grid_id": "cell_0155", "ward_id": "K/W", "ward_gid": 14, "area_m2": 1000000.0, "LST_C": 33.06572340407603, "NDVI": 0.2627511255124645, "NDVI_prev": 0.2484035821066773, "impervious_pct": 80.54175502875712}, "geometry": {"type": "Polygon", "coordinates": [[[72.8250175598672, 19.138013334351577], [72.82489921244905, 19.147044334578105], [72.8344019390358, 19.14715659375536], [72.8345197703971, 19.1381255365723], [72.8250175598672, 19.138013334351577]]]}}, {"type": "Feature", "properties": {"grid_id": "cell_0156", "ward_id": "K/W", "ward_gid": 14, "area_m2": 1000000.0, "LST_C": 33.80735753192806, "NDVI": 0.25977181058094256, "NDVI_prev": 0.23556327271520536, "impervious_pct": 76.66412213740469}, "geometry": {"type": "Polygon", "coordinates": [[[72.82513584068052, 19.128982324559882], [72.8250175598672, 19.138013334351577], [72.8345197703971, 19.1381255365723], [72.83463753544382, 19.129094469830072], [72.82513584068052, 19.128982324559882]]]}}, {"type": "Feature", "properties": {"grid_id": "cell_0157", "ward_id": "K/W", "ward_gid": 14, "area_m2": 1000000.0, "LST_C": 32.96609373925151, "NDVI": 0.3166606625819896, "NDVI_prev": 0.31105144596309653, "impervious_pct": 59.25446501176621}, "geometry": {"type": "Polygon", "coordinates": [[[72.82525405490563, 19.11995130520699], [72.82513584068052, 19.128982324559882], [72.83463753544382, 19.129094469830072], [72.83475523419253, 19.120063393532615], [72.82525405490563, 19.11995130520699]]]}}, {"type": "Feature", "properties": {"grid_id": "cell_0158", "ward_id": "K/W", "ward_gid": 14, "area_m2": 1000000.0, "LST_C": 32.41001026296196, "NDVI": 0.3533286831808963, "NDVI_prev": 0.3617209313272506, "impervious_pct": 53.72385798258808}, "geometry": {"type": "Polygon", "coordinates": [[[72.82537220255915, 19.110920276296863], [72.82525405490563, 19.11995130520699], [72.83475523419253, 19.120063393532615], [72.8348728666598, 19.111032307683885], [72.82537220255915, 19.110920276296863]]]}}, {"type": "Feature", "properties": {"grid_id": "cell_0159", "ward_id": "K/W", "ward_gid": 14, "area_m2": 1000000.0, "LST_C": 32.32641513342244, "NDVI": 0.30262532539453446, "NDVI_prev": 0.2939247439827582, "impervious_pct": 75.96793733508137}, "geometry": {"type": "Polygon", "coordinates": [[[72.82549028365769, 19.101889237833465], [72.82537220255915, 19.110920276296863], [72.8348728666598, 19.111032307683885], [72.83499043286211, 19.102001212287863], [72.82549028365769, 19.101889237833465]]]}}, {"type": "Feature", "properties": {"grid_id": "cell_0160", "ward_id": "M/E", "ward_gid": 16, "area_m2": 1000000.0, "LST_C": 37.34431221353259, "NDVI": 0.19493535697915917, "NDVI_prev": 0.18291755092814227, "impervious_pct": 78.37047316768724}, "geometry": {"type": "Polygon", "coordinates": [[[72.93066868902203, 19.04890393110555], [72.93055665252975, 19.05793563899619], [72.94005494349545, 19.05804195815208], [72.94016646665332, 19.049010196099726], [72.93066868902203, 19.04890393110555]]]}}, {"type": "Feature", "properties": {"grid_id": "cell_0161", "ward_id": "M/E", "ward_gid": 16, "area_m2": 1000000.0, "LST_C": 32.130507323138794, "NDVI": 0.46025316735094607, "NDVI_prev": 0.4468579786154695, "impervious_pct": 25.397715955115856}, "geometry": {"type": "Polygon", "coordinates": [[[72.93078066226091, 19.039872213753338], [72.93066868902203, 19.04890393110555], [72.94016646665332, 19.049010196099726], [72.94027792684747, 19.03997842459146], [72.93078066226091, 19.039872213753338]]]}}, {"type": "Feature", "properties": {"grid_id": "cell_0162", "ward_id": "K/W", "ward_gid": 14, "area_m2": 1000000.0, "LST_C": 35.08925221771497, "NDVI": 0.22154613887692642, "NDVI_prev": 0.2093280387833767, "impervious_pct": 84.82888396235192}, "geometry": {"type": "Polygon", "coordinates": [[[72.8345197703971, 19.1381255365723], [72.8344019390358, 19.14715659375536], [72.84390473195369, 19.147268362269504], [72.84402204724154, 19.138237248378804], [72.8345197703971, 19.1381255365723]]]}}, {"type": "Feature", "properties": {"grid_id": "cell_0163", "ward_id": "K/W", "ward_gid": 14, "area_m2": 1000000.0, "LST_C": 33.98490592861372, "NDVI": 0.32488142681634824, "NDVI_prev": 0.28864382771181274, "impervious_pct": 64.19378177811409}, "geometry": {"type": "Polygon", "coordinates": [[[72.83463753544382, 19.129094469830072], [72.8345197703971, 19.1381255365723], [72.84402204724154, 19.138237248378804], [72.84413929650512, 19.12920612493488], [72.83463753544382, 19.129094469830072]]]}}, {"type": "Feature", "properties": {"grid_id": "cell_0164", "ward_id": "N", "ward_gid": 10, "area_m2": 1000000.0, "LST_C": 36.237007166091175, "NDVI": 0.33311520550355117, "NDVI_prev": 0.30826343233102815, "impervious_pct": 55.480209111277155}, "geometry": {"type": "Polygon", "coordinates": [[[72.92060758984236, 19.09395535069115], [72.92049472207877, 19.10298695677614], [72.92999552071622, 19.103094036388327], [72.93010787371173, 19.09406237586447], [72.92060758984236, 19.09395535069115]]]}}, {"type": "Feature", "properties": {"grid_id": "cell_0165", "ward_id": "N", "ward_gid": 10, "area_m2": 1000000.0, "LST_C": 31.764062907820048, "NDVI": 0.5414255356440768, "NDVI_prev": 0.49486221297738886, "impervious_pct": 11.723565631586801}, "geometry": {"type": "Polygon", "coordinates": [[[72.92072039398376, 19.084923735119254], [72.92060758984236, 19.09395535069115], [72.93010787371173, 19.09406237586447], [72.93022016337508, 19.085030705859396], [72.92072039398376, 19.084923735119254]]]}}, {"type": "Feature", "properties": {"grid_id": "cell_0166", "ward_id": "R/C", "ward_gid": 11, "area_m2": 1000000.0, "LST_C": 28.94477158782357, "NDVI": 0.6430214964618051, "NDVI_prev": 0.6525281910218648, "impervious_pct": 0}, "geometry": {"type": "Polygon", "coordinates": [[[72.88087638214581, 19.22899214400832], [72.88076048179246, 19.238023386727384], [72.89026877954673, 19.238133256659417], [72.89038416083754, 19.229101958418763], [72.88087638214581, 19.22899214400832]]]}}, {"type": "Feature", "properties": {"grid_id": "cell_0167", "ward_id": "R/C", "ward_gid": 11, "area_m2": 1000000.0, "LST_C": 29.162370409702365, "NDVI": 0.6301997914764841, "NDVI_prev": 0.6630940020169276, "impervious_pct": 0}, "geometry": {"type": "Polygon", "coordinates": [[[72.8809922174736, 19.219960891720213], [72.88087638214581, 19.22899214400832], [72.89038416083754, 19.229101958418763], [72.89049947739385, 19.220070650614932], [72.8809922174736, 19.219960891720213]]]}}, {"type": "Feature", "properties": {"grid_id": "cell_0168", "ward_id": "M/E", "ward_gid": 16, "area_m2": 1000000.0, "LST_C": 38.28903428930822, "NDVI": 0.1886293833783837, "NDVI_prev": 0.15884514450860693, "impervious_pct": 93.26151905457453}, "geometry": {"type": "Polygon", "coordinates": [[[72.92105842483316, 19.057828831521405], [72.92094581146333, 19.066860475530454], [72.93044455276832, 19.066967337421335], [72.93055665252975, 19.05793563899619], [72.92105842483316, 19.057828831521405]]]}}, {"type": "Feature", "properties": {"grid_id": "cell_0169", "ward_id": "M/E", "ward_gid": 16, "area_m2": 1000000.0, "LST_C": 36.15692429409783, "NDVI": 0.24372366466984038, "NDVI_prev": 0.20812672283350425, "impervious_pct": 72.09621947494922}, "geometry": {"type": "Polygon", "coordinates": [[[72.92117097464414, 19.048797178041173], [72.92105842483316, 19.057828831521405], [72.93055665252975, 19.05793563899619], [72.93066868902203, 19.04890393110555], [72.92117097464414, 19.048797178041173]]]}}, {"type": "Feature", "properties": {"grid_id": "cell_0170", "ward_id": "S", "ward_gid": 12, "area_m2": 1000000.0, "LST_C": 32.49477254664617, "NDVI": 0.4767041193413713, "NDVI_prev": 0.4308785260687361, "impervious_pct": 21.884664905690492}, "geometry": {"type": "Polygon", "coordinates": [[[72.92015573689612, 19.13008171807035], [72.920042614485, 19.139113286168406], [72.92954547509642, 19.139220583593183], [72.92965808157865, 19.130188961033408], [72.92015573689612, 19.13008171807035]]]}}, {"type": "Feature", "properties": {"grid_id": "cell_0171", "ward_id": "S", "ward_gid": 12, "area_m2": 1000000.0, "LST_C": 34.127303858966805, "NDVI": 0.3259823903954268, "NDVI_prev": 0.31896539931885076, "impervious_pct": 56.182735928264925}, "geometry": {"type": "Polygon", "coordinates": [[[72.92026879562152, 19.121050140469666], [72.92015573689612, 19.13008171807035], [72.92965808157865, 19.130188961033408], [72.92977062466548, 19.121157328976725], [72.92026879562152, 19.121050140469666]]]}}, {"type": "Feature", "properties": {"grid_id": "cell_0172", "ward_id": "S", "ward_gid": 12, "area_m2": 1000000.0, "LST_C": 35.52014591625836, "NDVI": 0.33310160133284744, "NDVI_prev": 0.30386572726179895, "impervious_pct": 51.33305232973012}, "geometry": {"type": "Polygon", "coordinates": [[[72.92038179067711, 19.112018553370284], [72.92026879562152, 19.121050140469666], [72.92977062466548, 19.121157328976725], [72.92988310437272, 19.112125687427056], [72.92038179067711, 19.112018553370284]]]}}, {"type": "Feature", "properties": {"grid_id": "cell_0173", "ward_id": "F/S", "ward_gid": 6, "area_m2": 1000000.0, "LST_C": 32.97325517445567, "NDVI": 0.31722528802261124, "NDVI_prev": 0.28162667834412336, "impervious_pct": 68.17840606378678}, "geometry": {"type": "Polygon", "coordinates": [[[72.83639606462721, 18.99362732428837], [72.83627929231876, 19.00265853394288], [72.84577386285532, 19.00276939584687], [72.84589012372624, 18.993738129579494], [72.83639606462721, 18.99362732428837]]]}}, {"type": "Feature", "properties": {"grid_id": "cell_0174", "ward_id": "E", "ward_gid": 5, "area_m2": 1000000.0, "LST_C": 34.57758598407301, "NDVI": 0.2543024762582392, "NDVI_prev": 0.23221188044489185, "impervious_pct": 76.0498395594029}, "geometry": {"type": "Polygon", "coordinates": [[[72.8367459853117, 18.966533638366183], [72.83662941110732, 18.97556487649605], [72.84612244819856, 18.975675568579152], [72.84623851183258, 18.966644273854097], [72.8367459853117, 18.966533638366183]]]}}, {"type": "Feature", "properties": {"grid_id": "cell_0175", "ward_id": "R/C", "ward_gid": 11, "area_m2": 1000000.0, "LST_C": 32.40696357406641, "NDVI": 0.42197973670714634, "NDVI_prev": 0.38898186609486013, "impervious_pct": 34.05664664342601}, "geometry": {"type": "Polygon", "coordinates": [[[72.82383108571918, 19.228322905531286], [72.82371207133572, 19.237353809888454], [72.83321997447193, 19.23746663896053], [72.83333846989184, 19.22843567758686], [72.82383108571918, 19.228322905531286]]]}}, {"type": "Feature", "properties": {"grid_id": "cell_0176", "ward_id": "R/C", "ward_gid": 11, "area_m2": 1000000.0, "LST_C": 33.348180655123905, "NDVI": 0.39021276501751573, "NDVI_prev": 0.36020700969906516, "impervious_pct": 62.704128174083216}, "geometry": {"type": "Polygon", "coordinates": [[[72.82395003333092, 19.219291991569378], [72.82383108571918, 19.228322905531286], [72.83333846989184, 19.22843567758686], [72.83345689883102, 19.21940470661445], [72.82395003333092, 19.219291991569378]]]}}, {"type": "Feature", "properties": {"grid_id": "cell_0177", "ward_id": "T", "ward_gid": 13, "area_m2": 1000000.0, "LST_C": 28.985164700097357, "NDVI": 0.6623586175106089, "NDVI_prev": 0.6703878566485574, "impervious_pct": 0}, "geometry": {"type": "Polygon", "coordinates": [[[72.91924897307, 19.202333996451785], [72.91913534059974, 19.211365488387607], [72.92864233910213, 19.211473221712243], [72.9287554533184, 19.202441675268858], [72.91924897307, 19.202333996451785]]]}}, {"type": "Feature", "properties": {"grid_id": "cell_0178", "ward_id": "T", "ward_gid": 13, "area_m2": 1000000.0, "LST_C": 28.156552111127258, "NDVI": 0.6138002706792307, "NDVI_prev": 0.6243588248135659, "impervious_pct": 0}, "geometry": {"type": "Polygon", "coordinates": [[[72.91936254172701, 19.193302494981953], [72.91924897307, 19.202333996451785], [72.9287554533184, 19.202441675268858], [72.92886850401231, 19.193410119297212], [72.91936254172701, 19.193302494981953]]]}}, {"type": "Feature", "properties": {"grid_id": "cell_0179", "ward_id": "T", "ward_gid": 13, "area_m2": 1000000.0, "LST_C": 27.386301250038315, "NDVI": 0.5212274281390831, "NDVI_prev": 0.5014642666500705, "impervious_pct": 0}, "geometry": {"type": "Polygon", "coordinates": [[[72.91947604658675, 19.184270983982035], [72.91936254172701, 19.193302494981953], [72.92886850401231, 19.193410119297212], [72.92898149119979, 19.184378553801217], [72.91947604658675, 19.184270983982035]]]}}, {"type": "Feature", "properties": {"grid_id": "cell_0180", "ward_id": "T", "ward_gid": 13, "area_m2": 1000000.0, "LST_C": 28.176214543513307, "NDVI": 0.6507894943114648, "NDVI_prev": 0.6504245028077316, "impervious_pct": 0}, "geometry": {"type": "Polygon", "coordinates": [[[72.91958948766519, 19.175239463455952], [72.91947604658675, 19.184270983982035], [72.92898149119979, 19.184378553801217], [72.9290944148967, 19.17534697878479], [72.91958948766519, 19.175239463455952]]]}}, {"type": "Feature", "properties": {"grid_id": "cell_0181", "ward_id": "P/N", "ward_gid": 21, "area_m2": 1000000.0, "LST_C": 30.802350996228228, "NDVI": 0.5337027153557061, "NDVI_prev": 0.546681982644502, "impervious_pct": 2.9560017653715143}, "geometry": {"type": "Polygon", "coordinates": [[[72.78676849595874, 19.155621151853094], [72.78664794889785, 19.164651902574406], [72.79615144010751, 19.164766240177805], [72.79627147059786, 19.155735431492396], [72.78676849595874, 19.155621151853094]]]}}, {"type": "Feature", "properties": {"grid_id": "cell_0182", "ward_id": "T", "ward_gid": 13, "area_m2": 1000000.0, "LST_C": 32.06767104396607, "NDVI": 0.32484133748486077, "NDVI_prev": 0.3236194509340823, "impervious_pct": 61.5512202565575}, "geometry": {"type": "Polygon", "coordinates": [[[72.95772088513121, 19.166634828896797], [72.95760957627648, 19.175666575389332], [72.96711475566251, 19.17577212441677], [72.96722554736331, 19.166740324435807], [72.95772088513121, 19.166634828896797]]]}}, {"type": "Feature", "properties": {"grid_id": "cell_0183", "ward_id": "T", "ward_gid": 13, "area_m2": 1000000.0, "LST_C": 31.320859447121666, "NDVI": 0.2834973858485975, "NDVI_prev": 0.3211322121020645, "impervious_pct": 24.302004983427324}, "geometry": {"type": "Polygon", "coordinates": [[[72.95783213139903, 19.15760307290871], [72.95772088513121, 19.166634828896797], [72.96722554736331, 19.166740324435807], [72.96733627676785, 19.157708514964916], [72.95783213139903, 19.15760307290871]]]}}, {"type": "Feature", "properties": {"grid_id": "cell_0184", "ward_id": "R/S", "ward_gid": 22, "area_m2": 1000000.0, "LST_C": 28.13853782094037, "NDVI": 0.6633601226423465, "NDVI_prev": 0.6654268697816448, "impervious_pct": 0}, "geometry": {"type": "Polygon", "coordinates": [[[72.89084503881791, 19.19297666986362], [72.89072991636782, 19.20200800633343], [72.90023620430384, 19.2021171619698], [72.90035080883901, 19.193085770250896], [72.89084503881791, 19.19297666986362]]]}}, {"type": "Feature", "properties": {"grid_id": "cell_0185", "ward_id": "M/E", "ward_gid": 16, "area_m2": 1000000.0, "LST_C": 30.863140965729972, "NDVI": 0.28658491500857136, "NDVI_prev": 0.24869705009705484, "impervious_pct": 6.143222336575812}, "geometry": {"type": "Polygon", "coordinates": [[[72.94966430724836, 19.04911597300973], [72.94955329744056, 19.058147788975095], [72.95905171407529, 19.05825313145132], [72.95916221051742, 19.04922126182165], [72.94966430724836, 19.04911597300973]]]}}, {"type": "Feature", "properties": {"grid_id": "cell_0186", "ward_id": "L", "ward_gid": 24, "area_m2": 1000000.0, "LST_C": 36.80481616578277, "NDVI": 0.25908634579215756, "NDVI_prev": 0.22763473906188395, "impervious_pct": 77.06113887837935}, "geometry": {"type": "Polygon", "coordinates": [[[72.8919927091551, 19.102662780704208], [72.89187823267444, 19.111694212471594], [72.90137935453782, 19.111802815878363], [72.90149331600814, 19.10277132891989], [72.8919927091551, 19.102662780704208]]]}}, {"type": "Feature", "properties": {"grid_id": "cell_0187", "ward_id": "M/W", "ward_gid": 17, "area_m2": 1000000.0, "LST_C": 33.83002272315425, "NDVI": 0.2640696968909659, "NDVI_prev": 0.25201172421963114, "impervious_pct": 74.28487005484669}, "geometry": {"type": "Polygon", "coordinates": [[[72.89256412425554, 19.057505479324472], [72.89244997015562, 19.06653695859299], [72.90194851986719, 19.06664528610213], [72.90206216040635, 19.057613751671408], [72.89256412425554, 19.057505479324472]]]}}, {"type": "Feature", "properties": {"grid_id": "cell_0188", "ward_id": "M/W", "ward_gid": 17, "area_m2": 1000000.0, "LST_C": 32.29484678403671, "NDVI": 0.37427107177916813, "NDVI_prev": 0.3649905951112683, "impervious_pct": 54.72577678316482}, "geometry": {"type": "Polygon", "coordinates": [[[72.89267821392743, 19.04847399056755], [72.89256412425554, 19.057505479324472], [72.90206216040635, 19.057613751671408], [72.9021757368072, 19.048582207758045], [72.89267821392743, 19.04847399056755]]]}}, {"type": "Feature", "properties": {"grid_id": "cell_0189", "ward_id": "G/N", "ward_gid": 9, "area_m2": 999993.8179953758, "LST_C": 33.040757430111135, "NDVI": 0.23539576445456792, "NDVI_prev": 0.22529453784054065, "impervious_pct": 73.73640424436661}, "geometry": {"type": "Polygon", "coordinates": [[[72.84542468550788, 19.02986313767014], [72.84554110843722, 19.020834640115353], [72.84553916790183, 19.02083187685499], [72.83604554948315, 19.02072092474876], [72.83592929431383, 19.029696886825427], [72.83593091589374, 19.029703235562785], [72.83594823235637, 19.02975233619112], [72.84542468550788, 19.02986313767014]]]}}, {"type": "Feature", "properties": {"grid_id": "cell_0190", "ward_id": "K/W", "ward_gid": 14, "area_m2": 999856.4666571337, "LST_C": 32.209554901278466, "NDVI": 0.4007650631574492, "NDVI_prev": 0.3641352899184507, "impervious_pct": 48.34087355986103}, "geometry": {"type": "Polygon", "coordinates": [[[72.80589395943028, 19.146818344293457], [72.81539655248376, 19.146931584752522], [72.81551541594214, 19.137900641731374], [72.80615953041712, 19.137789203791776], [72.80601111208028, 19.13795596196843], [72.80589395943028, 19.146818344293457]]]}}, {"type": "Feature", "properties": {"grid_id": "cell_0191", "ward_id": "N", "ward_gid": 10, "area_m2": 999640.9585115799, "LST_C": 30.68825544762454, "NDVI": 0.500800064669039, "NDVI_prev": 0.4149804654995242, "impervious_pct": 0}, "geometry": {"type": "Polygon", "coordinates": [[[72.94933108974047, 19.076211392539292], [72.93983170822588, 19.076105453873353], [72.93971999608281, 19.085137187534407], [72.94921989181697, 19.085243180130277], [72.94922781375983, 19.08459990794853], [72.94914940941061, 19.084025640356508], [72.94923669140637, 19.083879000604608], [72.94933108974047, 19.076211392539292]]]}}, {"type": "Feature", "properties": {"grid_id": "cell_0192", "ward_id": "F/N", "ward_gid": 8, "area_m2": 999505.6183972161, "LST_C": 34.13825015962961, "NDVI": 0.27771756484059845, "NDVI_prev": 0.2456383414338287, "impervious_pct": 65.36749365473803}, "geometry": {"type": "Polygon", "coordinates": [[[72.87368336169348, 19.04825609215988], [72.87379841286814, 19.03922470496577], [72.86430159702635, 19.039115079673802], [72.86419043895384, 19.047802173142415], [72.86443240147436, 19.04814926236659], [72.87368336169348, 19.04825609215988]]]}}, {"type": "Feature", "properties": {"grid_id": "cell_0193", "ward_id": "K/W", "ward_gid": 14, "area_m2": 999369.9058817761, "LST_C": 32.64921078783616, "NDVI": 0.2703657526820904, "NDVI_prev": 0.2659292097189101, "impervious_pct": 74.12451297245423}, "geometry": {"type": "Polygon", "coordinates": [[[72.83499043286211, 19.102001212287863], [72.8348728666598, 19.111032307683885], [72.84437359702535, 19.111143849403145], [72.84448061931786, 19.102886689494362], [72.84441337801593, 19.10245878576082], [72.84434135806859, 19.1021109491932], [72.83499043286211, 19.102001212287863]]]}}, {"type": "Feature", "properties": {"grid_id": "cell_0194", "ward_id": "N", "ward_gid": 10, "area_m2": 999192.2948779807, "LST_C": 30.29082182236772, "NDVI": 0.6325438872033902, "NDVI_prev": 0.5766631212400529, "impervious_pct": 1.476837408341392}, "geometry": {"type": "Polygon", "coordinates": [[[72.9208331345188, 19.075892110064384], [72.92072039398376, 19.084923735119254], [72.93022016337508, 19.085030705859396], [72.93033238972203, 19.075999026377044], [72.92716886303259, 19.075963474519682], [72.92710905434281, 19.075972510444277], [72.92567409598826, 19.076005963016534], [72.9250165054714, 19.075939255191948], [72.9208331345188, 19.075892110064384]]]}}, {"type": "Feature", "properties": {"grid_id": "cell_0195", "ward_id": "T", "ward_gid": 13, "area_m2": 998775.9043827759, "LST_C": 30.591881446220956, "NDVI": 0.5430874350967022, "NDVI_prev": 0.5422313714352047, "impervious_pct": 7.470088422675016}, "geometry": {"type": "Polygon", "coordinates": [[[72.91970286497829, 19.166207933407616], [72.91958948766519, 19.175239463455952], [72.9290944148967, 19.17534697878479], [72.92920447057614, 19.166539888095986], [72.92869708578431, 19.16651501878941], [72.9287080290509, 19.166464217099332], [72.92871884590738, 19.166410367450798], [72.92872642303632, 19.166372645007137], [72.92872990199436, 19.166355483383207], [72.92873048075748, 19.166350924019603], [72.92873048116566, 19.16635092178406], [72.92873048549889, 19.166350897552622], [72.92873086682198, 19.166348865740144], [72.92873436115555, 19.166320443998583], [72.92873437063557, 19.166320360858705], [72.92873437083965, 19.166320359740922], [72.92873437324586, 19.166320352794717], [72.9287344137587, 19.166320031826547], [72.92873568122283, 19.166310073814515], [72.91970286497829, 19.166207933407616]]]}}, {"type": "Feature", "properties": {"grid_id": "cell_0196", "ward_id": "P/S", "ward_gid": 20, "area_m2": 998700.0881244603, "LST_C": 33.23543963832267, "NDVI": 0.36980924094303336, "NDVI_prev": 0.35469354767471256, "impervious_pct": 55.44396233811973}, "geometry": {"type": "Polygon", "coordinates": [[[72.862561273521, 19.174584049639932], [72.86267775304177, 19.16555285172846], [72.85317379524882, 19.165441952147084], [72.85305679875034, 19.174473093830947], [72.85946089608595, 19.174547909740443], [72.85947101797034, 19.174412537034197], [72.85947358166727, 19.174357028006646], [72.86063039354013, 19.174561548271587], [72.862561273521, 19.174584049639932]]]}}, {"type": "Feature", "properties": {"grid_id": "cell_0197", "ward_id": "S", "ward_gid": 12, "area_m2": 998574.904228887, "LST_C": 35.232602758371684, "NDVI": 0.3640800765771643, "NDVI_prev": 0.3827031092446906, "impervious_pct": 1.4209709525091325}, "geometry": {"type": "Polygon", "coordinates": [[[72.94877447260187, 19.121370235795368], [72.94866296083957, 19.130401976017332], [72.95816549483732, 19.130507748010167], [72.95826895232022, 19.122089533720427], [72.95803512046277, 19.121723423657986], [72.95788310835702, 19.12147158709192], [72.94877447260187, 19.121370235795368]]]}}, {"type": "Feature", "properties": {"grid_id": "cell_0198", "ward_id": "P/N", "ward_gid": 21, "area_m2": 998332.2180598552, "LST_C": 31.754747655829988, "NDVI": 0.44971808862351126, "NDVI_prev": 0.41175368376497856, "impervious_pct": 1.3514321990520695}, "geometry": {"type": "Polygon", "coordinates": [[[72.79591117653139, 19.182827828759155], [72.8054157693135, 19.182941790709794], [72.80553541770468, 19.173910943491347], [72.79603134209098, 19.173797039268056], [72.79595472351058, 19.17955573486485], [72.79606191636803, 19.18002023890748], [72.79594628373556, 19.181737809770315], [72.79592337588524, 19.181911243947884], [72.79591117653139, 19.182827828759155]]]}}, {"type": "Feature", "properties": {"grid_id": "cell_0199", "ward_id": "P/N", "ward_gid": 21, "area_m2": 997958.6502291178, "LST_C": 33.04761371941284, "NDVI": 0.5370612999755402, "NDVI_prev": 0.4553012888000031, "impervious_pct": 25.168495988349132}, "geometry": {"type": "Polygon", "coordinates": [[[72.88145490885486, 19.183835786956042], [72.87194978605555, 19.18372575833384], [72.87183369307546, 19.192756993117396], [72.87729053477203, 19.192820248777842], [72.87741668845794, 19.192811703767333], [72.87751586975399, 19.192822857367897], [72.87977651982499, 19.192849012456623], [72.8807251443674, 19.192724949834176], [72.88134218583315, 19.19264424906649], [72.88145490885486, 19.183835786956042]]]}}, {"type": "Feature", "properties": {"grid_id": "cell_0200", "ward_id": "R/N", "ward_gid": 15, "area_m2": 997629.2843170079, "LST_C": 33.454503183497806, "NDVI": 0.4188874099132447, "NDVI_prev": 0.3854571037628348, "impervious_pct": 34.09544957434291}, "geometry": {"type": "Polygon", "coordinates": [[[72.88064451639718, 19.24705461987347], [72.87113576434746, 19.246944200938234], [72.8710192142654, 19.25597536872488], [72.87983287700203, 19.256077778913237], [72.87985161380416, 19.256062904544883], [72.88003593041337, 19.255916564399968], [72.88015539738993, 19.255823028089825], [72.88026563052823, 19.255736725407242], [72.8805364661374, 19.255464867983598], [72.88064451639718, 19.24705461987347]]]}}, {"type": "Feature", "properties": {"grid_id": "cell_0201", "ward_id": "T", "ward_gid": 13, "area_m2": 997346.6841743127, "LST_C": 27.448626638523578, "NDVI": 0.6770664492763695, "NDVI_prev": 0.681283936698945, "impervious_pct": 0}, "geometry": {"type": "Polygon", "coordinates": [[[72.90985664323898, 19.193194378628434], [72.90997066575503, 19.18416292237367], [72.90046534899531, 19.18405436899035], [72.90036817916172, 19.19171646102051], [72.90037175764056, 19.19172777790979], [72.90039131078429, 19.191795355107306], [72.90040286283626, 19.19183609122084], [72.90042213648688, 19.191924465740374], [72.9004364831086, 19.192040682270203], [72.90044489730111, 19.192075952890885], [72.90044493914728, 19.192076125605734], [72.90046136361617, 19.192146782645636], [72.90049045531167, 19.192269336445822], [72.90053912202752, 19.192474354492347], [72.90053913820998, 19.192474427842583], [72.90058501625367, 19.192668770710227], [72.90061036440905, 19.19277614733178], [72.90063969883192, 19.192900415597183], [72.90067669647935, 19.193004264639118], [72.90068239511365, 19.19302052734151], [72.90069406272478, 19.19308970065422], [72.90985664323898, 19.193194378628434]]]}}, {"type": "Feature", "properties": {"grid_id": "cell_0202", "ward_id": "N", "ward_gid": 10, "area_m2": 996066.6093436073, "LST_C": 35.054042946683225, "NDVI": 0.30283611029403895, "NDVI_prev": 0.27881889705149376, "impervious_pct": 68.86321143020936}, "geometry": {"type": "Polygon", "coordinates": [[[72.92049472207877, 19.10298695677614], [72.92060758984236, 19.09395535069115], [72.9111073695952, 19.093847836217982], [72.91099398707938, 19.102879387615275], [72.91916476524301, 19.102971928258555], [72.91994670014599, 19.10242436166147], [72.9203781304521, 19.102985639674475], [72.92049472207877, 19.10298695677614]]]}}, {"type": "Feature", "properties": {"grid_id": "cell_0203", "ward_id": "T", "ward_gid": 13, "area_m2": 994107.0156472699, "LST_C": 29.41234186712323, "NDVI": 0.4744684870626958, "NDVI_prev": 0.4364224142539127, "impervious_pct": 1.5384923442485081}, "geometry": {"type": "Polygon", "coordinates": [[[72.96733627676785, 19.157708514964916], [72.96722554736331, 19.166740324435807], [72.9767302718917, 19.166845328613647], [72.97681613165489, 19.15980960107808], [72.97681432066805, 19.159802056895764], [72.97657055593405, 19.15878663005649], [72.9765705387465, 19.15878655850578], [72.97636661579867, 19.157950700993208], [72.97636659861125, 19.15795062944249], [72.97633060517404, 19.15780784801261], [72.96733627676785, 19.157708514964916]]]}}, {"type": "Feature", "properties": {"grid_id": "cell_0204", "ward_id": "K/E", "ward_gid": 19, "area_m2": 993600.4038320258, "LST_C": 35.27647459265118, "NDVI": 0.2808001777828079, "NDVI_prev": 0.2564772218538298, "impervious_pct": 70.67907007816159}, "geometry": {"type": "Polygon", "coordinates": [[[72.87299168926393, 19.10244421576911], [72.87287618281094, 19.11147553640789], [72.88237717533545, 19.111585119309986], [72.88248316256414, 19.10326111629595], [72.88221933371186, 19.103127815383868], [72.88200080998955, 19.10302775247135], [72.8819339989867, 19.1028894709659], [72.88147232972132, 19.10276082230286], [72.8811815235078, 19.102721223806064], [72.88098051103233, 19.1026457045165], [72.88068038495645, 19.102532893503067], [72.87299168926393, 19.10244421576911]]]}}, {"type": "Feature", "properties": {"grid_id": "cell_0205", "ward_id": "M/E", "ward_gid": 16, "area_m2": 992281.3797352344, "LST_C": 35.37972647915152, "NDVI": 0.30791130864480615, "NDVI_prev": 0.27090896785059554, "impervious_pct": 58.38857009017458}, "geometry": {"type": "Polygon", "coordinates": [[[72.92105842483316, 19.057828831521405], [72.92117097464414, 19.048797178041173], [72.91167332380931, 19.04868993692064], [72.91158065959145, 19.056092428452008], [72.91158973854438, 19.056105386840024], [72.91163110874841, 19.05616472375285], [72.911699507125, 19.056263315896093], [72.91174826516475, 19.056333381199437], [72.91182811052484, 19.056447298032364], [72.91189744418355, 19.056549118434138], [72.91198292790527, 19.056674785162787], [72.91208927161404, 19.05682446221925], [72.9121958237475, 19.056974016716747], [72.91227295647836, 19.057083339324606], [72.9123540578573, 19.057199347795663], [72.91237327276913, 19.057226712675952], [72.91215321236815, 19.057366127891836], [72.91177523130507, 19.057603000213536], [72.91163794752198, 19.05768808562538], [72.91158293765882, 19.057721792493908], [72.92105842483316, 19.057828831521405]]]}}, {"type": "Feature", "properties": {"grid_id": "cell_0206", "ward_id": "R/C", "ward_gid": 11, "area_m2": 991269.7159673215, "LST_C": 32.34986541254915, "NDVI": 0.42255627590329664, "NDVI_prev": 0.4013110552105174, "impervious_pct": 52.9279497826749}, "geometry": {"type": "Polygon", "coordinates": [[[72.87125224908009, 19.237913023568794], [72.87136866847968, 19.2288818366205], [72.86186102013019, 19.22877103626982], [72.86174408170073, 19.23780216719819], [72.86231254913014, 19.237808808882292], [72.8623220484083, 19.23780265266748], [72.86232361271283, 19.237808938126047], [72.86232463528212, 19.23780895007157], [72.86232967484418, 19.23779773038534], [72.86237452192346, 19.23777341527376], [72.86264301608911, 19.237628039699786], [72.86272345172206, 19.237584487871853], [72.86272799495447, 19.23758059033711], [72.86272881964997, 19.237579883150143], [72.86279553722349, 19.23752263084505], [72.86283507152683, 19.237488929599948], [72.86291837430944, 19.237450216124806], [72.86293872837169, 19.237405853227003], [72.86415990475867, 19.23724392560678], [72.8641867258446, 19.237424677561904], [72.86424970260641, 19.237831428337188], [72.87125224908009, 19.237913023568794]]]}}, {"type": "Feature", "properties": {"grid_id": "cell_0207", "ward_id": "R/C", "ward_gid": 11, "area_m2": 991170.5443784323, "LST_C": 28.229974158123284, "NDVI": 0.6728381297741174, "NDVI_prev": 0.6727119432899067, "impervious_pct": 0}, "geometry": {"type": "Polygon", "coordinates": [[[72.89977714205176, 19.23824263335043], [72.89026877954673, 19.238133256659417], [72.89015450323741, 19.24707306318304], [72.89016227340339, 19.247078180556215], [72.89029771590285, 19.247166210637914], [72.89894243711917, 19.247265711099562], [72.899688798987, 19.24518539472103], [72.89977714205176, 19.23824263335043]]]}}, {"type": "Feature", "properties": {"grid_id": "cell_0208", "ward_id": "S", "ward_gid": 12, "area_m2": 989650.0818373137, "LST_C": 34.796568786152456, "NDVI": 0.2755987292069009, "NDVI_prev": 0.26817846866641176, "impervious_pct": 72.78177739476853}, "geometry": {"type": "Polygon", "coordinates": [[[72.94843974885507, 19.14846542800068], [72.93893624546071, 19.148359057737068], [72.93882402866575, 19.15739071551544], [72.9467396433947, 19.157479387317096], [72.9467499012843, 19.15745749448327], [72.94679699354418, 19.15737446383487], [72.94684432565262, 19.157309588501402], [72.94689618788829, 19.157247920018253], [72.94695234034126, 19.157189743525343], [72.9470125234557, 19.157135328008938], [72.94708204644236, 19.1570808412388], [72.94715560683967, 19.157031372966884], [72.94723280441524, 19.156987192377272], [72.94731321902897, 19.156948539887953], [72.94739641319686, 19.156915625806636], [72.9476741008033, 19.156838420287514], [72.94833812972216, 19.15668222278308], [72.94843974885507, 19.14846542800068]]]}}, {"type": "Feature", "properties": {"grid_id": "cell_0209", "ward_id": "S", "ward_gid": 12, "area_m2": 987905.1779470785, "LST_C": 29.220613259484963, "NDVI": 0.610214911173169, "NDVI_prev": 0.5799878151439505, "impervious_pct": 0}, "geometry": {"type": "Polygon", "coordinates": [[[72.95816549483732, 19.130507748010167], [72.94866296083957, 19.130401976017332], [72.94855138626252, 19.139433706753735], [72.95683059951172, 19.139525931409832], [72.95684203306911, 19.13947837363318], [72.95689197445002, 19.139354043523372], [72.95726477419103, 19.138845500186235], [72.95764946106881, 19.13849483787085], [72.95797955459807, 19.138084411886478], [72.95807419555207, 19.13793298866662], [72.95816549483732, 19.130507748010167]]]}}, {"type": "Feature", "properties": {"grid_id": "cell_0210", "ward_id": "P/N", "ward_gid": 21, "area_m2": 986785.0950751477, "LST_C": 32.53689406616201, "NDVI": 0.40607087295078703, "NDVI_prev": 0.3641575447149087, "impervious_pct": 15.030934767989265}, "geometry": {"type": "Polygon", "coordinates": [[[72.79579094341183, 19.191858608647156], [72.80529605365292, 19.19197262833121], [72.8054157693135, 19.182941790709794], [72.79591117653139, 19.182827828759155], [72.79589331268728, 19.184169914197632], [72.7960202976451, 19.18489012527526], [72.79622639556023, 19.186831940728275], [72.79621700971508, 19.187537042031654], [72.7960174005171, 19.188592464133208], [72.79582802525127, 19.189073912235656], [72.79579094341183, 19.191858608647156]]]}}, {"type": "Feature", "properties": {"grid_id": "cell_0211", "ward_id": "P/S", "ward_gid": 20, "area_m2": 986699.481655552, "LST_C": 32.622473793428945, "NDVI": 0.44646348870110447, "NDVI_prev": 0.41287705297153376, "impervious_pct": 34.45091293103155}, "geometry": {"type": "Polygon", "coordinates": [[[72.89141968134714, 19.147819844381317], [72.88191656112919, 19.147710529401966], [72.88180124542001, 19.15674185810076], [72.88945331282456, 19.156829958753335], [72.89016370045995, 19.15651008208478], [72.8907899799962, 19.155901056434505], [72.89112204019949, 19.155585949503], [72.89132339844151, 19.15539487065236], [72.89141968134714, 19.147819844381317]]]}}, {"type": "Feature", "properties": {"grid_id": "cell_0212", "ward_id": "R/C", "ward_gid": 11, "area_m2": 986281.3828097623, "LST_C": 32.99660771218747, "NDVI": 0.29331051541969383, "NDVI_prev": 0.2872952916306083, "impervious_pct": 79.76296973895742}, "geometry": {"type": "Polygon", "coordinates": [[[72.86174408170073, 19.23780216719819], [72.86186102013019, 19.22877103626982], [72.85235343738836, 19.228659742970873], [72.85223597994553, 19.23769081763016], [72.85549339279713, 19.237729020882245], [72.855500826029, 19.23772798275986], [72.85611953457924, 19.237615876606956], [72.85692057394184, 19.237393105809044], [72.857702656551, 19.23714125409834], [72.85789922147697, 19.23710420700353], [72.85798763509159, 19.23710130712741], [72.85834696807774, 19.237184209107806], [72.85866026049199, 19.237276880543657], [72.8586336945974, 19.237479236500118], [72.85868958042394, 19.237671339272843], [72.8587173441704, 19.237766774608946], [72.86174408170073, 19.23780216719819]]]}}, {"type": "Feature", "properties": {"grid_id": "cell_0213", "ward_id": "R/C", "ward_gid": 11, "area_m2": 986142.4445881861, "LST_C": 28.335672452267847, "NDVI": 0.5274934562564504, "NDVI_prev": 0.4590513220542273, "impervious_pct": 0}, "geometry": {"type": "Polygon", "coordinates": [[[72.82371207133572, 19.237353809888454], [72.81420423498798, 19.237240487677987], [72.81408463457818, 19.246271325154776], [72.82007792710199, 19.246342847917024], [72.82029782541281, 19.24629956901196], [72.82063996796792, 19.24623018518454], [72.82106439185421, 19.246131532584126], [72.8216065764419, 19.24607317175584], [72.82208041097813, 19.246022638508983], [72.82231292241701, 19.245986515427624], [72.82252285798708, 19.245937159239325], [72.8227646958315, 19.245883862366632], [72.82312088329657, 19.24578439169964], [72.82352290309478, 19.245659539293534], [72.82360283312478, 19.245638425150855], [72.82371207133572, 19.237353809888454]]]}}, {"type": "Feature", "properties": {"grid_id": "cell_0214", "ward_id": "R/S", "ward_gid": 22, "area_m2": 985602.6667886778, "LST_C": 31.053542076805723, "NDVI": 0.5612759018953877, "NDVI_prev": 0.5340567237646358, "impervious_pct": 0}, "geometry": {"type": "Polygon", "coordinates": [[[72.89072991636782, 19.20200800633343], [72.88122369311765, 19.20189835845261], [72.88110798779212, 19.210929629867], [72.88826342025014, 19.21101224614711], [72.88943647503692, 19.210472559993683], [72.8895204577585, 19.210435119185497], [72.88952101712523, 19.21043487011355], [72.88990239249367, 19.210264844074498], [72.89023376423047, 19.21011711059561], [72.89060874436775, 19.210266164470788], [72.89060903255024, 19.210266279938086], [72.89062451302992, 19.210272425265554], [72.89072991636782, 19.20200800633343]]]}}, {"type": "Feature", "properties": {"grid_id": "cell_0215", "ward_id": "F/S", "ward_gid": 6, "area_m2": 984843.4210478201, "LST_C": 32.99949613846964, "NDVI": 0.2884793414782569, "NDVI_prev": 0.2556040477533243, "impervious_pct": 59.20231744083311}, "geometry": {"type": "Polygon", "coordinates": [[[72.85526849917012, 19.00287977105201], [72.84577386285532, 19.00276939584687], [72.84565753620618, 19.01180065262041], [72.85210933141147, 19.0118757421485], [72.85226722083019, 19.01183555709226], [72.85320213156425, 19.01159803534545], [72.85329836396296, 19.01157481731267], [72.85331064687155, 19.01157185454897], [72.85360561401421, 19.011496912051417], [72.85398760757269, 19.011400794429896], [72.8540552839937, 19.011383690123964], [72.85410215719718, 19.011371843343216], [72.85416132280035, 19.01135673575969], [72.85437620597251, 19.011303760865996], [72.85452228679671, 19.011262975133267], [72.85468118517335, 19.011225511220466], [72.85483973519044, 19.011179179380118], [72.85483175768168, 19.011116182502175], [72.85481675408555, 19.011014471427004], [72.85481183259778, 19.010981109547515], [72.85495245404267, 19.01094947594869], [72.85516558869705, 19.010905042335043], [72.85526849917012, 19.00287977105201]]]}}, {"type": "Feature", "properties": {"grid_id": "cell_0216", "ward_id": "P/S", "ward_gid": 20, "area_m2": 984308.509160919, "LST_C": 30.154579538149523, "NDVI": 0.6177919912581682, "NDVI_prev": 0.6006637650380093, "impervious_pct": 2.5774481712455755}, "geometry": {"type": "Polygon", "coordinates": [[[72.87241350579046, 19.14760072368663], [72.88191656112919, 19.147710529401966], [72.88203181195911, 19.13867919116955], [72.87870076558215, 19.138640775017233], [72.8786757282443, 19.138782765544484], [72.87837445257571, 19.13938059156759], [72.87837576710103, 19.13940224001933], [72.87837001369377, 19.139507653024094], [72.87836346040251, 19.139542010713207], [72.87834814899267, 19.139556509343393], [72.87834736087733, 19.139557256386674], [72.87833346311561, 19.139570417448546], [72.87826937628031, 19.13957382481618], [72.87819816920447, 19.13957761242972], [72.87810997590059, 19.139580739117203], [72.87807804013276, 19.139540948149605], [72.8780571884224, 19.139483423335957], [72.87799628207274, 19.13931539089692], [72.87785971556981, 19.138938619977875], [72.87780555324271, 19.138789194300603], [72.87773745707925, 19.138754634843405], [72.87748546291633, 19.13862674419671], [72.8772087252423, 19.13862354810271], [72.8771911273434, 19.13863053282248], [72.87699749652853, 19.13867360924074], [72.87655958670263, 19.138727137413262], [72.87645137303035, 19.138631041180115], [72.87644179062764, 19.138614688457395], [72.8750201631644, 19.13859825732315], [72.87419574690955, 19.13874114833954], [72.87361406938423, 19.138901305539328], [72.87276122479065, 19.1391326506703], [72.87276088175899, 19.139132743818724], [72.8727605790142, 19.139132825871666], [72.87276013832103, 19.139132945637957], [72.872612441137, 19.139173008716426], [72.87256373567736, 19.1391862207717], [72.872521220889, 19.139197753356818], [72.87241350579046, 19.14760072368663]]]}}, {"type": "Feature", "properties": {"grid_id": "cell_0217", "ward_id": "P/S", "ward_gid": 20, "area_m2": 983413.3199649008, "LST_C": 31.25281867764589, "NDVI": 0.5822304856381136, "NDVI_prev": 0.5587571443596786, "impervious_pct": 8.33482334128379}, "geometry": {"type": "Polygon", "coordinates": [[[72.88180124542001, 19.15674185810076], [72.87229767365193, 19.15663199666749], [72.87218177632747, 19.165663260104942], [72.87916155815644, 19.16574403100718], [72.87990555705974, 19.165416032812924], [72.88058252254851, 19.165117582808126], [72.88096914809965, 19.164962215914414], [72.8812757423379, 19.164839009714505], [72.88169989009874, 19.164675631777435], [72.88180124542001, 19.15674185810076]]]}}, {"type": "Feature", "properties": {"grid_id": "cell_0218", "ward_id": "F/N", "ward_gid": 8, "area_m2": 981719.699260202, "LST_C": 34.61011676607873, "NDVI": 0.2650761396040734, "NDVI_prev": 0.24777755045583902, "impervious_pct": 40.712864990663874}, "geometry": {"type": "Polygon", "coordinates": [[[72.86453252946448, 19.021052388588856], [72.87402832030841, 19.02116190210519], [72.87414317660631, 19.012130486446626], [72.86653094132403, 19.012042774525383], [72.86646614081016, 19.012159873081846], [72.86634416783275, 19.0123653244638], [72.86626460951634, 19.012503153147097], [72.86619278793717, 19.012588935820908], [72.8661383730504, 19.012626988617654], [72.86611168269589, 19.01264013470978], [72.86605489492062, 19.012656296894033], [72.86601862053314, 19.012658400720568], [72.86579508702816, 19.01264741072539], [72.86570916087238, 19.012660713636926], [72.86565511076806, 19.012670180186078], [72.86558929021874, 19.012701373934707], [72.86549298577931, 19.01276585128052], [72.86542687535812, 19.01281974567009], [72.86530968161546, 19.01292770800444], [72.86519038698746, 19.013061713592872], [72.86512011787397, 19.013164331545124], [72.86506311874632, 19.01326626184499], [72.86502462540915, 19.013303657281515], [72.86490864787294, 19.01338556571287], [72.86481712041646, 19.013491301488777], [72.86462547305567, 19.013776903548514], [72.86453252946448, 19.021052388588856]]]}}, {"type": "Feature", "properties": {"grid_id": "cell_0219", "ward_id": "P/N", "ward_gid": 21, "area_m2": 981301.973230405, "LST_C": 34.48536636303495, "NDVI": 0.2900776214303448, "NDVI_prev": 0.251478263679572, "impervious_pct": 74.13998269147562}, "geometry": {"type": "Polygon", "coordinates": [[[72.86244472849108, 19.183615237994207], [72.85293973645214, 19.183504225951708], [72.85282260833775, 19.192535348505427], [72.86045402769376, 19.192624557747152], [72.86047259691193, 19.19260302705922], [72.86056704624153, 19.192495869482773], [72.86059414634126, 19.192463488236125], [72.86064721682212, 19.19240007566311], [72.86069839493045, 19.19233892788295], [72.86071145055583, 19.192323328637876], [72.86071384725633, 19.192320639580874], [72.86072355402882, 19.19230974850557], [72.86079456346263, 19.192230072160832], [72.86089482137153, 19.19211757939083], [72.86099019389209, 19.192008151203567], [72.86104674875524, 19.191946093692255], [72.86105673621346, 19.191935134151176], [72.86109056961173, 19.19189800900016], [72.86113286797693, 19.19185332531173], [72.86121609891872, 19.191762574226388], [72.8612808045411, 19.191692022558552], [72.86130623007028, 19.191675169740204], [72.86145623997217, 19.191575738831375], [72.86146722070613, 19.191572855235847], [72.86146722185053, 19.191572854960153], [72.86152784096944, 19.19155693760461], [72.86161661440008, 19.191533632182985], [72.86171484226992, 19.191507842681297], [72.8617148434143, 19.191507842405592], [72.86185732118753, 19.191470436050693], [72.86208733041755, 19.19141004920421], [72.86211868232525, 19.191410322252338], [72.86218808676469, 19.1914109267993], [72.86231061522163, 19.19137395560695], [72.86234468468933, 19.191363675412767], [72.86244472849108, 19.183615237994207]]]}}, {"type": "Feature", "properties": {"grid_id": "cell_0220", "ward_id": "P/N", "ward_gid": 21, "area_m2": 978695.2780567356, "LST_C": 29.79763363549554, "NDVI": 0.4726338389236868, "NDVI_prev": 0.40137736603444835, "impervious_pct": 6.522085575459201}, "geometry": {"type": "Polygon", "coordinates": [[[72.7963914335789, 19.14670461321579], [72.79627147059786, 19.155735431492396], [72.80577451274625, 19.155849220279205], [72.80585719032318, 19.149598848755243], [72.80521868918083, 19.148252883641394], [72.80472927565222, 19.147073408585367], [72.80465299727655, 19.146803519722614], [72.7963914335789, 19.14670461321579]]]}}, {"type": "Feature", "properties": {"grid_id": "cell_0221", "ward_id": "T", "ward_gid": 13, "area_m2": 977111.7330464993, "LST_C": 33.291593065465314, "NDVI": 0.3776230104889819, "NDVI_prev": 0.40713139684111116, "impervious_pct": 49.657731930758594}, "geometry": {"type": "Polygon", "coordinates": [[[72.9290944148967, 19.17534697878479], [72.93859940560289, 19.17545400255935], [72.9387117487184, 19.166422363790833], [72.93278935361806, 19.166355767071483], [72.93200475457007, 19.166886352487797], [72.93163411391171, 19.16710041253218], [72.93158706647557, 19.167123067408028], [72.93149931153424, 19.16714912775492], [72.9314197366511, 19.167171416047807], [72.93134020996918, 19.167189840693727], [72.9312872323575, 19.167198904065607], [72.93122817996337, 19.167205966900504], [72.93117728354254, 19.167211189541128], [72.93098143904011, 19.16722110924669], [72.93062765805031, 19.16711401197575], [72.93030106925538, 19.16698723698678], [72.93009367396043, 19.166903999079757], [72.93004795486809, 19.16688209632211], [72.9299604884928, 19.1668336862042], [72.92982175766893, 19.1667372741221], [72.92963264821064, 19.166600308998905], [72.92960063882467, 19.166577630884156], [72.92957339387596, 19.166565235171113], [72.9295441455867, 19.16655653637538], [72.92949485778684, 19.1665541207025], [72.92920447057614, 19.166539888095986], [72.9290944148967, 19.17534697878479]]]}}, {"type": "Feature", "properties": {"grid_id": "cell_0222", "ward_id": "K/E", "ward_gid": 19, "area_m2": 976279.6394075797, "LST_C": 37.636297188243844, "NDVI": 0.24426082437627658, "NDVI_prev": 0.23579212062710808, "impervious_pct": 74.29031896120853}, "geometry": {"type": "Polygon", "coordinates": [[[72.8541074004182, 19.093192474878528], [72.85399092972621, 19.10222369292499], [72.86349127680587, 19.102334199078452], [72.86360723284233, 19.093302924851574], [72.8599413770501, 19.093260361768962], [72.859874303721, 19.09329576358789], [72.8596427418848, 19.093490097136364], [72.85947768434464, 19.09360224560926], [72.85934494375354, 19.093745878726054], [72.85905938338024, 19.093898104860525], [72.85876291635337, 19.094050203688056], [72.85848892820866, 19.094150714832487], [72.85820430045187, 19.09423036237176], [72.85799575002393, 19.094331633794585], [72.8578740317643, 19.094425213770855], [72.85708490739628, 19.09356191432337], [72.85672918392889, 19.093223006043555], [72.8541074004182, 19.093192474878528]]]}}, {"type": "Feature", "properties": {"grid_id": "cell_0223", "ward_id": "N", "ward_gid": 10, "area_m2": 973334.2297665529, "LST_C": 36.69143782296504, "NDVI": 0.34525513600232827, "NDVI_prev": 0.30747818447317715, "impervious_pct": 61.19166814442974}, "geometry": {"type": "Polygon", "coordinates": [[[72.91099398707938, 19.102879387615275], [72.9111073695952, 19.093847836217982], [72.90160721326022, 19.0937398324591], [72.90151694032868, 19.100898454785792], [72.90156076932539, 19.100942949731532], [72.90164692818641, 19.101017573461647], [72.90170809955124, 19.1010934373865], [72.90175641202603, 19.10115335645546], [72.90198585051738, 19.10139621182792], [72.90239734158624, 19.1016315322219], [72.90302596122923, 19.102116005843676], [72.90330454477197, 19.102211864440374], [72.90348276682971, 19.102273188578735], [72.90359694411679, 19.102312475502213], [72.90364205007022, 19.102327995821483], [72.90365964860798, 19.102364436112882], [72.90366574759686, 19.102377064735713], [72.90373071612701, 19.102511588904342], [72.90381042346151, 19.102652900666186], [72.90388892341403, 19.10279207009342], [72.90389659394936, 19.10279870963512], [72.91099398707938, 19.102879387615275]]]}}, {"type": "Feature", "properties": {"grid_id": "cell_0224", "ward_id": "P/N", "ward_gid": 21, "area_m2": 972500.104715547, "LST_C": 33.59334059201334, "NDVI": 0.41169360683958556, "NDVI_prev": 0.3597687647275933, "impervious_pct": 39.97311791274924}, "geometry": {"type": "Polygon", "coordinates": [[[72.87194978605555, 19.18372575833384], [72.88145490885486, 19.183835786956042], [72.88157041929908, 19.174804486881737], [72.87413088857528, 19.17471844976511], [72.87412694643415, 19.174768490721416], [72.87408337687923, 19.175321564005046], [72.87405960706663, 19.175623298385418], [72.87405856783938, 19.175636486373687], [72.8740326555078, 19.175965404131773], [72.87384116316456, 19.17594707638636], [72.87378629550437, 19.175941826322052], [72.87358022837002, 19.175922101565085], [72.87342817820384, 19.175907547536447], [72.87342813080113, 19.17590754351856], [72.87308146165326, 19.17587436214995], [72.87225107433102, 19.17579487897067], [72.87223076821344, 19.175792934678938], [72.87209370523213, 19.175779814737044], [72.87205192536477, 19.17577581535766], [72.87194978605555, 19.18372575833384]]]}}, {"type": "Feature", "properties": {"grid_id": "cell_0225", "ward_id": "M/W", "ward_gid": 17, "area_m2": 971486.6206631109, "LST_C": 33.06762747563409, "NDVI": 0.3857306622407376, "NDVI_prev": 0.33307174354864705, "impervious_pct": 46.062118596263396}, "geometry": {"type": "Polygon", "coordinates": [[[72.88352417609514, 19.02127092838229], [72.89302009653524, 19.021379467405833], [72.8931339286552, 19.01234794073475], [72.88449640109533, 19.01224927829743], [72.88438859083453, 19.013453346983596], [72.88438724607988, 19.013468883340128], [72.88437275712158, 19.013656411575578], [72.88436268671343, 19.013771537497213], [72.88435813975143, 19.013836446540367], [72.88432526592251, 19.01421900978545], [72.88429634393609, 19.014519438855388], [72.88404801886058, 19.01536085497644], [72.88395037560127, 19.01561795171113], [72.88386428456006, 19.01579661079286], [72.88374986130863, 19.01596406898875], [72.88358896672044, 19.01615407273332], [72.88352417609514, 19.02127092838229]]]}}, {"type": "Feature", "properties": {"grid_id": "cell_0226", "ward_id": "P/N", "ward_gid": 21, "area_m2": 971284.6712125533, "LST_C": 31.351105741324513, "NDVI": 0.4136226465743739, "NDVI_prev": 0.3214420139157411, "impervious_pct": 14.346709294858659}, "geometry": {"type": "Polygon", "coordinates": [[[72.79567064271541, 19.200889378928075], [72.80517627070617, 19.201003456351632], [72.80529605365292, 19.19197262833121], [72.79579094341183, 19.191858608647156], [72.79578938875538, 19.191975346511523], [72.79594345185058, 19.192404137282942], [72.79623555572415, 19.193112862123055], [72.79655349411107, 19.193623555831067], [72.79652238101582, 19.1942182060158], [72.79655996348785, 19.194879795570788], [72.79643285335759, 19.19571570896271], [72.79640267525629, 19.196165982768836], [72.7957344825239, 19.196097665238963], [72.79567064271541, 19.200889378928075]]]}}, {"type": "Feature", "properties": {"grid_id": "cell_0227", "ward_id": "R/N", "ward_gid": 15, "area_m2": 968325.2692751586, "LST_C": 33.67549553940694, "NDVI": 0.31092609756692025, "NDVI_prev": 0.27709183678472005, "impervious_pct": 73.93213477142513}, "geometry": {"type": "Polygon", "coordinates": [[[72.86162707764716, 19.246833288541787], [72.87113576434746, 19.246944200938234], [72.87124954673527, 19.2381225965761], [72.87063297618292, 19.238017639059617], [72.8702780446342, 19.23796251986188], [72.87009289809248, 19.237991459692644], [72.86987833833675, 19.238013979170265], [72.86956324983356, 19.237988757857405], [72.8691009746847, 19.23798639844619], [72.8688256435159, 19.238007905278966], [72.86863943709936, 19.238035745448602], [72.86819416248798, 19.238121618128638], [72.8679916173284, 19.238165299202464], [72.86795211209787, 19.238176801230587], [72.86766953776691, 19.23827760888735], [72.86733225782683, 19.238403973565497], [72.86715950889665, 19.238446316007735], [72.86705558785992, 19.238462619654182], [72.86487068085665, 19.238491701825087], [72.86435267345006, 19.238495977765982], [72.86431066102749, 19.238224947772327], [72.864284792069, 19.238058061608687], [72.86424970260641, 19.237831428337188], [72.86232463528212, 19.23780895007157], [72.86232397919866, 19.237810410724258], [72.86232395229823, 19.237810302598152], [72.86232361271283, 19.237808938126047], [72.86231254913014, 19.237808808882292], [72.86223318791559, 19.237860240612374], [72.86191460352767, 19.238066705354342], [72.8618854368639, 19.238085607349294], [72.86173949483968, 19.23815630608456], [72.86162707764716, 19.246833288541787]]]}}, {"type": "Feature", "properties": {"grid_id": "cell_0228", "ward_id": "M/W", "ward_gid": 17, "area_m2": 967563.9084857045, "LST_C": 33.95001756663013, "NDVI": 0.2832701804717277, "NDVI_prev": 0.26335587812083827, "impervious_pct": 76.56994800871684}, "geometry": {"type": "Polygon", "coordinates": [[[72.89256412425554, 19.057505479324472], [72.89267821392743, 19.04847399056755], [72.88318075545966, 19.048365285363403], [72.883100386622, 19.054699391674458], [72.8840116574644, 19.05589852394404], [72.88509822217712, 19.057420028920557], [72.89256412425554, 19.057505479324472]]]}}, {"type": "Feature", "properties": {"grid_id": "cell_0229", "ward_id": "B", "ward_gid": 2, "area_m2": 966986.2914082689, "LST_C": 36.20857737273645, "NDVI": 0.1622042731047325, "NDVI_prev": 0.1286158531758162, "impervious_pct": 71.06710973501805}, "geometry": {"type": "Polygon", "coordinates": [[[72.84647044197771, 18.94858165597409], [72.84411526755306, 18.948554276857017], [72.84230550202437, 18.948935515577674], [72.84230549822729, 18.948935515569616], [72.84207331571115, 18.94893566857698], [72.84203355984337, 18.948935694374306], [72.84182078967129, 18.948935833750358], [72.84174207726296, 18.948935884599745], [72.84168835144983, 18.94893592017337], [72.84163391270842, 18.948935956461963], [72.84163321971066, 18.94893595742461], [72.84157947398036, 18.948935991831398], [72.84150367087838, 18.948991194539587], [72.84137756589088, 18.94899515271693], [72.84135278958591, 18.948992325083825], [72.84124619023915, 18.948980160362634], [72.84096878649683, 18.94893639160987], [72.84083049933672, 18.948914572919715], [72.84070090306439, 18.948894125295443], [72.84066545245484, 18.948888531169526], [72.84065147596793, 18.94888528730686], [72.84059164031676, 18.948871398026174], [72.84054906348473, 18.948861516161077], [72.84042772265047, 18.948833351340287], [72.8404167086157, 18.94883079503726], [72.84030270105343, 18.94880433242388], [72.84025394816601, 18.94880846402114], [72.8402166458057, 18.948811625246428], [72.84021007713841, 18.94881963020287], [72.84013630966099, 18.94882588109025], [72.8392274260954, 18.94890289325364], [72.83886541838181, 18.948943899882455], [72.83870825562505, 18.94896111530454], [72.83842083400627, 18.948992596921386], [72.83841970369721, 18.948992721035165], [72.8380325546602, 18.94903512640521], [72.83794861329511, 18.94904441463271], [72.83794774568825, 18.94904451113317], [72.83778137126646, 18.949062921667974], [72.83776109771298, 18.949065165515762], [72.83771365690497, 18.94905402944255], [72.83765060565969, 18.949039230064564], [72.83754113483656, 18.949013534990538], [72.83724884827109, 18.948944927138623], [72.8372415924253, 18.948942863424683], [72.83723854404626, 18.948941995046166], [72.83715643424466, 18.94891627217011], [72.83709432221688, 18.94890012777475], [72.83705322168264, 18.948889445801214], [72.8369738120689, 18.948868632680067], [72.8368624935141, 18.957502390752477], [72.84635450975354, 18.957612969651088], [72.84642374376668, 18.952220141176355], [72.84639853770096, 18.95220992055382], [72.84637442088525, 18.95220647524578], [72.84632849957904, 18.952005914198303], [72.84634454294388, 18.951982326676866], [72.8464245947068, 18.95199557660379], [72.84642662210257, 18.951995900063682], [72.84643198431701, 18.95157814020509], [72.84639633985317, 18.95143234088851], [72.84637582837172, 18.951325965136768], [72.84623545217549, 18.950771128441573], [72.84618545212784, 18.950569723083994], [72.8464462900744, 18.95046355236366], [72.84647044197771, 18.94858165597409]]]}}, {"type": "Feature", "properties": {"grid_id": "cell_0230", "ward_id": "P/S", "ward_gid": 20, "area_m2": 964843.6188184404, "LST_C": 34.698956772730725, "NDVI": 0.2677354794735148, "NDVI_prev": 0.24751944647231636, "impervious_pct": 70.75302023116437}, "geometry": {"type": "Polygon", "coordinates": [[[72.84378735062506, 19.156299466603024], [72.85329072596399, 19.156410800904073], [72.85340759091234, 19.14737964010586], [72.84596841735645, 19.14729256966099], [72.84595369186961, 19.147302126328036], [72.84593557311736, 19.147324307724432], [72.84587714003436, 19.147369681102465], [72.84580648228808, 19.14742283081068], [72.84565972548293, 19.147532421897832], [72.84561121529069, 19.147561209552123], [72.84556007873837, 19.147591557918297], [72.84550023564847, 19.14762707462466], [72.84549100904222, 19.147632551212094], [72.84547761939898, 19.147687300907247], [72.84544891208748, 19.147816968915343], [72.8454016439657, 19.14803079084464], [72.84539627111837, 19.148055094787036], [72.8453693497403, 19.14813878122911], [72.84532654354255, 19.148251392178146], [72.84528615930228, 19.14835958753178], [72.84524839450283, 19.148460968772415], [72.84522900972448, 19.148488829744423], [72.84519375395172, 19.148539498569978], [72.8450879720317, 19.148699058694127], [72.845071595482, 19.148723761042287], [72.84499097816561, 19.148821917140285], [72.8449452233788, 19.148867343127787], [72.84490648201948, 19.148905804229088], [72.84488255019988, 19.148933814139365], [72.84488188234475, 19.14893459574409], [72.84488101759165, 19.14893560898046], [72.8448394213816, 19.148984291158417], [72.84481531393429, 19.149012503131623], [72.8446818942166, 19.149176983879485], [72.84453171205296, 19.149361234138006], [72.84445063911828, 19.149454466403217], [72.84441165658595, 19.149507081162806], [72.84415221945788, 19.14974517605694], [72.84388347931694, 19.149951552144863], [72.84386978440085, 19.149957695250134], [72.84378735062506, 19.156299466603024]]]}}, {"type": "Feature", "properties": {"grid_id": "cell_0231", "ward_id": "P/N", "ward_gid": 21, "area_m2": 963557.391848955, "LST_C": 36.55453233950938, "NDVI": 0.34841921475713494, "NDVI_prev": 0.2725041945446282, "impervious_pct": 59.912889286759615}, "geometry": {"type": "Polygon", "coordinates": [[[72.87183369307546, 19.192756993117396], [72.87194978605555, 19.18372575833384], [72.86244472849108, 19.183615237994207], [72.86234468468933, 19.191363675412767], [72.86251126528805, 19.19131341091299], [72.86262065477358, 19.191297090365882], [72.8626673684181, 19.191290120959238], [72.86272083659239, 19.19128214463166], [72.86274906790501, 19.191277932274637], [72.86278965429474, 19.19126787151593], [72.86281636397695, 19.1912612493079], [72.86288595876958, 19.191243997681806], [72.86289158050677, 19.191242604122714], [72.8629538371248, 19.191227171147133], [72.86296309437073, 19.19122487652543], [72.86306067085873, 19.191200687912666], [72.8632097878252, 19.191163721875423], [72.86325051090196, 19.19115362676134], [72.86326860913059, 19.191148289221218], [72.863288769294, 19.19114234444017], [72.86330755278965, 19.191136805615308], [72.86331004595107, 19.191136069285765], [72.86331351753839, 19.19113504606675], [72.86336448640859, 19.19112450610686], [72.86342958452535, 19.1911110439128], [72.86342958566927, 19.191111043673214], [72.86345297088104, 19.191106208360743], [72.86347786782798, 19.191101058695413], [72.86355035258839, 19.191086070720345], [72.8636546610217, 19.191064499150535], [72.86366147305314, 19.191063090530267], [72.86370543461933, 19.191054000751127], [72.86371147553315, 19.1910527507891], [72.86374477676561, 19.19104586416418], [72.86376930114808, 19.191041388786275], [72.86378291726116, 19.191038904419614], [72.8638399999611, 19.19102617524435], [72.86404404594352, 19.190983985476], [72.86408328620705, 19.19103598673455], [72.86410142397706, 19.191060023111675], [72.86411435253422, 19.191077155465756], [72.86413471685216, 19.19110414287435], [72.86418463720074, 19.191101488234814], [72.86427003331045, 19.191096948324798], [72.86426620647003, 19.191175584293884], [72.8642620977719, 19.1912600313361], [72.86425833710973, 19.191337309579353], [72.8642540996628, 19.191424377303438], [72.86425716578962, 19.19143308657081], [72.86429267644667, 19.19153394206921], [72.86430007886709, 19.191554965291537], [72.8643158580178, 19.191599779382656], [72.86431614090681, 19.191600583900318], [72.86432296576012, 19.191619969045288], [72.86433128263333, 19.191643589260288], [72.86433695111614, 19.19169610358064], [72.86433835323766, 19.191709097870795], [72.86433911083272, 19.19171611768313], [72.86433954774346, 19.191720169351672], [72.86434751194076, 19.19179394686099], [72.86435247597838, 19.191839943763625], [72.8643548118617, 19.191861583174386], [72.86436444019742, 19.19195077787964], [72.86443127210897, 19.192025917381198], [72.86445032958638, 19.19204734457539], [72.86445639900394, 19.19205416842834], [72.86449350762645, 19.192095889609785], [72.86453210362697, 19.19213928373705], [72.86453863129464, 19.19214662275772], [72.86454348919649, 19.192152084445468], [72.864561879788, 19.19217276160506], [72.86456849642387, 19.192221305131135], [72.86457231618058, 19.19224932304656], [72.86457570004609, 19.192274147180402], [72.86457570018374, 19.19227414830204], [72.86458559951613, 19.192346774873414], [72.86459249524573, 19.192397361125735], [72.86460727156312, 19.192505766510813], [72.86463009976563, 19.192673240464558], [72.87183369307546, 19.192756993117396]]]}}, {"type": "Feature", "properties": {"grid_id": "cell_0232", "ward_id": "T", "ward_gid": 13, "area_m2": 962709.8168830991, "LST_C": 33.49887414094953, "NDVI": 0.2957512730179861, "NDVI_prev": 0.3008155720580182, "impervious_pct": 73.29269805391705}, "geometry": {"type": "Polygon", "coordinates": [[[72.95760957627648, 19.175666575389332], [72.94810445949304, 19.175560534765534], [72.94799257060676, 19.184592218015453], [72.95537060642735, 19.184674608596545], [72.9554232402295, 19.184651247983055], [72.95542329612059, 19.184651187181903], [72.95552799138183, 19.18436821503386], [72.95585570994741, 19.184216729881452], [72.95587002573771, 19.184117281997263], [72.95588765977871, 19.183798843334174], [72.95588763821682, 19.183798818704894], [72.9558872268741, 19.183798331760624], [72.9558870197546, 19.18379809007896], [72.95569149958719, 19.183568448446202], [72.95569146771416, 19.183568411959122], [72.95578659111392, 19.183330799400355], [72.95642133477483, 19.183007052915745], [72.95645756614557, 19.182898982319788], [72.95655784729664, 19.182764388090092], [72.95666373265988, 19.182706761121743], [72.95666382299599, 19.182706759418096], [72.9569960035516, 19.182695687616274], [72.95718723527634, 19.18269873773563], [72.95718732841958, 19.182698739676184], [72.95726280258425, 19.182699880036953], [72.95726472164328, 19.182699910439805], [72.95734300742032, 19.18270109291612], [72.95750381859054, 19.182590489816157], [72.95750387533418, 19.182590513933697], [72.9575241034441, 19.182598501292187], [72.95760957627648, 19.175666575389332]]]}}, {"type": "Feature", "properties": {"grid_id": "cell_0233", "ward_id": "T", "ward_gid": 13, "area_m2": 960245.2535412947, "LST_C": 30.819858877007906, "NDVI": 0.3206920865697843, "NDVI_prev": 0.30625391642936833, "impervious_pct": 5.752019737796919}, "geometry": {"type": "Polygon", "coordinates": [[[72.95783213139903, 19.15760307290871], [72.96733627676785, 19.157708514964916], [72.96744694389167, 19.14867669600799], [72.96146891344289, 19.148610461194295], [72.96146801463314, 19.148612468747135], [72.96144736739436, 19.14865991033008], [72.96138624534238, 19.148735505196612], [72.96116882506416, 19.148876104465664], [72.96022041694295, 19.149313680915434], [72.95996269569332, 19.149468132306943], [72.95894739174315, 19.149956914001844], [72.95882970849509, 19.14999069088141], [72.95827815352776, 19.150164111528692], [72.9579229763673, 19.15022386030462], [72.95783213139903, 19.15760307290871]]]}}, {"type": "Feature", "properties": {"grid_id": "cell_0234", "ward_id": "K/W", "ward_gid": 14, "area_m2": 958836.5439085506, "LST_C": 32.74719293182497, "NDVI": 0.3263770292984963, "NDVI_prev": 0.36376308890813924, "impervious_pct": 34.698886946286144}, "geometry": {"type": "Polygon", "coordinates": [[[72.82549028365769, 19.101889237833465], [72.83499043286211, 19.102001212287863], [72.83510793281602, 19.092970107348492], [72.82648365922672, 19.0928685231571], [72.82647455816515, 19.092958303076024], [72.82643680184785, 19.093325055433414], [72.82642678849528, 19.09351880702782], [72.82641647668314, 19.09373657237506], [72.82640631228983, 19.093971563431335], [72.82639343751131, 19.09427665673927], [72.82636932818504, 19.09469103465502], [72.82634902173162, 19.09502090111349], [72.82633682104817, 19.095281919470164], [72.82631062822283, 19.095681842518935], [72.82628849567382, 19.096032692316918], [72.82627095218002, 19.096292903283754], [72.82627002642536, 19.09634508092495], [72.82626882990326, 19.096390128769478], [72.82625930960864, 19.09642802581503], [72.82620993514331, 19.096559467472677], [72.82617048524467, 19.096694212021614], [72.8260555617122, 19.09696786694416], [72.82601186912989, 19.09710552759658], [72.82585335336105, 19.097602829380033], [72.82584408005556, 19.09763191634742], [72.82580995310624, 19.09774019352197], [72.82576850099763, 19.09787170595041], [72.82567230706206, 19.09818874859217], [72.8255337564727, 19.098563079999614], [72.82549028365769, 19.101889237833465]]]}}, {"type": "Feature", "properties": {"grid_id": "cell_0235", "ward_id": "A", "ward_gid": 1, "area_m2": 957619.0946153123, "LST_C": 31.799005914921658, "NDVI": 0.3256250091488404, "NDVI_prev": 0.3380328499007691, "impervious_pct": 51.45129721400906}, "geometry": {"type": "Polygon", "coordinates": [[[72.80909367223974, 18.902981084016027], [72.80897603415609, 18.912012217297907], [72.8184653047418, 18.91212396589696], [72.81853823972611, 18.906500970685986], [72.81849106039262, 18.906541122248438], [72.81843769420688, 18.90658654088238], [72.81819837829688, 18.906788102828987], [72.8178737590565, 18.907061511663716], [72.81748907757994, 18.906535707140716], [72.81746346985769, 18.906351125562892], [72.81767100568659, 18.90604628943036], [72.81770534875136, 18.905915250137074], [72.8176883633722, 18.905869643000702], [72.81765116905898, 18.905833357824147], [72.81758641991942, 18.905791969107284], [72.81757953906924, 18.905741700970225], [72.81759798142937, 18.905675001331094], [72.81745738733223, 18.905479769475512], [72.81739093383094, 18.90537622404746], [72.81737246105837, 18.905251733682224], [72.81740677311697, 18.90512308391217], [72.81748729911232, 18.90491611155404], [72.81753583803612, 18.9046585759587], [72.81760768485633, 18.90453992674298], [72.81774238956405, 18.904414846500124], [72.81781101264087, 18.904351126329786], [72.81784408437603, 18.904318056711226], [72.8175217062733, 18.90323165697015], [72.8174750897247, 18.903079765852112], [72.80909367223974, 18.902981084016027]]]}}, {"type": "Feature", "properties": {"grid_id": "cell_0236", "ward_id": "R/N", "ward_gid": 15, "area_m2": 953437.9164036558, "LST_C": 33.27578773005523, "NDVI": 0.3567411251596735, "NDVI_prev": 0.32700242009197994, "impervious_pct": 54.33632382151689}, "geometry": {"type": "Polygon", "coordinates": [[[72.85211845658746, 19.246721882698726], [72.86162707764716, 19.246833288541787], [72.86173949483968, 19.23815630608456], [72.86172719946518, 19.23816226232778], [72.86166873311902, 19.238206635287476], [72.86160465165015, 19.238264814455363], [72.86130477621768, 19.238537074385974], [72.86103772757849, 19.238779529295183], [72.86101337547187, 19.238891990901568], [72.86086773356111, 19.23896019008572], [72.86047617725363, 19.239143541855977], [72.86045975464314, 19.239148025334842], [72.8602030639005, 19.239242238123804], [72.86004362337357, 19.23930635314379], [72.8597933785483, 19.239406208756144], [72.85957700321919, 19.2393385757056], [72.85941614688339, 19.23937743004306], [72.85936523755055, 19.2393564722226], [72.85921388378303, 19.239275961392607], [72.8589375830676, 19.238763585794285], [72.85890611627458, 19.238625919296236], [72.8588727431854, 19.238417877160447], [72.85879430316557, 19.23806196005699], [72.85875676635575, 19.237903264855213], [72.85875552702502, 19.2378980245222], [72.8587173441704, 19.237766774608946], [72.85549339279713, 19.237729020882245], [72.85517157961232, 19.237773964884692], [72.85481965848795, 19.237751498623584], [72.85432769879374, 19.237789334675476], [72.85284382214718, 19.237954866585103], [72.8527340983815, 19.237968577242803], [72.85257735934192, 19.237984579408657], [72.85243049049114, 19.23799560853755], [72.85227982209348, 19.23800692288898], [72.8522363768479, 19.238009390860437], [72.85223183204236, 19.23800964906097], [72.85211845658746, 19.246721882698726]]]}}, {"type": "Feature", "properties": {"grid_id": "cell_0237", "ward_id": "S", "ward_gid": 12, "area_m2": 953366.8149550555, "LST_C": 32.05656998168831, "NDVI": 0.482986343538296, "NDVI_prev": 0.4489459509205597, "impervious_pct": 26.400757420176767}, "geometry": {"type": "Polygon", "coordinates": [[[72.90103708465737, 19.13889721970047], [72.90115123887847, 19.129865761272587], [72.89164908612395, 19.129757047466303], [72.89156666980334, 19.13624866171155], [72.89159246853771, 19.13625329779245], [72.89184047693476, 19.136345460207586], [72.89190662537263, 19.13637083525556], [72.89196781542388, 19.136406462963727], [72.89227330842418, 19.13672094868171], [72.89230266205958, 19.136733686296232], [72.89277666534592, 19.136939342994207], [72.89281998568624, 19.137379622066355], [72.89311353876035, 19.13755345726794], [72.893350340742, 19.13771693503582], [72.89377976161292, 19.137989315371474], [72.89389736497773, 19.138281792260532], [72.89396507279366, 19.138418420300344], [72.89397451810599, 19.13843630854747], [72.89400686821233, 19.138497567028466], [72.8940141785629, 19.13852387550638], [72.89401886311823, 19.13854073095716], [72.89403314394092, 19.13859212098676], [72.89404481863257, 19.138621269680893], [72.89412367133127, 19.138818136393034], [72.90103708465737, 19.13889721970047]]]}}, {"type": "Feature", "properties": {"grid_id": "cell_0238", "ward_id": "T", "ward_gid": 13, "area_m2": 952922.5646766806, "LST_C": 34.09803323859596, "NDVI": 0.3170095140126853, "NDVI_prev": 0.25369402599096386, "impervious_pct": 26.06950522002796}, "geometry": {"type": "Polygon", "coordinates": [[[72.9767302718917, 19.166845328613647], [72.96722554736331, 19.166740324435807], [72.96711475566251, 19.17577212441677], [72.96900677097268, 19.175793075305716], [72.96911665015716, 19.175754836025703], [72.96929526996047, 19.175699996852916], [72.96963762951992, 19.175643002887256], [72.96975960411288, 19.175617214506524], [72.96991476149043, 19.17559434498187], [72.97022132678373, 19.175555356897128], [72.97022133526097, 19.17555536331401], [72.97022141436342, 19.175555424710357], [72.97050022946743, 19.175768549307204], [72.97055471878137, 19.175810201718168], [72.97425187829509, 19.175851054062584], [72.97427080652767, 19.17582814921333], [72.97474641569342, 19.175190923804124], [72.97510030086697, 19.17470983969113], [72.97540529489335, 19.17429419912074], [72.97586688472241, 19.173667995595252], [72.97593789848452, 19.173553609990325], [72.97599290098812, 19.17348510103331], [72.97613241684962, 19.173348995657978], [72.97624850429192, 19.173220179832274], [72.9763087250721, 19.173169613773048], [72.9764853015932, 19.17296885247066], [72.97653460257516, 19.1729058800466], [72.97657887363873, 19.172854200391257], [72.97665805424751, 19.17276077038915], [72.9767302718917, 19.166845328613647]]]}}, {"type": "Feature", "properties": {"grid_id": "cell_0239", "ward_id": "R/S", "ward_gid": 22, "area_m2": 952678.5837967268, "LST_C": 33.06800501834919, "NDVI": 0.4107486953242968, "NDVI_prev": 0.3384422216492843, "impervious_pct": 49.9616852899379}, "geometry": {"type": "Polygon", "coordinates": [[[72.87171753484418, 19.20178821834178], [72.88122369311765, 19.20189835845261], [72.88133933346647, 19.19286707748098], [72.87977651982499, 19.192849012456623], [72.87884107632787, 19.192971346179338], [72.87883888222287, 19.192971632963335], [72.8784561501396, 19.192928594410986], [72.87841664549663, 19.19292415313118], [72.87751586975399, 19.192822857367897], [72.87729053477203, 19.192820248777842], [72.87696610975075, 19.19284222327657], [72.87680109798154, 19.192853399522285], [72.87672000359765, 19.192858891984102], [72.87670677654454, 19.192860261490715], [72.87670062832885, 19.192862570852146], [72.87656009852482, 19.19291535521512], [72.87654165508309, 19.19292228329692], [72.87651518111595, 19.192928181872265], [72.87638091599136, 19.192958096707873], [72.87628995158285, 19.192978364100508], [72.8761950318605, 19.192999512881297], [72.87610887941855, 19.19301870864973], [72.87606125723505, 19.193029318692854], [72.87601617499321, 19.19304275261494], [72.87590555155205, 19.193075715767957], [72.87582724242627, 19.193099050019832], [72.875758879356, 19.19311942058117], [72.87571709777559, 19.19313187060926], [72.87544454683389, 19.193213084325226], [72.87542686315369, 19.193218647558993], [72.87527752386775, 19.193265624242663], [72.87526390598352, 19.19326994544373], [72.87515404774673, 19.193304801543885], [72.87509708112432, 19.19332287595597], [72.87506173537146, 19.1933339274497], [72.8749535085596, 19.19336776986816], [72.87492691094974, 19.193376086637052], [72.87489475412823, 19.193386233933435], [72.87485847108613, 19.193397683806673], [72.87477081505055, 19.1934253454735], [72.87476060276296, 19.19342856843678], [72.87467621664722, 19.193453851559283], [72.87460674741003, 19.1934750551603], [72.874592771215, 19.19347932128327], [72.87456721294436, 19.1935166237028], [72.87454303125205, 19.193551915306987], [72.87442632493237, 19.19372503208708], [72.8744249826746, 19.19372702248337], [72.87434515068627, 19.193845959551517], [72.8743126607355, 19.1938934980771], [72.87431264693353, 19.19389351861977], [72.87429731031628, 19.193916262012056], [72.87429644156194, 19.193917484418314], [72.87429427245908, 19.19392131856948], [72.87428921046364, 19.19392185993337], [72.87428084222648, 19.19392296186098], [72.87426542980073, 19.193925635441587], [72.87421432741014, 19.193934501580596], [72.87417953494464, 19.193940644418422], [72.87415178275079, 19.193945141560473], [72.87405111863337, 19.19396182563295], [72.87401906429491, 19.193958488368995], [72.8739926380002, 19.19395611123714], [72.87386746600511, 19.19394441837503], [72.87385534834725, 19.19394117237835], [72.87384113433005, 19.193937613027703], [72.87378626030524, 19.193938744457597], [72.87375139850701, 19.193936075229587], [72.87374220935328, 19.193935433355577], [72.87370898769107, 19.193937804390753], [72.87359707899029, 19.193946084244732], [72.87345460267004, 19.193958252636126], [72.87341802751259, 19.193961451849816], [72.8733624023431, 19.193965448679734], [72.87323830332214, 19.193974526880282], [72.87322050038227, 19.193977333349185], [72.87321558922503, 19.193978163162978], [72.87317380593377, 19.193985225956034], [72.87315192584579, 19.193988639514945], [72.8730954307369, 19.193997453182977], [72.87309538444181, 19.193997457270605], [72.87309537712659, 19.193997458341904], [72.87309536859463, 19.193997459399107], [72.87309531373788, 19.193997466855926], [72.8730950954979, 19.193997499009335], [72.87309147725333, 19.19399780619895], [72.87309141402002, 19.193997811499155], [72.8730914054533, 19.193997812303024], [72.8729876573157, 19.194007038543447], [72.872951560488, 19.194000474943685], [72.87295155202656, 19.194000473472578], [72.87291071947783, 19.193993496294347], [72.87288815629695, 19.19398557951889], [72.87286390073443, 19.19397706848933], [72.87281493288765, 19.193959887351586], [72.87279020438488, 19.193935153223503], [72.87278347378928, 19.19392842137267], [72.87271415860303, 19.193927196299203], [72.87269950006657, 19.19392877897484], [72.87265402439174, 19.193933686483426], [72.87264894956292, 19.193934090068286], [72.87258954874207, 19.19393881286289], [72.87258572726533, 19.193938366426572], [72.87258569084938, 19.193938362282594], [72.87252496860053, 19.193931525362995], [72.8725167822524, 19.193929174682772], [72.87247602735994, 19.193911900303473], [72.87247458709336, 19.193911289319185], [72.87240470117908, 19.193881667747778], [72.87238977197822, 19.193875339053836], [72.87235600800646, 19.193872282267723], [72.87225303263101, 19.19386296053247], [72.87224535314228, 19.193862265577597], [72.87219320728086, 19.193857544442317], [72.8721792681164, 19.19385636871011], [72.87198455949348, 19.193860797350307], [72.87185145415113, 19.19386382505205], [72.87181945132747, 19.193864553023435], [72.87171753484418, 19.20178821834178]]]}}, {"type": "Feature", "properties": {"grid_id": "cell_0240", "ward_id": "S", "ward_gid": 12, "area_m2": 951592.2990798325, "LST_C": 35.148066700054855, "NDVI": 0.2674915498306677, "NDVI_prev": 0.2785405530371617, "impervious_pct": 66.17463428926202}, "geometry": {"type": "Polygon", "coordinates": [[[72.92988310437272, 19.112125687427056], [72.92977062466548, 19.121157328976725], [72.93927251708901, 19.121264027423305], [72.93936521071284, 19.113787183346883], [72.93908742376648, 19.11372981721208], [72.93869468148321, 19.113657514440874], [72.93859321872434, 19.11364413088072], [72.93817185655638, 19.11355580260879], [72.93790915171398, 19.113516730504852], [72.93750330854878, 19.113439116119903], [72.93739191021331, 19.11341881873879], [72.93718497573158, 19.11336887637053], [72.93700789383941, 19.11333559552422], [72.93657185212106, 19.113176954733557], [72.93645637993741, 19.113138922820955], [72.93633873456878, 19.113082590120552], [72.9361507979566, 19.112828398236655], [72.93593170581312, 19.112532064030983], [72.93589887683167, 19.112487660205755], [72.93585624784245, 19.112430003519254], [72.93584294411808, 19.112412008811354], [72.9356674180653, 19.112190669457735], [72.92988310437272, 19.112125687427056]]]}}, {"type": "Feature", "properties": {"grid_id": "cell_0241", "ward_id": "A", "ward_gid": 1, "area_m2": 950937.9694009196, "LST_C": 34.336769228814944, "NDVI": 0.20283310373388583, "NDVI_prev": 0.20475415303027727, "impervious_pct": 73.92796362886632}, "geometry": {"type": "Polygon", "coordinates": [[[72.83732786663059, 18.921377305538687], [72.83700563248594, 18.921373549975964], [72.834870953868, 18.92359996150073], [72.83450345701627, 18.923329833860244], [72.83438854825816, 18.9232420650141], [72.83426448980939, 18.92314612498675], [72.8343915941312, 18.92297903878458], [72.83442609326876, 18.922939660802413], [72.83464383134395, 18.922941899164396], [72.83465261165854, 18.922941989880943], [72.83491551072163, 18.922944692583528], [72.8349176441243, 18.922944713862414], [72.83492462355768, 18.922943285040283], [72.834927581293, 18.922942680039817], [72.83493107004901, 18.92294196652065], [72.8349366059182, 18.922938394573496], [72.83494102089048, 18.922935629710963], [72.83494226004007, 18.92293485291027], [72.83494321977739, 18.92293425169564], [72.83494445030449, 18.922933481117184], [72.83495041226456, 18.92292549447415], [72.83495407145213, 18.922919287489687], [72.83495672611613, 18.922903822982665], [72.83495246192376, 18.922892821163867], [72.834945401234, 18.922880075936284], [72.83473975604215, 18.92243392766532], [72.83469100872753, 18.92232816844493], [72.8346631250321, 18.922267674915858], [72.83466310842722, 18.922267637688307], [72.8349000078095, 18.92199204863877], [72.83490418376931, 18.921985216301433], [72.83490643297385, 18.921980447118898], [72.8349078528683, 18.921975880527395], [72.8349084287003, 18.921969935644157], [72.83490817800579, 18.9219647877317], [72.8349079329417, 18.921960234232156], [72.83490706673189, 18.92195608085729], [72.83490557248629, 18.921951536268057], [72.83490325045472, 18.921947591723544], [72.83489988587048, 18.92194345707237], [72.83489610769512, 18.921939525346204], [72.83489170590148, 18.92193559627991], [72.83488270064326, 18.92192873119021], [72.83450650161784, 18.921642868518045], [72.8345016853384, 18.92164076010185], [72.83449863994143, 18.921639478061184], [72.83449510587316, 18.921638480265447], [72.8344912827041, 18.921638041828956], [72.83448716831265, 18.92163788542514], [72.83448413432127, 18.92163800176859], [72.83447992564562, 18.92163831215465], [72.83447650171316, 18.921638711185274], [72.83447200417454, 18.92163948880037], [72.83447148828367, 18.921639602010934], [72.83446936379828, 18.92164006859447], [72.83446555576953, 18.921641401633014], [72.8344614644497, 18.92164394806099], [72.8344583471032, 18.92164611383849], [72.83445533199841, 18.92164837384513], [72.83444945130346, 18.921654180946348], [72.83422333631809, 18.921927674145632], [72.83422103678029, 18.921930455552364], [72.83421939033728, 18.9219305049848], [72.83420963422775, 18.92193079307345], [72.83420161995492, 18.92194086395642], [72.83420128658346, 18.921940807676382], [72.83419519186495, 18.92193979986082], [72.83418822767933, 18.921938649117774], [72.83418813109125, 18.92193863173174], [72.83411633557873, 18.921926761330568], [72.83389534393011, 18.921888834511083], [72.83377377767802, 18.92187489443959], [72.83373030316976, 18.921867472466335], [72.83372916576654, 18.921867277632973], [72.83370599247547, 18.92185947932531], [72.83369089494107, 18.921851716577475], [72.83367582988745, 18.921838194101554], [72.83366379239719, 18.921824686193037], [72.833650801499, 18.92180156908461], [72.83358996881894, 18.92166870617067], [72.83345438064056, 18.921365446170103], [72.83343943866743, 18.921331949474894], [72.82783795454957, 18.921266468489456], [72.8277212010816, 18.930297697184738], [72.8372116222728, 18.930408591048028], [72.83722731950378, 18.929189337518185], [72.83694133473942, 18.92939133118988], [72.83714639573708, 18.928920353256125], [72.83717955411592, 18.928844197088893], [72.83717976758669, 18.928843688330375], [72.8371802231222, 18.92883351927823], [72.83718029100967, 18.928832006199627], [72.83718033456071, 18.92883201483675], [72.83718515123628, 18.928833004967053], [72.83718874480297, 18.928833744182487], [72.83719664211301, 18.928806969575735], [72.8372048659771, 18.92877908595451], [72.8372050171209, 18.92877862614881], [72.83720503292167, 18.92877857846004], [72.83721275044853, 18.9287552251258], [72.83721276660683, 18.92875500220803], [72.837213258077, 18.928748161198257], [72.83721382335375, 18.92874030578045], [72.837211240559, 18.92872438635596], [72.83720795265879, 18.92871863126788], [72.83720731307383, 18.928717512796908], [72.83720158928213, 18.928710453901687], [72.83720119032223, 18.92870996148801], [72.83719447802676, 18.928703524256154], [72.83718905043426, 18.92870029503924], [72.83718600412243, 18.928698482804002], [72.83717955327792, 18.928696141307984], [72.83716202606234, 18.928689776706843], [72.8370918143644, 18.928668140061273], [72.83677035929402, 18.928454833526047], [72.83676830760103, 18.9284492716929], [72.83676817275422, 18.92844912921139], [72.83676247815384, 18.92844304887974], [72.83674964233225, 18.928436054273885], [72.83672618057525, 18.928421533515255], [72.83672101550042, 18.928418337154987], [72.83669143474641, 18.928400030819798], [72.83664148773654, 18.928370651435806], [72.8365927342969, 18.928341975148705], [72.83654037985575, 18.9283105597113], [72.83648771086563, 18.928278953616886], [72.83642419443767, 18.928240662406765], [72.83632860224965, 18.92818397065712], [72.83628513847447, 18.928157815576586], [72.83625154839305, 18.92813760169526], [72.83625151164833, 18.928137580491644], [72.83625093428839, 18.928137232324197], [72.83625152865396, 18.92813390169823], [72.83625157675951, 18.92813363037701], [72.83624326351774, 18.928128647665922], [72.83624151535105, 18.928127599362828], [72.83624141916152, 18.92812762443557], [72.83623930750423, 18.928128194154016], [72.8362369988404, 18.928126717670292], [72.8363072739082, 18.927955643630806], [72.83631606594373, 18.927964677133673], [72.83631591257605, 18.927964887937062], [72.83631579508403, 18.927965048865143], [72.83631037149468, 18.927972473014286], [72.83631063874135, 18.92797262946914], [72.83631105884598, 18.92797287413098], [72.83631124184217, 18.92797298061023], [72.8363223236521, 18.927979429664198], [72.83634716362937, 18.927993885282202], [72.8363556147312, 18.927983133410162], [72.83635918270245, 18.927978594103287], [72.83636298783416, 18.9279806866488], [72.83636417040714, 18.927981336916176], [72.83636470469257, 18.927981630601867], [72.83636696502829, 18.92798287383964], [72.83636774044466, 18.927983299973885], [72.83638276945862, 18.92799156473261], [72.83640416448897, 18.928003931854487], [72.83640572515742, 18.928004834097553], [72.83643088509717, 18.928018407949512], [72.83643367078838, 18.928018857672257], [72.83643657453614, 18.92801932669251], [72.83643844257352, 18.928019628417317], [72.83644663641128, 18.928018747005247], [72.83645451961266, 18.92801636125205], [72.83645597866581, 18.928015696267575], [72.83646303854078, 18.928012477135994], [72.8364693526631, 18.92800828548887], [72.83647472790615, 18.928002291973712], [72.83647687575268, 18.927998224876834], [72.83647853044393, 18.927995092579], [72.83647860908506, 18.9279948233842], [72.83647953251003, 18.927991669262322], [72.83647981527275, 18.92799070339426], [72.83648107958867, 18.927986385797812], [72.83648161444411, 18.927979288048437], [72.83648173573582, 18.927977676306572], [72.83648125843108, 18.927974420147844], [72.83648019407134, 18.927967160960648], [72.83647527961587, 18.927956536332754], [72.83647518830824, 18.92795633857327], [72.8364676503299, 18.927949110981945], [72.8364616793402, 18.92794459454599], [72.83645645333416, 18.927942442942665], [72.83645286866819, 18.927940967189286], [72.83644147677344, 18.927957158258423], [72.83641789793238, 18.927941485598115], [72.83640793099244, 18.927933219612143], [72.8363904889217, 18.927918754461636], [72.83638993250354, 18.927918292583158], [72.83639071140551, 18.9279136837506], [72.83639089622376, 18.927912587393106], [72.83638933748246, 18.927907478855143], [72.83638655822098, 18.92790414786868], [72.83638189495521, 18.927898559296953], [72.8363818053753, 18.92789845145037], [72.83638197190481, 18.927898356598792], [72.83638201175863, 18.92789833390391], [72.83638192864214, 18.927898302006827], [72.83638178358738, 18.927898209302327], [72.83638190234986, 18.927898117759636], [72.83640004195192, 18.927884135175013], [72.83646436285017, 18.927775116556884], [72.83646486688205, 18.927775268221588], [72.8364660135989, 18.927775612983798], [72.83646618002422, 18.927775767973586], [72.83646632990734, 18.92777578056067], [72.83647302310595, 18.92777633973018], [72.83648034168588, 18.927776357152812], [72.8364840763126, 18.92777581076582], [72.83648422146842, 18.92777578947958], [72.83648443813784, 18.92777575764619], [72.83648693073071, 18.927775392855242], [72.83650148295662, 18.927782188467187], [72.83650239052776, 18.92778261223987], [72.83650373195911, 18.927783238489386], [72.83651443289774, 18.927788235700422], [72.83651687256585, 18.927789374514724], [72.83651967000358, 18.92779068081122], [72.83652256830199, 18.927792457258317], [72.8365238029636, 18.92779321377775], [72.83652396750354, 18.92779331469423], [72.83652502179874, 18.927793961007726], [72.83654435899703, 18.927805810282493], [72.83654423321161, 18.9278060255989], [72.83654419748717, 18.927806087326832], [72.83654414530064, 18.927806177333665], [72.8365440988719, 18.92780625656847], [72.83653980002394, 18.927813631047048], [72.83653655945896, 18.927819189805795], [72.83653722053072, 18.927819579631507], [72.83653732438705, 18.927819640241246], [72.83661632856867, 18.927865984852904], [72.83664635996767, 18.92788502252636], [72.8366465275578, 18.927885128355946], [72.83665080285911, 18.927887838321343], [72.83665090051626, 18.927887846686232], [72.83665111764662, 18.927887864573663], [72.8366560719021, 18.92788826648834], [72.83666104897527, 18.927888002060442], [72.83666632181031, 18.92788717744476], [72.8366701404848, 18.927885617777616], [72.83667379504213, 18.927884124844685], [72.83668244505097, 18.92787953957913], [72.83669053135749, 18.927868532761757], [72.83669819109666, 18.927855934296982], [72.83669919218194, 18.92785428808415], [72.83671509846265, 18.927828127745993], [72.83670832018491, 18.927823855576857], [72.83686484055654, 18.927302004566457], [72.83710571425043, 18.92741361295685], [72.83717490361296, 18.927418296054217], [72.83724989051404, 18.927436011904096], [72.83732786663059, 18.921377305538687]]]}}, {"type": "Feature", "properties": {"grid_id": "cell_0242", "ward_id": "T", "ward_gid": 13, "area_m2": 950323.8629138946, "LST_C": 29.033124715982947, "NDVI": 0.6321816126817088, "NDVI_prev": 0.623658104242794, "impervious_pct": 0.1019346640694272}, "geometry": {"type": "Polygon", "coordinates": [[[72.93848699930336, 19.184485631817054], [72.92898149119979, 19.184378553801217], [72.92886850401231, 19.193410119297212], [72.93572785021725, 19.193487473161284], [72.93702278146954, 19.191829023616055], [72.93841175708191, 19.19052835856978], [72.93848699930336, 19.184485631817054]]]}}, {"type": "Feature", "properties": {"grid_id": "cell_0243", "ward_id": "E", "ward_gid": 5, "area_m2": 950163.7268779943, "LST_C": 33.738254057494665, "NDVI": 0.2703222061751575, "NDVI_prev": 0.25717461237057504, "impervious_pct": 73.48819646453346}, "geometry": {"type": "Polygon", "coordinates": [[[72.83651277088461, 18.9845961051381], [72.83662941110732, 18.97556487649605], [72.82713644003441, 18.975453698473974], [72.82705896973802, 18.981426454627105], [72.82709838818674, 18.981471085220626], [72.82745257256717, 18.981872096290772], [72.8277876591076, 18.982253616269844], [72.82840422788695, 18.982943288436132], [72.8285236593877, 18.98308279304079], [72.82887819859437, 18.983468663945345], [72.82903822196137, 18.983646942528125], [72.8293960189763, 18.98403408379023], [72.8295803027976, 18.984242332047817], [72.82976710919708, 18.9844358315768], [72.82984509273673, 18.984518031033904], [72.83651277088461, 18.9845961051381]]]}}, {"type": "Feature", "properties": {"grid_id": "cell_0244", "ward_id": "P/N", "ward_gid": 21, "area_m2": 949747.281764581, "LST_C": 29.23695273844834, "NDVI": 0.38455663573649485, "NDVI_prev": 0.215635761444446, "impervious_pct": 0}, "geometry": {"type": "Polygon", "coordinates": [[[72.80505642045634, 19.210034274767086], [72.79555027442515, 19.209920139597944], [72.79542983852416, 19.21895089065281], [72.80493650288659, 19.219065083573614], [72.80496291602017, 19.217076387049712], [72.8045508503108, 19.21701676362341], [72.80439433497529, 19.216776471477512], [72.80420440652206, 19.21631225961006], [72.8041455175029, 19.215941908050816], [72.80412332113225, 19.21580231533613], [72.8037343027852, 19.21452956547353], [72.80371059486723, 19.21445199981466], [72.80370082998873, 19.214420051854212], [72.80360612465398, 19.214143764868712], [72.80338593559013, 19.213501396860586], [72.80423845214631, 19.21304737495551], [72.80501923335822, 19.2128353217194], [72.80505642045634, 19.210034274767086]]]}}, {"type": "Feature", "properties": {"grid_id": "cell_0245", "ward_id": "M/E", "ward_gid": 16, "area_m2": 948604.0929754169, "LST_C": 37.736309246480396, "NDVI": 0.2704777813825614, "NDVI_prev": 0.21941005389930365, "impervious_pct": 18.961419866511253}, "geometry": {"type": "Polygon", "coordinates": [[[72.93044455276832, 19.066967337421335], [72.92094581146333, 19.066860475530454], [72.92086682233563, 19.073192393932676], [72.9209073771948, 19.073356062269507], [72.92097458665658, 19.073642389269786], [72.92098656015794, 19.073693397634262], [72.92100560037916, 19.07377301342089], [72.9215189518109, 19.074558031839302], [72.92221689068987, 19.07506187170735], [72.92312439246662, 19.075493675749346], [72.92443673847517, 19.075880440031927], [72.9250165054714, 19.075939255191948], [72.92716886303259, 19.075963474519682], [72.92810205846052, 19.075822484236877], [72.92914952934264, 19.07548707537969], [72.92992532607693, 19.074975017669175], [72.93034811532658, 19.07473306346812], [72.93044455276832, 19.066967337421335]]]}}, {"type": "Feature", "properties": {"grid_id": "cell_0246", "ward_id": "D", "ward_gid": 4, "area_m2": 948142.641022155, "LST_C": 31.9394849322431, "NDVI": 0.3048974139748073, "NDVI_prev": 0.27140011732199865, "impervious_pct": 39.56566070658978}, "geometry": {"type": "Polygon", "coordinates": [[[72.80826880291653, 18.966198817817332], [72.80838684186497, 18.957167741461628], [72.79889509130105, 18.95705522088187], [72.79883567923966, 18.96158184398796], [72.79895431413478, 18.96174257084088], [72.79904062189526, 18.961859500551604], [72.79912663429778, 18.962013228087734], [72.79919160078397, 18.96211339542736], [72.79925979925302, 18.962233779451036], [72.79932637342465, 18.962355807860426], [72.799405789315, 18.962510356419642], [72.79946868733023, 18.96266612385182], [72.79957201906876, 18.96294291307384], [72.79963884791376, 18.963136587645742], [72.7996719985024, 18.96323266104498], [72.79975893248223, 18.96348626534852], [72.79982960478345, 18.963708229152225], [72.79990503678866, 18.96401068984914], [72.79996550546879, 18.964236201974277], [72.79997843970479, 18.964284438851255], [72.80005624142571, 18.964581089102474], [72.80014010069846, 18.964903698667552], [72.80023020809733, 18.965290073637473], [72.80029736664098, 18.96560821282924], [72.80034769432129, 18.965902596685655], [72.80038562148658, 18.96610535756742], [72.80826880291653, 18.966198817817332]]]}}, {"type": "Feature", "properties": {"grid_id": "cell_0247", "ward_id": "K/E", "ward_gid": 19, "area_m2": 946690.5985305022, "LST_C": 33.101396224654415, "NDVI": 0.44339204278835287, "NDVI_prev": 0.47017239609466005, "impervious_pct": 27.01616153827281}, "geometry": {"type": "Polygon", "coordinates": [[[72.88214699792601, 19.129647843407458], [72.8726449745749, 19.12953814911043], [72.87252927275937, 19.138569441166293], [72.8750201631644, 19.13859825732315], [72.87538300345986, 19.138535367164735], [72.87532819095998, 19.138524287465753], [72.87506927376715, 19.138471951969564], [72.8748942405488, 19.13846923221903], [72.87484491391045, 19.138468465324852], [72.87479892129292, 19.138500231340295], [72.87468860916614, 19.138576419663206], [72.8744534600897, 19.13838898018352], [72.87438023980232, 19.138167717421478], [72.87472032493436, 19.13758295464223], [72.87490917674378, 19.137635368373356], [72.87527673847524, 19.13774231524633], [72.87556649262899, 19.137839350848452], [72.87567863328043, 19.13777049934592], [72.87576253682181, 19.13772729496733], [72.87595788248133, 19.13781026304199], [72.87611701397938, 19.137922458026612], [72.8762700593127, 19.138124540192106], [72.87629427836792, 19.13826758958508], [72.87634898035746, 19.138456304143208], [72.87644179062764, 19.138614688457395], [72.8772087252423, 19.13862354810271], [72.87736048240748, 19.138563314605413], [72.87748546291633, 19.13862674419671], [72.87870076558215, 19.138640775017233], [72.87876070053818, 19.13830087350622], [72.8788300889914, 19.13796464784994], [72.87907602550888, 19.137914924874483], [72.87915370871916, 19.137899218527846], [72.87985341183118, 19.137794916073037], [72.88111228770745, 19.13760725274646], [72.88112576641855, 19.137605831099233], [72.88120322307408, 19.137597657234657], [72.8812889173227, 19.137582471245278], [72.88131624938971, 19.13757762857914], [72.88204760464279, 19.137441240790128], [72.88214699792601, 19.129647843407458]]]}}, {"type": "Feature", "properties": {"grid_id": "cell_0248", "ward_id": "R/S", "ward_gid": 22, "area_m2": 946114.4863943222, "LST_C": 36.27373375262488, "NDVI": 0.26385763002976886, "NDVI_prev": 0.24122576376800892, "impervious_pct": 89.05879630278986}, "geometry": {"type": "Polygon", "coordinates": [[[72.82406891418766, 19.210261068006677], [72.83357526130612, 19.210373726047273], [72.83369355733382, 19.201342735889273], [72.82767557660723, 19.20127150731242], [72.82742633683574, 19.201593459227624], [72.82742596424893, 19.20159393807858], [72.82739615413927, 19.20161330618785], [72.82672431097875, 19.202049813894], [72.82617730557587, 19.202405204817474], [72.82597970530466, 19.20253358470828], [72.82537622319782, 19.20293387459419], [72.82519246658568, 19.203055759064593], [72.82459180989345, 19.20345416779181], [72.82415462118145, 19.203747082499326], [72.82406891418766, 19.210261068006677]]]}}, {"type": "Feature", "properties": {"grid_id": "cell_0249", "ward_id": "L", "ward_gid": 24, "area_m2": 943820.0211076085, "LST_C": 32.74247652754309, "NDVI": 0.3411828805311563, "NDVI_prev": 0.3070296244992709, "impervious_pct": 43.59036568213788}, "geometry": {"type": "Polygon", "coordinates": [[[72.90137935453782, 19.111802815878363], [72.89187823267444, 19.111694212471594], [72.89176369166944, 19.12072563472694], [72.89661369484186, 19.120781159598288], [72.89661725130162, 19.120779945611343], [72.89695896094662, 19.120707812634056], [72.89713916193934, 19.12062993642526], [72.89726422824526, 19.120575887244076], [72.8976996151931, 19.120392189017622], [72.89785592932475, 19.120326236695206], [72.89804157819596, 19.120240232542407], [72.89819446918764, 19.120169403674968], [72.89833954473194, 19.120101472182505], [72.89866235069964, 19.119923588072588], [72.89870167847073, 19.119904060187277], [72.89872771583131, 19.119891131524284], [72.89893936527139, 19.119778508787395], [72.89907896092421, 19.119708832269705], [72.8992141031505, 19.119635541204605], [72.89941845889983, 19.11953338801129], [72.89956414026189, 19.11946004025888], [72.89963107283805, 19.11942692004001], [72.89965895647897, 19.119413122404726], [72.89974885965927, 19.119368577892097], [72.89978715705242, 19.119351286062592], [72.89992588574282, 19.11929390717185], [72.90006459443529, 19.119232315778326], [72.90020866173454, 19.11917335128768], [72.90067785627552, 19.118959300318803], [72.90070843761818, 19.118943283666084], [72.90085952566058, 19.118864367627864], [72.9009562596963, 19.118813841557525], [72.90129297791911, 19.11864479828298], [72.90137935453782, 19.111802815878363]]]}}, {"type": "Feature", "properties": {"grid_id": "cell_0250", "ward_id": "T", "ward_gid": 13, "area_m2": 942976.4103251387, "LST_C": 32.42203407577804, "NDVI": 0.4422573497374929, "NDVI_prev": 0.4514508969709704, "impervious_pct": 15.827082483076953}, "geometry": {"type": "Polygon", "coordinates": [[[72.919816178542, 19.15717639384097], [72.91970286497829, 19.166207933407616], [72.92873568122283, 19.166310073814515], [72.92875532218598, 19.166155761578544], [72.92876449704953, 19.166075373496746], [72.92877314852284, 19.16599957658343], [72.92877316345066, 19.165999453037806], [72.9287732071909, 19.16599906851466], [72.92877321266384, 19.16599902001576], [72.92877442735757, 19.16598837465653], [72.928828041222, 19.165558277725037], [72.92888401022375, 19.165473389292593], [72.9290182113881, 19.1652698453937], [72.92872683031759, 19.165313802976012], [72.92864976031966, 19.16532575920011], [72.92869199920624, 19.165222899709942], [72.92869199959904, 19.16522289870271], [72.92871166073292, 19.165178931887752], [72.92875681160358, 19.165077964156435], [72.92885946558896, 19.164830436209556], [72.92886380511698, 19.164731046798888], [72.92887568728996, 19.164425081000374], [72.92887809281069, 19.164211985773516], [72.92884083608223, 19.163966905259517], [72.92882909473975, 19.16388967233404], [72.92881909899374, 19.16385639494382], [72.92880492944197, 19.163809227207544], [72.92873444340309, 19.16355223517695], [72.9286618457804, 19.163264645671074], [72.92866184552783, 19.163264644584295], [72.92865702266154, 19.163245543985294], [72.92865694780073, 19.163228826709105], [72.92865692756129, 19.163224037474002], [72.92866335242572, 19.163211718895536], [72.92866977850566, 19.163199400330466], [72.92873699976292, 19.163124305780727], [72.92898114364613, 19.162834045966147], [72.92888361698101, 19.162210013313523], [72.92886181358503, 19.162070501917807], [72.92874903771215, 19.161348914191205], [72.92869627821588, 19.16104188496425], [72.92867961498463, 19.160944917871536], [72.92865958769154, 19.16082836599949], [72.92863666571918, 19.160694978320922], [72.92860373951727, 19.16048177121113], [72.92863139624617, 19.160213048942357], [72.92863057471739, 19.16020050523837], [72.92860729783045, 19.16006524281127], [72.92858534790521, 19.15993771303136], [72.92855321776788, 19.159741531945247], [72.92852665266419, 19.159579355238318], [72.92851818771258, 19.15951325768716], [72.92850989310243, 19.159468684844928], [72.92850309025026, 19.15939595669867], [72.92849270607168, 19.159264255139718], [72.92849405155609, 19.158830748293138], [72.92850266720735, 19.158777543195722], [72.92852942925363, 19.158653077872962], [72.92855332224931, 19.158541955901075], [72.92856101758319, 19.158507099823467], [72.92858867312908, 19.158278751063776], [72.9286088005985, 19.15816440030895], [72.92861039069294, 19.158155057593817], [72.928638287551, 19.15807628423932], [72.92868656174693, 19.157865383927987], [72.92866400867561, 19.157701016337885], [72.92866400849952, 19.157701015215814], [72.9286248571991, 19.15742836430529], [72.9285629144504, 19.157336844448643], [72.92852091329966, 19.15727478761132], [72.919816178542, 19.15717639384097]]]}}, {"type": "Feature", "properties": {"grid_id": "cell_0251", "ward_id": "R/C", "ward_gid": 11, "area_m2": 941240.6074764493, "LST_C": 28.915285011829255, "NDVI": 0.6138040829566745, "NDVI_prev": 0.4286612676148131, "impervious_pct": 0}, "geometry": {"type": "Polygon", "coordinates": [[[72.83310141255461, 19.24649759073153], [72.83321997447193, 19.23746663896053], [72.82371207133572, 19.237353809888454], [72.82360283312478, 19.245638425150855], [72.82418034782386, 19.245485868892622], [72.82462302063126, 19.245383103665265], [72.82502446919354, 19.245301452469757], [72.8254761258501, 19.245207434020426], [72.8258866713274, 19.245125888991293], [72.82627390249665, 19.24508727839449], [72.82665652692411, 19.24505293419549], [72.8269664257162, 19.245013402414273], [72.82720354002076, 19.244973007401526], [72.82743684411653, 19.245222089010433], [72.82766992047041, 19.245488451029537], [72.82786655019686, 19.24575870289965], [72.82837732879779, 19.246441567134656], [72.83310141255461, 19.24649759073153]]]}}, {"type": "Feature", "properties": {"grid_id": "cell_0252", "ward_id": "R/C", "ward_gid": 11, "area_m2": 940807.1840107691, "LST_C": 27.87107326853835, "NDVI": 0.26981807674406194, "NDVI_prev": 0.1026191573593745, "impervious_pct": 1.2585824461426158}, "geometry": {"type": "Polygon", "coordinates": [[[72.80481651798003, 19.22809588276726], [72.81432376831825, 19.228209640586456], [72.81444323458581, 19.219178783884132], [72.8070531960971, 19.21909044187996], [72.80717179762442, 19.219336279260368], [72.80718046980226, 19.21966979061957], [72.80698951518004, 19.220388876476907], [72.80697772334148, 19.22040948414996], [72.80659307064494, 19.221081701639523], [72.80610348334592, 19.221395826616217], [72.80608572354097, 19.221407221177436], [72.80600183360163, 19.22146104632507], [72.8050302885733, 19.222084391453517], [72.80489521489001, 19.222173244298833], [72.80481651798003, 19.22809588276726]]]}}, {"type": "Feature", "properties": {"grid_id": "cell_0253", "ward_id": "H/W", "ward_gid": 23, "area_m2": 940062.1033707627, "LST_C": 34.82878830552707, "NDVI": 0.239426648660916, "NDVI_prev": 0.21540492285602522, "impervious_pct": 84.32588039984458}, "geometry": {"type": "Polygon", "coordinates": [[[72.82619737352255, 19.047702806656467], [72.8260796914059, 19.056733902356207], [72.83557727047756, 19.05684559223684], [72.8356742922995, 19.04936770506316], [72.8353933288733, 19.049490250368702], [72.83535740084119, 19.049488514037442], [72.83467328665645, 19.04938391906079], [72.83379565789184, 19.049425831339594], [72.83376997381772, 19.049421665299974], [72.83371830372086, 19.049394528835094], [72.83345978094233, 19.04925283842448], [72.83320399820825, 19.04910672170146], [72.83234398280234, 19.04859771775355], [72.83174022401232, 19.047871456605776], [72.83162609718748, 19.04776667826408], [72.82619737352255, 19.047702806656467]]]}}, {"type": "Feature", "properties": {"grid_id": "cell_0254", "ward_id": "N", "ward_gid": 10, "area_m2": 939557.7645492608, "LST_C": 29.4537570988097, "NDVI": 0.5880524201708576, "NDVI_prev": 0.547049472468874, "impervious_pct": 0}, "geometry": {"type": "Polygon", "coordinates": [[[72.94921989181697, 19.085243180130277], [72.93971999608281, 19.085137187534407], [72.9396082209133, 19.09416891172386], [72.94788230596978, 19.09426129717729], [72.94788177210525, 19.094186084220006], [72.94788460826267, 19.09405215451633], [72.94788688341518, 19.09363588557824], [72.9478885720689, 19.093448595941176], [72.94788859311265, 19.093446118421564], [72.94789181531829, 19.093088891623868], [72.94789191612773, 19.09278584615122], [72.94789191530208, 19.092782753239867], [72.94789191660192, 19.092776096830264], [72.94789196017032, 19.09264624420241], [72.94788620483915, 19.09264733810624], [72.94788456766624, 19.092647649569084], [72.94789815314427, 19.092402560171415], [72.94791893508453, 19.09211924105067], [72.94791990920632, 19.092087315699715], [72.9479210626635, 19.09204955250618], [72.94802948157526, 19.09174021327614], [72.94817337830887, 19.091316755848887], [72.94831347519549, 19.090897756621022], [72.9484260932697, 19.090556826081954], [72.94882281482776, 19.089264864085777], [72.94886975123626, 19.089111148898667], [72.94887102746885, 19.08910696908045], [72.94887163434109, 19.08910498586467], [72.9490632032432, 19.08847763234881], [72.94906254091428, 19.088477561743368], [72.9490565305646, 19.08847692484118], [72.9490973068913, 19.08824667827319], [72.94911525879473, 19.08795580719936], [72.94915034883688, 19.087029260191308], [72.94917084662396, 19.086528255168236], [72.94917323113249, 19.086471889474534], [72.94917636876235, 19.08639765310821], [72.94919218431467, 19.086171258446356], [72.94920151576815, 19.08604309976087], [72.94920153086562, 19.08604287681333], [72.94921177699206, 19.085902087747687], [72.94921989181697, 19.085243180130277]]]}}, {"type": "Feature", "properties": {"grid_id": "cell_0255", "ward_id": "S", "ward_gid": 12, "area_m2": 939118.3823997912, "LST_C": 29.86474097932323, "NDVI": 0.5765921993952103, "NDVI_prev": 0.5257643684130557, "impervious_pct": 7.462470366693413}, "geometry": {"type": "Polygon", "coordinates": [[[72.94855138626252, 19.139433706753735], [72.94843974885507, 19.14846542800068], [72.95794331509555, 19.148571307428966], [72.95799559516453, 19.144322689068375], [72.9573109989781, 19.143519353622768], [72.95716129292784, 19.143320502127274], [72.95701239611105, 19.143055930464207], [72.95681206214115, 19.142475287193776], [72.95672693926099, 19.14208653914564], [72.95666183368702, 19.14175716982502], [72.95665410820774, 19.141063579109655], [72.95670014429048, 19.140298450866382], [72.95678372068775, 19.139720923087246], [72.95683059951172, 19.139525931409832], [72.94855138626252, 19.139433706753735]]]}}, {"type": "Feature", "properties": {"grid_id": "cell_0256", "ward_id": "M/E", "ward_gid": 16, "area_m2": 939111.550110485, "LST_C": 34.69844494904802, "NDVI": 0.3200055163167184, "NDVI_prev": 0.2518778083057112, "impervious_pct": 10.916244803303261}, "geometry": {"type": "Polygon", "coordinates": [[[72.94005494349545, 19.05804195815208], [72.93055665252975, 19.05793563899619], [72.93044455276832, 19.066967337421335], [72.93757887091009, 19.067047277542475], [72.93773776686434, 19.066736322023317], [72.93880699765744, 19.064640504414715], [72.93894636689711, 19.06445058985973], [72.9390979319873, 19.064244067011064], [72.93937112489036, 19.063869900345264], [72.93951031357368, 19.063679266908643], [72.93987653469901, 19.06318353204347], [72.93999341321356, 19.063022834668914], [72.94005494349545, 19.05804195815208]]]}}, {"type": "Feature", "properties": {"grid_id": "cell_0257", "ward_id": "P/S", "ward_gid": 20, "area_m2": 938015.9474111012, "LST_C": 31.551031711811945, "NDVI": 0.4355577092740765, "NDVI_prev": 0.37174045516356885, "impervious_pct": 13.338710419165082}, "geometry": {"type": "Polygon", "coordinates": [[[72.83404804689886, 19.174249707909855], [72.83416607730328, 19.165218679428087], [72.8246623177317, 19.165106306319853], [72.82460792004726, 19.169250970017146], [72.82503168581253, 19.169629783440577], [72.82522638061877, 19.17018084821831], [72.82535875726668, 19.17085244770956], [72.82554586206578, 19.17185719642493], [72.82555019088555, 19.17188044199826], [72.82575514379312, 19.17266152011384], [72.82702895777228, 19.174166723676468], [72.83404804689886, 19.174249707909855]]]}}, {"type": "Feature", "properties": {"grid_id": "cell_0258", "ward_id": "K/E", "ward_gid": 19, "area_m2": 937962.5215093943, "LST_C": 32.869332305120736, "NDVI": 0.2544097430016949, "NDVI_prev": 0.25778864897767956, "impervious_pct": 84.3336871903751}, "geometry": {"type": "Polygon", "coordinates": [[[72.8538743933658, 19.111254901439956], [72.85399092972621, 19.10222369292499], [72.84449064831495, 19.10211269732326], [72.84448061931786, 19.102886689494362], [72.84463354780188, 19.103859875612397], [72.84468886317792, 19.104222957043145], [72.84495819849244, 19.105994045200667], [72.84501081528475, 19.106637405876988], [72.84515163379137, 19.10788486575099], [72.8455313685627, 19.110212597365788], [72.84568149047197, 19.11115916609949], [72.8538743933658, 19.111254901439956]]]}}, {"type": "Feature", "properties": {"grid_id": "cell_0259", "ward_id": "M/E", "ward_gid": 16, "area_m2": 935995.919950363, "LST_C": 36.2071061322121, "NDVI": 0.2169678774403234, "NDVI_prev": 0.180641844415028, "impervious_pct": 84.47639856419289}, "geometry": {"type": "Polygon", "coordinates": [[[72.92094581146333, 19.066860475530454], [72.92105842483316, 19.057828831521405], [72.91158293765882, 19.057721792493908], [72.91156008211313, 19.05773579704359], [72.91147405280182, 19.064604480858616], [72.91166682819379, 19.064813082609632], [72.91178623356875, 19.0649422905411], [72.91177295867321, 19.064946857171854], [72.91156383312787, 19.065018797409067], [72.911724578843, 19.065093493630428], [72.911738757298, 19.065100082135583], [72.91195296162554, 19.06519961949396], [72.91212490201438, 19.065237124733848], [72.91243704470236, 19.065305211719384], [72.91253596005593, 19.065311418998935], [72.91266735010902, 19.06531966441903], [72.9129705889449, 19.065315907577578], [72.91302875636364, 19.065322556532067], [72.91309054795063, 19.065336722996673], [72.91321345318035, 19.06539994128905], [72.91356825286566, 19.06550755432153], [72.91381642883347, 19.06558736309402], [72.91432244272917, 19.065774186719864], [72.91461254465858, 19.06587800027309], [72.9146747985618, 19.06590217266903], [72.91479210661784, 19.065950196610217], [72.91518475885414, 19.06609295085303], [72.91640852893693, 19.066543726194816], [72.91658227867657, 19.066619710463044], [72.9167060117459, 19.066673819063546], [72.91690054351776, 19.066758890097866], [72.9169134918778, 19.066764605162497], [72.91703061953102, 19.066816286791493], [72.92094581146333, 19.066860475530454]]]}}, {"type": "Feature", "properties": {"grid_id": "cell_0260", "ward_id": "M/E", "ward_gid": 16, "area_m2": 935361.083800805, "LST_C": 31.815515809791908, "NDVI": 0.44141224636124415, "NDVI_prev": 0.34461213958654024, "impervious_pct": 12.923368560058782}, "geometry": {"type": "Polygon", "coordinates": [[[72.94955329744056, 19.058147788975095], [72.94966430724836, 19.04911597300973], [72.94016646665332, 19.049010196099726], [72.94005494349545, 19.05804195815208], [72.94202220020298, 19.058063917514893], [72.94229518246897, 19.0567322105725], [72.94242499361218, 19.056652547510105], [72.9425147801937, 19.056597445831514], [72.94267363566584, 19.056500484012364], [72.94267602951521, 19.056499023875954], [72.94271473240742, 19.056475396077307], [72.94363039820428, 19.056435592690743], [72.9437119787589, 19.05647117173471], [72.9437754955724, 19.05649260150509], [72.94414611325726, 19.056651148246694], [72.94461335757383, 19.0568524087047], [72.94519380661572, 19.057099501664904], [72.94531080195756, 19.05714930592147], [72.94592102587559, 19.05741260670696], [72.94663443073824, 19.057722942056674], [72.94694675714273, 19.057852830473763], [72.94730707850871, 19.05800346212286], [72.94758874589662, 19.058125940021952], [72.94955329744056, 19.058147788975095]]]}}, {"type": "Feature", "properties": {"grid_id": "cell_0261", "ward_id": "R/C", "ward_gid": 11, "area_m2": 930902.0644689049, "LST_C": 31.128771057372486, "NDVI": 0.5342739248694669, "NDVI_prev": 0.5552140136652747, "impervious_pct": 0}, "geometry": {"type": "Polygon", "coordinates": [[[72.90970021198366, 19.20557666522438], [72.90961242383415, 19.205211607920692], [72.90946458284643, 19.204577413779973], [72.90934402892651, 19.204079256814065], [72.90929816557026, 19.203889734690595], [72.90929339082281, 19.2038700038778], [72.90913466207006, 19.203167540591444], [72.9089852551925, 19.20246850853722], [72.90898522486337, 19.202468500965004], [72.90880078928168, 19.202428577483918], [72.90872765620122, 19.202421759740513], [72.90863920242815, 19.20240981991694], [72.9085295459343, 19.2023808469996], [72.90786160213116, 19.202204364018463], [72.90059004376732, 19.202121215403213], [72.90031182502021, 19.2028678302271], [72.90022367289326, 19.20310438950823], [72.90012153537367, 19.21114854414313], [72.90754638557794, 19.211233495203754], [72.90745130081488, 19.21046611611312], [72.90966801041118, 19.208124389284364], [72.90970021198366, 19.20557666522438]]]}}, {"type": "Feature", "properties": {"grid_id": "cell_0262", "ward_id": "F/S", "ward_gid": 6, "area_m2": 929945.8290178676, "LST_C": 33.819136098489516, "NDVI": 0.3502018728396193, "NDVI_prev": 0.2919558543119677, "impervious_pct": 53.876238949906266}, "geometry": {"type": "Polygon", "coordinates": [[[72.8646478978272, 19.012021028809368], [72.8647396469742, 19.004834993646288], [72.86298069704158, 19.003946694669338], [72.8620495428612, 19.00350026454499], [72.8615355554795, 19.00308267077626], [72.86235557699509, 19.003074895749986], [72.86235664797682, 19.00307488616417], [72.86235556137038, 19.00302484548483], [72.8623544889373, 19.00302487355286], [72.86148199177606, 19.00303915228699], [72.86140536290915, 19.00304040613157], [72.8613973200688, 19.002970359587444], [72.86139446380975, 19.002950726706576], [72.85526849917012, 19.00287977105201], [72.85516558869705, 19.010905042335043], [72.85521410582798, 19.010894927604216], [72.85548829176209, 19.010837766809438], [72.85571129690764, 19.010787877340686], [72.85572546839843, 19.010784707320827], [72.85581505771542, 19.01076884557993], [72.8558223177025, 19.01076755972555], [72.8558403730266, 19.0107639052201], [72.85589087428238, 19.01075368538433], [72.85589993911606, 19.010751850466253], [72.8559926395167, 19.010731778074767], [72.85627615635244, 19.010670388618472], [72.85625422924825, 19.010586811895255], [72.85630454869698, 19.010530569226354], [72.85650514575588, 19.010727701154032], [72.85832119368291, 19.011947826432603], [72.8646478978272, 19.012021028809368]]]}}, {"type": "Feature", "properties": {"grid_id": "cell_0263", "ward_id": "T", "ward_gid": 13, "area_m2": 926334.6111688692, "LST_C": 29.995808135777985, "NDVI": 0.6046793377801846, "NDVI_prev": 0.6015723282038283, "impervious_pct": 0.7436089390677657}, "geometry": {"type": "Polygon", "coordinates": [[[72.90069423623574, 19.165991537860034], [72.90080858335207, 19.156960107998128], [72.89130488208356, 19.1568512285491], [72.89126150897785, 19.160262113769512], [72.89155143403784, 19.160266851012107], [72.89197067918364, 19.16140419691009], [72.8921326671576, 19.1618950317878], [72.89247551963268, 19.163176761999278], [72.89242873060466, 19.16342587640568], [72.89237175468655, 19.16372922639306], [72.89234307961391, 19.163881897533862], [72.89232041440644, 19.163970524483183], [72.89247544664309, 19.16429368943138], [72.89324904915877, 19.16590624496697], [72.90069423623574, 19.165991537860034]]]}}, {"type": "Feature", "properties": {"grid_id": "cell_0264", "ward_id": "P/N", "ward_gid": 21, "area_m2": 924710.1455664322, "LST_C": 28.90138356486793, "NDVI": 0.6445892400689409, "NDVI_prev": 0.6054689473003622, "impervious_pct": 0}, "geometry": {"type": "Polygon", "coordinates": [[[72.89096009659836, 19.183945323846352], [72.88145490885486, 19.183835786956042], [72.88134218583315, 19.19264424906649], [72.88274995535855, 19.192460123462187], [72.88278386391691, 19.192455689124927], [72.88474427495058, 19.19246295210595], [72.88557465036749, 19.192468153503274], [72.88564784968423, 19.192468629937398], [72.88585884361937, 19.192470003793616], [72.88703644224637, 19.192477662902743], [72.88708096394754, 19.19247795281116], [72.88711293788938, 19.19246767978831], [72.88714146487375, 19.192458514150008], [72.887141465943, 19.192458513801032], [72.88725453967167, 19.192422184945315], [72.8872545447119, 19.192422183341392], [72.887576025024, 19.19231889564709], [72.8876686059404, 19.192289151198178], [72.88772887450641, 19.192269786937416], [72.88782140284931, 19.19224005798732], [72.88784056614479, 19.192233901248773], [72.89086689423648, 19.191261541688444], [72.89096009659836, 19.183945323846352]]]}}, {"type": "Feature", "properties": {"grid_id": "cell_0265", "ward_id": "P/N", "ward_gid": 21, "area_m2": 924239.4188034285, "LST_C": 27.7314867723177, "NDVI": 0.6841781383009837, "NDVI_prev": 0.6626663990406242, "impervious_pct": 0}, "geometry": {"type": "Polygon", "coordinates": [[[72.89107508972533, 19.174913968285562], [72.89096009659836, 19.183945323846352], [72.90007587760823, 19.184049910614565], [72.89999187391311, 19.18326322733052], [72.9000048493453, 19.18251692942192], [72.90001763252994, 19.181301874603548], [72.90005701858848, 19.181095115829855], [72.90026532634027, 19.17992745689824], [72.90024326187873, 19.179834850229998], [72.89992470616042, 19.178497843784303], [72.89977668265585, 19.1778532790739], [72.8996825445203, 19.17747825143454], [72.89958463606708, 19.177113982836765], [72.89957168972242, 19.177052860169667], [72.89948753078475, 19.17671083935823], [72.89932886046095, 19.17608851126129], [72.89888990278996, 19.175619171239138], [72.89852303987442, 19.175216636389802], [72.89839056287187, 19.17507127680129], [72.89832298169742, 19.174997123747726], [72.89107508972533, 19.174913968285562]]]}}, {"type": "Feature", "properties": {"grid_id": "cell_0266", "ward_id": "L", "ward_gid": 24, "area_m2": 924139.89987203, "LST_C": 35.52574837263398, "NDVI": 0.29596978805997365, "NDVI_prev": 0.29387764510494224, "impervious_pct": 63.43901773141382}, "geometry": {"type": "Polygon", "coordinates": [[[72.89243467521744, 19.067746653543562], [72.89162998067678, 19.066527583969766], [72.8829514848881, 19.066428142572835], [72.88283675250966, 19.075459556932323], [72.89233575161168, 19.075568428369163], [72.89233701327787, 19.075468693989947], [72.89233186330617, 19.07544990283319], [72.89229254801826, 19.075318236874836], [72.8921834817846, 19.0748105320797], [72.89206487164391, 19.074258397871798], [72.89185186379439, 19.073514709124037], [72.89174382613108, 19.073137507813268], [72.89172694402345, 19.073078565833477], [72.89172411858473, 19.073068701129237], [72.89170717360224, 19.07300953947491], [72.89153949371779, 19.072753902283647], [72.89149159496321, 19.072572754338015], [72.89144943475145, 19.07241252815212], [72.89142395698279, 19.07213404072654], [72.89138898697911, 19.071773555102407], [72.89134589933401, 19.07136284430576], [72.89124824158641, 19.0705874460548], [72.89124540878429, 19.070564953557515], [72.89121938162313, 19.070406196210918], [72.89120564439735, 19.070260907662565], [72.89117124325038, 19.069779211472596], [72.89116354216814, 19.069668322206493], [72.89115148064805, 19.069494646526405], [72.89106196730482, 19.068429939894497], [72.89106167126711, 19.06842776694477], [72.89233386537177, 19.06823649998617], [72.89239623028543, 19.068225277914408], [72.89241375392434, 19.068222125268516], [72.89242869721382, 19.068219436100186], [72.89243467521744, 19.067746653543562]]]}}, {"type": "Feature", "properties": {"grid_id": "cell_0267", "ward_id": "G/N", "ward_gid": 9, "area_m2": 924002.3304490619, "LST_C": 34.76721622986291, "NDVI": 0.26953766659782524, "NDVI_prev": 0.2404346710186033, "impervious_pct": 73.84414147004075}, "geometry": {"type": "Polygon", "coordinates": [[[72.84542468550788, 19.02986313767014], [72.84530816142605, 19.0388943659384], [72.85480484644914, 19.039004966659853], [72.85486530321462, 19.03429915391984], [72.85462554452481, 19.03393594083058], [72.8545705746813, 19.033854846678235], [72.85457032859344, 19.033854484320162], [72.85455091703983, 19.033825714754684], [72.85452319165648, 19.033784628339323], [72.85448953202258, 19.03373474563937], [72.85440452448324, 19.03360929454112], [72.8544044564358, 19.03360919439147], [72.85438933415855, 19.033586782140368], [72.85438930340058, 19.0335867366198], [72.8543891234964, 19.03358647167976], [72.854379179658, 19.033571730496213], [72.85437913304621, 19.033571662209845], [72.85435211393266, 19.033531349949037], [72.85427754133482, 19.03342035304067], [72.85417963264621, 19.03327461911558], [72.85406927209084, 19.033111694966745], [72.85395117661923, 19.032937176012545], [72.85390532763905, 19.032869940794686], [72.85390516618963, 19.032869703275043], [72.85369914007379, 19.03256679753395], [72.85350521749578, 19.03229064073554], [72.85343009278573, 19.032183370335353], [72.85332417677793, 19.032023244336443], [72.85324467006211, 19.03190902652732], [72.85314923636719, 19.031771930861222], [72.85312479043263, 19.031736815042155], [72.85310256309563, 19.03170399581633], [72.853102377767, 19.031703721671253], [72.85291263797554, 19.031422898105312], [72.85283102146853, 19.03130210065393], [72.85263359125197, 19.031018266192465], [72.85263354180427, 19.03101819696953], [72.85263322011681, 19.03101773166177], [72.85263308117709, 19.03101753132841], [72.85263306438573, 19.031017507648315], [72.85263294594297, 19.03101733826422], [72.85262994369464, 19.031013056213297], [72.85262956597019, 19.031012517089657], [72.85233608540143, 19.03059382572043], [72.85208715931631, 19.030229514634552], [72.85196417040393, 19.030038334035346], [72.8519320412175, 19.029967854532348], [72.85191151073387, 19.02993870322951], [72.84542468550788, 19.02986313767014]]]}}, {"type": "Feature", "properties": {"grid_id": "cell_0268", "ward_id": "K/W", "ward_gid": 14, "area_m2": 922857.7806839665, "LST_C": 34.2948848594489, "NDVI": 0.3002469122460359, "NDVI_prev": 0.30637305949396587, "impervious_pct": 62.50759818291028}, "geometry": {"type": "Polygon", "coordinates": [[[72.83510793281602, 19.092970107348492], [72.83499043286211, 19.102001212287863], [72.84434135806859, 19.1021109491932], [72.84430581476356, 19.101939284385413], [72.84420843634837, 19.10112300371895], [72.8441993860344, 19.10076488089767], [72.84399045757566, 19.098865627100466], [72.84397633282674, 19.09873721877473], [72.84397190915493, 19.09868425984596], [72.84394821976299, 19.098423093234487], [72.84394569550727, 19.09839982659434], [72.84394500275924, 19.09839345416314], [72.84369823513316, 19.096620914270233], [72.84352869292933, 19.094971660315313], [72.84347446596145, 19.094717325935488], [72.84347185209069, 19.09469790071567], [72.84326527153806, 19.093420188654886], [72.84324180306727, 19.093227614885517], [72.84322873808443, 19.09306539211312], [72.83510793281602, 19.092970107348492]]]}}, {"type": "Feature", "properties": {"grid_id": "cell_0269", "ward_id": "L", "ward_gid": 24, "area_m2": 922745.3073157979, "LST_C": 36.82291644307623, "NDVI": 0.20392163974005229, "NDVI_prev": 0.19810104272653514, "impervious_pct": 67.71288671106271}, "geometry": {"type": "Polygon", "coordinates": [[[72.88272195538131, 19.08449096178972], [72.88283675250966, 19.075459556932323], [72.87333781815757, 19.075350196750065], [72.87331937903504, 19.076794719408028], [72.87362331902835, 19.076889927912365], [72.8736878249747, 19.076909116905338], [72.87376878492111, 19.07693319902842], [72.87399145352299, 19.07704201752534], [72.8740928899586, 19.07709780289877], [72.87434000155422, 19.07721705209689], [72.87445051686433, 19.07726963243179], [72.87465699677136, 19.077366608602517], [72.87473318741446, 19.07740368666091], [72.87492668417586, 19.077497849091305], [72.8751803802741, 19.077767530450117], [72.87527856534503, 19.07787197479325], [72.87532363479387, 19.078079183159034], [72.87551133060569, 19.078243828925107], [72.87558355209241, 19.078307165926525], [72.87584076188296, 19.078750362633233], [72.8759037918078, 19.07887294379843], [72.87590260528565, 19.078873425330315], [72.87593497462402, 19.078926156547727], [72.87560207404519, 19.079083801087666], [72.87554646826499, 19.07911013295756], [72.87468022823897, 19.07952033517311], [72.87464159069305, 19.079538631572863], [72.87457140646248, 19.079571866485804], [72.87442289546568, 19.07964219211297], [72.8742929152559, 19.079703742336655], [72.87413116373148, 19.07978033785635], [72.87401580247757, 19.0798343225177], [72.87378538921726, 19.079942419461283], [72.87327614293164, 19.08018132795787], [72.87323587744032, 19.083334608346767], [72.8746738904831, 19.08397617918887], [72.87541770080736, 19.084329866303726], [72.87551979303362, 19.084408051265815], [72.88272195538131, 19.08449096178972]]]}}, {"type": "Feature", "properties": {"grid_id": "cell_0270", "ward_id": "N", "ward_gid": 10, "area_m2": 921319.8482406967, "LST_C": 35.85475857502758, "NDVI": 0.32205970993445326, "NDVI_prev": 0.2724892511181612, "impervious_pct": 55.02931288577894}, "geometry": {"type": "Polygon", "coordinates": [[[72.91144713373302, 19.066753125086016], [72.9113339429061, 19.075784704949417], [72.9208331345188, 19.075892110064384], [72.92086682233563, 19.073192393932676], [72.92082283675951, 19.073014879863408], [72.92077557918545, 19.072826718951138], [72.9207534537203, 19.072738627102353], [72.92067909123612, 19.072442541519624], [72.92066808053725, 19.072390978545297], [72.92061861101928, 19.072208419255762], [72.9205285678785, 19.07186054545656], [72.92050963884373, 19.07178940647098], [72.92047417016305, 19.071656110671164], [72.92044230696935, 19.071536360634468], [72.92037638369776, 19.071280915276784], [72.92033965049318, 19.071138576810785], [72.92031218790002, 19.071032156580298], [72.9202812871714, 19.070892773532115], [72.92026110286882, 19.070801725402408], [72.92018723903576, 19.07046853455941], [72.92010237136246, 19.070089740695757], [72.92004137994388, 19.06981165665039], [72.91999208896195, 19.069592505188034], [72.91985194365611, 19.069481167872837], [72.91981996123535, 19.06916809515888], [72.9198068315881, 19.069039563276558], [72.91979744132325, 19.06894657018232], [72.9197840929509, 19.068809303723828], [72.91977610754108, 19.068749821385726], [72.91977302891168, 19.06870480550419], [72.91976185963621, 19.068611099511962], [72.91975791825736, 19.06856548585364], [72.91973611714424, 19.0685444930962], [72.91970607585873, 19.068515564993508], [72.91942424910087, 19.06824725379924], [72.91941492886225, 19.06823520260976], [72.91917586171444, 19.067925975849487], [72.91843171195679, 19.067477567179697], [72.91817710709526, 19.067323016679723], [72.91793548543991, 19.067215625987593], [72.9178499591116, 19.06718035413917], [72.91764797325665, 19.067089523573884], [72.91750061815415, 19.06702473111989], [72.91736888377453, 19.06696680656627], [72.91711881714622, 19.06685520320765], [72.91703061953102, 19.066816286791493], [72.91144713373302, 19.066753125086016]]]}}, {"type": "Feature", "properties": {"grid_id": "cell_0271", "ward_id": "E", "ward_gid": 5, "area_m2": 921227.0199244885, "LST_C": 34.562787011334436, "NDVI": 0.28546544902504095, "NDVI_prev": 0.25249621460656807, "impervious_pct": 64.74751918306137}, "geometry": {"type": "Polygon", "coordinates": [[[72.84612244819856, 18.975675568579152], [72.83662941110732, 18.97556487649605], [72.83651277088461, 18.9845961051381], [72.842255515923, 18.984663156349644], [72.84230408857609, 18.98447305773004], [72.8423859279996, 18.984125099162824], [72.84246521707266, 18.983806369236785], [72.84255132123425, 18.983472086844248], [72.84258996062246, 18.983319522951675], [72.84259079789929, 18.983316219548286], [72.84259612386325, 18.98329519137795], [72.84260632760692, 18.983254905624218], [72.84259070927658, 18.98324371459572], [72.84259536854545, 18.98322520417283], [72.84260679548812, 18.983179812087037], [72.84272073398506, 18.98316221696863], [72.84277208103154, 18.983154287818703], [72.84284037599285, 18.98314374164149], [72.84285704134962, 18.983141168303383], [72.84286873574662, 18.983139361699443], [72.84309121068216, 18.98310500684226], [72.84313501610944, 18.983098241612065], [72.8433180581161, 18.98306997553886], [72.84357655925179, 18.98302966765351], [72.84407746039798, 18.98295156138371], [72.84413284042608, 18.982949560872008], [72.84443517213704, 18.982831592830042], [72.84477790856756, 18.982687385315334], [72.84536554230414, 18.982440782043817], [72.84603928708388, 18.982143460764064], [72.84612244819856, 18.975675568579152]]]}}, {"type": "Feature", "properties": {"grid_id": "cell_0272", "ward_id": "M/W", "ward_gid": 17, "area_m2": 921222.400987717, "LST_C": 34.09729177175761, "NDVI": 0.21437024031998902, "NDVI_prev": 0.11862114708702254, "impervious_pct": 42.078313578849084}, "geometry": {"type": "Polygon", "coordinates": [[[72.89324769642717, 19.003316404594994], [72.90274265729468, 19.00342434608959], [72.902855060508, 18.994455692959097], [72.90123112623108, 18.995002610294332], [72.90034534398113, 18.995212127864296], [72.89990347023877, 18.99523575102855], [72.89882918861339, 18.995271283329387], [72.89664108815397, 18.995294146873718], [72.8958192274461, 18.99520842713239], [72.89542896647319, 18.995118068550326], [72.89446950841945, 18.994801661203216], [72.89379984905598, 18.994584014199805], [72.8933582103251, 18.99453827638779], [72.89324769642717, 19.003316404594994]]]}}, {"type": "Feature", "properties": {"grid_id": "cell_0273", "ward_id": "R/S", "ward_gid": 22, "area_m2": 919892.0091235077, "LST_C": 35.03073077886814, "NDVI": 0.3504843264025169, "NDVI_prev": 0.3119171178673563, "impervious_pct": 59.91588879430987}, "geometry": {"type": "Polygon", "coordinates": [[[72.86232811793563, 19.19264641678736], [72.86221144183824, 19.20167758601544], [72.87171753484418, 19.20178821834178], [72.87181945132747, 19.193864553023435], [72.87154294722478, 19.193870842455883], [72.87133930015446, 19.19385154609563], [72.87131725844728, 19.1938501166752], [72.8712566802242, 19.19384618878031], [72.87106748026844, 19.19384108997712], [72.87100441283242, 19.193839388782123], [72.87100311757575, 19.193839141351628], [72.87100153949136, 19.193838838609306], [72.87098472563862, 19.193835610734478], [72.87095942815803, 19.193835359755244], [72.87084805037917, 19.193834254836766], [72.87079930365816, 19.19383377198853], [72.87072511953903, 19.19383303649086], [72.87053024708366, 19.193831103906085], [72.87049635934187, 19.19383076812108], [72.87049142178408, 19.193830717709687], [72.87029724414012, 19.193828790634928], [72.87006949185053, 19.19375189811869], [72.86970476939057, 19.193712384911766], [72.86965138276554, 19.193706601157057], [72.86957871075504, 19.193698728398576], [72.86953964894684, 19.19370915636744], [72.8695290033863, 19.193711998239202], [72.86941593073104, 19.19373924397956], [72.86933949740896, 19.193757638341136], [72.8692629896117, 19.193770001229765], [72.86922819282982, 19.193775623943832], [72.86920725620537, 19.19377900868142], [72.86891130768784, 19.193781813472945], [72.86889852711357, 19.193784131026046], [72.86880791892695, 19.19380056371265], [72.86875987403384, 19.193809277703938], [72.86875520364585, 19.193810401405123], [72.86875520250145, 19.193810401680864], [72.86868373366067, 19.1938275965684], [72.86842967494076, 19.193886974378387], [72.86841999452578, 19.19388923660204], [72.8683506102787, 19.193898868960723], [72.86829014241371, 19.193907263807052], [72.86818536392397, 19.193918448905233], [72.86815012766955, 19.19392332519507], [72.8681019850051, 19.193929989141683], [72.86804337289432, 19.19393810141074], [72.86804439748506, 19.193929319514105], [72.86805492966559, 19.193839020427408], [72.86808692913559, 19.19380182053651], [72.8681244557884, 19.193758195337733], [72.86808564094652, 19.19370646219323], [72.86806382576185, 19.193707198208468], [72.86784252376795, 19.19371466198555], [72.8677062072721, 19.193719259367796], [72.86768521338628, 19.19372009853879], [72.86767463306072, 19.193720520044035], [72.86761328034507, 19.19370956979176], [72.86757343667803, 19.193702471145414], [72.86744860837265, 19.193681281185953], [72.8674252556974, 19.19367393508389], [72.86742357591555, 19.193673406723683], [72.86720672663004, 19.193605193227718], [72.86700018993848, 19.19354544930116], [72.86695982973717, 19.19353377418937], [72.86682691237417, 19.19352792223177], [72.86672721967676, 19.19352351927236], [72.86669557633388, 19.19352212210645], [72.86640678780782, 19.193497728750863], [72.86634275264073, 19.19348946848736], [72.86612557718507, 19.19348653869431], [72.8660958701135, 19.193482014563315], [72.86602290304162, 19.19347327332471], [72.8658489452479, 19.19345406676677], [72.86583452460036, 19.19345239705126], [72.86583427671779, 19.193452368730263], [72.8656704286693, 19.19343347045052], [72.86532688796927, 19.193428845533195], [72.86530620210893, 19.193426940969132], [72.86529321251267, 19.193425745714872], [72.86529097606353, 19.193425540470336], [72.86527683421225, 19.193424239306044], [72.86526279690953, 19.193422946294927], [72.86524275866151, 19.19342404373391], [72.86514511459525, 19.193422911444042], [72.86512277564944, 19.193422652490334], [72.86510303888389, 19.193422075827655], [72.86510037320858, 19.19342203297407], [72.86498331349208, 19.1934201475631], [72.86488784500528, 19.1934181860635], [72.86476110523351, 19.193430040492885], [72.8647368316534, 19.193292811351675], [72.86473683031248, 19.193292803279032], [72.86463966905875, 19.192743443360516], [72.86463009976563, 19.192673240464558], [72.86232811793563, 19.19264641678736]]]}}, {"type": "Feature", "properties": {"grid_id": "cell_0274", "ward_id": "F/N", "ward_gid": 8, "area_m2": 918992.7574708462, "LST_C": 32.904398394385, "NDVI": 0.30464791697836724, "NDVI_prev": 0.27232086258002325, "impervious_pct": 73.25979789802385}, "geometry": {"type": "Polygon", "coordinates": [[[72.84554114376249, 19.020831899896148], [72.85503680385271, 19.020942387847686], [72.85515268426406, 19.01191108419581], [72.85210933141147, 19.0118757421485], [72.8519359312804, 19.011919874714476], [72.8503309741048, 19.01232835165441], [72.85008095420696, 19.01239284679458], [72.85004960514142, 19.012402879587228], [72.85000892232969, 19.012414870462646], [72.84998025564337, 19.01242153727476], [72.84990841512361, 19.012433256899058], [72.84988365920887, 19.012440508438573], [72.8495077634227, 19.012543846447265], [72.84929025998159, 19.012609031332044], [72.84920125861605, 19.012636431228962], [72.84921687953627, 19.012675119993478], [72.84914578386926, 19.012740326527638], [72.84910263703203, 19.012746300788397], [72.84894439434085, 19.012775066161737], [72.84874488239304, 19.012815993090964], [72.84865821871847, 19.01283373965775], [72.84859709427815, 19.01284713167663], [72.84849426962204, 19.01287791108582], [72.84802381872124, 19.013015516876113], [72.8477628780905, 19.013092690697913], [72.84756268195022, 19.013150501120133], [72.84748262402675, 19.013176793021536], [72.84745115440771, 19.013192628300175], [72.84740424202157, 19.01323231136754], [72.84735031947363, 19.013279939151214], [72.84725208190272, 19.013374246144124], [72.84701992767724, 19.01357464736076], [72.84690508907569, 19.013674525352418], [72.84688071242007, 19.013698099196894], [72.8468516197092, 19.013725876969737], [72.8468078206821, 19.013780847695834], [72.84668371033034, 19.013937787607595], [72.84659559010287, 19.013994832408123], [72.84644932693872, 19.014082434403385], [72.84631037240185, 19.014173417440414], [72.84598346571603, 19.014359655354777], [72.84562454345951, 19.014602535015598], [72.84562140528274, 19.014604709514018], [72.84554114376249, 19.020831899896148]]]}}, {"type": "Feature", "properties": {"grid_id": "cell_0275", "ward_id": "M/W", "ward_gid": 17, "area_m2": 918952.1030811227, "LST_C": 34.362095089362434, "NDVI": 0.29469866437972003, "NDVI_prev": 0.2848763458803793, "impervious_pct": 66.79045974436984}, "geometry": {"type": "Polygon", "coordinates": [[[72.9021757368072, 19.048582207758045], [72.90206216040635, 19.057613751671408], [72.91156026069547, 19.057721535741777], [72.91158065959145, 19.056092428452008], [72.91154797243061, 19.056045774054056], [72.9114913105795, 19.055965150881168], [72.91144750887406, 19.05590233509768], [72.91140810508547, 19.055845335001052], [72.91133868638526, 19.055743086529166], [72.91130571351148, 19.055693195730687], [72.91125906025766, 19.05561461766892], [72.91121528992824, 19.05553449054929], [72.9111733714483, 19.05544116084049], [72.91116117417359, 19.055411598319566], [72.91114299101311, 19.055367527125323], [72.91111500574729, 19.055281287800355], [72.91108406394801, 19.05517195442704], [72.91088316583205, 19.05402369897103], [72.91079965656115, 19.05346594988924], [72.910536417323, 19.05117164158247], [72.9105170288613, 19.05093998963071], [72.910513810596, 19.050901528922637], [72.91050314159833, 19.05079071960547], [72.9104949636313, 19.050708988984255], [72.91036382843053, 19.050128218777964], [72.91034399419252, 19.05003719814864], [72.9103003885957, 19.04983708860454], [72.91024376598455, 19.049573193039265], [72.91021110790462, 19.04942098635673], [72.91019922270785, 19.049365593967735], [72.91017834254097, 19.04926929163194], [72.9101196970946, 19.049007889805136], [72.91011275311415, 19.048975963409195], [72.91002830865115, 19.048671312850605], [72.9021757368072, 19.048582207758045]]]}}, {"type": "Feature", "properties": {"grid_id": "cell_0276", "ward_id": "F/S", "ward_gid": 6, "area_m2": 918313.3124986965, "LST_C": 34.27428628295105, "NDVI": 0.2747350129945529, "NDVI_prev": 0.2523987777628913, "impervious_pct": 71.66734183075566}, "geometry": {"type": "Polygon", "coordinates": [[[72.84565753620618, 19.01180065262041], [72.84577386285532, 19.00276939584687], [72.83627929231876, 19.00265853394288], [72.83622076492487, 19.007183137575865], [72.83622091854092, 19.007183373246594], [72.83628977882364, 19.007289129533167], [72.83628995574314, 19.00728940077441], [72.83635876388415, 19.00739508326776], [72.83657449283186, 19.00768698175224], [72.83677591384316, 19.007996327927337], [72.83682140172186, 19.00806484837927], [72.83693110405972, 19.008230100320855], [72.83711576962696, 19.008508273860237], [72.83740172928385, 19.008939564717956], [72.8375160353003, 19.009111962634048], [72.83760028843734, 19.009245581658224], [72.83776203889377, 19.009490161872105], [72.83784926058823, 19.009612205066954], [72.83791407460073, 19.00970289511065], [72.8381995886588, 19.01013435686844], [72.83846010415924, 19.010525604682186], [72.8387428836123, 19.010953717069857], [72.83907644931426, 19.01143778357236], [72.8392054315167, 19.011629149986543], [72.83927077315057, 19.011726098187182], [72.84565753620618, 19.01180065262041]]]}}, {"type": "Feature", "properties": {"grid_id": "cell_0277", "ward_id": "N", "ward_gid": 10, "area_m2": 913949.1635792052, "LST_C": 29.68860835611263, "NDVI": 0.48160571202116675, "NDVI_prev": 0.3605576330332965, "impervious_pct": 0}, "geometry": {"type": "Polygon", "coordinates": [[[72.9399433573582, 19.067073710744598], [72.94944222494314, 19.067179595486262], [72.94954055303229, 19.059184353833157], [72.94944457644615, 19.05906945049807], [72.94933120740832, 19.058928210008503], [72.94925013040032, 19.058829633708605], [72.94912905492374, 19.058779932737473], [72.94902493289135, 19.05873268930616], [72.94890378225763, 19.058684785840786], [72.94879027846245, 19.058635378427173], [72.94866375584283, 19.058580064889167], [72.94855769485132, 19.058537328816854], [72.94853608501087, 19.058528132213894], [72.94845882472366, 19.05849957309184], [72.94844508696215, 19.058494496384338], [72.94825159012228, 19.05841452719668], [72.94803411790922, 19.058319600674487], [72.94758874589662, 19.058125940021952], [72.94202220020298, 19.058063917514893], [72.94186493640277, 19.058831095156403], [72.94181327585916, 19.05910068158761], [72.94134025764156, 19.06141718539474], [72.9404795886664, 19.062354410934798], [72.9404036624534, 19.062458800177488], [72.94007835561497, 19.062906046294973], [72.93999341321356, 19.063022834668914], [72.9399433573582, 19.067073710744598]]]}}, {"type": "Feature", "properties": {"grid_id": "cell_0278", "ward_id": "A", "ward_gid": 1, "area_m2": 911981.8598984618, "LST_C": 35.11575429469226, "NDVI": 0.08337765423743418, "NDVI_prev": 0.07566192686016038, "impervious_pct": 58.44757675226881}, "geometry": {"type": "Polygon", "coordinates": [[[72.84649514342401, 18.94665670932679], [72.84600211482068, 18.944672227222057], [72.8458363791399, 18.944105892501796], [72.84575486896375, 18.94395463886938], [72.84574980682208, 18.943926931020986], [72.84573838012925, 18.943864383424803], [72.84569997306198, 18.943714580192683], [72.845699907056, 18.943714323801238], [72.84562375491478, 18.943417291197818], [72.84552572837633, 18.943030156456977], [72.845463752313, 18.94278539348874], [72.8454267261121, 18.942639194953017], [72.84535414473649, 18.942352604000874], [72.84523946493738, 18.9419196543655], [72.84522419125899, 18.94187107622468], [72.84520193724012, 18.941781785321602], [72.84518289503382, 18.941704734875277], [72.84517272868796, 18.941663602100093], [72.8451364121693, 18.941425390608234], [72.84511149338134, 18.941325473413784], [72.84511144374211, 18.94132527321498], [72.8451114266132, 18.941325202561096], [72.84509054695724, 18.941241478197348], [72.84504053917884, 18.941044780673312], [72.8449759659821, 18.94079300609156], [72.84490685579652, 18.940520578870643], [72.84487740830261, 18.94040173527097], [72.8448773794383, 18.94040161751085], [72.84485194263428, 18.94029896189691], [72.84480402588079, 18.940111111751445], [72.84475433124071, 18.939911137164472], [72.84470917782754, 18.93973246289224], [72.84467203979554, 18.93958855095468], [72.84465753025786, 18.939527923095458], [72.83709531197835, 18.939439867089423], [72.83697893573087, 18.9484711336589], [72.84411526755306, 18.948554276857017], [72.84483648296298, 18.948402342668775], [72.84557927262756, 18.948233861913895], [72.8455938335168, 18.94823143163232], [72.8456183064041, 18.948227346987895], [72.84565513225284, 18.94822120053999], [72.84647682764296, 18.948084052987998], [72.84649514342401, 18.94665670932679]]]}}, {"type": "Feature", "properties": {"grid_id": "cell_0279", "ward_id": "F/N", "ward_gid": 8, "area_m2": 910911.7616992536, "LST_C": 33.33947615670362, "NDVI": 0.2754845315885776, "NDVI_prev": 0.2525127347934126, "impervious_pct": 73.62908194701183}, "geometry": {"type": "Polygon", "coordinates": [[[72.86430159702635, 19.039115079673802], [72.86441709586961, 19.03008373887832], [72.85492085791984, 19.029973682003696], [72.85486530321462, 19.03429915391984], [72.85608738013562, 19.036150464949227], [72.85612225643236, 19.03620996415361], [72.85635375196418, 19.036556708006437], [72.85636977851148, 19.036580708637302], [72.85649824223886, 19.036773123033342], [72.85651806433141, 19.036802813120374], [72.85811619183686, 19.039043416545674], [72.86430159702635, 19.039115079673802]]]}}, {"type": "Feature", "properties": {"grid_id": "cell_0280", "ward_id": "M/E", "ward_gid": 16, "area_m2": 905143.9248943895, "LST_C": 31.51711083893754, "NDVI": 0.5151215859553853, "NDVI_prev": 0.534735034058884, "impervious_pct": 12.466978778361558}, "geometry": {"type": "Polygon", "coordinates": [[[72.91223768220497, 19.003531800799266], [72.91212493809616, 19.01256344694584], [72.92162053861527, 19.01267046948704], [72.92167149328066, 19.008570613202515], [72.92154338930128, 19.00840653073537], [72.92061402791184, 19.00714433489997], [72.9196884797069, 19.00538781589296], [72.91848789321841, 19.003602268037888], [72.91223768220497, 19.003531800799266]]]}}, {"type": "Feature", "properties": {"grid_id": "cell_0281", "ward_id": "R/C", "ward_gid": 11, "area_m2": 903578.4573997019, "LST_C": 31.513083742559804, "NDVI": 0.47836333158940525, "NDVI_prev": 0.43225167325821845, "impervious_pct": 7.0538276897328736}, "geometry": {"type": "Polygon", "coordinates": [[[72.84272794410556, 19.237578974879362], [72.83321997447193, 19.23746663896053], [72.83310141255461, 19.24649759073153], [72.83832933360736, 19.24655944721336], [72.83883393939047, 19.246115474288043], [72.84191524518026, 19.243387270762767], [72.84265977466936, 19.24279498680068], [72.84272794410556, 19.237578974879362]]]}}, {"type": "Feature", "properties": {"grid_id": "cell_0282", "ward_id": "H/E", "ward_gid": 18, "area_m2": 902620.5322186615, "LST_C": 34.08872283958684, "NDVI": 0.3338600971790393, "NDVI_prev": 0.30798838215302754, "impervious_pct": 59.945565220589664}, "geometry": {"type": "Polygon", "coordinates": [[[72.86383894884521, 19.07524034783679], [72.8543401448624, 19.07513001020693], [72.85422380545815, 19.084161247304518], [72.85928517190227, 19.084220127579837], [72.85929279276796, 19.084090115269607], [72.85931742593978, 19.08400223164043], [72.85931685160111, 19.083974823636318], [72.85930846966427, 19.083931639097056], [72.85930690491885, 19.08392672090469], [72.85928377476476, 19.083854019743757], [72.85925261547702, 19.083790987227584], [72.85924433404072, 19.083774234576616], [72.8591963001298, 19.083671936573314], [72.85915561494183, 19.08358062436394], [72.85912888386187, 19.08352066672071], [72.85911202709036, 19.083485035657432], [72.85911113811659, 19.08348315655248], [72.8590944717582, 19.08344634800562], [72.85908151415576, 19.083419023872978], [72.85906232568766, 19.083367928076306], [72.85904876263321, 19.083321578997158], [72.85900795951264, 19.083248343335644], [72.85898813364248, 19.08321748574864], [72.8589649175977, 19.083181351583733], [72.85892618022477, 19.083140122004085], [72.85889022308582, 19.083088752707145], [72.85886271115517, 19.0830501936832], [72.85884694867333, 19.083029824859185], [72.8587973601027, 19.082962973201067], [72.85875267104885, 19.082893323446275], [72.85873654982511, 19.082868197847702], [72.85868764451371, 19.082792760265942], [72.85863269050182, 19.082693390099053], [72.85858698700905, 19.082579193135174], [72.85858040026177, 19.0825588909423], [72.85857619397513, 19.082545925965114], [72.85856118179126, 19.082499651359072], [72.85855209697763, 19.082470953586824], [72.85853803863515, 19.08242653763189], [72.85851336803667, 19.082352098806204], [72.8584976929588, 19.082304802238856], [72.85846671924105, 19.08222140119463], [72.8584651522883, 19.08219657842553], [72.8584637249847, 19.082173949349276], [72.85845980762575, 19.082111840434877], [72.85846092771587, 19.082087528709156], [72.85846313090887, 19.08203959159491], [72.85882335074233, 19.082082634883644], [72.85882246828105, 19.08212032038769], [72.8588233165081, 19.082129731097332], [72.85882377254197, 19.082134838593618], [72.85882691907308, 19.082169795088635], [72.85883457960297, 19.082254985469156], [72.85885043363854, 19.08233557584233], [72.85885502796313, 19.082351658250975], [72.85886091517123, 19.082372266280856], [72.8588766165249, 19.08241592551863], [72.8588953649996, 19.082455736576303], [72.85892073566495, 19.082502594005025], [72.85895019858997, 19.08255719794962], [72.85896783098954, 19.082589078551724], [72.85898986811817, 19.082628923193564], [72.85903295916891, 19.082695395224206], [72.85908817106207, 19.082781441067624], [72.85913156764688, 19.08283994943412], [72.85917753246241, 19.08290253886897], [72.85920194934987, 19.082937421095192], [72.85920274132488, 19.08293871599939], [72.85922184824895, 19.082969956973486], [72.85924522183379, 19.083012968852792], [72.85926360070746, 19.083055716897178], [72.85936539576461, 19.083223163293283], [72.85937137139463, 19.083233114544242], [72.85938119893939, 19.08324926602122], [72.85938734879366, 19.083261179011657], [72.85939615181238, 19.083278227337694], [72.85940623086326, 19.083299484836786], [72.85941266492786, 19.083313054711038], [72.85942939049556, 19.083349992257713], [72.85944753646436, 19.0833883487455], [72.85947572272205, 19.083451568639287], [72.85947577473611, 19.083451684861032], [72.85951634063477, 19.0835427343317], [72.85954995116366, 19.083606068857932], [72.85958765990307, 19.083667052305156], [72.85962930311447, 19.08372541987157], [72.85967469997503, 19.08378091811402], [72.8597236533629, 19.0838333060485], [72.85976339177174, 19.083851783596835], [72.85980495508677, 19.083865677904054], [72.85984781663858, 19.083874812908473], [72.85989143330714, 19.083879072855936], [72.86000147039964, 19.08385058935057], [72.86024715325216, 19.08379451614191], [72.8604022946568, 19.08375441003], [72.86054295235532, 19.08356124068746], [72.860570315635, 19.083498005805634], [72.86059063110905, 19.083454692063846], [72.8606101417581, 19.08323225778971], [72.86062082932551, 19.083113314349216], [72.86063499237113, 19.083070392781853], [72.86061627192817, 19.083024101825817], [72.86065120849831, 19.082910058868595], [72.86068643656989, 19.082794051473826], [72.86073748963483, 19.08272120284438], [72.86081924753239, 19.082612000971295], [72.86085228921668, 19.082577201022495], [72.86089772949522, 19.08250485832044], [72.86101792453915, 19.08235687933068], [72.8611040673849, 19.082250412840985], [72.86121107722134, 19.082143064723148], [72.86128257089636, 19.082013494179385], [72.86131437385838, 19.081987353378672], [72.8613792946892, 19.08193068777142], [72.86153190290233, 19.08184620599974], [72.86168865009623, 19.08176128190265], [72.86188829249008, 19.081734469988373], [72.86194226884531, 19.0817217193711], [72.86205025908775, 19.081700018873423], [72.86216062097877, 19.08168113568047], [72.86230558856292, 19.08169874626753], [72.86246179234979, 19.08171117677613], [72.8627068549454, 19.081761803203573], [72.86294075091331, 19.08181229980182], [72.86312977423741, 19.081878204359754], [72.8632740623535, 19.081948897968445], [72.86339587829868, 19.082029950371474], [72.86351755938924, 19.08212161946921], [72.86360580696919, 19.082207591672425], [72.86369466748089, 19.082245787304256], [72.8637489853206, 19.082255551173624], [72.86383894884521, 19.07524034783679]]]}}, {"type": "Feature", "properties": {"grid_id": "cell_0283", "ward_id": "P/N", "ward_gid": 21, "area_m2": 901135.8426505959, "LST_C": 35.69355760824397, "NDVI": 0.30709860953216256, "NDVI_prev": 0.25912085310546806, "impervious_pct": 71.37844832981739}, "geometry": {"type": "Polygon", "coordinates": [[[72.86244472849108, 19.183615237994207], [72.87194978605555, 19.18372575833384], [72.87205192536477, 19.17577581535766], [72.87185158133855, 19.17575663728454], [72.87170709185355, 19.175742807748374], [72.8714842424546, 19.175721474332967], [72.87144569502179, 19.17571778411449], [72.8713079546324, 19.175687322413562], [72.87129582015865, 19.17568463921977], [72.87117208381115, 19.175661268817922], [72.87104834507399, 19.17563789830763], [72.87101736927481, 19.175633101525488], [72.8708854720047, 19.17561267582288], [72.87057690975094, 19.175603565261138], [72.87048690884404, 19.175600907923155], [72.86900395780985, 19.175560949744533], [72.86883607051377, 19.175563194489726], [72.8681483210133, 19.17557238836908], [72.86807246063927, 19.175579448721678], [72.8680541648284, 19.1755816583241], [72.86801895115165, 19.175586355947928], [72.86783836571777, 19.175610446517492], [72.86767587706457, 19.175652524428454], [72.86721369690693, 19.175775054249325], [72.86694793453928, 19.175833917186075], [72.8668657672415, 19.17584495271846], [72.8667711369097, 19.175843852585036], [72.8666892011775, 19.17583690460906], [72.86657986414998, 19.175812041950905], [72.86646691184772, 19.175786357105036], [72.86615147044094, 19.17571073504736], [72.86544183313397, 19.17557959046338], [72.86342881286534, 19.17511466623457], [72.8625566919962, 19.17493917254666], [72.86244472849108, 19.183615237994207]]]}}, {"type": "Feature", "properties": {"grid_id": "cell_0284", "ward_id": "A", "ward_gid": 1, "area_m2": 900833.7975866523, "LST_C": 30.989528829212496, "NDVI": 0.11191217184602713, "NDVI_prev": 0.11480770572024858, "impervious_pct": 58.23639193585274}, "geometry": {"type": "Polygon", "coordinates": [[[72.8277212010816, 18.930297697184738], [72.82783795454957, 18.921266468489456], [72.8183481086775, 18.921155147005706], [72.81828787281624, 18.925794953209476], [72.81833434410748, 18.925847013235668], [72.8186166335127, 18.926173450240256], [72.81862357488086, 18.926181476884697], [72.81867774783683, 18.926242163113866], [72.8187754987873, 18.926351664139485], [72.81898981945903, 18.9266003216732], [72.81903710902664, 18.926655185809295], [72.8194613445879, 18.927100576258344], [72.81956457079761, 18.92722547406348], [72.81958034494431, 18.92724456007518], [72.81958281806848, 18.927247369361638], [72.81959642393169, 18.927262829512493], [72.81963272280844, 18.927304072428715], [72.81968992348713, 18.927369063692314], [72.81976684709886, 18.927468194035274], [72.81989606185918, 18.927634711114894], [72.81989733239148, 18.927636351002114], [72.81991063613775, 18.927652276374122], [72.82006996310656, 18.927843031095797], [72.82024259512679, 18.928049715593865], [72.8204480594564, 18.928283162577994], [72.820684611694, 18.928562474297536], [72.8209166019812, 18.92883659447082], [72.8210154362128, 18.928953981862062], [72.82150458991775, 18.929574240007238], [72.8215950422957, 18.929697814482992], [72.82160861798423, 18.929716362395414], [72.82164778477531, 18.929769871476434], [72.8219345011144, 18.930229842390727], [72.8277212010816, 18.930297697184738]]]}}, {"type": "Feature", "properties": {"grid_id": "cell_0285", "ward_id": "H/E", "ward_gid": 18, "area_m2": 896866.2885969887, "LST_C": 34.11787546876072, "NDVI": 0.2014966529103455, "NDVI_prev": 0.18586029024540182, "impervious_pct": 67.63764108373041}, "geometry": {"type": "Polygon", "coordinates": [[[72.8639547088442, 19.06620904505679], [72.86383894884521, 19.07524034783679], [72.87121403394178, 19.07532567890271], [72.87123369624936, 19.07524098530389], [72.8713078105104, 19.0749229029786], [72.87134293814862, 19.07476738302663], [72.8713551030494, 19.074700620300526], [72.87135877528003, 19.074667945457495], [72.87136830517179, 19.0745831574006], [72.87137228307608, 19.074554887709553], [72.8713720656845, 19.074542679344276], [72.8713690125241, 19.074371329452262], [72.87136901018988, 19.074371214710325], [72.87143582533098, 19.07418292068065], [72.87147302111174, 19.074078096965284], [72.8714763796679, 19.074068634277825], [72.87148446275116, 19.074045854174997], [72.8715844722564, 19.073839116578135], [72.87180502975718, 19.073383176295778], [72.87185118770303, 19.073250148424517], [72.87196067316253, 19.072934609300397], [72.87200271715304, 19.07281073997686], [72.87212527922105, 19.072449643579063], [72.87220571405034, 19.072305077262957], [72.87225580900997, 19.0722309082669], [72.87244401339747, 19.07189208869867], [72.87255429624318, 19.071692136818424], [72.87255455734447, 19.071691999825216], [72.87270560236239, 19.07161294471488], [72.87281107018444, 19.071596290634858], [72.87290526020371, 19.071579506357477], [72.8730222794377, 19.07154154184872], [72.87317335150053, 19.071486097174184], [72.87331713517732, 19.071412698917168], [72.87336473287941, 19.071338667842284], [72.87335581512804, 19.071260503573228], [72.8733283321005, 19.071201044992556], [72.87332324653607, 19.071190041414948], [72.8733121582898, 19.071166052746577], [72.87329605009324, 19.071131204876348], [72.87329157932048, 19.071121530776296], [72.87326769812285, 19.071069863788743], [72.87324563226998, 19.07100436069697], [72.87323223006169, 19.07096457245078], [72.87323048726049, 19.070959400099273], [72.87322338607412, 19.07093832530428], [72.87319909597578, 19.070866221654956], [72.87319032348177, 19.07084017947108], [72.8731874494082, 19.07083141983332], [72.87318237703651, 19.070815959677542], [72.87316200330541, 19.070753872392565], [72.8731348197476, 19.0706710334279], [72.87309102095922, 19.070537553399003], [72.87305592503263, 19.07043356342841], [72.87301603061108, 19.070315362062846], [72.87299528672682, 19.07025385129804], [72.87299038449203, 19.07015472061411], [72.87298344310925, 19.070014387285692], [72.87296857332356, 19.069769447967367], [72.87292138151092, 19.06942582937226], [72.8728902421882, 19.06924222396437], [72.8728532380414, 19.068958918538797], [72.87279813681108, 19.068536776941], [72.87278052664182, 19.068406902299582], [72.87275357541004, 19.06820816215864], [72.87274596761941, 19.0681568238134], [72.87270464828183, 19.067842454849426], [72.8726733134265, 19.067702408206042], [72.87262860949825, 19.06745688706897], [72.8726154814068, 19.067384632162923], [72.87260906740434, 19.06734932796394], [72.87259868833779, 19.067303292344516], [72.87258258951971, 19.067210654321123], [72.87257283599835, 19.067159522450474], [72.8725566104304, 19.067074435193465], [72.87252890181927, 19.066939750633082], [72.8725097878718, 19.066860877955683], [72.87250891384011, 19.066843613630862], [72.87250885087657, 19.06678602410212], [72.87250850601995, 19.066473110661608], [72.87250733342131, 19.066365803252765], [72.8724936717513, 19.066307770496515], [72.8639547088442, 19.06620904505679]]]}}, {"type": "Feature", "properties": {"grid_id": "cell_0286", "ward_id": "P/N", "ward_gid": 21, "area_m2": 895847.6636628314, "LST_C": 30.059576014789982, "NDVI": 0.5002104068909379, "NDVI_prev": 0.4215085327429336, "impervious_pct": 0.49306522834365685}, "geometry": {"type": "Polygon", "coordinates": [[[72.80577451274625, 19.155849220279205], [72.80565499884332, 19.164880086679826], [72.81515862481488, 19.164993442065477], [72.81522313348287, 19.160098392297762], [72.81104107545919, 19.155995335300794], [72.81095516621005, 19.15591104599615], [72.80577451274625, 19.155849220279205]]]}}, {"type": "Feature", "properties": {"grid_id": "cell_0287", "ward_id": "P/N", "ward_gid": 21, "area_m2": 892790.6436061625, "LST_C": 29.289690738218717, "NDVI": 0.5776149955903195, "NDVI_prev": 0.4308877453617262, "impervious_pct": 0}, "geometry": {"type": "Polygon", "coordinates": [[[72.81515862481488, 19.164993442065477], [72.81503956057094, 19.17402435634935], [72.82454377039917, 19.17413727782714], [72.82460792004726, 19.169250970017146], [72.82351012586143, 19.168269616101288], [72.82230827610292, 19.167022146354434], [72.82158742387841, 19.166341922768975], [72.82027480381589, 19.16505426207452], [72.81515862481488, 19.164993442065477]]]}}, {"type": "Feature", "properties": {"grid_id": "cell_0288", "ward_id": "N", "ward_gid": 10, "area_m2": 892098.410058379, "LST_C": 34.47548700127664, "NDVI": 0.33066382140721357, "NDVI_prev": 0.30747428063016347, "impervious_pct": 63.247650162609645}, "geometry": {"type": "Polygon", "coordinates": [[[72.9017210463101, 19.084708326499918], [72.90183481517377, 19.075676811046282], [72.89236443675627, 19.075568756398578], [72.89241151395359, 19.075740530790778], [72.89257223891883, 19.07632698322338], [72.89263669631922, 19.076556761557715], [72.8927244635767, 19.076865306619112], [72.89276533801598, 19.077005346570882], [72.89285617101923, 19.07731655699414], [72.89304966922938, 19.07797951482833], [72.8931007934127, 19.078590756311353], [72.8931753577426, 19.078854048774097], [72.89325349081548, 19.079121238110115], [72.8932605267327, 19.079145295139583], [72.89327093301206, 19.079180656374284], [72.89329060669537, 19.079243772873944], [72.89333357846225, 19.07939352890062], [72.89334129661438, 19.079419758883393], [72.89336139120547, 19.07947604057487], [72.89363371726913, 19.08024922193268], [72.89364499434359, 19.080281239276413], [72.89366474644699, 19.080330434434927], [72.89367576606645, 19.08035960257147], [72.8936853962976, 19.08038286636074], [72.89369369491352, 19.080404522450433], [72.89370267831706, 19.080427021899027], [72.89370731770268, 19.080439027096286], [72.89371249081604, 19.08045285217529], [72.89371619366388, 19.0804598054762], [72.89372664295337, 19.08048779554087], [72.89372826623794, 19.08049248403992], [72.89373507864497, 19.080512060958007], [72.89373714787074, 19.08051672113308], [72.89374500151908, 19.080540959121546], [72.8937477059191, 19.080548207220357], [72.89375142109269, 19.08055884422687], [72.89375666199844, 19.080573845243865], [72.89376567791336, 19.080601137851943], [72.8937736635502, 19.080625306892713], [72.89383855228463, 19.08082171653463], [72.8938431238583, 19.080835554607813], [72.89384512966635, 19.080841624073283], [72.89384934660949, 19.080854730954623], [72.89385585112542, 19.080881828651606], [72.89386397299337, 19.080915662508897], [72.89387480101428, 19.080984707242354], [72.89387301829326, 19.080993378201054], [72.89387229491768, 19.081002348510253], [72.89387034110945, 19.081026653245143], [72.8938685671525, 19.081039439635713], [72.8938673893042, 19.081048737156234], [72.89386460407326, 19.081072674689796], [72.89386068530102, 19.081113675725685], [72.89385711854524, 19.081141414349865], [72.8938534060057, 19.08117437044417], [72.8938484489383, 19.081216787692572], [72.89383298346264, 19.081450687115016], [72.89384249517516, 19.081472434750054], [72.89390920940426, 19.08168904808192], [72.89392122619712, 19.081725169295655], [72.89394021565879, 19.081780445618246], [72.89393552155293, 19.081787640765267], [72.89384791426863, 19.081921953943535], [72.89382079574544, 19.08197976443494], [72.89381870058354, 19.08198301396252], [72.8937289914995, 19.08212213647613], [72.89371433173294, 19.082208909328102], [72.89368165948088, 19.082403099936425], [72.89369483343086, 19.082524186707992], [72.89375104707763, 19.083350596286458], [72.89349941593807, 19.083484746629534], [72.89328942931608, 19.08412623667261], [72.89314819709591, 19.08436327281184], [72.89310760438754, 19.084424104061657], [72.89302370975696, 19.08460906517957], [72.9017210463101, 19.084708326499918]]]}}, {"type": "Feature", "properties": {"grid_id": "cell_0289", "ward_id": "M/E", "ward_gid": 16, "area_m2": 891612.5432023519, "LST_C": 33.013738244548136, "NDVI": 0.401022361637882, "NDVI_prev": 0.39377690655727265, "impervious_pct": 37.88143988202091}, "geometry": {"type": "Polygon", "coordinates": [[[72.90262940134635, 19.012455937357032], [72.91212493809616, 19.01256344694584], [72.91223768220497, 19.003531800799266], [72.90495118272906, 19.00344938336841], [72.90507486043148, 19.004418121287806], [72.90527761179047, 19.005850330025712], [72.90539558070023, 19.00672457769055], [72.90538626925947, 19.00677019610119], [72.90536395351661, 19.00680735373273], [72.90534171583596, 19.006838277166803], [72.9052909985495, 19.006875112987633], [72.9052031407433, 19.006911527954642], [72.90383338611795, 19.00723893117668], [72.90269134713252, 19.00751670703006], [72.90262940134635, 19.012455937357032]]]}}, {"type": "Feature", "properties": {"grid_id": "cell_0290", "ward_id": "H/W", "ward_gid": 23, "area_m2": 891038.0881929941, "LST_C": 33.64662056779131, "NDVI": 0.26439625820318363, "NDVI_prev": 0.25561125987648414, "impervious_pct": 68.00385993934388}, "geometry": {"type": "Polygon", "coordinates": [[[72.83522536653804, 19.083938992869747], [72.83534273404463, 19.074907868855583], [72.82584412778924, 19.074796065163305], [72.82577663782398, 19.079967189187585], [72.82588438103353, 19.079902554672447], [72.82651937660465, 19.080267372775534], [72.82678931731509, 19.08037040684342], [72.8267896573274, 19.08037053687446], [72.82687197619869, 19.08040195739016], [72.8270877556723, 19.08054126601288], [72.8271478693472, 19.080580074838917], [72.82727748741034, 19.080694957379865], [72.82734389295855, 19.080753814082176], [72.82749891924367, 19.08078116988748], [72.8275056596704, 19.08078817241915], [72.82751117506187, 19.080793906078274], [72.827577116663, 19.08086009304326], [72.82757713105734, 19.080860108242984], [72.82760039835226, 19.080883462897653], [72.82765456750703, 19.080938549532164], [72.82767917264438, 19.08096356978539], [72.82780476522485, 19.081079929518936], [72.8279038514954, 19.08133561026223], [72.8279320501432, 19.081408373523246], [72.82808756466147, 19.081799137529487], [72.82809665121951, 19.08182197003712], [72.82821818613323, 19.082125348895364], [72.82825750647405, 19.08218790256133], [72.82835218808884, 19.08234799807865], [72.8283522412944, 19.082357533523066], [72.82852395260447, 19.08247152063929], [72.8286004216526, 19.082681326536694], [72.82979389918785, 19.083710297322135], [72.82984305647871, 19.083855496524915], [72.82985192499028, 19.083875775962444], [72.83522536653804, 19.083938992869747]]]}}, {"type": "Feature", "properties": {"grid_id": "cell_0291", "ward_id": "K/W", "ward_gid": 14, "area_m2": 889599.01756813, "LST_C": 32.62763968862813, "NDVI": 0.37455617873279967, "NDVI_prev": 0.3524190214833686, "impervious_pct": 37.84502764698427}, "geometry": {"type": "Polygon", "coordinates": [[[72.81563421250542, 19.128869689139066], [72.82513584068052, 19.128982324559882], [72.82525405490563, 19.11995130520699], [72.81912715066458, 19.119878764000543], [72.81910770607189, 19.119920501990766], [72.81800672201626, 19.12186296543573], [72.81673950448734, 19.12359235187497], [72.81568012842366, 19.125377780805263], [72.81563421250542, 19.128869689139066]]]}}, {"type": "Feature", "properties": {"grid_id": "cell_0292", "ward_id": "S", "ward_gid": 12, "area_m2": 884757.9218919568, "LST_C": 36.82801903977461, "NDVI": 0.26068930974301036, "NDVI_prev": 0.2567495245164678, "impervious_pct": 83.32152031651388}, "geometry": {"type": "Polygon", "coordinates": [[[72.93882402866575, 19.15739071551544], [72.92932007188242, 19.15728380020633], [72.92920727511896, 19.166315394251857], [72.93278935361806, 19.166355767071483], [72.93293972492489, 19.166254077600644], [72.93352128949746, 19.16586018883417], [72.93400190470784, 19.1655578946], [72.93437917049899, 19.16536192167744], [72.93530795647078, 19.164868662650214], [72.93632197546425, 19.164298376710114], [72.93698291221486, 19.163941196423362], [72.93706188331676, 19.163907573356827], [72.93714320298211, 19.163879456252065], [72.9372264467318, 19.163856991873192], [72.93731118007472, 19.16384029746156], [72.9373969606821, 19.16382946014586], [72.93748334086338, 19.163824536572548], [72.93756986966413, 19.163825552351426], [72.93831784372203, 19.16378126423361], [72.93848055401918, 19.163771098056195], [72.93864265436774, 19.163754297585182], [72.93874510921184, 19.163739421919512], [72.93882402866575, 19.15739071551544]]]}}, {"type": "Feature", "properties": {"grid_id": "cell_0293", "ward_id": "R/N", "ward_gid": 15, "area_m2": 882583.5306264099, "LST_C": 31.378943289027717, "NDVI": 0.5172492495769473, "NDVI_prev": 0.4987820123378219, "impervious_pct": 21.67723897423566}, "geometry": {"type": "Polygon", "coordinates": [[[72.87113576434746, 19.246944200938234], [72.88064451639718, 19.24705461987347], [72.88072220188432, 19.24100513708756], [72.88065107424725, 19.240960420804722], [72.88065101628757, 19.240960384292094], [72.8806508870842, 19.24096030301977], [72.88064525789082, 19.240956757527183], [72.88064439075983, 19.240956211236917], [72.88064335531708, 19.24095556027857], [72.88032089340504, 19.24075246377203], [72.87968213438693, 19.2403483092734], [72.8796820945353, 19.240348284532036], [72.879648039854, 19.24032664181437], [72.87910377010506, 19.239935695298], [72.87844574185581, 19.239463032123417], [72.87837559998404, 19.23941892726487], [72.87837492379035, 19.239418502047556], [72.87837484168355, 19.23941845022411], [72.87805363560031, 19.23921598946102], [72.87766306618451, 19.238976051150868], [72.87766304404151, 19.238976202388223], [72.87297489851568, 19.238377504407435], [72.87286552809245, 19.238370318770237], [72.87244887628843, 19.238326749709355], [72.87124954673527, 19.2381225965761], [72.87113576434746, 19.246944200938234]]]}}, {"type": "Feature", "properties": {"grid_id": "cell_0294", "ward_id": "P/N", "ward_gid": 21, "area_m2": 880887.5190928192, "LST_C": 31.473866052856906, "NDVI": 0.44747546825292295, "NDVI_prev": 0.4475045613669179, "impervious_pct": 11.748818111615456}, "geometry": {"type": "Polygon", "coordinates": [[[72.78676849595874, 19.155621151853094], [72.79627147059786, 19.155735431492396], [72.7963914335789, 19.14670461321579], [72.78909442478455, 19.14661694532387], [72.78913980315446, 19.147115399057952], [72.78914431195207, 19.147891994873955], [72.78906278322178, 19.148685278668033], [72.78872584401392, 19.149750657417076], [72.78843401619203, 19.15046720958152], [72.78825068306676, 19.15084621323449], [72.78808286220166, 19.151175987140896], [72.7878557171648, 19.151497986932018], [72.78752947575501, 19.152009398145225], [72.78713695202315, 19.15247765328602], [72.78680565366281, 19.152836465856463], [72.78676849595874, 19.155621151853094]]]}}, {"type": "Feature", "properties": {"grid_id": "cell_0295", "ward_id": "M/E", "ward_gid": 16, "area_m2": 879591.9107986889, "LST_C": 30.573243228381102, "NDVI": 0.3893448612734726, "NDVI_prev": 0.20502319367580407, "impervious_pct": 0.5325492919472211}, "geometry": {"type": "Polygon", "coordinates": [[[72.94977525438209, 19.040084147594076], [72.94966430724836, 19.04911597300973], [72.95916221051742, 19.04922126182165], [72.95919821306691, 19.046277345099647], [72.95919097086504, 19.046256379840617], [72.95910775851188, 19.046053463307512], [72.9588306505606, 19.045394143262126], [72.95882932844681, 19.045393587557413], [72.95863196230773, 19.04490296611252], [72.95853818998697, 19.04467187761662], [72.95833919264419, 19.044194679170925], [72.95790537194883, 19.043543809405573], [72.95760452130781, 19.043106518054863], [72.95760381504189, 19.043073108711372], [72.95736308550178, 19.042755585455705], [72.95696593559319, 19.042166031826795], [72.95669898594555, 19.041764690198065], [72.95617038656805, 19.041164990996798], [72.95581718584253, 19.040774619933572], [72.95524852933791, 19.040148153285504], [72.95524554497622, 19.04014482041653], [72.94977525438209, 19.040084147594076]]]}}, {"type": "Feature", "properties": {"grid_id": "cell_0296", "ward_id": "R/C", "ward_gid": 11, "area_m2": 879223.8490426706, "LST_C": 29.072527558250933, "NDVI": 0.6492338870010639, "NDVI_prev": 0.6510447576719925, "impervious_pct": 0}, "geometry": {"type": "Polygon", "coordinates": [[[72.90012153537367, 19.21114854414313], [72.90000680203237, 19.220179916766963], [72.90951419109817, 19.220288690161926], [72.9095414709252, 19.21813202584454], [72.90824511438188, 19.216870690120338], [72.90824486739373, 19.216870446125924], [72.90754638557794, 19.211233495203754], [72.90012153537367, 19.21114854414313]]]}}, {"type": "Feature", "properties": {"grid_id": "cell_0297", "ward_id": "P/N", "ward_gid": 21, "area_m2": 872295.0703902193, "LST_C": 33.32826230271601, "NDVI": 0.29998148990238843, "NDVI_prev": 0.2895776856644516, "impervious_pct": 69.21748589816247}, "geometry": {"type": "Polygon", "coordinates": [[[72.84331716457254, 19.19242378828621], [72.83381178693075, 19.192311736144397], [72.83371633303513, 19.199603403026163], [72.83372368236931, 19.19960716712424], [72.83375086630845, 19.199621089302408], [72.83389659925186, 19.199695728574127], [72.83390526036527, 19.20004788217979], [72.83390530155285, 19.200047896540298], [72.83390645067364, 19.200048149442598], [72.83408489209104, 19.200087420146303], [72.83411095664536, 19.2000931562515], [72.8342289145514, 19.20011911588258], [72.83450094783332, 19.200256563300005], [72.83479810759077, 19.20040563398], [72.83492718114027, 19.20047038370874], [72.83508615758618, 19.200547757938317], [72.83522852579804, 19.200647333927503], [72.83539759520309, 19.20076558593714], [72.83560143101538, 19.200908152871005], [72.83569902567818, 19.200934291990972], [72.83593168717792, 19.200996607394785], [72.8360758902717, 19.200953932389314], [72.83609245843604, 19.200943918056932], [72.83635508303384, 19.20078519707609], [72.8363553123117, 19.200785159317483], [72.83647374472133, 19.200765047206804], [72.83651641277915, 19.200757801197934], [72.8366887949006, 19.200728528549703], [72.83676705093913, 19.20071523964897], [72.83678309413672, 19.2007125155036], [72.83681829672896, 19.20070653747366], [72.83685211624693, 19.200700793997935], [72.83692477287492, 19.20068845635386], [72.83695420774907, 19.200683458855266], [72.83698454152663, 19.200678306630735], [72.83698985206838, 19.200671897183206], [72.83701794095441, 19.200670906029764], [72.8373104736176, 19.20066061022411], [72.83739153063458, 19.200655260999095], [72.83745351398433, 19.20065117003383], [72.83761293016443, 19.200640650009465], [72.83772950350038, 19.200656897976323], [72.83790985350352, 19.200682035178275], [72.83797849769834, 19.200675388899988], [72.83802558092694, 19.2006708294752], [72.83809251801974, 19.2006643491571], [72.8381959500621, 19.200588284030108], [72.83844810165758, 19.20052811594151], [72.83866417930993, 19.20050689708943], [72.83870756762259, 19.20050263613313], [72.83873739727856, 19.2005016016507], [72.8388591058306, 19.200497380861105], [72.83898553699098, 19.20049299831444], [72.83900025976826, 19.20048915659097], [72.83903669044433, 19.200477380638283], [72.83905235506961, 19.20047270486935], [72.8391203438557, 19.200450638949217], [72.83913694787779, 19.20044513025833], [72.83916642535183, 19.200436585829184], [72.839185353864, 19.200429854739678], [72.83924616052033, 19.200411962198284], [72.83927051875303, 19.20040627436769], [72.8393577410558, 19.200393906268392], [72.8393687910959, 19.20039081086934], [72.83938740469048, 19.200392724045958], [72.83951444276819, 19.200407745006387], [72.83975731513355, 19.200427035383385], [72.83986989792527, 19.200374345756092], [72.83988634576427, 19.20036607079876], [72.83991045219469, 19.200353942469032], [72.8399239339115, 19.200349057068653], [72.84001846242296, 19.20031480211664], [72.84003735223698, 19.200307956019785], [72.84011528025037, 19.20028276152572], [72.84012333387265, 19.200280155661822], [72.84042721241825, 19.20021237057974], [72.84044606863053, 19.200209681559308], [72.84049465226104, 19.20020847349735], [72.8405604635572, 19.200206835975838], [72.8405964754567, 19.20018853407443], [72.84068633981825, 19.200142861159243], [72.8407044707166, 19.200133646345332], [72.84071141069265, 19.20013011860024], [72.84072498680855, 19.200123219078627], [72.84080826215471, 19.200059026715607], [72.84088665776147, 19.200001717200497], [72.84089880544975, 19.19999283885029], [72.8409114632122, 19.199985252147158], [72.84095928180463, 19.19995659254897], [72.84096169436327, 19.199955148030714], [72.84096189023441, 19.199955059002004], [72.84098959772466, 19.19994253590995], [72.84101121390027, 19.199926045992648], [72.84116392578633, 19.19980955080488], [72.84126836233229, 19.199703739739768], [72.84161529221542, 19.199648537884055], [72.84174159928018, 19.199629185530227], [72.8419096890586, 19.19961351716573], [72.84216287130751, 19.199551959210606], [72.84240774756135, 19.199469987220986], [72.84259310874248, 19.199393963432755], [72.8428865212565, 19.199012236502078], [72.8429861142827, 19.198878127139864], [72.84310501064456, 19.198722965865976], [72.84316882895723, 19.198634817932394], [72.84323793691287, 19.198502834049773], [72.84331716457254, 19.19242378828621]]]}}, {"type": "Feature", "properties": {"grid_id": "cell_0298", "ward_id": "N", "ward_gid": 10, "area_m2": 869751.5543625078, "LST_C": 29.425097993313116, "NDVI": 0.6249412676948616, "NDVI_prev": 0.5804852711434967, "impervious_pct": 0}, "geometry": {"type": "Polygon", "coordinates": [[[72.9396082209133, 19.09416891172386], [72.93949638270163, 19.103200626437772], [72.94774279665317, 19.103292745399], [72.94776190914888, 19.10296076628844], [72.94776850454858, 19.102707742394795], [72.94777378028745, 19.102505459304673], [72.94781420811273, 19.10129423232736], [72.94781855971746, 19.10114396808302], [72.94782434135223, 19.100944402298587], [72.94781594327725, 19.100946413376114], [72.94780437427455, 19.100255871331445], [72.94779769770655, 19.100155909072416], [72.94779095737185, 19.100082918645953], [72.947790931222, 19.100078721621763], [72.94778925416188, 19.099806693943528], [72.94778597497705, 19.099551464238246], [72.9477820948651, 19.099095109831485], [72.94777924475774, 19.099075192811572], [72.94777564587122, 19.09898994618924], [72.94777749202518, 19.098948427599733], [72.94777408158507, 19.098877023444125], [72.94777720206064, 19.098766003776593], [72.94777723615894, 19.098764856965264], [72.94777983855913, 19.098672190197277], [72.94778479466063, 19.098536989764153], [72.94778850446498, 19.098435735013776], [72.94779497630311, 19.09818417928539], [72.947803451194, 19.097987703838992], [72.9478035230928, 19.09798603443793], [72.94780659371769, 19.097914875944834], [72.94781315702456, 19.097762681553945], [72.94783395985588, 19.097110973475537], [72.94783798156213, 19.096950434054413], [72.9478416685808, 19.09680324077821], [72.9478799227292, 19.094732105281675], [72.94788343045646, 19.094419641166883], [72.9478833984133, 19.094414996037514], [72.94788339691411, 19.094414963501986], [72.94788338739887, 19.094413654513193], [72.94788230596978, 19.09426129717729], [72.9396082209133, 19.09416891172386]]]}}, {"type": "Feature", "properties": {"grid_id": "cell_0299", "ward_id": "S", "ward_gid": 12, "area_m2": 869346.3153782538, "LST_C": 37.06383274323306, "NDVI": 0.2878866813878801, "NDVI_prev": 0.27372598642536733, "impervious_pct": 76.30055155829542}, "geometry": {"type": "Polygon", "coordinates": [[[72.92943280520295, 19.148252196652134], [72.92954547509642, 19.139220583593183], [72.920042614485, 19.139113286168406], [72.91999264580033, 19.143101109111328], [72.9206668931377, 19.14406314695703], [72.92086027276358, 19.14406990665876], [72.92164264901722, 19.144613032347745], [72.92215579108885, 19.145308192038513], [72.92237857227835, 19.145531667359233], [72.92261342155021, 19.145752218569775], [72.92275500030055, 19.14602704670224], [72.92296509450527, 19.14629776253646], [72.92310979010811, 19.146727264504957], [72.923162092056, 19.1468784017381], [72.9232453505139, 19.147052566756503], [72.92333894646774, 19.147336395407972], [72.9233975393949, 19.147594282590358], [72.92343829051198, 19.147725768321692], [72.92354974196553, 19.148146970712776], [72.92356229351296, 19.14818594030612], [72.92943280520295, 19.148252196652134]]]}}, {"type": "Feature", "properties": {"grid_id": "cell_0300", "ward_id": "T", "ward_gid": 13, "area_m2": 864087.3410397432, "LST_C": 29.979017491712728, "NDVI": 0.3934374886404242, "NDVI_prev": 0.3028408118679086, "impervious_pct": 1.958427574660252}, "geometry": {"type": "Polygon", "coordinates": [[[72.96744694389167, 19.14867669600799], [72.96755086852474, 19.140190509420698], [72.96703418073464, 19.13973272303222], [72.96683590646232, 19.139636885925203], [72.95805443623644, 19.13953953246148], [72.95799559516453, 19.144322689068375], [72.95804048702374, 19.14437536682533], [72.9582248517597, 19.14456802994174], [72.95838919898804, 19.144701314280223], [72.95869112265413, 19.144895283135753], [72.95998205898132, 19.145646858308247], [72.96096234775787, 19.146085078703244], [72.96134606993958, 19.146289553536775], [72.96142243190428, 19.146353067284647], [72.96149395581249, 19.146421479412115], [72.96156029451987, 19.146494457957843], [72.96162112613183, 19.146571648730287], [72.96167615538782, 19.14665267712944], [72.9617251152359, 19.14673714997084], [72.96176776810405, 19.146824657233847], [72.96180390693726, 19.146914774313295], [72.9618333563535, 19.14700706387495], [72.96185597341612, 19.14710107799571], [72.961871648404, 19.147196360484692], [72.96185864791053, 19.147284696150017], [72.96183948530042, 19.147372012746445], [72.96181424566329, 19.14745792243392], [72.96178304108174, 19.147542043705343], [72.96174601015608, 19.147624002935213], [72.96160602754951, 19.14799428124988], [72.96156916313753, 19.148136884274756], [72.9615369041563, 19.1483129078849], [72.96152570221516, 19.148408124934786], [72.9615041180766, 19.14853182919671], [72.96146891344289, 19.148610461194295], [72.96744694389167, 19.14867669600799]]]}}, {"type": "Feature", "properties": {"grid_id": "cell_0301", "ward_id": "F/N", "ward_gid": 8, "area_m2": 863309.3393545687, "LST_C": 33.833618471534294, "NDVI": 0.31864038135196393, "NDVI_prev": 0.2900314710139267, "impervious_pct": 62.346234623462344}, "geometry": {"type": "Polygon", "coordinates": [[[72.85515268426406, 19.01191108419581], [72.85503680385271, 19.020942387847686], [72.86453252946448, 19.021052388588856], [72.86462547305567, 19.013776903548514], [72.86455395711099, 19.01388347969688], [72.86449005750286, 19.013971875793366], [72.86440126726197, 19.014070915782433], [72.86437160245994, 19.014109253978305], [72.86435871149003, 19.014149467785295], [72.86430669308959, 19.01427668205353], [72.86427501331102, 19.014334337420287], [72.86425427397964, 19.014366051584314], [72.86423362060269, 19.014391039622343], [72.86421128521944, 19.01440928110256], [72.86412400150157, 19.014459566704716], [72.864031403251, 19.014510631707466], [72.86400630850373, 19.01453725016115], [72.863985612063, 19.01456560122588], [72.86398098816676, 19.014581524698908], [72.86398075184269, 19.014600021570534], [72.86398459157428, 19.01464547405113], [72.86400214513125, 19.014724720650907], [72.86400330076737, 19.014772664758194], [72.86399590678877, 19.014797806051366], [72.86397885359071, 19.01481779029116], [72.86395952768387, 19.01483220623409], [72.86394062567163, 19.014838871352598], [72.86390153704221, 19.01483945204944], [72.86384847417544, 19.014829201722804], [72.86382744085809, 19.01483274455861], [72.86376023086952, 19.014877469400307], [72.86376661826827, 19.014912995317456], [72.86377172127713, 19.014966843471864], [72.8637829872639, 19.015042863331626], [72.86379101930503, 19.015155775095916], [72.86359755196483, 19.01509350821689], [72.86359735331646, 19.015093720284202], [72.86327412622252, 19.014991281115517], [72.86316817646996, 19.01495109675014], [72.86310056428444, 19.014925452913737], [72.86309930867174, 19.01492497014039], [72.86319166583868, 19.015293136600018], [72.86315497396737, 19.015267519012955], [72.86308509979767, 19.015218732119127], [72.8626911966965, 19.01494370844127], [72.86066471443166, 19.01352879003047], [72.86041846456835, 19.013356851288467], [72.85832119368291, 19.011947826432603], [72.85515268426406, 19.01191108419581]]]}}, {"type": "Feature", "properties": {"grid_id": "cell_0302", "ward_id": "G/N", "ward_gid": 9, "area_m2": 853670.382335608, "LST_C": 34.00791333002348, "NDVI": 0.22076901088834394, "NDVI_prev": 0.1825476145343049, "impervious_pct": 72.77504628837266}, "geometry": {"type": "Polygon", "coordinates": [[[72.8451915715006, 19.047925584696983], [72.84530816142605, 19.0388943659384], [72.8379150149465, 19.038807925388852], [72.83789182947814, 19.039035923505146], [72.83783502773547, 19.03941974309975], [72.83776257200887, 19.039774288154096], [72.83767207793316, 19.040165358112723], [72.83757982498567, 19.040577491140386], [72.83750155849445, 19.040914175582007], [72.83746543818835, 19.04119034882354], [72.83741939946067, 19.041533917784246], [72.83737889336679, 19.041908556640195], [72.83736894383402, 19.0420463218503], [72.83736169642509, 19.042107850626433], [72.8373590020662, 19.04214939585663], [72.83735809126198, 19.04218472591585], [72.83735953324698, 19.042246221917146], [72.83736697631049, 19.042324718831694], [72.83737501883915, 19.04237454173377], [72.83738228759854, 19.04240974994646], [72.8373925993592, 19.04245128136674], [72.83739382559084, 19.042455512270106], [72.83737585963651, 19.043102926527776], [72.83727023545254, 19.044055315385805], [72.8364262407103, 19.046196626016048], [72.83623049837135, 19.046904006030488], [72.83624691582293, 19.047436454708695], [72.836492173963, 19.04782379433845], [72.8451915715006, 19.047925584696983]]]}}, {"type": "Feature", "properties": {"grid_id": "cell_0303", "ward_id": "A", "ward_gid": 1, "area_m2": 852521.8762038876, "LST_C": 28.018877531028064, "NDVI": -0.04173692988972052, "NDVI_prev": -0.29055502415359935, "impervious_pct": 17.092641171861906}, "geometry": {"type": "Polygon", "coordinates": [[[72.8183481086775, 18.921155147005706], [72.8184653047418, 18.91212396589696], [72.80897603415609, 18.912012217297907], [72.80892743561316, 18.915741653093068], [72.8093926747954, 18.916308660052817], [72.80962091823802, 18.91658885420832], [72.80974805491203, 18.916744927043005], [72.80995429535619, 18.91699811143602], [72.81027899155158, 18.917383114628837], [72.81103157373354, 18.91821167426266], [72.81378673474723, 18.92110146674376], [72.8183481086775, 18.921155147005706]]]}}, {"type": "Feature", "properties": {"grid_id": "cell_0304", "ward_id": "N", "ward_gid": 10, "area_m2": 851923.6600407527, "LST_C": 33.223563747774904, "NDVI": 0.4718166163642042, "NDVI_prev": 0.4442307796067645, "impervious_pct": 7.004659643435982}, "geometry": {"type": "Polygon", "coordinates": [[[72.93938448143211, 19.112232331672224], [72.93949638270163, 19.103200626437772], [72.92999552071622, 19.103094036388327], [72.92990962601529, 19.109995369456048], [72.93050471166829, 19.109774273978775], [72.93113299000795, 19.109536373803152], [72.93131212329027, 19.109468543732376], [72.93295970413146, 19.108846943883695], [72.93310340659711, 19.108805854800874], [72.93313783260798, 19.108804377138803], [72.9331721156448, 19.10880770255176], [72.93320551814118, 19.108815759490426], [72.93323732143256, 19.108828374582277], [72.93326897349395, 19.108846726843677], [72.93329719421301, 19.10886958387784], [72.93332128086423, 19.108896376524967], [72.93402100620244, 19.110655057047968], [72.93407004602419, 19.110775709884035], [72.93461734990234, 19.11086651286063], [72.9356674180653, 19.112190669457735], [72.93938448143211, 19.112232331672224]]]}}, {"type": "Feature", "properties": {"grid_id": "cell_0305", "ward_id": "P/N", "ward_gid": 21, "area_m2": 851692.1730020124, "LST_C": 34.15962312131443, "NDVI": 0.28831676611497925, "NDVI_prev": 0.25597959510341883, "impervious_pct": 71.86006194362746}, "geometry": {"type": "Polygon", "coordinates": [[[72.85293973645214, 19.183504225951708], [72.86244472849108, 19.183615237994207], [72.8625566919962, 19.17493917254666], [72.86103999152712, 19.174633961915692], [72.86063039354013, 19.174561548271587], [72.85946089608595, 19.174547909740443], [72.85944549286124, 19.174753915725763], [72.85944526440674, 19.174755926412978], [72.85944227146949, 19.174782302633815], [72.85944191310996, 19.174785465260435], [72.85943433842357, 19.17485222217885], [72.85943001522364, 19.174890328790088], [72.85941285232315, 19.175041589742712], [72.85937801443836, 19.17540044836702], [72.85839443514514, 19.175377972866258], [72.85797790705689, 19.175364862137833], [72.85786601629584, 19.175364053992798], [72.85776178904946, 19.17539630440747], [72.85770204515353, 19.175429074076398], [72.85756761563151, 19.175503246038986], [72.8574347661722, 19.175598573535733], [72.85720814738791, 19.17579922202234], [72.85718203961984, 19.175829396483994], [72.85715067630134, 19.17586564626187], [72.85709850690601, 19.17596332849266], [72.85708086569585, 19.176006410546314], [72.85706045159209, 19.176100013078894], [72.8570619492918, 19.176416658159944], [72.85706654246597, 19.176752389806737], [72.85706939593105, 19.17696096085371], [72.85706627303398, 19.177025375512507], [72.85705885713588, 19.177178340477997], [72.85705335203093, 19.177230586987058], [72.85704580848547, 19.1772495685596], [72.85699865444225, 19.177308749303005], [72.85695000524919, 19.177344975056215], [72.85687433164773, 19.17739961135809], [72.85679836505615, 19.17744720606128], [72.85678116362148, 19.177459785243176], [72.85676758131646, 19.177469853205583], [72.8567645135196, 19.17747258027346], [72.85669850108623, 19.177484325046464], [72.8566230813981, 19.17749078589081], [72.85657002717892, 19.177485577436254], [72.85652474609286, 19.17747678881651], [72.85629948483178, 19.177377840479213], [72.85626309598601, 19.177359961781267], [72.85622656320355, 19.177344758633428], [72.85602651423906, 19.177261508734606], [72.8559400220888, 19.17723693039304], [72.85589392376207, 19.17722383108018], [72.85587220861997, 19.177218678658942], [72.85569667562656, 19.1771770291775], [72.85562423405263, 19.17715942744237], [72.8555196382013, 19.177134013397], [72.85517356122705, 19.177049925347884], [72.8551716792856, 19.177049468089706], [72.85437938592143, 19.17684458680377], [72.8540949186304, 19.176770817447117], [72.85379706713525, 19.176696392808925], [72.85333048594954, 19.176713708893672], [72.85304180053868, 19.17672442219001], [72.8530276721623, 19.176720629724354], [72.85293973645214, 19.183504225951708]]]}}, {"type": "Feature", "properties": {"grid_id": "cell_0306", "ward_id": "T", "ward_gid": 13, "area_m2": 847978.9340492057, "LST_C": 26.745615771671105, "NDVI": 0.04264741979783997, "NDVI_prev": 0.014484815118974204, "impervious_pct": 0}, "geometry": {"type": "Polygon", "coordinates": [[[72.90092286615392, 19.147928668610298], [72.91042611525911, 19.148037002074588], [72.91052201354066, 19.140420029215253], [72.91032637016826, 19.140257723674498], [72.91014369915783, 19.14011537079939], [72.91003017807942, 19.140026535810552], [72.90998840884589, 19.140011835960724], [72.90994136197291, 19.140004079210595], [72.90985274413339, 19.139978257397743], [72.90972735804596, 19.13994461950366], [72.90950608794253, 19.139887909593874], [72.90920297653442, 19.13980676235585], [72.9088296809684, 19.139706232011733], [72.9086890598014, 19.139672021746115], [72.90847723513646, 19.13961536032326], [72.90827330996729, 19.139558588949086], [72.90817479527725, 19.139531544501], [72.90811401074745, 19.13951991575488], [72.9079438594297, 19.13947327663227], [72.90764535002414, 19.139395275768052], [72.90736227227349, 19.139325232796104], [72.90708245507653, 19.14004822373285], [72.90696028425835, 19.140260754927482], [72.90662827806518, 19.140304735235155], [72.90654270306425, 19.140184779764013], [72.90644879927692, 19.140050085440162], [72.90643811500121, 19.139950131624136], [72.90620046441256, 19.139725958580602], [72.90616201633796, 19.13967600014083], [72.90596059235978, 19.139764820702702], [72.90553682750101, 19.139970449257742], [72.90532719418617, 19.1400670990581], [72.90526155375714, 19.140107616241238], [72.90496017746887, 19.14024861319244], [72.90478093255491, 19.140345607820375], [72.90477888900423, 19.140571143715228], [72.90481415864836, 19.140969889311496], [72.90456792937967, 19.14102785623751], [72.90427585630044, 19.14110306929801], [72.9037944417648, 19.141237597471342], [72.90347907461813, 19.141242867442323], [72.90347898336798, 19.14124286820787], [72.90309951221707, 19.141248362772462], [72.90309946753086, 19.141248364069135], [72.9030994209555, 19.141248364440983], [72.90307172721577, 19.14124876835748], [72.90262684705161, 19.141257806148868], [72.90207383765912, 19.14126314617087], [72.902073746409, 19.141263146935728], [72.901982801329, 19.141264066096564], [72.90202472196654, 19.14084164257322], [72.90195754195602, 19.14052751382598], [72.90178006376229, 19.140473012714157], [72.90159827688008, 19.140413595392904], [72.90117818032066, 19.140642885754218], [72.9010527079218, 19.14042026043176], [72.90101857477295, 19.14036117321209], [72.90092286615392, 19.147928668610298]]]}}, {"type": "Feature", "properties": {"grid_id": "cell_0307", "ward_id": "P/S", "ward_gid": 20, "area_m2": 847228.3624180268, "LST_C": 32.860054441550496, "NDVI": 0.3741561992334972, "NDVI_prev": 0.30148668002244816, "impervious_pct": 0}, "geometry": {"type": "Polygon", "coordinates": [[[72.8246623177317, 19.165106306319853], [72.82478079840944, 19.15607532523552], [72.81980821927274, 19.15601635978058], [72.8197459187818, 19.156037647018195], [72.81966038937831, 19.156066076233888], [72.81927567721864, 19.1561923767255], [72.81887642002742, 19.15632071877614], [72.818225296819, 19.156534817842463], [72.81787293783707, 19.15620872216599], [72.81757901201502, 19.155989881864098], [72.81527762211358, 19.15596251819855], [72.81522313348287, 19.160098392297762], [72.81617497648769, 19.161032215561452], [72.82027480381589, 19.16505426207452], [72.8246623177317, 19.165106306319853]]]}}, {"type": "Feature", "properties": {"grid_id": "cell_0308", "ward_id": "L", "ward_gid": 24, "area_m2": 847096.0663878776, "LST_C": 39.02840936978429, "NDVI": 0.2498489622147408, "NDVI_prev": 0.20028691186893807, "impervious_pct": 87.1648973481776}, "geometry": {"type": "Polygon", "coordinates": [[[72.89210712112748, 19.093631339428715], [72.8919927091551, 19.102662780704208], [72.90149331600814, 19.10277132891989], [72.90151694032868, 19.100898454785792], [72.90133736038918, 19.10071614592781], [72.90118708544898, 19.10060872633324], [72.90109206383855, 19.10050229458595], [72.90098772932268, 19.10038543141931], [72.9009473543332, 19.100245222703364], [72.90093267645753, 19.10019425089801], [72.90091912884385, 19.10014720223725], [72.90077288576532, 19.09978718539891], [72.90070480370686, 19.099574996170446], [72.90069874076062, 19.09956860000349], [72.90058509380465, 19.099448706393133], [72.90055338152793, 19.09943012311525], [72.90038440486356, 19.09933110224632], [72.90032652368251, 19.09931506706067], [72.89999064593698, 19.09922201766314], [72.89996002704596, 19.099199035402805], [72.89986160058314, 19.09912495153824], [72.89978156509649, 19.099064710201194], [72.89968724999879, 19.0989937207435], [72.89958669663001, 19.098805893626253], [72.89953501420716, 19.098650917365877], [72.89950164703167, 19.098465793453997], [72.89938292437257, 19.097789823444874], [72.89937770612613, 19.097760112350034], [72.8993068271245, 19.097541210732263], [72.89923392595927, 19.097298674797567], [72.89917118952113, 19.097107859118246], [72.89910263009443, 19.09688964233696], [72.89903947384649, 19.096690203517095], [72.89893638021222, 19.096448215927246], [72.89889563020749, 19.096353542412093], [72.89886722083924, 19.09628179128971], [72.8988410738157, 19.096213430583077], [72.89879360069101, 19.096097456836283], [72.89879119806976, 19.096091587557606], [72.89876318547611, 19.09601773663906], [72.89896622148204, 19.095928943037844], [72.89900949891724, 19.095910016516143], [72.89934035485678, 19.095765322612795], [72.89937969596872, 19.095568100171985], [72.89938773025841, 19.09553446213146], [72.8993951337666, 19.09549493936852], [72.89942770082313, 19.095326675125737], [72.89951625675079, 19.095117187022915], [72.89953805170673, 19.094863995534933], [72.89955403927746, 19.09480753985245], [72.8995932194484, 19.09466938178052], [72.89968403558714, 19.094664289531114], [72.89970146120022, 19.094551786381285], [72.89969478384742, 19.094391214576927], [72.89969273921311, 19.094342047463762], [72.89967955510787, 19.094209047997435], [72.89966958052838, 19.09416153059051], [72.89964598544942, 19.09405539318133], [72.89961484032973, 19.093951670225007], [72.89957587323283, 19.09382354178344], [72.89949676461788, 19.093823091674427], [72.8994407670025, 19.093752565443765], [72.89941250176848, 19.093714811920986], [72.89210712112748, 19.093631339428715]]]}}, {"type": "Feature", "properties": {"grid_id": "cell_0309", "ward_id": "G/N", "ward_gid": 9, "area_m2": 843615.7359117084, "LST_C": 32.54489365295909, "NDVI": 0.19763347729077316, "NDVI_prev": 0.17647559361432263, "impervious_pct": 79.17429350842598}, "geometry": {"type": "Polygon", "coordinates": [[[72.84530816142605, 19.0388943659384], [72.84542468550788, 19.02986313767014], [72.83594823235637, 19.02975233619112], [72.83610219005777, 19.03018888032922], [72.83626322039984, 19.030572734614186], [72.83644872732792, 19.03095265285869], [72.83659285656728, 19.031267035616807], [72.83663770466636, 19.031356096261366], [72.836639449205, 19.03136256232599], [72.83672819790267, 19.031691430262693], [72.83681871012686, 19.031908725296056], [72.83692729671384, 19.032148304865736], [72.83710118481666, 19.0324744973582], [72.83728669016841, 19.032846310116096], [72.83737786430514, 19.033172622972838], [72.83746165059159, 19.033514767347125], [72.83749835436788, 19.033772234721688], [72.83750748955404, 19.033959323653953], [72.83754695429711, 19.03436356799358], [72.83762412594777, 19.03494688618208], [72.83771128692281, 19.03533369625419], [72.83780875320149, 19.035825118254817], [72.83789408775424, 19.03622349475664], [72.83795702649226, 19.03665202157186], [72.83802374153974, 19.037277080393544], [72.83798456060455, 19.0376769812362], [72.83798317328703, 19.03768869104635], [72.83794945370275, 19.038144678393355], [72.83792361877335, 19.038723317996045], [72.8379150149465, 19.038807925388852], [72.84530816142605, 19.0388943659384]]]}}, {"type": "Feature", "properties": {"grid_id": "cell_0310", "ward_id": "R/N", "ward_gid": 15, "area_m2": 841941.7988599672, "LST_C": 31.8228133060811, "NDVI": 0.4738554281241755, "NDVI_prev": 0.47332781422470016, "impervious_pct": 27.89665426045175}, "geometry": {"type": "Polygon", "coordinates": [[[72.8710192142654, 19.25597536872488], [72.86151000795296, 19.255864400296666], [72.86139287260166, 19.264895502458888], [72.8660122500106, 19.264949494708386], [72.86598675481859, 19.264842202663516], [72.86593532285582, 19.26466356094732], [72.8659346939005, 19.264661377676987], [72.86593441179278, 19.26466009989886], [72.86606777836535, 19.264473087525907], [72.86618987101818, 19.264296954922113], [72.86631772936141, 19.26411440418832], [72.86644043626558, 19.263936257064472], [72.86661088442015, 19.26369111213783], [72.86672510671643, 19.263528624725858], [72.86682186357, 19.263387969068443], [72.86692292380451, 19.263242698279342], [72.86702576800432, 19.263097142936115], [72.86708508058653, 19.263010567587067], [72.86708543539224, 19.2630100496489], [72.8671269688707, 19.26295780799104], [72.8674863040372, 19.262623702750208], [72.86789507296008, 19.262227394676096], [72.86811919489499, 19.262014564531803], [72.86811953586128, 19.262014160239232], [72.8681228209121, 19.262010265799894], [72.86812315512825, 19.262009868654616], [72.86834802275679, 19.261745717865818], [72.86834818017962, 19.261745532728725], [72.86862568543042, 19.2614159126228], [72.86884478988982, 19.26115071384904], [72.86884941611451, 19.26114511433655], [72.8688527688586, 19.261141057181646], [72.86885313247272, 19.261141990865557], [72.868889589145, 19.261235422689353], [72.86888229260965, 19.261286467030704], [72.86886345560879, 19.261419836384242], [72.86886338573481, 19.261421636651306], [72.86883760373405, 19.261624099572234], [72.86884375068657, 19.261656989038315], [72.86885383025353, 19.2617088022888], [72.86885420571714, 19.261710732396285], [72.86890684584186, 19.261950557547898], [72.86892053404462, 19.262002654937827], [72.86909153535822, 19.262105007690803], [72.86909268207599, 19.262105693980114], [72.86935773187142, 19.262092910715108], [72.86938855184324, 19.262068145120324], [72.86940571963817, 19.262054350253095], [72.86958735363402, 19.261930821391044], [72.86984084498782, 19.26177268521934], [72.8699151885257, 19.26172756882438], [72.86990910308467, 19.261693508576524], [72.86989511912577, 19.261617901583577], [72.86988565705457, 19.261516354426547], [72.86986117442078, 19.261459482267092], [72.86984989778979, 19.2613830288601], [72.86984829634844, 19.261372265124503], [72.86978286056238, 19.261316709593252], [72.86972989241168, 19.261236225987375], [72.86972963763827, 19.261235627776003], [72.86974732587129, 19.261230274391856], [72.86976501405667, 19.261224924618336], [72.86976925858231, 19.261169879380848], [72.8697717031989, 19.261134669335757], [72.86972556683932, 19.261071630344112], [72.86982250835997, 19.260933811988714], [72.86975254770726, 19.26080079421514], [72.86968995592923, 19.26068178590873], [72.86981540849824, 19.26061107622797], [72.86985138561239, 19.260615925895674], [72.86991039222939, 19.260665851477178], [72.86994640782885, 19.26081982292008], [72.8699645773047, 19.26091274974521], [72.86996508045726, 19.260912674315282], [72.86996560316227, 19.260915281769034], [72.86998020168593, 19.260987932353128], [72.87010502316816, 19.261077333567247], [72.87063343761297, 19.261172497660766], [72.87080046175474, 19.2612048917467], [72.87095196395917, 19.26118411562729], [72.8710192142654, 19.25597536872488]]]}}, {"type": "Feature", "properties": {"grid_id": "cell_0311", "ward_id": "K/W", "ward_gid": 14, "area_m2": 838993.9234651279, "LST_C": 33.13205127413849, "NDVI": 0.2961129712397364, "NDVI_prev": 0.28086959519645965, "impervious_pct": 54.73359788255121}, "geometry": {"type": "Polygon", "coordinates": [[[72.83510793281602, 19.092970107348492], [72.83519200438295, 19.08650519256291], [72.83486318176799, 19.08648259839799], [72.83451765243794, 19.086490350524556], [72.8345176893559, 19.086490083307705], [72.83435993528532, 19.08647772046584], [72.8343140738357, 19.086490721084697], [72.83430792324633, 19.08649246510163], [72.834297999306, 19.086495278210425], [72.83407019747303, 19.086559852453068], [72.83404654482744, 19.086543194758082], [72.83404237582533, 19.08654025863014], [72.83403568347516, 19.08653554537095], [72.83399094095783, 19.086504036433713], [72.83398517419307, 19.086503516641244], [72.83396607614905, 19.08650179514521], [72.83378326985913, 19.08648532050548], [72.83333007416928, 19.08644447628936], [72.83331196561954, 19.08644284306857], [72.83297306623516, 19.086423083218016], [72.83280466849519, 19.08640498301299], [72.83270332130745, 19.086384643547245], [72.83269272870346, 19.086382518878935], [72.83268708859876, 19.086381387194788], [72.83266610632184, 19.08637717626489], [72.83252167606388, 19.086369670393783], [72.83247624656529, 19.08614998782434], [72.83221038150973, 19.084864340084923], [72.83219604042245, 19.084833430900776], [72.8304069601234, 19.08535501703488], [72.83037517770259, 19.085274819824264], [72.83037264303188, 19.085267753602967], [72.83034673099827, 19.085195493859096], [72.83031448812709, 19.085103536103837], [72.83026012500386, 19.084946509456714], [72.83020547031062, 19.08479068061291], [72.83009801771509, 19.08448810787855], [72.83001493406232, 19.084272909639612], [72.83000084322941, 19.084236713203094], [72.82997488724105, 19.084195843719076], [72.82993094303728, 19.084077243205062], [72.82987515407547, 19.083928893992745], [72.82986495124366, 19.08390556281159], [72.82985192499028, 19.083875775962444], [72.82572624625615, 19.08382713226272], [72.82568123044973, 19.087274509269935], [72.82581831891382, 19.087623491111664], [72.8258263105983, 19.08764010669508], [72.82586522276435, 19.08772807778406], [72.8260227458871, 19.08808421410644], [72.82615255197388, 19.088381118999866], [72.82617576246835, 19.08848589658792], [72.82624095972585, 19.088797124947703], [72.82631359155698, 19.0891541244678], [72.82639296841062, 19.089540075806617], [72.82645700156986, 19.08985988296494], [72.8265314011414, 19.09021987498264], [72.82654200567859, 19.090268295742426], [72.82653524332743, 19.090627953223205], [72.82653104086475, 19.09083113108989], [72.82652673355354, 19.091039425501553], [72.82652291675898, 19.091264941549362], [72.82651966519941, 19.09144578343523], [72.82651799019479, 19.09153913663278], [72.82651211968322, 19.091848872294527], [72.82650826365509, 19.092080072883192], [72.82650121613263, 19.092356678961806], [72.82649554764257, 19.092650344636727], [72.82649327067159, 19.092773708258225], [72.82648365922672, 19.0928685231571], [72.83510793281602, 19.092970107348492]]]}}, {"type": "Feature", "properties": {"grid_id": "cell_0312", "ward_id": "T", "ward_gid": 13, "area_m2": 836261.9506531125, "LST_C": 31.153457774395036, "NDVI": 0.5722688865203219, "NDVI_prev": 0.5466601249243815, "impervious_pct": 0.10118605933867968}, "geometry": {"type": "Polygon", "coordinates": [[[72.89130488208356, 19.1568512285491], [72.90080858335207, 19.156960107998128], [72.90092286615392, 19.147928668610298], [72.89465446738986, 19.147856942202274], [72.89433016545405, 19.148400349074585], [72.89363015370776, 19.1495797588872], [72.893424563321, 19.149925235007913], [72.89317454743907, 19.150352792815568], [72.89298481377539, 19.150677152793545], [72.89305909901147, 19.151715614006406], [72.89311367028955, 19.152327973025788], [72.89317150576032, 19.1524552253227], [72.89359136463264, 19.153159001805758], [72.893522816552, 19.153573009549817], [72.89350046804893, 19.153707986433872], [72.89345789371652, 19.15372902129304], [72.89266780244199, 19.15411937432117], [72.89266779389868, 19.154119382424845], [72.89198352962943, 19.15476843434648], [72.89194178925442, 19.154808044417933], [72.89132339844151, 19.15539487065236], [72.89130488208356, 19.1568512285491]]]}}, {"type": "Feature", "properties": {"grid_id": "cell_0313", "ward_id": "S", "ward_gid": 12, "area_m2": 834744.3517392202, "LST_C": 32.51800614242508, "NDVI": 0.35106272281480794, "NDVI_prev": 0.3053781017779662, "impervious_pct": 48.50438226732625}, "geometry": {"type": "Polygon", "coordinates": [[[72.91088054063543, 19.111910929515997], [72.91076703024738, 19.120942461916226], [72.92026879562152, 19.121050140469666], [72.92038179067711, 19.112018553370284], [72.91841145319773, 19.111996275008284], [72.91840531045231, 19.11205035034417], [72.91838294697695, 19.11224828732767], [72.91837339441753, 19.11228263875472], [72.91837336764739, 19.112283410761343], [72.91837163954516, 19.112333118799906], [72.9183583899949, 19.11263545204333], [72.91835779135566, 19.11274233304], [72.91835144907695, 19.113018355165558], [72.91834889942729, 19.113252787528435], [72.91833735856628, 19.113324690900637], [72.91833602852287, 19.11333582695295], [72.91831208366303, 19.113536309733547], [72.91830789160332, 19.11360376969443], [72.91830050356336, 19.11378474215319], [72.91829086307419, 19.11403796585663], [72.91828207753915, 19.114210764305316], [72.91827040477341, 19.11450388184439], [72.91829544246653, 19.11466010529551], [72.91831651792673, 19.11479160622306], [72.91836874685438, 19.115147439024472], [72.91839811677181, 19.1153509663672], [72.91839774897015, 19.11535450019521], [72.91837189496356, 19.115604068342524], [72.91833976707528, 19.11588839155569], [72.91833339370278, 19.115945755472215], [72.91831433181092, 19.116117322668874], [72.9183003392699, 19.116377394986337], [72.91828257270879, 19.11665073713828], [72.91830352391345, 19.117047269400608], [72.91809890859018, 19.116919306056086], [72.9180252083765, 19.11687321503904], [72.91764332992113, 19.116634393306484], [72.91737424053565, 19.116421964065747], [72.91709606067691, 19.116155976062732], [72.91688779534313, 19.115959800229373], [72.91672693610835, 19.115811029738076], [72.91659742213398, 19.115687816632033], [72.91635477338134, 19.115500482497712], [72.91629184649543, 19.11548117119712], [72.9161941178046, 19.115446144198877], [72.91610304878314, 19.115419905666236], [72.91602938686519, 19.115398682379954], [72.91586288352319, 19.115350708956736], [72.91567214167053, 19.11528991508149], [72.91556891654683, 19.11525945844795], [72.91538269324235, 19.115209294747036], [72.91521243635907, 19.1151554403098], [72.9151455374591, 19.114924205669787], [72.91507259350179, 19.114674069038998], [72.91467501289974, 19.113609339058335], [72.91454266575604, 19.11324732665184], [72.91413220613046, 19.111947817434313], [72.91088054063543, 19.111910929515997]]]}}, {"type": "Feature", "properties": {"grid_id": "cell_0314", "ward_id": "F/N", "ward_gid": 8, "area_m2": 833208.3206343941, "LST_C": 35.00677088712458, "NDVI": 0.2993935884331275, "NDVI_prev": 0.2493277417154502, "impervious_pct": 4.460850950173209}, "geometry": {"type": "Polygon", "coordinates": [[[72.88363852031209, 19.012239457093195], [72.87414317660631, 19.012130486446626], [72.87402832030841, 19.02116190210519], [72.8784522310712, 19.021212755769113], [72.87859427119595, 19.02104026868575], [72.87880121962428, 19.02076931997263], [72.87898747972321, 19.02052350647616], [72.87925252534468, 19.02019144994195], [72.87942401746838, 19.019959591796983], [72.87954740833409, 19.01979297423322], [72.87961940416342, 19.0197063814313], [72.8796459851054, 19.019674167635323], [72.87967586096123, 19.019637957615473], [72.87969672108593, 19.019612833008914], [72.87970735845609, 19.019599687760625], [72.87972167188984, 19.01958461826428], [72.87973353295014, 19.019570313700928], [72.87976400622455, 19.019528257289785], [72.87977997084218, 19.019505055572044], [72.8797910242114, 19.01948958644547], [72.87980738509263, 19.019470258906665], [72.87983193229181, 19.019439718092297], [72.8798429725534, 19.019428126575793], [72.87985033865242, 19.01941845933069], [72.87985608305385, 19.019405689691993], [72.87986345136095, 19.01939524926716], [72.87987449166312, 19.019383654135645], [72.87988880654682, 19.019367419413523], [72.87990966291017, 19.01934423316412], [72.87992479167633, 19.019327999647857], [72.87993542991315, 19.019314858006002], [72.87994647817338, 19.019300163819903], [72.8799661013301, 19.019280458188234], [72.88005481365545, 19.01918689399798], [72.88051186267815, 19.018776204756723], [72.88053026302516, 19.018756306177718], [72.88064035601012, 19.018637241710387], [72.88070773764822, 19.018571051060402], [72.8807710753406, 19.018508832677554], [72.88086285427406, 19.018416997736878], [72.88093586813194, 19.018342742090546], [72.88100888099778, 19.0182684845913], [72.88120037906876, 19.018091980785137], [72.88128744572232, 19.0180171038731], [72.88137768473568, 19.01793949654872], [72.88148019581479, 19.017848322644394], [72.88165288426163, 19.017715937271944], [72.88176324004922, 19.017629375824523], [72.88180780653909, 19.01758818058982], [72.88194786253894, 19.01747041796909], [72.88203905085406, 19.01739714242556], [72.8820437810846, 19.0173943883534], [72.88208858723299, 19.017368297679585], [72.88212118123887, 19.01734931944025], [72.88224579127854, 19.017261433333704], [72.88250217733902, 19.017081994346654], [72.88252870989055, 19.017059745351027], [72.88254856829388, 19.01704309064944], [72.8825512035052, 19.017040708191573], [72.882806272101, 19.016810171462595], [72.88330554504776, 19.01642541040116], [72.88357505360837, 19.01617050298573], [72.88358896672044, 19.01615407273332], [72.88363852031209, 19.012239457093195]]]}}, {"type": "Feature", "properties": {"grid_id": "cell_0315", "ward_id": "M/W", "ward_gid": 17, "area_m2": 829412.3412837007, "LST_C": 35.028216063089076, "NDVI": 0.32107679768853203, "NDVI_prev": 0.3056917000729641, "impervious_pct": 57.60089021959286}, "geometry": {"type": "Polygon", "coordinates": [[[72.91156026069547, 19.057721535741777], [72.90206216040635, 19.057613751671408], [72.90194851986719, 19.06664528610213], [72.91087225257259, 19.066746612295876], [72.9114612373485, 19.065627429325005], [72.91147405280182, 19.064604480858616], [72.91146582010805, 19.06459557226702], [72.91140204782008, 19.064526564367064], [72.91101952916809, 19.06411263929238], [72.91077358005981, 19.063846494849525], [72.91046747476916, 19.063515253130394], [72.9104402210822, 19.06348576165887], [72.91027756455405, 19.063327566990473], [72.9101686304937, 19.06322162067296], [72.91011663872992, 19.06316577751408], [72.9099417058786, 19.06296998585197], [72.90989200007938, 19.06291435354254], [72.90977486017644, 19.062777293408303], [72.90976373502934, 19.062764276368483], [72.90942827738056, 19.062376826108125], [72.90915765124087, 19.062072308544554], [72.90889435207396, 19.061785450379062], [72.90878324634103, 19.061651712042785], [72.9085990049476, 19.061429939494335], [72.90845223706013, 19.061263143449146], [72.90844969665869, 19.061260256498173], [72.90833489352696, 19.06114788821942], [72.90833487311967, 19.061147867176263], [72.90826404631935, 19.061078542512345], [72.90825989734114, 19.061074482265603], [72.90821382531706, 19.06102316298114], [72.90802172350718, 19.06080918454357], [72.90796773728664, 19.06074864300422], [72.9079000477711, 19.06067273410158], [72.90765943277692, 19.060402897623753], [72.90756844605252, 19.060300860764446], [72.9076322077777, 19.060245588645422], [72.90767736140076, 19.060206446991714], [72.90777221568092, 19.06012422190991], [72.90800001105613, 19.060015603176506], [72.90789647245349, 19.05990148133147], [72.90780163197898, 19.05980448785891], [72.90772582910847, 19.059730886557446], [72.90784088639148, 19.05967766985075], [72.9080907819874, 19.059562086874337], [72.90836093583728, 19.059437133361783], [72.90862820862978, 19.059314800386552], [72.9087771051009, 19.05924916005906], [72.90890006877277, 19.05919495198061], [72.9091593528205, 19.059069724516345], [72.90960513530374, 19.058836319102596], [72.90995728330635, 19.058642906039875], [72.91034671727981, 19.058429012704973], [72.9106996799652, 19.058235149694408], [72.91092804132191, 19.058109722708508], [72.91113832253262, 19.05799422575836], [72.91134924450927, 19.057864985777258], [72.91148006564286, 19.057784826441697], [72.91156008211313, 19.05773579704359], [72.91156026069547, 19.057721535741777]]]}}, {"type": "Feature", "properties": {"grid_id": "cell_0316", "ward_id": "M/W", "ward_gid": 17, "area_m2": 827280.0824908157, "LST_C": 31.572809718371513, "NDVI": 0.5019265059520174, "NDVI_prev": 0.44835839591246457, "impervious_pct": 9.959052589321557}, "geometry": {"type": "Polygon", "coordinates": [[[72.8931339286552, 19.01234794073475], [72.89324769642717, 19.003316404594994], [72.88607451143649, 19.003234534459306], [72.88603397319642, 19.003651008931406], [72.88601120037669, 19.003870801196026], [72.88599953160457, 19.003962309180036], [72.88590906082108, 19.004743304954687], [72.88587497272641, 19.005061821843213], [72.88584782530921, 19.005289050386917], [72.88556208119081, 19.005898266093325], [72.88542340594866, 19.007464153189442], [72.88538217824066, 19.007929661011715], [72.88538097830676, 19.00794321017447], [72.88533462862608, 19.008466570271253], [72.88532154856726, 19.008614264025315], [72.88529363191091, 19.00871029298311], [72.88526237043968, 19.008817819451387], [72.88519369437039, 19.009046101851062], [72.88513281797562, 19.009248449056095], [72.88511215120954, 19.009318084884896], [72.88504190131131, 19.009554758706777], [72.88489490836166, 19.010050219189857], [72.88485675924507, 19.01017880576593], [72.88483464128373, 19.010253357197865], [72.88454603600783, 19.011694926060862], [72.88449640109533, 19.01224927829743], [72.8931339286552, 19.01234794073475]]]}}, {"type": "Feature", "properties": {"grid_id": "cell_0317", "ward_id": "T", "ward_gid": 13, "area_m2": 824948.9520571218, "LST_C": 30.245039431026875, "NDVI": 0.3390869375491153, "NDVI_prev": 0.30513310566077256, "impervious_pct": 3.127275067472719}, "geometry": {"type": "Polygon", "coordinates": [[[72.96744694389167, 19.14867669600799], [72.96733627676785, 19.157708514964916], [72.97633060517404, 19.15780784801261], [72.9762934652542, 19.157660518418037], [72.97617276330963, 19.157181706073448], [72.97617274517194, 19.15718163451225], [72.97630174950909, 19.156266761254766], [72.97625672846449, 19.15578340999183], [72.97622236039895, 19.155631760616384], [72.97622234419521, 19.155631686366583], [72.97609395380631, 19.154924131318904], [72.97583940559078, 19.153617902429744], [72.97581704470811, 19.15352798823255], [72.9758170275212, 19.153527916681817], [72.97576583662571, 19.153210050236183], [72.97573485414433, 19.153023268725786], [72.9756595140273, 19.152655511997505], [72.97565950056494, 19.152655446810968], [72.97554465570019, 19.152472251265557], [72.97533616509375, 19.152318251802768], [72.97522907175335, 19.15217551849988], [72.97501830523703, 19.151894517463422], [72.97501830153467, 19.15189450929283], [72.97501829304733, 19.151894503779424], [72.97488457544847, 19.15171617554596], [72.9748338261333, 19.15164775867509], [72.97469205960665, 19.151456456811683], [72.97464969684901, 19.151399794970946], [72.97462476922168, 19.151366426547973], [72.97373202544487, 19.150171295703952], [72.97356004846064, 19.149995959202553], [72.97355431965431, 19.149988341649873], [72.97355429347397, 19.14998830613209], [72.9734333783119, 19.149827491588834], [72.97343164143994, 19.14982518164136], [72.97305265670477, 19.149321136528997], [72.97303513750737, 19.14929783663736], [72.97293352782388, 19.149133610767656], [72.97269618384745, 19.148734695666132], [72.96744694389167, 19.14867669600799]]]}}, {"type": "Feature", "properties": {"grid_id": "cell_0318", "ward_id": "R/C", "ward_gid": 11, "area_m2": 823584.2461673955, "LST_C": 29.506318410618857, "NDVI": 0.5630733450136891, "NDVI_prev": 0.5421936243568183, "impervious_pct": 0.3338420834323315}, "geometry": {"type": "Polygon", "coordinates": [[[72.79494741847368, 19.25507379864279], [72.78543874557234, 19.25495888106265], [72.78531745159378, 19.263989525951605], [72.78633435980706, 19.264001845005406], [72.78642013272334, 19.26396644102299], [72.78659113378536, 19.263895511654887], [72.78706200515838, 19.263704228200957], [72.78748788303646, 19.263534364915884], [72.78831116035661, 19.26320598894023], [72.78968104173956, 19.261673422477955], [72.78986012403509, 19.261473068311528], [72.78993229550206, 19.261442852192452], [72.79005488680725, 19.261479536387117], [72.7900782853396, 19.261486516595795], [72.79033095084341, 19.261491436183977], [72.79132113852002, 19.261510305477035], [72.79192027560615, 19.261700043642808], [72.79206800200126, 19.261707711602664], [72.7922691754004, 19.261773317675143], [72.79229308795757, 19.26174888459827], [72.79229517292751, 19.261746735742292], [72.79234185649285, 19.261776156364395], [72.79240070236801, 19.261744628619212], [72.7924007336996, 19.26174463261045], [72.79240088603058, 19.261744549547988], [72.79249460158864, 19.26175634919727], [72.79260571777723, 19.261778733252964], [72.79261935034093, 19.261769921730473], [72.79261980425818, 19.261769973275857], [72.79306731890264, 19.26182175150974], [72.79365101583298, 19.26189064184113], [72.793911985897, 19.26191975726411], [72.7942116870206, 19.261952724050133], [72.79443134838688, 19.261979386605383], [72.79451338121861, 19.261993621151003], [72.7946599464969, 19.26201867077539], [72.79485416242294, 19.26204732035166], [72.79494741847368, 19.25507379864279]]]}}, {"type": "Feature", "properties": {"grid_id": "cell_0319", "ward_id": "S", "ward_gid": 12, "area_m2": 818743.7286962247, "LST_C": 31.94978938461764, "NDVI": 0.4630216720484943, "NDVI_prev": 0.46330761784505375, "impervious_pct": 22.90607851243018}, "geometry": {"type": "Polygon", "coordinates": [[[72.93927251708901, 19.121264027423305], [72.94877447260187, 19.121370235795368], [72.9488859215651, 19.11233848609176], [72.94786468961196, 19.11232709995136], [72.94775564365945, 19.112426309890296], [72.94721693312694, 19.11294353410999], [72.94707801381422, 19.11308050152483], [72.94643830664512, 19.113596648615598], [72.94636296499539, 19.113658910363643], [72.94627435287964, 19.113719762049772], [72.94619710012977, 19.113763174038485], [72.94609253460898, 19.11385224815478], [72.94598980905661, 19.113939757453142], [72.94598965058502, 19.113939892985425], [72.9456121758817, 19.11426145050079], [72.94561462796693, 19.114293105955845], [72.94536538602024, 19.114591489642315], [72.94407622538695, 19.11480817251254], [72.94407419777701, 19.11481667698225], [72.94400923955023, 19.114807858485005], [72.94351205619093, 19.11474036753291], [72.94338430870998, 19.114675622142563], [72.94292589068348, 19.114758472284716], [72.94224837796833, 19.114499023792295], [72.94180389492666, 19.114317383744055], [72.94128244279572, 19.11410895691692], [72.94103102041797, 19.114055318760197], [72.9405326721775, 19.113950101615508], [72.94006725141145, 19.113893860851295], [72.93956269603233, 19.11382017978271], [72.9393828853732, 19.113790833348194], [72.93936521071284, 19.113787183346883], [72.93927251708901, 19.121264027423305]]]}}, {"type": "Feature", "properties": {"grid_id": "cell_0320", "ward_id": "T", "ward_gid": 13, "area_m2": 808802.8126019491, "LST_C": 28.468615008990035, "NDVI": 0.6227844534209965, "NDVI_prev": 0.6609008439805882, "impervious_pct": 0}, "geometry": {"type": "Polygon", "coordinates": [[[72.90974255663485, 19.20222582534735], [72.90985664323898, 19.193194378628434], [72.90069406272478, 19.19308970065422], [72.90069527385994, 19.193096881061823], [72.9009070607601, 19.19403178141458], [72.90093678384041, 19.194162988516197], [72.90115231322767, 19.195057393666115], [72.90125795304442, 19.1954957726146], [72.90133096407791, 19.19579874900204], [72.9013309875949, 19.1957988467884], [72.90146859989245, 19.196369895627715], [72.9014686250776, 19.19636999982831], [72.90214108148658, 19.19703657659875], [72.90235762248182, 19.1972512229951], [72.90235824651401, 19.197846899677003], [72.90237375425795, 19.198462382639324], [72.90238241474769, 19.198811768841892], [72.90239039607661, 19.19918802749645], [72.90239039736235, 19.199188097063054], [72.9023914606926, 19.19923915428223], [72.90239270325509, 19.19929881482624], [72.90239668961898, 19.199490205811177], [72.902397380761, 19.199523356548436], [72.90241415565633, 19.199718504250367], [72.90241440336355, 19.19973466209086], [72.90241591715538, 19.199833410571436], [72.90241814664058, 19.199978829726078], [72.90241917281872, 19.200045762628672], [72.90242599662399, 19.20049073429356], [72.90242599624611, 19.200490764097182], [72.90243946872954, 19.20138805258228], [72.90263863975896, 19.201416814786583], [72.90390994483163, 19.20160039812339], [72.90445653009807, 19.20167932453618], [72.90671211608881, 19.20200501405513], [72.90738820709691, 19.20210263095327], [72.9075830905742, 19.202130775355815], [72.90786160213116, 19.202204364018463], [72.90974255663485, 19.20222582534735]]]}}, {"type": "Feature", "properties": {"grid_id": "cell_0321", "ward_id": "P/N", "ward_gid": 21, "area_m2": 807395.3971246815, "LST_C": 33.955897146165924, "NDVI": 0.32143738863100085, "NDVI_prev": 0.3266460190000107, "impervious_pct": 48.30395996071684}, "geometry": {"type": "Polygon", "coordinates": [[[72.83381178693075, 19.192311736144397], [72.82430647570308, 19.19219919209474], [72.82418772830614, 19.201230134847147], [72.82767557660723, 19.20127150731242], [72.82785770097163, 19.20103624966577], [72.82788175881973, 19.201005177874766], [72.82796022241176, 19.200903822623587], [72.82796112611464, 19.200902654067296], [72.82787171663111, 19.200810923011474], [72.827840707083, 19.200779108247783], [72.82778225393355, 19.20072000253999], [72.82775975590143, 19.20069725239472], [72.82776034871269, 19.200696683661384], [72.82777290160861, 19.200684615472298], [72.82778487367096, 19.200673104415472], [72.82784227524775, 19.200600451896783], [72.82784426955358, 19.200598523962423], [72.82796538609621, 19.20047504631934], [72.82798621127462, 19.200453815256527], [72.82800254522037, 19.200437198498797], [72.82800269568104, 19.200437046514782], [72.82800708019876, 19.200433808089116], [72.82801748232147, 19.20042612854651], [72.82801754622932, 19.200426080745824], [72.82815792547922, 19.20027513331356], [72.82821433693398, 19.200216579463024], [72.82829402743668, 19.20013406980839], [72.82835230867211, 19.200073725877854], [72.8283737178743, 19.200051558954634], [72.82837378958197, 19.20005148476329], [72.82839291194554, 19.20003175733839], [72.82842929529347, 19.19994926749181], [72.82845536370375, 19.19989015982229], [72.82846741579245, 19.19986283495564], [72.82846752868215, 19.199862578473137], [72.82847294556493, 19.19985031353654], [72.82851323259209, 19.199759117907796], [72.82852106245753, 19.199741395655575], [72.82852395633822, 19.19973484483586], [72.8285489091692, 19.1996783596476], [72.8285745372304, 19.19962034391557], [72.82867175763431, 19.19955095352965], [72.82869301929398, 19.199535777816582], [72.82888353748665, 19.199399794492027], [72.82899497299455, 19.199320257170793], [72.82901922149723, 19.19931598352987], [72.82903768224624, 19.199312730134366], [72.82934730137674, 19.199258162008547], [72.82938547238047, 19.19925141060622], [72.82938597885222, 19.19924878702681], [72.82938676739994, 19.199244707083785], [72.82938764355018, 19.199240164564422], [72.82940730369697, 19.1991383503347], [72.82941208758692, 19.199113570700558], [72.82941327315041, 19.19910742711711], [72.82944218599437, 19.198951774457303], [72.82926174035259, 19.19828904011784], [72.82922723173871, 19.198162292675175], [72.82921388580225, 19.198111190302633], [72.82910769463997, 19.197704559772895], [72.82936657816872, 19.19746601332452], [72.82977413865433, 19.197100185917495], [72.83016807384793, 19.19672129358621], [72.83065057882216, 19.19626390789221], [72.83078482626627, 19.196586739458926], [72.83099482060986, 19.196936475854613], [72.83105946658088, 19.197044140227334], [72.83114198818701, 19.197181574084127], [72.83114314298633, 19.197185848141935], [72.8311817991275, 19.197246110569957], [72.83141156390238, 19.197592770475445], [72.8314311963065, 19.197622389628467], [72.83161624038357, 19.19789616871837], [72.83172494138643, 19.19802958460407], [72.8318023109851, 19.198143939598715], [72.83185776411851, 19.198220771617006], [72.83181051916962, 19.19836782598529], [72.83175945468446, 19.198602412010935], [72.83169190883443, 19.19891270976654], [72.83168918445972, 19.19892522171613], [72.83178281902133, 19.199048917724102], [72.83189203587894, 19.199193199240565], [72.8328389774158, 19.19942267046156], [72.83288047157632, 19.199175298919386], [72.83294562900035, 19.199208671417473], [72.83322165327382, 19.199350043114297], [72.83333921424281, 19.199410254028926], [72.83371633303513, 19.199603403026163], [72.83381178693075, 19.192311736144397]]]}}, {"type": "Feature", "properties": {"grid_id": "cell_0322", "ward_id": "T", "ward_gid": 13, "area_m2": 804943.6783226338, "LST_C": 29.744760046828965, "NDVI": 0.6303613003740656, "NDVI_prev": 0.6333980054832153, "impervious_pct": 0}, "geometry": {"type": "Polygon", "coordinates": [[[72.91913534059974, 19.211365488387607], [72.91924897307, 19.202333996451785], [72.90974255663485, 19.20222582534735], [72.90970021198366, 19.20557666522438], [72.90992138651188, 19.206496389261154], [72.91016874256913, 19.207595403102808], [72.9101687570266, 19.20759546288379], [72.91111602888809, 19.207805012501417], [72.91162702244787, 19.207881534606813], [72.91223706373515, 19.20794597981851], [72.91278723694352, 19.20801999416722], [72.91330002972151, 19.208079159513677], [72.91346449585221, 19.20826403783743], [72.9141143707531, 19.209147661523282], [72.91411441841757, 19.20914772710176], [72.91465772636538, 19.20989448844017], [72.91465777307958, 19.20989455400773], [72.91486052566594, 19.210172686820577], [72.91527391993738, 19.211321589900574], [72.91913534059974, 19.211365488387607]]]}}, {"type": "Feature", "properties": {"grid_id": "cell_0323", "ward_id": "R/S", "ward_gid": 22, "area_m2": 801360.0869406944, "LST_C": 33.43841262129766, "NDVI": 0.34098171139504513, "NDVI_prev": 0.3444939471225664, "impervious_pct": 51.13831606228341}, "geometry": {"type": "Polygon", "coordinates": [[[72.85270541439066, 19.20156646148814], [72.86221144183824, 19.20167758601544], [72.86232811793563, 19.19264641678736], [72.86045402769376, 19.192624557747152], [72.86037108089303, 19.192720733031738], [72.86033122161955, 19.192766949135716], [72.86032571344576, 19.19277461380767], [72.860288999166, 19.19280619604747], [72.86026111037638, 19.19283387285563], [72.86021846725984, 19.192876193701053], [72.86013170097188, 19.192988713983418], [72.8601153532282, 19.19300687843391], [72.86007880335319, 19.193044279197686], [72.86000883340232, 19.193115881128538], [72.85996701027031, 19.19315867740675], [72.85984061162566, 19.193371433241783], [72.85981769390182, 19.19341000933022], [72.85979975908744, 19.193488412110042], [72.85980832687822, 19.193510932429227], [72.85980858938568, 19.193511617629472], [72.86000999433965, 19.19389861116171], [72.86005428562986, 19.194004505431177], [72.86019299572867, 19.194336144142497], [72.86034487433035, 19.194678805557924], [72.86006474516651, 19.194724336550294], [72.85992154670866, 19.19470412021426], [72.8597513230648, 19.194658041715368], [72.85961788565673, 19.19462821804734], [72.85961276633087, 19.1946270738373], [72.85954299718402, 19.19461147891995], [72.85952437707547, 19.194624198988713], [72.85951078953573, 19.194633480419757], [72.85949765135167, 19.194642454932122], [72.85948923020027, 19.19464820679539], [72.85947078565991, 19.19466080635455], [72.85945636200576, 19.19467065956878], [72.85944926804498, 19.19467550546403], [72.85939478279394, 19.194712723227834], [72.85939109093027, 19.194715245646712], [72.85938652813752, 19.19471529295852], [72.85935205455047, 19.194715658139508], [72.85933455412946, 19.19471105576197], [72.85933454439943, 19.194711055359324], [72.85932653160542, 19.194710732013647], [72.85930561681204, 19.19469952392088], [72.8593056083548, 19.194699519197485], [72.85928848674246, 19.19469056250693], [72.8592667799986, 19.19468309806589], [72.85926474343677, 19.194682397931096], [72.85922545033672, 19.19466888489377], [72.85918582412107, 19.194660333675664], [72.85911367325112, 19.19464476050074], [72.85909037128741, 19.19463973194443], [72.85908193899957, 19.194634115114845], [72.8590577930964, 19.194618035350686], [72.85904920339352, 19.194615650467163], [72.8590276342483, 19.194609685992425], [72.85888879049841, 19.194571291668645], [72.85887113433887, 19.194566407639122], [72.85884280514287, 19.19455857445702], [72.85883906612334, 19.19455787524616], [72.85871141606351, 19.19453401961325], [72.85850543740307, 19.194497482732228], [72.85833543185946, 19.19456418562621], [72.85833639795214, 19.194564865606655], [72.85831105462512, 19.194575203499486], [72.85830580444092, 19.19457758976315], [72.85822717225489, 19.194614878867675], [72.85818901410667, 19.194633094701732], [72.85816640168669, 19.19465311423481], [72.85785768491553, 19.194572091989308], [72.85762416546642, 19.19449739464528], [72.85743917371823, 19.19443822023847], [72.85738928929014, 19.194436711181428], [72.85737209875215, 19.194436191253686], [72.85737196981083, 19.194436187362204], [72.85724900827043, 19.194432679624164], [72.85724900705416, 19.19443267957383], [72.8571634818785, 19.194430239450654], [72.85681799824835, 19.194377911804985], [72.85673380457685, 19.19436578104247], [72.85672545858287, 19.194364596685368], [72.85663767453391, 19.194352131398926], [72.85642709657219, 19.194347092403493], [72.85642616228309, 19.19434706991839], [72.85642518782736, 19.194347048119784], [72.85629788714206, 19.194344090220905], [72.85629780498928, 19.19434404417008], [72.85629750630578, 19.194343992118974], [72.85604906217996, 19.194200392699006], [72.8560136954368, 19.194177470993612], [72.85601360853713, 19.194177415637874], [72.85600865222904, 19.194174215162647], [72.85578008622838, 19.19402660830274], [72.8557492733203, 19.194008560998288], [72.8556572375458, 19.193971597373938], [72.85556080926759, 19.193948404225527], [72.85556070251133, 19.1939483786975], [72.85556066369632, 19.193948368994228], [72.85554052722146, 19.193943615196595], [72.85552511736655, 19.193939976844575], [72.85549458950395, 19.193918902575266], [72.85549278154352, 19.19391765474225], [72.85549272605404, 19.193917617096087], [72.85543572928356, 19.193878528901994], [72.85541357448584, 19.193866505827817], [72.85527543518651, 19.19379153737716], [72.85527529380492, 19.193791460572903], [72.85525503467548, 19.19378049210741], [72.85523935182265, 19.1937720016407], [72.85510026176722, 19.193696698223903], [72.85477862386306, 19.193685822501024], [72.85456449448336, 19.19371836363146], [72.85432474881732, 19.19375479695357], [72.85427140310195, 19.193765374346217], [72.854254217537, 19.19376878191692], [72.85419372955312, 19.193780775561343], [72.85419359169005, 19.1937808028518], [72.85411759883469, 19.19379592393323], [72.85385455614306, 19.193848263239346], [72.8537308741299, 19.193872874097565], [72.85371343360994, 19.19387634305072], [72.85367927107245, 19.193893279733466], [72.85365005786838, 19.193907759703855], [72.85364162879836, 19.194199917215816], [72.85362557617819, 19.19475635161553], [72.85362244611323, 19.19486482857912], [72.85361789284943, 19.195022705422964], [72.85361749120358, 19.19503659659451], [72.85361254339307, 19.195208096460362], [72.8536058125699, 19.195457194713757], [72.85359823489985, 19.19573763236297], [72.85370668742038, 19.19573779795625], [72.85370876220824, 19.19573780132727], [72.85384821244278, 19.19573801652446], [72.85388219972323, 19.195755923268006], [72.85404383273934, 19.19584108654034], [72.85410487045993, 19.1958946779481], [72.85400431696269, 19.196402713807583], [72.85399569301012, 19.19647550405322], [72.8539400299052, 19.19694532587586], [72.85394683260175, 19.196980033627696], [72.85394779365899, 19.196984936586738], [72.8538593775137, 19.19769928516352], [72.85384609776034, 19.197799661413676], [72.85380413571463, 19.198116834884786], [72.85380288339917, 19.19812630036244], [72.85374264003782, 19.198581647565078], [72.85373294446752, 19.198654930819345], [72.85371189242271, 19.19881406078227], [72.85370918586757, 19.198822886422004], [72.85369806985352, 19.19885913941788], [72.85368164030463, 19.198894485043894], [72.85367976745805, 19.19889851776241], [72.85367967357762, 19.19889871899089], [72.85366776854035, 19.198898139096414], [72.85365372424748, 19.19889745668941], [72.85352868785526, 19.19889137139571], [72.85343569865478, 19.198886845213742], [72.85306286505426, 19.198868700844002], [72.85292522807228, 19.198862001625162], [72.85290654170133, 19.198861092519948], [72.85281020810346, 19.198856404296066], [72.85274063284055, 19.198853017661385], [72.85270541439066, 19.20156646148814]]]}}, {"type": "Feature", "properties": {"grid_id": "cell_0324", "ward_id": "D", "ward_gid": 4, "area_m2": 801322.4518978097, "LST_C": 34.59681100207839, "NDVI": 0.1583245191124666, "NDVI_prev": 0.13990373448082463, "impervious_pct": 89.32307322351811}, "geometry": {"type": "Polygon", "coordinates": [[[72.81787865928099, 18.957279776643123], [72.81776113056479, 18.966310910333167], [72.82503508238216, 18.96639647740289], [72.82503331696792, 18.96638015110813], [72.82502733056091, 18.966324797993103], [72.82500620124982, 18.966129403442704], [72.82499295539525, 18.966006911043227], [72.82497710560473, 18.96588008495646], [72.82493023825252, 18.965505073070812], [72.82486824977089, 18.96500906783209], [72.82484741502354, 18.96484235236401], [72.82479890532423, 18.964454188749475], [72.8247734131109, 18.964375349542777], [72.82475550244439, 18.964245740702435], [72.82474755247546, 18.964188219291312], [72.82470430711234, 18.9638752926884], [72.82470207669314, 18.96385914790943], [72.82470367772751, 18.963799041547922], [72.82470476840462, 18.96375814865082], [72.82470507029535, 18.96374680731427], [72.82469620179785, 18.96364995733014], [72.82469252138613, 18.963609761714444], [72.82462896426478, 18.963230918178663], [72.82462117423732, 18.963184488807478], [72.82460431407223, 18.963088805004297], [72.82458952303303, 18.96300486794398], [72.82457571799661, 18.962926522772328], [72.82455899844739, 18.962831638192906], [72.8245418386332, 18.962734248232405], [72.82454175547608, 18.962733779369696], [72.82453135441648, 18.96267475324846], [72.82452503158245, 18.96263886583373], [72.82452265550066, 18.96262538846134], [72.82452124612306, 18.962597110867915], [72.82451529961395, 18.962477889054718], [72.82451207466137, 18.962413201608637], [72.82449448651423, 18.961925155161637], [72.82449364929441, 18.961900047485752], [72.82448897484647, 18.961759976320202], [72.82548867757679, 18.961719050229952], [72.82624706730032, 18.961687999430815], [72.82624680043, 18.961675777054076], [72.82624417009866, 18.961555133530826], [72.82624128674719, 18.961413435756242], [72.82623779001533, 18.961306458260935], [72.82623545385776, 18.961235037502625], [72.82623227082493, 18.961093753512447], [72.82623044778359, 18.960994613334687], [72.82622975885224, 18.960914176635548], [72.82622948676847, 18.96088236257644], [72.82622727656995, 18.9608313243604], [72.82622326072597, 18.960738539049128], [72.82622208432943, 18.960697171479286], [72.8262196656927, 18.96061211871514], [72.82621564886892, 18.960498462759713], [72.82621159440896, 18.96031850014992], [72.82620891732437, 18.960237345513367], [72.82620531132343, 18.96009397273867], [72.82620374350722, 18.960043032383645], [72.8261929732709, 18.959693231229267], [72.82618895970283, 18.959492458974324], [72.82617999296563, 18.959043796821966], [72.8261699129082, 18.958614957094724], [72.82616956227616, 18.958600553272362], [72.82616740316062, 18.958511733350402], [72.82616542196153, 18.958430207501777], [72.82616205897791, 18.958291809082013], [72.82616176361547, 18.958281197776873], [72.82616024509714, 18.958226524836643], [72.82615869360853, 18.95817066011456], [72.82614230110508, 18.958131274588006], [72.82609930207413, 18.958039328020515], [72.8260833642435, 18.958000534942048], [72.82603984762896, 18.95789461885679], [72.82600563329011, 18.957803010201015], [72.82595737484489, 18.957693577185225], [72.82592212077216, 18.957615319992343], [72.8258843014238, 18.957531365664316], [72.82580958407743, 18.95737301523436], [72.81787865928099, 18.957279776643123]]]}}, {"type": "Feature", "properties": {"grid_id": "cell_0325", "ward_id": "G/S", "ward_gid": 7, "area_m2": 800544.0723641549, "LST_C": 33.837262223782886, "NDVI": 0.21103249508756927, "NDVI_prev": 0.17513440912445777, "impervious_pct": 76.80556938497796}, "geometry": {"type": "Polygon", "coordinates": [[[72.83622076492487, 19.007183137575865], [72.83614928395603, 19.007073474649424], [72.83595221118458, 19.006758062008277], [72.83578049812967, 19.006475864376984], [72.83561294418165, 19.006185873248324], [72.83550296732848, 19.005986330794112], [72.83531409701418, 19.00560647782231], [72.83509705823231, 19.005150389722886], [72.83507461587882, 19.005103227145728], [72.8348715114062, 19.00464908325987], [72.83473792718539, 19.0043246029174], [72.83470084669129, 19.004234535823407], [72.83450463485329, 19.00374727231227], [72.83434553747465, 19.003308697141875], [72.83419625177295, 19.002905135023486], [72.83410797999453, 19.002633112460288], [72.82678478784965, 19.00254718535463], [72.82666743776339, 19.011578328642184], [72.8317203530374, 19.011637675436802], [72.83184157409282, 19.01134777809348], [72.83186209411353, 19.011298700212635], [72.83187403483736, 19.0112701447941], [72.83187565578022, 19.011266270782], [72.83188776922434, 19.0112373019634], [72.83188785130814, 19.01123710594455], [72.83190148654394, 19.011204497662444], [72.83190148748497, 19.011204495397294], [72.831901488426, 19.01120449313212], [72.83194451678526, 19.01110159058227], [72.83196457023296, 19.011072526038806], [72.83203717010015, 19.010967298496144], [72.83203925285599, 19.010964280764384], [72.83205060355732, 19.01094782924439], [72.8322141848986, 19.010710731342332], [72.83244457166496, 19.01037680465223], [72.83283439663803, 19.009811780378673], [72.83301607971728, 19.00954769586183], [72.83308904024207, 19.00944164371752], [72.83312459279388, 19.00938996434837], [72.8331387332613, 19.009369411244872], [72.83316335279247, 19.009333624739117], [72.83324867775568, 19.009284636981945], [72.8333523402901, 19.009207854176623], [72.83341454971448, 19.009166301057796], [72.83351914154154, 19.009106324166627], [72.83355434958818, 19.009086133558593], [72.83359505886968, 19.00906278911818], [72.8341508116945, 19.008744097096905], [72.83429861780957, 19.008656035284584], [72.83470827392998, 19.00841196381273], [72.83495251831316, 19.00826644280094], [72.83515556329915, 19.00814546792308], [72.83547786219007, 19.0079406205678], [72.83556330019415, 19.007886317271808], [72.83571471577504, 19.007790079523907], [72.83576971673226, 19.007752101108277], [72.83593810854444, 19.007635827146988], [72.8361671482983, 19.007487229009463], [72.83621714182833, 19.00746318772349], [72.83622076492487, 19.007183137575865]]]}}, {"type": "Feature", "properties": {"grid_id": "cell_0326", "ward_id": "S", "ward_gid": 12, "area_m2": 799777.3371928305, "LST_C": 31.564923261797183, "NDVI": 0.39689126339542624, "NDVI_prev": 0.33305486685090635, "impervious_pct": 40.49332304193742}, "geometry": {"type": "Polygon", "coordinates": [[[72.90126532883329, 19.12083429333057], [72.91076703024738, 19.120942461916226], [72.91088054063543, 19.111910929515997], [72.90493052014008, 19.1118432818623], [72.90454830196636, 19.111985039715684], [72.90451721222276, 19.112317641772908], [72.90447393025278, 19.112707711609204], [72.90442358786811, 19.113161385812205], [72.90431602803446, 19.114100214517958], [72.90433647191016, 19.114336857262433], [72.9044080977481, 19.114912545348307], [72.90448683708387, 19.115271696308508], [72.90430974168787, 19.115542723332073], [72.90418970245386, 19.11571901558371], [72.90413592711313, 19.115797990922104], [72.90409625958408, 19.115853283929287], [72.90409074988054, 19.11585866822461], [72.90406857670568, 19.11589187138498], [72.90389331479194, 19.116136170687444], [72.90386026518861, 19.11618565398506], [72.90355869612146, 19.116585825343112], [72.90348971103654, 19.11667640988162], [72.90345006414613, 19.116728470326304], [72.903406061568, 19.116789959514378], [72.90337774580816, 19.116831196346826], [72.90335707286648, 19.116861302782667], [72.9033175547643, 19.116910173447078], [72.90328522712923, 19.117178181385075], [72.9032728120934, 19.117179597285915], [72.9032751926063, 19.11720234714992], [72.9032786142132, 19.117232434541414], [72.90327980811752, 19.11725774341891], [72.90328061851132, 19.11726407820699], [72.90328061853474, 19.117264079363473], [72.90327620226137, 19.11735662535084], [72.90327226320323, 19.117426089841643], [72.90326588324281, 19.11750212875574], [72.90316689770023, 19.1175527998203], [72.90293094970585, 19.11769421100574], [72.90283721692221, 19.1177554408451], [72.90275554320012, 19.117805811850364], [72.90272171428079, 19.11782667526763], [72.90236271386583, 19.11805718174883], [72.90218543251288, 19.118169489042106], [72.90207803052823, 19.118232623449483], [72.90176182759745, 19.11840292355311], [72.90160658008116, 19.118483981820678], [72.90143843917559, 19.118571771787288], [72.90129297791911, 19.11864479828298], [72.90126532883329, 19.12083429333057]]]}}, {"type": "Feature", "properties": {"grid_id": "cell_0327", "ward_id": "H/E", "ward_gid": 18, "area_m2": 798806.8893845049, "LST_C": 33.397590697327445, "NDVI": 0.1827325369009896, "NDVI_prev": 0.16029910593802016, "impervious_pct": 55.51426885125983}, "geometry": {"type": "Polygon", "coordinates": [[[72.86407040352988, 19.05717773276699], [72.8639547088442, 19.06620904505679], [72.8724936717513, 19.066307770496515], [72.87247873715381, 19.0662443304956], [72.87248385559016, 19.066199897244875], [72.87249804942256, 19.066076691665575], [72.8725069301644, 19.066004536243693], [72.87250186583802, 19.065789865654025], [72.87252026749508, 19.06579137868405], [72.87255084646594, 19.06579389212686], [72.87266131374642, 19.065640067267818], [72.8728121618691, 19.065458357275002], [72.87281462954691, 19.065452875802293], [72.87288016464491, 19.065307306763486], [72.87297716469968, 19.065041409447854], [72.87301809038128, 19.064675231038677], [72.87302604956062, 19.064604022391855], [72.87304553920326, 19.06442963171754], [72.87304530185781, 19.06441204774819], [72.87304270450824, 19.064220175152087], [72.87294284304613, 19.063847295480958], [72.87292652019659, 19.0637777216713], [72.87279421184468, 19.063601360483304], [72.87248090409142, 19.063179904616753], [72.87182402041107, 19.062283969124678], [72.87139038831786, 19.061546602337206], [72.87133749066936, 19.061418961492944], [72.87132248473907, 19.061354191030432], [72.87132233265027, 19.061352561584822], [72.87130511120307, 19.061167860247675], [72.87128219435573, 19.060936987627418], [72.87127466897927, 19.060756086248855], [72.87128133541891, 19.060513301340418], [72.871153240157, 19.060258007008763], [72.87080042970189, 19.059584244641712], [72.87064595162549, 19.059344544820544], [72.87046482637382, 19.059054854763385], [72.87014788302187, 19.05849159507265], [72.86970733969429, 19.057675937160365], [72.86951768799241, 19.057401291238342], [72.8693544686078, 19.057238844658425], [72.86407040352988, 19.05717773276699]]]}}, {"type": "Feature", "properties": {"grid_id": "cell_0328", "ward_id": "S", "ward_gid": 12, "area_m2": 798744.6371879267, "LST_C": 30.233280147562, "NDVI": 0.40123138052362756, "NDVI_prev": 0.2583747578220032, "impervious_pct": 20.619100638128167}, "geometry": {"type": "Polygon", "coordinates": [[[72.89164908612395, 19.129757047466303], [72.90115123887847, 19.129865761272587], [72.90126532883329, 19.12083429333057], [72.89661369484186, 19.120781159598288], [72.89633626750845, 19.120875858315816], [72.89608736106143, 19.12096082109777], [72.89607357070315, 19.121006533003015], [72.89602407764605, 19.121168557751883], [72.89601050380412, 19.121231424883426], [72.89595509210243, 19.121325013486693], [72.89593244458491, 19.12136602837368], [72.8958759392425, 19.121468359985823], [72.89586501605712, 19.121655326379877], [72.89582865400797, 19.122245215534782], [72.89582266978854, 19.122342294747867], [72.89582268179562, 19.122345279016105], [72.89579467447092, 19.122955900006676], [72.89576978169558, 19.12349860831616], [72.89576453748109, 19.123641692022133], [72.89573781545955, 19.12437076929884], [72.89573234666551, 19.124519977257055], [72.89573103499758, 19.124548802649727], [72.89511388776043, 19.124678562129805], [72.89493232643494, 19.124706852587398], [72.8930778261312, 19.125027639330806], [72.89247435572625, 19.125225080587054], [72.89235456007881, 19.12527541218854], [72.8922139507011, 19.12533289153804], [72.89207590002248, 19.125392862204727], [72.89186735698132, 19.125496342860405], [72.89170202116556, 19.125586170519416], [72.89164908612395, 19.129757047466303]]]}}, {"type": "Feature", "properties": {"grid_id": "cell_0329", "ward_id": "M/W", "ward_gid": 17, "area_m2": 797801.4272944189, "LST_C": 36.174489078135345, "NDVI": 0.22509276583798288, "NDVI_prev": 0.20244602635517386, "impervious_pct": 61.595897879849836}, "geometry": {"type": "Polygon", "coordinates": [[[72.90274265729468, 19.00342434608959], [72.89324769642717, 19.003316404594994], [72.8931339286552, 19.01234794073475], [72.89831395582274, 19.012406916163457], [72.89833018327546, 19.012116686131737], [72.89834114750269, 19.012063139761384], [72.89836889903097, 19.011313132474445], [72.89837889429542, 19.01110116223394], [72.89838423222595, 19.01100615857151], [72.89838897373745, 19.010880942262524], [72.89838569050232, 19.010780443408418], [72.89839996751562, 19.010509000671682], [72.89845011389477, 19.00955557616687], [72.89846765591338, 19.009334167207072], [72.89892438723791, 19.00908905392182], [72.8989836627289, 19.009066865771832], [72.89985606500386, 19.00884816043207], [72.89993734438475, 19.008813751821858], [72.89998353726754, 19.008789336315058], [72.90035872774818, 19.008492236896004], [72.90098155526798, 19.007963094465502], [72.90101461325486, 19.007940607916677], [72.90104546041374, 19.007920174613915], [72.90108933776973, 19.007906124312726], [72.90187397762845, 19.007715509150326], [72.90269134713252, 19.00751670703006], [72.90274265729468, 19.00342434608959]]]}}, {"type": "Feature", "properties": {"grid_id": "cell_0330", "ward_id": "R/C", "ward_gid": 11, "area_m2": 796153.2086615957, "LST_C": 29.22232272764794, "NDVI": 0.634880635434587, "NDVI_prev": 0.632210892270554, "impervious_pct": 0}, "geometry": {"type": "Polygon", "coordinates": [[[72.90939991213347, 19.22932010824975], [72.89989200426378, 19.229211279837372], [72.89977714205176, 19.23824263335043], [72.90386663689253, 19.23828952374734], [72.9045723347928, 19.23749319087343], [72.90457364982473, 19.23749170560159], [72.90512284718413, 19.236871896854538], [72.9054870375037, 19.23646800176327], [72.90548818048666, 19.23646673400869], [72.90879199832592, 19.232801963140894], [72.90936569716378, 19.22984101012392], [72.90936571342824, 19.229840927208656], [72.90939525108716, 19.229688360989492], [72.90939991213347, 19.22932010824975]]]}}, {"type": "Feature", "properties": {"grid_id": "cell_0331", "ward_id": "G/S", "ward_gid": 7, "area_m2": 791202.1226942773, "LST_C": 33.244843857864694, "NDVI": 0.2445106980467282, "NDVI_prev": 0.2298362895048339, "impervious_pct": 68.27243500961112}, "geometry": {"type": "Polygon", "coordinates": [[[72.82666743776339, 19.011578328642184], [72.81717248795702, 19.011466436268577], [72.81705455951452, 19.02049751292485], [72.81881475792052, 19.02051830213553], [72.81891856648983, 19.019848429392802], [72.81892692703585, 19.01960015142306], [72.8189538283453, 19.019500631301383], [72.8189906513028, 19.019425578979224], [72.81926695210548, 19.019048970048683], [72.81957563041234, 19.018661823627752], [72.8195962413361, 19.018691900265217], [72.81961929643765, 19.018682749649063], [72.81965803893745, 19.018663143887345], [72.81971384551562, 19.018641554518425], [72.81974454496716, 19.01862968047175], [72.81986092599722, 19.018593960034618], [72.82005280429537, 19.01854115382349], [72.82009325328306, 19.018534000404124], [72.82010178875205, 19.01853249061377], [72.82014075999123, 19.018526869723136], [72.82015473518524, 19.018524853253712], [72.82019870176673, 19.01852119623424], [72.82027320804582, 19.018514998250147], [72.8203707025231, 19.018506887362086], [72.82039694881459, 19.01850470310519], [72.82041689050595, 19.018500309195122], [72.82044133589021, 19.018491303131057], [72.82044326856582, 19.01849035042082], [72.82050220747183, 19.018461299883217], [72.82052404689044, 19.018450330116412], [72.82056766875483, 19.018423291064934], [72.82057482353146, 19.018418856506134], [72.82057769705108, 19.01841654195431], [72.82059097633721, 19.01840584154094], [72.82059265591937, 19.018404488414358], [72.820601989999, 19.018396136880288], [72.82060210242504, 19.0183960361393], [72.82060212165122, 19.018396018301104], [72.82063161333569, 19.01836962548757], [72.82068203088252, 19.018318564277877], [72.82072332344006, 19.018270596540297], [72.82075635739379, 19.018230144869214], [72.8207650628149, 19.018218584797864], [72.82076943287564, 19.01821278509515], [72.82078086977837, 19.018194799011326], [72.82078260972821, 19.01819100059764], [72.8207839645296, 19.01818804398533], [72.8208135421278, 19.01813225682878], [72.82082566589737, 19.018108277658516], [72.82087716352763, 19.018005025867907], [72.82088283880091, 19.017994827378622], [72.82089159979925, 19.01796610894089], [72.82090001536841, 19.017916172731724], [72.82090103114446, 19.017910155526565], [72.82090128265426, 19.01790681647282], [72.82090538022285, 19.017852640975438], [72.82090435080515, 19.01781763163641], [72.82152012765496, 19.017715204544647], [72.82209938417763, 19.01767701351362], [72.82218136929094, 19.017659562791568], [72.82225305162103, 19.01760720282613], [72.82230061764527, 19.017589346387112], [72.82273644724629, 19.017570112613317], [72.8228394376491, 19.0175910424855], [72.82301203525337, 19.017630657563952], [72.82313957741579, 19.017660869072053], [72.82329500182392, 19.017695261316714], [72.8234500621284, 19.017722978646887], [72.82358263536857, 19.01775388410907], [72.82373053712114, 19.017787948033458], [72.82389412663882, 19.017828433541812], [72.82397155661685, 19.017852732371534], [72.8240594075541, 19.01788424440323], [72.82416824202082, 19.017925724268764], [72.82432740057328, 19.017998242490858], [72.82452584009307, 19.018100079213013], [72.82471656342592, 19.018190043806147], [72.82490430757755, 19.018288420347545], [72.82511531019688, 19.01840507498003], [72.82530128770736, 19.018519201118778], [72.82554405209204, 19.018656370724507], [72.82575296688546, 19.018773569180542], [72.8259322953782, 19.018877708751265], [72.82611834862337, 19.01898179089602], [72.82615208950187, 19.01900147047673], [72.8263136802336, 19.019097069435748], [72.82647294091448, 19.01918680404938], [72.82656779175218, 19.019242969764274], [72.82666743776339, 19.011578328642184]]]}}, {"type": "Feature", "properties": {"grid_id": "cell_0332", "ward_id": "K/E", "ward_gid": 19, "area_m2": 787709.7865891175, "LST_C": 33.15785014783341, "NDVI": 0.2732933338624436, "NDVI_prev": 0.24906146306053326, "impervious_pct": 78.2474196389813}, "geometry": {"type": "Polygon", "coordinates": [[[72.8537577913206, 19.120286100419488], [72.8538743933658, 19.111254901439956], [72.84568149047197, 19.11115916609949], [72.84589896940565, 19.11253043052759], [72.84597084191076, 19.11298361354861], [72.84621126869465, 19.114777229111557], [72.84631367455076, 19.115541183945655], [72.8463158866406, 19.115555278394936], [72.84632650663266, 19.11562295494093], [72.84635383373383, 19.115813325073347], [72.84652494586365, 19.11711829960158], [72.84670370789304, 19.118285994114625], [72.84693680737274, 19.12020638542151], [72.8537577913206, 19.120286100419488]]]}}, {"type": "Feature", "properties": {"grid_id": "cell_0333", "ward_id": "L", "ward_gid": 24, "area_m2": 787525.820832439, "LST_C": 33.471373615693714, "NDVI": 0.3441585024556944, "NDVI_prev": 0.29585304419508635, "impervious_pct": 50.97998701222033}, "geometry": {"type": "Polygon", "coordinates": [[[72.87356824552761, 19.05728746985793], [72.88306615253273, 19.05739671871521], [72.883100386622, 19.054699391674458], [72.88300475682945, 19.05457355221535], [72.88264607612999, 19.054101559489474], [72.88247440294833, 19.05387565198082], [72.88243743156856, 19.0538270008911], [72.8823685939213, 19.05373641532949], [72.88217369566625, 19.053479945185526], [72.88215576549602, 19.053456350872594], [72.88215495266773, 19.053455280194278], [72.88199563202976, 19.05322222110293], [72.88194704331788, 19.05315114375603], [72.88192892916571, 19.05311578487638], [72.88192871134801, 19.053115358740055], [72.88189968723623, 19.053058700049416], [72.88187578542649, 19.05302176173473], [72.88180738450527, 19.05291605569798], [72.88178881158872, 19.05288735589846], [72.8815374467382, 19.05255573847335], [72.8814759533337, 19.05247461206535], [72.8812538737532, 19.05215963380866], [72.88100743848365, 19.05181011263544], [72.88047213623305, 19.051056711754836], [72.88034939561621, 19.05085909713011], [72.88022732314724, 19.05070184748562], [72.88011838054666, 19.050574707506094], [72.87986069980873, 19.050201299855303], [72.8785570833087, 19.048312187242807], [72.87738799993052, 19.048298743175142], [72.87727369027775, 19.048386389322935], [72.87712769460062, 19.04849833027608], [72.87692055030126, 19.04874006356349], [72.87687502489693, 19.04880177630582], [72.87681770052147, 19.04887948333037], [72.87681768468094, 19.0488795039595], [72.8767726997249, 19.04894016804644], [72.87672350420729, 19.048996906282984], [72.87672333765315, 19.04899709604084], [72.87669580551653, 19.049015170757148], [72.87669316562673, 19.049016354522365], [72.87667963741228, 19.04902195323889], [72.87665420309166, 19.049025947601354], [72.87663417248817, 19.04902909443902], [72.87662644817712, 19.04903030879399], [72.87662090126952, 19.04903117905557], [72.87661940483294, 19.04903122929188], [72.87659362946832, 19.049032094363486], [72.87658088706284, 19.049032387912174], [72.87655144188278, 19.04902969156278], [72.87650774632556, 19.049019778467713], [72.87648933309875, 19.04901353610656], [72.87648259620742, 19.049011251486654], [72.87648259537534, 19.049011251188027], [72.87645489227015, 19.04900162657764], [72.87643326359435, 19.048992645881544], [72.8764165455026, 19.048985501214602], [72.8763682368481, 19.048962793009448], [72.87632217214173, 19.048940928729746], [72.87621909588042, 19.048899502430615], [72.87614494380821, 19.04887866313278], [72.87612855316674, 19.048873982578783], [72.87610209265452, 19.048866427526], [72.87606499536584, 19.048862751604315], [72.87600189419493, 19.048856162684473], [72.87595465871983, 19.048854346980622], [72.87594043684116, 19.048857224951202], [72.87586517490726, 19.048872456527597], [72.87575635094856, 19.048908637422187], [72.87568785738868, 19.04894598244287], [72.87568763451225, 19.048946104528518], [72.8756592823032, 19.04896156261725], [72.8754548886868, 19.049104208207993], [72.87536353154238, 19.04916796602213], [72.87497601624669, 19.049425011383278], [72.87497583980412, 19.04942509133218], [72.87455393781994, 19.049615689165076], [72.87442433788479, 19.049662927061938], [72.8742461626803, 19.049727869932827], [72.87419236896362, 19.049744628905337], [72.87409451068858, 19.049775115945486], [72.87370265535037, 19.04989719403494], [72.87366234396512, 19.049905408184202], [72.87356824552761, 19.05728746985793]]]}}, {"type": "Feature", "properties": {"grid_id": "cell_0334", "ward_id": "P/S", "ward_gid": 20, "area_m2": 785262.9016557042, "LST_C": 31.137721622874103, "NDVI": 0.5666782641959663, "NDVI_prev": 0.5390740169114292, "impervious_pct": 12.742396321155052}, "geometry": {"type": "Polygon", "coordinates": [[[72.8629105156214, 19.147490427249753], [72.87241350579046, 19.14760072368663], [72.872521220889, 19.139197753356818], [72.87251489471022, 19.13919946939858], [72.87247184905992, 19.139207600804777], [72.87237619599182, 19.139225668677472], [72.87233191623918, 19.139234033184678], [72.87218245940385, 19.13926226519136], [72.87208325643633, 19.139281004010684], [72.87163028639829, 19.139372595528332], [72.87147525679384, 19.139408398940304], [72.87131078385336, 19.13944331242005], [72.87128789989, 19.139448170378984], [72.87110305861309, 19.139495059269397], [72.8708997944635, 19.139548018352848], [72.87089069241023, 19.139550590609172], [72.86954376879315, 19.139931151889684], [72.86947078619288, 19.13996361174823], [72.86939516134233, 19.139987443631476], [72.8692983846064, 19.140017941862936], [72.86918479101918, 19.14007846629531], [72.8691026147142, 19.140137209072485], [72.86909923710267, 19.140139623310862], [72.86901065056107, 19.140161627125526], [72.86881548580548, 19.140205195397144], [72.86857942301863, 19.14025789332171], [72.86797644463212, 19.14048010818517], [72.86752923205762, 19.14057126451244], [72.86732224345715, 19.140624302221855], [72.86662400778265, 19.14081132986875], [72.86642313924739, 19.14086188472949], [72.86625318688495, 19.140894097236266], [72.8659882165173, 19.140973785117854], [72.86593154756173, 19.14099129398701], [72.86587810671728, 19.141056626071823], [72.8656020915245, 19.141117462046562], [72.86537854111752, 19.141166830795886], [72.86506676086525, 19.141232616285578], [72.86485520411495, 19.141262764770627], [72.86458276581781, 19.14130140175352], [72.86453184077487, 19.141308623398903], [72.86414906741263, 19.141311756052247], [72.86387739584848, 19.141298836815185], [72.86346996851967, 19.141535430259182], [72.86337596872855, 19.141590016228562], [72.86324750404248, 19.141644197937715], [72.86298436837515, 19.14175517962477], [72.8629105156214, 19.147490427249753]]]}}, {"type": "Feature", "properties": {"grid_id": "cell_0335", "ward_id": "R/N", "ward_gid": 15, "area_m2": 776986.6528856772, "LST_C": 30.939512532338146, "NDVI": 0.46253195837265226, "NDVI_prev": 0.44100470474987474, "impervious_pct": 31.0870743711343}, "geometry": {"type": "Polygon", "coordinates": [[[72.84260990145955, 19.246609983423728], [72.85211845658746, 19.246721882698726], [72.85223183204236, 19.23800964906097], [72.85210373005728, 19.238016926773096], [72.8519786757015, 19.238024031227134], [72.85185821072416, 19.238027411270245], [72.8516801187447, 19.238032408135794], [72.8515804137873, 19.238034267575475], [72.8513955888515, 19.238037714341026], [72.85131472071942, 19.238040942654834], [72.85106088985053, 19.238051075495928], [72.85091455559895, 19.238058313298325], [72.85075498098793, 19.23806620586164], [72.84984434273584, 19.23809465956375], [72.84964857610315, 19.238121785016617], [72.84951243649915, 19.23814508395152], [72.84941918590819, 19.23816888684617], [72.84917828559439, 19.238273208140246], [72.84901333398234, 19.238351598155155], [72.84894875903508, 19.23838363261611], [72.84852408861829, 19.238627592852033], [72.84842243605026, 19.23869435501892], [72.84820386886103, 19.238829579586472], [72.84743967159147, 19.239319899154626], [72.8471422070875, 19.23951064547482], [72.84701172490506, 19.23959660879963], [72.84694955629023, 19.239637565738523], [72.84683953798363, 19.23970981151951], [72.84649454703218, 19.239927484838763], [72.84622788704456, 19.240103234892576], [72.84597213306529, 19.240269832486426], [72.84579520770032, 19.240399885837075], [72.8457613743645, 19.240424727062962], [72.84558753293166, 19.2405523634686], [72.8453777996345, 19.240706784353293], [72.84416923878075, 19.241594162469415], [72.84265977466936, 19.24279498680068], [72.84260990145955, 19.246609983423728]]]}}, {"type": "Feature", "properties": {"grid_id": "cell_0336", "ward_id": "F/S", "ward_gid": 6, "area_m2": 774122.7641314471, "LST_C": 34.721142253833406, "NDVI": 0.23871407404261233, "NDVI_prev": 0.20646339946686013, "impervious_pct": 84.35206879682782}, "geometry": {"type": "Polygon", "coordinates": [[[72.83639606462721, 18.99362732428837], [72.84589012372624, 18.993738129579494], [72.84600631883521, 18.98470685382227], [72.842255515923, 18.984663156349644], [72.84223648101171, 18.98473765306534], [72.84222264909228, 18.984791786825973], [72.84213409278131, 18.985149197225457], [72.8420928027877, 18.98528057743878], [72.84201533670415, 18.985590485370132], [72.84185257815801, 18.986217114280894], [72.84170840551928, 18.9867725271049], [72.84154771167815, 18.987383953292035], [72.84153920251724, 18.987402854121644], [72.84151889154475, 18.98748203007459], [72.84152055280006, 18.98766377109766], [72.8415050047303, 18.987725549800093], [72.84148606139179, 18.987799170383937], [72.84143468776381, 18.98804885830377], [72.84142817418378, 18.98808052018865], [72.8414275259163, 18.988082047265742], [72.84142612476381, 18.98808511465158], [72.84142410054771, 18.98808907983571], [72.84142111600272, 18.988094178247493], [72.84141907347502, 18.988097280603835], [72.84141595051982, 18.98810155182034], [72.84141311508604, 18.988105027005385], [72.84140968501951, 18.988108815007305], [72.84140730498159, 18.98811121430199], [72.84140523354587, 18.988113170986157], [72.84140153071384, 18.98811638946109], [72.84139646118265, 18.98812029743771], [72.84139196011171, 18.988123344915888], [72.84138764722373, 18.988125936636223], [72.84138422122174, 18.988127788997083], [72.84137878789689, 18.98813038119417], [72.84137609081213, 18.98813152125693], [72.8413723283212, 18.988132959611402], [72.8413689894708, 18.988134091283374], [72.84136576374644, 18.98813506530123], [72.8413633854912, 18.988135705967288], [72.84135836664977, 18.988136860491977], [72.84135260159897, 18.988137859078993], [72.84134975591203, 18.98813822602289], [72.84124165388124, 18.988139658287633], [72.84075365732588, 18.9881488433093], [72.84029512372285, 18.988184062383976], [72.84014735756521, 18.9882027900105], [72.83990380162741, 18.988218249448117], [72.83944281261505, 18.98824660906234], [72.83906696966396, 18.988268636552693], [72.8386293280843, 18.988295978746518], [72.83813680535312, 18.98832802593533], [72.83794540932391, 18.98833913060949], [72.83790917519045, 18.988341233606725], [72.83769020542735, 18.988353937024357], [72.83760045631541, 18.988359144083887], [72.83705542469232, 18.988389612682862], [72.83677122230999, 18.98841119648605], [72.83649865287599, 18.988434361991278], [72.83646313942565, 18.9884374211158], [72.83639606462721, 18.99362732428837]]]}}, {"type": "Feature", "properties": {"grid_id": "cell_0337", "ward_id": "K/W", "ward_gid": 14, "area_m2": 771741.5312125742, "LST_C": 29.956170222428803, "NDVI": 0.6009407501822424, "NDVI_prev": 0.5159415882593759, "impervious_pct": 4.694595431402229}, "geometry": {"type": "Polygon", "coordinates": [[[72.82489921244905, 19.147044334578105], [72.81539655248376, 19.146931584752522], [72.81529915782542, 19.154327589348636], [72.81584643558605, 19.15469988471786], [72.81757901201502, 19.155989881864098], [72.81980821927274, 19.15601635978058], [72.81984733843366, 19.15600299327674], [72.82002667809606, 19.15590617834323], [72.82035464018132, 19.155702833597253], [72.82044503212555, 19.15550729615001], [72.82055424557879, 19.155272699715397], [72.82067635914753, 19.155005439131905], [72.82096548182423, 19.154383779896747], [72.82132648553208, 19.153040709547167], [72.82136856617765, 19.152884148334437], [72.82187596676944, 19.150996375504917], [72.82200607463928, 19.150512303237893], [72.82284562494146, 19.151006886175704], [72.82374561683254, 19.15151654935914], [72.82483239581305, 19.152140812399512], [72.82489921244905, 19.147044334578105]]]}}, {"type": "Feature", "properties": {"grid_id": "cell_0338", "ward_id": "P/N", "ward_gid": 21, "area_m2": 769013.4621506671, "LST_C": 31.389548790814203, "NDVI": 0.5441019454260911, "NDVI_prev": 0.4310561733454855, "impervious_pct": 4.827401728355648}, "geometry": {"type": "Polygon", "coordinates": [[[72.814681966, 19.201117041662975], [72.80517627070617, 19.201003456351632], [72.80505642045634, 19.210034274767086], [72.8087060416442, 19.210077962786986], [72.80867802175386, 19.209979770555822], [72.8086633787499, 19.20992845630778], [72.80859632412425, 19.20969347085687], [72.80915726233826, 19.2089484077961], [72.80938341300283, 19.208649624178], [72.80940663406415, 19.20861894756539], [72.80940834117216, 19.20861704186169], [72.80946130285606, 19.208557966687444], [72.80946272091711, 19.208556383556246], [72.80946989757588, 19.208548379910436], [72.8095970123816, 19.208406590239278], [72.80959879377488, 19.208407895997034], [72.81001530735783, 19.208713151047665], [72.81001700635147, 19.208712684624054], [72.81018456897247, 19.20866660156616], [72.81043760199964, 19.208597011285892], [72.81043344336481, 19.208524053629038], [72.81042759483647, 19.208421464938944], [72.81039154290045, 19.208063780242437], [72.81039103099867, 19.20805869177119], [72.81106101554033, 19.208256046049197], [72.81106648882599, 19.208257659497786], [72.81090461687025, 19.20794829049408], [72.81102055863587, 19.20760099207987], [72.8110698886073, 19.20745324042737], [72.81104658006548, 19.20730457013061], [72.81092074060739, 19.206501794524588], [72.81140612806429, 19.206239837020604], [72.81155000118942, 19.206162189187577], [72.81173160772973, 19.206064177991568], [72.81180201603611, 19.206032454006962], [72.81210408424798, 19.205896353848214], [72.81237385493039, 19.205774807120086], [72.81264706000321, 19.205647149169497], [72.81432435094837, 19.204797578909517], [72.81452675006267, 19.204753054943247], [72.81463424093803, 19.204729410387344], [72.814681966, 19.201117041662975]]]}}, {"type": "Feature", "properties": {"grid_id": "cell_0339", "ward_id": "R/C", "ward_gid": 11, "area_m2": 764887.0869329936, "LST_C": 28.910659259292334, "NDVI": 0.6294548281744257, "NDVI_prev": 0.7181593079459707, "impervious_pct": 0}, "geometry": {"type": "Polygon", "coordinates": [[[72.81408463457818, 19.246271325154776], [72.80457634608895, 19.246157452300018], [72.80445615907063, 19.25518822263122], [72.80756797845704, 19.255225561516774], [72.80784359105866, 19.254991884825735], [72.80823998890901, 19.254607729837776], [72.80854897355657, 19.254295987146637], [72.80883452337255, 19.254035817042304], [72.80931383286725, 19.253574871702636], [72.80959505983589, 19.253297362498454], [72.8100006038252, 19.252908991449875], [72.81054382417413, 19.25243152354], [72.81094441352607, 19.252073338741464], [72.81118867049818, 19.251838596099613], [72.81142394069607, 19.25159510527032], [72.81164101646284, 19.251351394547953], [72.81182613270559, 19.251115943165356], [72.81209922753014, 19.25076487272586], [72.81237623885718, 19.2504613826394], [72.81273115683823, 19.250115609876925], [72.81336142141352, 19.249591638891502], [72.81396893868582, 19.249067394415864], [72.81404844307492, 19.249003088338625], [72.81408463457818, 19.246271325154776]]]}}, {"type": "Feature", "properties": {"grid_id": "cell_0340", "ward_id": "T", "ward_gid": 13, "area_m2": 753932.6549210451, "LST_C": 28.84521628949683, "NDVI": 0.41679528666072796, "NDVI_prev": 0.41072995424978453, "impervious_pct": 0.3367240491397031}, "geometry": {"type": "Polygon", "coordinates": [[[72.91042611525911, 19.148037002074588], [72.91992942837226, 19.148144844759926], [72.91999264580033, 19.143101109111328], [72.91963905749621, 19.142596592907374], [72.91919232058754, 19.141954358573287], [72.91887425100356, 19.141506829029705], [72.91844632959582, 19.14086990269689], [72.91812938347668, 19.141404892527206], [72.91771939655183, 19.14140982053617], [72.91768460582186, 19.141410219411604], [72.91712472919953, 19.141340267276505], [72.91680743753349, 19.14133371620676], [72.91625806222322, 19.141309182843216], [72.9159246749554, 19.141407805699888], [72.91561978343738, 19.141498001028793], [72.91559129019927, 19.14150642794514], [72.91554683218374, 19.141519580404058], [72.91529023686925, 19.141591877931432], [72.9152499510064, 19.141603229528414], [72.91514627055331, 19.14163099989472], [72.91454287163144, 19.141711162951296], [72.91436680716578, 19.14173674475512], [72.91427652983134, 19.141749511465772], [72.91392081994212, 19.141794670261337], [72.91353518576642, 19.14127135993254], [72.91308529965933, 19.141202012087238], [72.91287560543556, 19.141168584041374], [72.9128130902994, 19.140866375124904], [72.91276547151564, 19.14063883076792], [72.9127222973519, 19.14044852315473], [72.9123864805064, 19.14037412465611], [72.9122237697822, 19.140340537738403], [72.9118344506659, 19.14024436570076], [72.91168658566761, 19.140290946946365], [72.91135359762195, 19.14039584829926], [72.91073157914988, 19.14059388407835], [72.91052201354066, 19.140420029215253], [72.91042611525911, 19.148037002074588]]]}}, {"type": "Feature", "properties": {"grid_id": "cell_0341", "ward_id": "M/E", "ward_gid": 16, "area_m2": 753160.7445187581, "LST_C": 32.400171609416724, "NDVI": 0.4325315248596011, "NDVI_prev": 0.40054723727100944, "impervious_pct": 37.99554663903524}, "geometry": {"type": "Polygon", "coordinates": [[[72.91167332380931, 19.04868993692064], [72.91178632309045, 19.039658328626544], [72.90228924908568, 19.039550654365986], [72.90220948872684, 19.045897285287143], [72.90272258811711, 19.04585268572878], [72.9029516761697, 19.045833393945074], [72.9030424525513, 19.04582574917906], [72.90358643936693, 19.04577993609805], [72.9037124147543, 19.0457698975168], [72.90508245045065, 19.04580575038108], [72.90545780159401, 19.0458052726131], [72.90572325259157, 19.04580509159785], [72.90606000514295, 19.045804861444736], [72.90661089599818, 19.045795592819744], [72.90710943970998, 19.045787203511352], [72.9075890393412, 19.045772566858187], [72.90781610428557, 19.045765636739677], [72.90816404162652, 19.04575502068892], [72.9084345585173, 19.045746763956984], [72.90858307960984, 19.045742230180764], [72.90876179399821, 19.04573544273183], [72.90897203449275, 19.045727458365544], [72.9090442724437, 19.04572471570348], [72.90924712607391, 19.045717013846787], [72.90934002065369, 19.04571348530463], [72.90934466567708, 19.04575624824623], [72.9093745661871, 19.045879476838934], [72.90941521382578, 19.046074799925734], [72.9094277941044, 19.04613525143428], [72.90948805164135, 19.04642480448914], [72.90951381321054, 19.04657681055816], [72.90961776675691, 19.047190186231845], [72.91002830865115, 19.048671312850605], [72.91167332380931, 19.04868993692064]]]}}, {"type": "Feature", "properties": {"grid_id": "cell_0342", "ward_id": "R/C", "ward_gid": 11, "area_m2": 752657.3643979518, "LST_C": 32.57805299116011, "NDVI": 0.32192737655922543, "NDVI_prev": 0.3197623877426553, "impervious_pct": 62.83458527295813}, "geometry": {"type": "Polygon", "coordinates": [[[72.84296383079518, 19.219516929004524], [72.85247082893248, 19.219628658724805], [72.85254602380566, 19.21384114939508], [72.85243065519828, 19.21382591603882], [72.85184586746193, 19.21374215361953], [72.85162625688486, 19.213634105543928], [72.85148722147821, 19.213538940276607], [72.85115569289322, 19.21385505365998], [72.85043828781906, 19.213411902750178], [72.85007083296341, 19.21323377318868], [72.84949824054016, 19.21295619777217], [72.84890367885767, 19.21269790229786], [72.84824227449522, 19.212442295692387], [72.84765802583658, 19.21229963009943], [72.84723708763975, 19.212240363192272], [72.84667674841096, 19.212182851920883], [72.84626975037574, 19.212150907070626], [72.8459802278917, 19.21215429320636], [72.84545072198341, 19.21219899225248], [72.84478798760496, 19.212320208502625], [72.84377096115672, 19.212587963124566], [72.84307332711121, 19.212809285022978], [72.84305130686145, 19.212813644673773], [72.84296383079518, 19.219516929004524]]]}}, {"type": "Feature", "properties": {"grid_id": "cell_0343", "ward_id": "A", "ward_gid": 1, "area_m2": 752291.3960966754, "LST_C": 35.17153861693174, "NDVI": 0.2027399644746695, "NDVI_prev": 0.20871721465174403, "impervious_pct": 80.22507044492932}, "geometry": {"type": "Polygon", "coordinates": [[[72.83697893573087, 18.9484711336589], [72.83709531197835, 18.939439867089423], [72.82760438138833, 18.93932891640618], [72.82755801657781, 18.942911914309107], [72.82764201343304, 18.942937863908803], [72.82771082869303, 18.94295478259013], [72.82775062896438, 18.942964566904084], [72.8277935067861, 18.942971315323717], [72.82800763359627, 18.94300501265448], [72.82817658063576, 18.943031600249473], [72.82819607026116, 18.943040071625234], [72.82819802238025, 18.943040920143748], [72.82820007519342, 18.943041812909165], [72.82820319613491, 18.94304317024985], [72.82820322350723, 18.94304318231286], [72.82820531151638, 18.94304408994267], [72.82827471140287, 18.943074257219724], [72.82831257833898, 18.943086568705265], [72.82834970700466, 18.94309864120476], [72.82843247879691, 18.943127144778757], [72.82857250058196, 18.943175361365874], [72.82858678075753, 18.94318126521745], [72.82871141783131, 18.943232800736457], [72.82877686226384, 18.943267965092907], [72.82879335194322, 18.943277714686985], [72.82882128001206, 18.94329422815635], [72.82884079655894, 18.943308112182677], [72.82885446256483, 18.94331783412292], [72.82886924883086, 18.943331949082733], [72.82887423634028, 18.94333671075922], [72.82889760146716, 18.943359013058597], [72.82892040555348, 18.943385645366135], [72.82892040749866, 18.943385647629], [72.82892040940634, 18.94338564985528], [72.82895453885358, 18.943425508425364], [72.82896222918492, 18.943434872240427], [72.82897251206408, 18.943451492484648], [72.82897324380981, 18.943450695347053], [72.82897530354677, 18.94345320252574], [72.82900723931185, 18.94349086302573], [72.8290094735818, 18.94349349780091], [72.8291450749086, 18.94365340526968], [72.8292225249615, 18.94374075222827], [72.8292269379531, 18.94374588755013], [72.82922754316768, 18.943746591844146], [72.82922772459817, 18.943746802621344], [72.82922781717077, 18.943746911193102], [72.82922946936134, 18.943748832513013], [72.82923095568535, 18.943750560977975], [72.82923140822466, 18.943751100572516], [72.82932826837494, 18.9438665913224], [72.82940044506005, 18.94395264894779], [72.82941752375403, 18.943973014166144], [72.8294724951576, 18.9440512910775], [72.82951395958344, 18.944110333010503], [72.82954002961877, 18.94413268768809], [72.82955640654843, 18.94414845070558], [72.82969781801489, 18.944284570807895], [72.82995633905392, 18.944532176214942], [72.8301576727581, 18.944726071684148], [72.83015771214255, 18.94472610917876], [72.830202732539, 18.944769465966953], [72.8304987623841, 18.945039994595408], [72.83065525225848, 18.94518098750182], [72.83087196800649, 18.945371106052857], [72.83089175618629, 18.945388463397503], [72.83116561557756, 18.945601660162787], [72.83149394345884, 18.94585038307683], [72.83165388244838, 18.945973026152124], [72.83175332450541, 18.946058998203494], [72.8318394798795, 18.94612504063938], [72.83189387572381, 18.946166738158627], [72.83191745835535, 18.946184095530757], [72.8319174912716, 18.9461841194005], [72.83195928630738, 18.94621488098739], [72.83202351494667, 18.946265312382057], [72.83207158979165, 18.946298107466603], [72.83210584441889, 18.9463214752713], [72.83218334046089, 18.94637534242142], [72.83227053418953, 18.946437233701904], [72.83238680403937, 18.94652090292989], [72.83243385744191, 18.9465541520699], [72.83249687819547, 18.94659868265233], [72.832561781243, 18.946644316247106], [72.83291688415048, 18.946893989739976], [72.8330584970474, 18.947001299647155], [72.8331015389312, 18.947033309439668], [72.83310159440552, 18.947033350734877], [72.83328191040351, 18.94716744477964], [72.83334607151981, 18.947219122391083], [72.83341374368388, 18.94727362396806], [72.83360726857003, 18.94742631851722], [72.83366301412812, 18.947470303062246], [72.83405584353756, 18.94778024737929], [72.8341980227658, 18.947892255592684], [72.83449530723854, 18.948126454370833], [72.83472356598782, 18.948314589401285], [72.83478948401107, 18.948367678130438], [72.83487863581536, 18.94842070132434], [72.83494085666915, 18.948447338197198], [72.83697893573087, 18.9484711336589]]]}}, {"type": "Feature", "properties": {"grid_id": "cell_0344", "ward_id": "P/N", "ward_gid": 21, "area_m2": 743554.3898623333, "LST_C": 32.59461770922453, "NDVI": 0.4191290658315043, "NDVI_prev": 0.46556457152926517, "impervious_pct": 8.248269336344604}, "geometry": {"type": "Polygon", "coordinates": [[[72.82454377039917, 19.17413727782714], [72.8244251563952, 19.183168239753417], [72.83392995011356, 19.18328072681661], [72.8339907115149, 19.178634856576057], [72.83368313343509, 19.17861633128588], [72.83352856244692, 19.17860570085128], [72.83302530895003, 19.17858240826687], [72.83266238181989, 19.178563420821753], [72.83230163567298, 19.17854812342215], [72.83194363545884, 19.178537136669384], [72.83185678813784, 19.178534470936032], [72.83168586732447, 19.178531309846154], [72.83151406003935, 19.178538796606503], [72.83151405882182, 19.178538796664373], [72.83143385572114, 19.17854229197081], [72.83130726891939, 19.17854780860496], [72.83129806367657, 19.178548209616984], [72.83129806245904, 19.178548209674855], [72.83115979811467, 19.178554468213175], [72.83109680514555, 19.178557319147192], [72.83102233853607, 19.178560689950565], [72.83101231979951, 19.178561143798834], [72.83077005132562, 19.178572108134574], [72.8297624563168, 19.17849689058245], [72.82963844164674, 19.178488525409602], [72.82954461732098, 19.177462853575896], [72.82930386116257, 19.176419925711976], [72.8287017273085, 19.175412076074796], [72.8279593370866, 19.174723021714236], [72.8272337104808, 19.17440866678972], [72.82702895777228, 19.174166723676468], [72.82454377039917, 19.17413727782714]]]}}, {"type": "Feature", "properties": {"grid_id": "cell_0345", "ward_id": "K/W", "ward_gid": 14, "area_m2": 731247.1023515406, "LST_C": 29.20143704823999, "NDVI": 0.4936293784750676, "NDVI_prev": 0.41975978718565576, "impervious_pct": 0.02450435406068909}, "geometry": {"type": "Polygon", "coordinates": [[[72.81539655248376, 19.146931584752522], [72.80589395943028, 19.146818344293457], [72.80585719032318, 19.149598848755243], [72.80602166083314, 19.149945550367672], [72.80678539846444, 19.15085028533341], [72.80776874050156, 19.15184440688777], [72.80787136645387, 19.1519738842172], [72.8081671607034, 19.152373659035767], [72.80861413658276, 19.152912991835244], [72.80910464715774, 19.15347466516434], [72.80946246995599, 19.154032361357523], [72.81016088959636, 19.154999968616472], [72.81090703479563, 19.155863822118466], [72.81095516621005, 19.15591104599615], [72.8111226530908, 19.155913042339698], [72.81374862150466, 19.153263979643253], [72.81418514074016, 19.153569749852842], [72.81529915782542, 19.154327589348636], [72.81539655248376, 19.146931584752522]]]}}, {"type": "Feature", "properties": {"grid_id": "cell_0346", "ward_id": "G/S", "ward_gid": 7, "area_m2": 725918.0804204845, "LST_C": 33.48167280829193, "NDVI": 0.145753339354515, "NDVI_prev": 0.08713666050582579, "impervious_pct": 46.37336286506622}, "geometry": {"type": "Polygon", "coordinates": [[[72.8174081448715, 18.993404254413292], [72.81752587337654, 18.984373149222233], [72.8087610583481, 18.984269570220548], [72.80897096008381, 18.984636908931392], [72.80941318928113, 18.98546295427116], [72.80958982307331, 18.985891218917658], [72.81022571572502, 18.98754103115383], [72.81052674458418, 18.988386423404016], [72.81061454879267, 18.98863300648503], [72.8110538989901, 18.98986683574576], [72.81140946247284, 18.9911877127338], [72.81185288607622, 18.993181376636137], [72.8118548850376, 18.993338646456547], [72.8174081448715, 18.993404254413292]]]}}, {"type": "Feature", "properties": {"grid_id": "cell_0347", "ward_id": "G/N", "ward_gid": 9, "area_m2": 719811.90383515, "LST_C": 32.604229082483606, "NDVI": 0.22456950483790006, "NDVI_prev": 0.2263514971935352, "impervious_pct": 79.13108469086939}, "geometry": {"type": "Polygon", "coordinates": [[[72.83604554948315, 19.02072092474876], [72.83616245394288, 19.01168973409767], [72.8317203530374, 19.011637675436802], [72.83155358076787, 19.012036505414727], [72.83147639630856, 19.01222109209655], [72.83147602196969, 19.012221987345512], [72.83146408201803, 19.01225054182963], [72.83130179061536, 19.012727037929714], [72.83114392499614, 19.013190537317662], [72.83091201203698, 19.0135963292643], [72.83078122283526, 19.013815147417038], [72.83075443381972, 19.013867122328485], [72.83064968598289, 19.01404581457912], [72.83058663439976, 19.014154414183324], [72.83047852272382, 19.014340625237477], [72.83031540381282, 19.014621574857095], [72.83031188562654, 19.014627624188936], [72.83020360019216, 19.014813709234403], [72.82982900738166, 19.015416952494764], [72.82972706521824, 19.015581118341082], [72.82932458779524, 19.01625227077354], [72.8292822603748, 19.016323034778388], [72.8289824604466, 19.016319230955805], [72.82877864185983, 19.016231205199894], [72.82876298648013, 19.016253948510606], [72.82872578093767, 19.016308001859652], [72.82871822260515, 19.0163155979206], [72.82868555000525, 19.016348506993104], [72.82867710715914, 19.016357008556668], [72.82867475349536, 19.016359377228998], [72.82866192563446, 19.016372294752703], [72.82865541236131, 19.01638380604414], [72.82865535222373, 19.016383902888755], [72.82855494800751, 19.016544462142907], [72.82805682239106, 19.017341031162992], [72.8279814240816, 19.017461602199397], [72.82752565436716, 19.01827562452586], [72.82739180263711, 19.01849954115727], [72.82736282851518, 19.018556327517498], [72.82733654693965, 19.01860783712251], [72.82720746594079, 19.018860823911847], [72.82714676440473, 19.018979794547363], [72.8271011375025, 19.01906921997229], [72.82708103934388, 19.01910281850686], [72.82706087421417, 19.019136527350735], [72.82701221549864, 19.019217871864456], [72.82699874488195, 19.01924038956429], [72.82690563666651, 19.01939603751301], [72.82689421050671, 19.019415136957434], [72.82718672325478, 19.019611699534735], [72.82747899881234, 19.01977717531904], [72.82798494694812, 19.020068057374793], [72.82815990644627, 19.020187141241955], [72.82822561801112, 19.02022862233963], [72.82830168185048, 19.02027342080725], [72.82843576561183, 19.0203866875582], [72.82861937959407, 19.020539527034863], [72.82873533309446, 19.02063515771548], [72.83604554948315, 19.02072092474876]]]}}, {"type": "Feature", "properties": {"grid_id": "cell_0348", "ward_id": "H/E", "ward_gid": 18, "area_m2": 718284.1923746807, "LST_C": 35.35518001102259, "NDVI": 0.31499743273421243, "NDVI_prev": 0.26034621280998227, "impervious_pct": 76.18140807572844}, "geometry": {"type": "Polygon", "coordinates": [[[72.87331937903504, 19.076794719408028], [72.87272954529968, 19.076609953654668], [72.87259394804626, 19.076573825814194], [72.87238188847714, 19.076463800423774], [72.87223286501668, 19.07639185903195], [72.87186445154921, 19.07622520225395], [72.87165383737057, 19.076138202627586], [72.8715437022597, 19.076096899722256], [72.8714435763898, 19.076055848748908], [72.87130341981455, 19.07599964282535], [72.8712916676827, 19.075994306976956], [72.87126649998464, 19.075982886225017], [72.87126742397251, 19.075935181796893], [72.87121339193187, 19.075834351934727], [72.87113007416112, 19.075677695171798], [72.87118235753667, 19.075462121901154], [72.87121403394178, 19.07532567890271], [72.86383894884521, 19.07524034783679], [72.8637489853206, 19.082255551173624], [72.86378938383095, 19.082262812971692], [72.86385073460326, 19.08226883458808], [72.86389506278285, 19.082295894340554], [72.86394483943646, 19.082333636736973], [72.86407802833264, 19.08239889308848], [72.86419494239546, 19.08242679421788], [72.86427740283439, 19.082528627711778], [72.86438165255196, 19.082673187072995], [72.86448576752201, 19.082828363161017], [72.86453962917761, 19.082982957913554], [72.8645596486326, 19.08316370625309], [72.8645794651081, 19.0833603808959], [72.86457292866207, 19.08343463578695], [72.86461698498515, 19.08348293007281], [72.86467799595117, 19.083515492195342], [72.86476658516563, 19.083574922067207], [72.86485610384406, 19.08361346129378], [72.86492204245634, 19.083645744001686], [72.86502322798164, 19.08359382373705], [72.86514788211268, 19.083518054013513], [72.8652739799617, 19.083387139675185], [72.86545986605917, 19.083196789723353], [72.8660002144401, 19.082745033678663], [72.86622559888029, 19.082588364229544], [72.8664284451245, 19.082447362152674], [72.86657409421723, 19.08241188331878], [72.86677523886966, 19.08240359391855], [72.86703766782081, 19.082406632112143], [72.8674951142942, 19.08244378337911], [72.8679803436264, 19.08249187336787], [72.86819783233231, 19.08251562660109], [72.86831515633637, 19.08251167485358], [72.86850574579891, 19.08245547768341], [72.86862919671769, 19.082409122025723], [72.87012339549847, 19.08172556884159], [72.87011004947676, 19.08171339711606], [72.87011017067498, 19.08170391982032], [72.87011024642352, 19.081697996533066], [72.87044847857878, 19.08149447628984], [72.87047598794383, 19.08145740065326], [72.87052680242508, 19.08143479138936], [72.87070172049205, 19.08135696348885], [72.87098542410143, 19.081230732089494], [72.8719124913341, 19.080815715596632], [72.87233509035094, 19.080622809114093], [72.872427203165, 19.08057959611403], [72.87254085248591, 19.08052627925913], [72.87327614293164, 19.08018132795787], [72.87331937903504, 19.076794719408028]]]}}, {"type": "Feature", "properties": {"grid_id": "cell_0349", "ward_id": "D", "ward_gid": 4, "area_m2": 717817.6505058352, "LST_C": 32.81942851193119, "NDVI": 0.21078088463992642, "NDVI_prev": 0.1239040483392474, "impervious_pct": 48.48871978596754}, "geometry": {"type": "Polygon", "coordinates": [[[72.80815069709945, 18.975229884671396], [72.80826880291653, 18.966198817817332], [72.80038562148658, 18.96610535756742], [72.80050896324228, 18.966764747498974], [72.80065143253475, 18.967543162134632], [72.80066515906069, 18.967618159931074], [72.80078712721716, 18.96827428020902], [72.8009175513023, 18.96899553206458], [72.80104093118112, 18.969773774788887], [72.80119824692488, 18.97060788335148], [72.80122236121188, 18.970741045008914], [72.8012674352087, 18.970983185797927], [72.80132749110099, 18.97123956097272], [72.80134717231088, 18.971296308505945], [72.8017755614711, 18.97253148916171], [72.80177684583222, 18.972535206407386], [72.80177881250934, 18.97254045556154], [72.80199251268743, 18.973085828897414], [72.80199491283082, 18.97309166358429], [72.8021462609329, 18.973442553330248], [72.80214965741129, 18.973449976834306], [72.80240334936865, 18.973974182619937], [72.80240572750176, 18.97397891754199], [72.80240583883744, 18.97397913853237], [72.8024874722495, 18.97413232181847], [72.80258347554624, 18.97431937977551], [72.80276067628836, 18.97461164236661], [72.80301961064103, 18.97498745874336], [72.80313237542455, 18.975170400795346], [72.80815069709945, 18.975229884671396]]]}}, {"type": "Feature", "properties": {"grid_id": "cell_0350", "ward_id": "R/C", "ward_gid": 11, "area_m2": 717077.9056947894, "LST_C": 35.78389186821842, "NDVI": 0.33509466401160126, "NDVI_prev": 0.3151878448498154, "impervious_pct": 60.67078389193437}, "geometry": {"type": "Polygon", "coordinates": [[[72.85247082893248, 19.219628658724805], [72.86197789295196, 19.219739895760604], [72.8620639259062, 19.2130886042556], [72.86062601314488, 19.213001186005677], [72.85890580504287, 19.21297218116227], [72.85878361225096, 19.212970120208762], [72.85743892272195, 19.212892386883116], [72.85683615465817, 19.212909186402573], [72.85639627430372, 19.21294935537877], [72.85625018532977, 19.21298580645849], [72.85573586836426, 19.21315150961212], [72.85409606762244, 19.21375957195812], [72.85378600615608, 19.213856110867827], [72.85359705591019, 19.213906367714355], [72.85342118322842, 19.213916232053297], [72.85286675770152, 19.213883498944472], [72.85254602380566, 19.21384114939508], [72.85247082893248, 19.219628658724805]]]}}, {"type": "Feature", "properties": {"grid_id": "cell_0351", "ward_id": "M/E", "ward_gid": 16, "area_m2": 715879.5741265255, "LST_C": 31.894909601125907, "NDVI": 0.33240818842241737, "NDVI_prev": 0.33232691132132125, "impervious_pct": 16.451755098253035}, "geometry": {"type": "Polygon", "coordinates": [[[72.91223768220497, 19.003531800799266], [72.91232012520578, 18.996924258972523], [72.91180821405247, 18.99666886857504], [72.91061934260814, 18.99623539259145], [72.91019979867532, 18.996077907520167], [72.9098796471747, 18.995997917386568], [72.90930827532621, 18.99594372696957], [72.9080042652316, 18.995890796478086], [72.90737352337052, 18.99576910269357], [72.906744453945, 18.99551377384414], [72.90603666340998, 18.995133446600487], [72.90523008504786, 18.99462789290274], [72.90500982442265, 18.994417153387317], [72.90431379298465, 18.994409268967615], [72.90429951309795, 18.994454928007578], [72.9042579587671, 18.994605402043927], [72.90425583281427, 18.99477519091889], [72.9042988905266, 18.997114072405296], [72.90429963730655, 18.99711421072393], [72.9043148496233, 18.99733483261075], [72.90437625837909, 18.998225433747272], [72.90439655848714, 18.998519841905054], [72.90441640463577, 18.998807667126673], [72.90442383293129, 18.9989377796673], [72.90444184699909, 18.999253309066205], [72.9044282269511, 18.999676374307256], [72.90439994935593, 19.00055471403991], [72.90437223742852, 19.001415459351968], [72.90435475102926, 19.001958582740933], [72.90433053156387, 19.002710819513183], [72.90432224907552, 19.002968061998104], [72.90475962732872, 19.003089844416287], [72.90479865362076, 19.003101260228185], [72.90491058227816, 19.003131368273674], [72.90495118272906, 19.00344938336841], [72.91223768220497, 19.003531800799266]]]}}, {"type": "Feature", "properties": {"grid_id": "cell_0352", "ward_id": "P/N", "ward_gid": 21, "area_m2": 714759.2479573559, "LST_C": 30.820306293965242, "NDVI": 0.42551846187733644, "NDVI_prev": 0.45729767010621936, "impervious_pct": 2.0710182816120506}, "geometry": {"type": "Polygon", "coordinates": [[[72.79603134209098, 19.173797039268056], [72.79615144010751, 19.164766240177805], [72.78664794889785, 19.164651902574406], [72.78661660262465, 19.16699936674597], [72.78735910519283, 19.16769054993198], [72.7876869459284, 19.16840512280369], [72.78810177299229, 19.168771135036884], [72.78836488991257, 19.169300149837227], [72.78864260359875, 19.16984114263919], [72.78866329929261, 19.16985404973011], [72.78883007655715, 19.169960394641176], [72.7888624094323, 19.169981010000917], [72.78898783234268, 19.17006098470336], [72.78979471845335, 19.170574243871606], [72.79014152882041, 19.1707806432614], [72.79029856176828, 19.170874473849786], [72.79051638304902, 19.171010409129746], [72.79072978513777, 19.171053984463992], [72.79106732188268, 19.171117456864636], [72.79155499893896, 19.17120827587312], [72.79197716489807, 19.171295287782076], [72.79249526996547, 19.171395173916707], [72.79251396186103, 19.171398777709054], [72.79254230046726, 19.17140183800175], [72.79315553435322, 19.171853304068144], [72.79326648977523, 19.17222928324065], [72.79344349114763, 19.17287051175699], [72.7935975979663, 19.173489426962263], [72.7937980379732, 19.173770202203574], [72.79603134209098, 19.173797039268056]]]}}, {"type": "Feature", "properties": {"grid_id": "cell_0353", "ward_id": "K/E", "ward_gid": 19, "area_m2": 713975.5138388361, "LST_C": 38.55080290121663, "NDVI": 0.12548805669658644, "NDVI_prev": 0.11013428666415623, "impervious_pct": 82.51541157983797}, "geometry": {"type": "Polygon", "coordinates": [[[72.87310713062855, 19.093412885610583], [72.87299168926393, 19.10244421576911], [72.88068038495645, 19.102532893503067], [72.88063777885935, 19.1025168787263], [72.88036102124342, 19.1024131439123], [72.88022784857402, 19.10219335054307], [72.8801744485101, 19.102096666406627], [72.88016419936248, 19.102074386962197], [72.8801081319297, 19.101952508350898], [72.88008318128122, 19.101890838824758], [72.88005658938356, 19.1018251123491], [72.88002166358909, 19.101736414099292], [72.88001725109537, 19.10172520780185], [72.87979445590705, 19.101354313317177], [72.87966178849071, 19.10105052880902], [72.87960000161432, 19.100909025912397], [72.87954020496178, 19.100768340115682], [72.87953175218126, 19.10075348008751], [72.87947230769952, 19.10061126978448], [72.87945380381608, 19.10055550527617], [72.87928173758641, 19.10013044983826], [72.87920377110979, 19.099927964439384], [72.87913205784658, 19.099750187717387], [72.87909067634014, 19.099311225998896], [72.87905987568483, 19.09920034826806], [72.87895251933183, 19.098933184425842], [72.87901313649144, 19.09870669369728], [72.87909397327564, 19.09855461544818], [72.8792115286806, 19.098492966823585], [72.87939098956036, 19.098492754956034], [72.87980788956726, 19.098513209791225], [72.87996280011309, 19.098480616760806], [72.88032889162702, 19.098232815744645], [72.88055992002693, 19.098122758805815], [72.88067780362181, 19.098039205435896], [72.88073189892795, 19.097913277801037], [72.88074967073838, 19.097767881562508], [72.88072142015997, 19.097624887768394], [72.88073871684395, 19.097428565368332], [72.88082807372432, 19.097172532023517], [72.88088710600914, 19.09692706537899], [72.88095059935011, 19.09665121337118], [72.88093501504443, 19.096548774992907], [72.88092032978913, 19.09645224607317], [72.88086919354834, 19.096277850450168], [72.88076020397831, 19.09607940665978], [72.88060085754034, 19.095923499099356], [72.88029578103661, 19.095662681933547], [72.88015342948123, 19.095530062460313], [72.88009648194836, 19.095426992009312], [72.8800356888106, 19.09531696429643], [72.87998027078407, 19.095220533985515], [72.8798701116356, 19.095042537090173], [72.87978666773981, 19.094877299707164], [72.87973888881861, 19.09478648852365], [72.87948170784384, 19.094544838647284], [72.87934148170748, 19.094475195214407], [72.87913202028058, 19.094503979339624], [72.87886155366166, 19.094406348141113], [72.87869635549785, 19.09425735771134], [72.87851416742367, 19.093984618075034], [72.87836456955883, 19.093582816773992], [72.8783378135708, 19.09347322129509], [72.87310713062855, 19.093412885610583]]]}}, {"type": "Feature", "properties": {"grid_id": "cell_0354", "ward_id": "P/N", "ward_gid": 21, "area_m2": 712871.8280451074, "LST_C": 29.794435188306007, "NDVI": 0.30191297321961347, "NDVI_prev": 0.23077412987756105, "impervious_pct": 1.3055377139825182}, "geometry": {"type": "MultiPolygon", "coordinates": [[[[72.79579094341183, 19.191858608647156], [72.7957472566563, 19.191858083460083], [72.79578938875538, 19.191975346511523], [72.79579094341183, 19.191858608647156]]], [[[72.78616508231842, 19.200774809407314], [72.79567064271541, 19.200889378928075], [72.7957344825239, 19.196097665238963], [72.794661679168, 19.19598797424831], [72.79295349455063, 19.195586607346726], [72.79273551820775, 19.195344981256117], [72.79251763285713, 19.19525127198719], [72.79240999196858, 19.195106840972695], [72.79234369284039, 19.19494338941638], [72.79225806821324, 19.194688619306675], [72.7922526966664, 19.194577950434578], [72.79214514322472, 19.1944270142557], [72.79197570804706, 19.19429485116235], [72.79184735416801, 19.194163182733714], [72.79173312811007, 19.19399915374001], [72.79164550829735, 19.19389400034251], [72.79151784941195, 19.193710291078222], [72.79128081563586, 19.193512251881526], [72.7909746198951, 19.193365428140307], [72.79072952481549, 19.193258376950105], [72.79051146979451, 19.19317767578326], [72.79028604712725, 19.19313592235688], [72.79011505135159, 19.19312084914429], [72.78973856549436, 19.193109804761797], [72.78945784770544, 19.19310642042634], [72.78863162829919, 19.19344128122415], [72.7884239646223, 19.19360793538766], [72.78828529008986, 19.1937363848427], [72.78809868779143, 19.193864255949364], [72.787802797198, 19.193971289842537], [72.78762434552883, 19.194001667062413], [72.78735732023624, 19.193998444605043], [72.7872823533268, 19.193971515384092], [72.78701689389422, 19.193851201353493], [72.78671563500318, 19.193847564762333], [72.78658580695156, 19.193826479100764], [72.78649792974768, 19.193740838737302], [72.78626032988092, 19.193655845044233], [72.78616508231842, 19.200774809407314]]]]}}, {"type": "Feature", "properties": {"grid_id": "cell_0355", "ward_id": "D", "ward_gid": 4, "area_m2": 712814.1285171921, "LST_C": 30.99552941291379, "NDVI": 0.29384042478001315, "NDVI_prev": 0.30569974276179, "impervious_pct": 50.374496049963874}, "geometry": {"type": "Polygon", "coordinates": [[[72.79901357332423, 18.94802419260519], [72.79889509130105, 18.95705522088187], [72.80838684186497, 18.957167741461628], [72.80841593321215, 18.954941195625736], [72.80808180789126, 18.954957149409648], [72.80788541902237, 18.95478424243462], [72.80782698271638, 18.954662884948284], [72.80780262588128, 18.954675872903692], [72.8077775314523, 18.954689254182675], [72.80771862040464, 18.954720667507672], [72.80770104478447, 18.954707020252663], [72.8076564840547, 18.954672418922634], [72.8076368368115, 18.954627791196277], [72.80761645496037, 18.954576986680067], [72.807597529048, 18.95453077350667], [72.80759045973741, 18.954513511540735], [72.80758943282581, 18.954510878166104], [72.80756483057473, 18.954447753563084], [72.80753685477437, 18.954377852621967], [72.80750805308405, 18.95430570094909], [72.80747805777568, 18.954236191601094], [72.80743326319083, 18.95412343487794], [72.80741723402316, 18.954083859105424], [72.80741084319651, 18.954070211288712], [72.80740445131191, 18.954058460279043], [72.80739559151752, 18.954044217814687], [72.80738760280964, 18.954030948519126], [72.80737881570597, 18.954017681518327], [72.80736803483738, 18.95400479467706], [72.80733170524958, 18.95397106567255], [72.80728014929493, 18.9539266228141], [72.80715650120136, 18.953780359126505], [72.80693715763884, 18.953574051254964], [72.80693606385076, 18.953568488722556], [72.80693860594856, 18.953553237886844], [72.80693985525257, 18.953542721242155], [72.80694060267314, 18.953532207906957], [72.80693959081509, 18.95352288771534], [72.80693782385232, 18.953516117161655], [72.80693354279502, 18.953504887618234], [72.80693274385843, 18.9535036329823], [72.80691663999963, 18.95348123378347], [72.80687483249088, 18.95346519099629], [72.80682812367576, 18.953466859377386], [72.80678654843386, 18.95343305125473], [72.80670693316526, 18.953383608179376], [72.8067045822077, 18.95338152785053], [72.80670245696534, 18.95337964724566], [72.80716249457609, 18.95333692292581], [72.80741677567867, 18.95331030296506], [72.8074299151657, 18.953232350786323], [72.80672557535831, 18.952661076140952], [72.80626713247976, 18.952708143771225], [72.80621909361193, 18.952555266528435], [72.8061234428683, 18.95246284060993], [72.8060892494779, 18.9524333272585], [72.80597696154133, 18.95229882486831], [72.8059526445761, 18.952275626579684], [72.80571948115643, 18.952224381335977], [72.80568587476714, 18.952220696456912], [72.80552726256612, 18.952222781575973], [72.8055311319117, 18.952191438921236], [72.80554598964208, 18.95212477518041], [72.80554569469136, 18.95210942256266], [72.80552977104998, 18.952003037617338], [72.80552016946754, 18.951980826311782], [72.80551418389868, 18.95197116511968], [72.80550639516419, 18.951964938324604], [72.80546631513789, 18.951929828742394], [72.80527022464155, 18.9518212962995], [72.8052316859081, 18.95181680374334], [72.80515251624739, 18.951811705102955], [72.80510505541969, 18.951811644761843], [72.80505370834948, 18.951817092550872], [72.80507823445424, 18.951592458747246], [72.80494898214911, 18.95149589649302], [72.80488871266932, 18.951366961504625], [72.80471310747517, 18.95122572076905], [72.80464775214026, 18.951295033876754], [72.80453150199249, 18.951337374436925], [72.80451899230039, 18.951366464249404], [72.80444735532566, 18.951455170450778], [72.80437784502192, 18.951367994208056], [72.80437765515784, 18.951367994668367], [72.80429390508031, 18.9511801840001], [72.80425448115798, 18.951136947293904], [72.80400398186715, 18.950990333864816], [72.80417562383023, 18.95074546828154], [72.80398080409297, 18.950543543947155], [72.80394394853458, 18.950502292647897], [72.80367173498622, 18.950393353853496], [72.80364145767366, 18.95039445641933], [72.80362446852344, 18.950398621877014], [72.80355869191418, 18.950261558279095], [72.80321473090379, 18.950023056168043], [72.80309153018513, 18.950035957567717], [72.80293064484783, 18.949755436823953], [72.80278598849333, 18.949616433227046], [72.80278904810943, 18.949508231478145], [72.8026646771547, 18.949324781773512], [72.80228547536055, 18.948905752385144], [72.80225878672334, 18.948880392466307], [72.80221074225979, 18.94885603258116], [72.80218871800965, 18.948853516917698], [72.80216641285227, 18.94885723421596], [72.80215028072564, 18.948862121903073], [72.80209216537999, 18.948823320129165], [72.80172058439996, 18.948584110063692], [72.8016545865589, 18.948540433982988], [72.80163293551051, 18.948524460429045], [72.80162105764019, 18.948505954043547], [72.80161477723755, 18.94848283740657], [72.80160460485111, 18.948459358976802], [72.80158494422506, 18.948440315159225], [72.80156994068975, 18.94842713509505], [72.80153926302104, 18.948401415611727], [72.8015059342914, 18.948383099903523], [72.80143842590469, 18.948352342043695], [72.80137908790455, 18.94833241596665], [72.80126173485678, 18.948284889875204], [72.80121028252418, 18.94827471348799], [72.80107386961161, 18.948254111130115], [72.80101207543441, 18.948249902613007], [72.80096223817698, 18.94824388203742], [72.80094210101021, 18.948223843994867], [72.80092443949641, 18.948212293741374], [72.80089604896848, 18.94819749688868], [72.8008565540235, 18.94818668187373], [72.80081677404155, 18.948173881821912], [72.80073522241447, 18.94815117041235], [72.80070607852768, 18.94814323792521], [72.80068566977498, 18.94814225697885], [72.8005919770913, 18.94812984844636], [72.80055573823225, 18.94813834161327], [72.80041161674511, 18.948327769755043], [72.80034021216385, 18.94830362836734], [72.80035244794051, 18.94828916916061], [72.80035832529121, 18.94827516621571], [72.80032033399442, 18.94823788840307], [72.8002813863337, 18.948193204479146], [72.80027216655164, 18.94817270861247], [72.8002581967862, 18.948147878606186], [72.80016777929927, 18.948066374252527], [72.80013017656329, 18.948042192139656], [72.80012487225991, 18.948037385655066], [72.79901357332423, 18.94802419260519]]]}}, {"type": "Feature", "properties": {"grid_id": "cell_0356", "ward_id": "P/N", "ward_gid": 21, "area_m2": 711317.0605823053, "LST_C": 30.503918541476974, "NDVI": 0.49294102745266094, "NDVI_prev": 0.47414100625514294, "impervious_pct": 0.2378143462670141}, "geometry": {"type": "Polygon", "coordinates": [[[72.79542983852416, 19.21895089065281], [72.78592324178945, 19.21883620513673], [72.78583951093707, 19.225084750779992], [72.78612615517021, 19.225098430802568], [72.78644267311681, 19.225113535387763], [72.78795862875091, 19.22514150550636], [72.79061472355076, 19.22534556488764], [72.7906504653856, 19.225348276280627], [72.7906748152709, 19.225350123469752], [72.7923154566066, 19.225474576052886], [72.7944090284427, 19.225568907950645], [72.7948237121921, 19.22560998040768], [72.79482418034522, 19.22561002669129], [72.79482469373283, 19.22560910617237], [72.79499694379051, 19.225300997352722], [72.79507935639803, 19.225153143907946], [72.7951312948727, 19.225060446101732], [72.79517997686821, 19.22497549571032], [72.79523466840004, 19.224880055424414], [72.79535153029957, 19.224820021265668], [72.79542983852416, 19.21895089065281]]]}}, {"type": "Feature", "properties": {"grid_id": "cell_0357", "ward_id": "L", "ward_gid": 24, "area_m2": 707948.1075743156, "LST_C": 36.26625067780725, "NDVI": 0.26194433722161725, "NDVI_prev": 0.23067058725843068, "impervious_pct": 76.74793698424607}, "geometry": {"type": "Polygon", "coordinates": [[[72.89187823267444, 19.111694212471594], [72.8919927091551, 19.102662780704208], [72.88249216681035, 19.1025537429825], [72.88248316256414, 19.10326111629595], [72.8825451347246, 19.103292427972857], [72.8827097623432, 19.103380508653075], [72.88270558416431, 19.103410529635106], [72.88304883141159, 19.103666841795896], [72.88312904726465, 19.103719719686982], [72.88319784302432, 19.103753762233616], [72.88353922436728, 19.10379421469689], [72.88363868951639, 19.103821046628447], [72.8838216609839, 19.10405141407505], [72.88388591494822, 19.10424555279358], [72.88410915604184, 19.10464467363803], [72.88404960598378, 19.104909474966814], [72.8840761890362, 19.10502226938904], [72.88410324674807, 19.10512617623879], [72.88412082874704, 19.105299417227137], [72.88412584429028, 19.105423611468986], [72.88410851855465, 19.10554127924727], [72.88439839687355, 19.10590887817168], [72.88443404919285, 19.105954951884733], [72.88453421741482, 19.10603060761744], [72.88465387722194, 19.106086731190274], [72.88483068905418, 19.106090781806497], [72.88490450469601, 19.106302997363773], [72.88506336164504, 19.10637154149696], [72.88510201134392, 19.106389887973332], [72.8856967683965, 19.10668386099283], [72.88583780312027, 19.106705577635076], [72.8859461310384, 19.10676182293721], [72.88601356637389, 19.106842019641142], [72.88612060646487, 19.106977706820352], [72.88626493655626, 19.10715445423013], [72.88629565941774, 19.107190803421123], [72.88634332263634, 19.10723793429533], [72.88650744038918, 19.107666000030676], [72.88652654037419, 19.107683935993588], [72.88653521630647, 19.107709712062725], [72.88653651762834, 19.10771357830428], [72.88653336071023, 19.107745007740807], [72.88662515962697, 19.10800912682769], [72.88666758834788, 19.10815845986024], [72.88680635195159, 19.108403865624343], [72.88682347362376, 19.108455295184662], [72.88682457439282, 19.108486206910904], [72.88686220346943, 19.10872419054474], [72.88687758458101, 19.108843766682433], [72.88689265237032, 19.108889901668224], [72.88690926375013, 19.10892055452113], [72.88701856676556, 19.10908808719251], [72.88705656409348, 19.10924741262937], [72.88707378285574, 19.109559794054654], [72.88705524217029, 19.109617339778204], [72.88705295036034, 19.109624453214316], [72.88701906028311, 19.109716149807458], [72.88697135317726, 19.109809983425272], [72.88695614556904, 19.109841162564845], [72.88670028975228, 19.110013567396475], [72.88626324358907, 19.110298223864145], [72.88619426935492, 19.110374586112716], [72.88602952866401, 19.11055697237588], [72.88598900735323, 19.110584583944945], [72.88577815500764, 19.110743671559792], [72.88569876446861, 19.11077912157173], [72.88557042248011, 19.110887254254198], [72.88535763979746, 19.111015732032193], [72.88527091372768, 19.111618397774485], [72.89187823267444, 19.111694212471594]]]}}, {"type": "Feature", "properties": {"grid_id": "cell_0358", "ward_id": "N", "ward_gid": 10, "area_m2": 706735.9754218826, "LST_C": 30.291252130260514, "NDVI": 0.6086179783090504, "NDVI_prev": 0.5811143719913081, "impervious_pct": 0}, "geometry": {"type": "Polygon", "coordinates": [[[72.93949638270163, 19.103200626437772], [72.93938448143211, 19.112232331672224], [72.94416443057447, 19.112285796757188], [72.94538522075875, 19.10984846760151], [72.94613966371023, 19.10829553088916], [72.9464534684592, 19.107215526372922], [72.94665994413957, 19.10659136584995], [72.94698201861893, 19.105651793975092], [72.94716740250071, 19.10511307337043], [72.9471677483517, 19.105112152248836], [72.94728071451578, 19.104811678394654], [72.9474042210337, 19.10450127998082], [72.9475692337317, 19.104077389349683], [72.9477195482275, 19.10369656113028], [72.94774279665317, 19.103292745399], [72.93949638270163, 19.103200626437772]]]}}, {"type": "Feature", "properties": {"grid_id": "cell_0359", "ward_id": "M/E", "ward_gid": 16, "area_m2": 700604.1384238497, "LST_C": 32.877958718043445, "NDVI": 0.435922740765422, "NDVI_prev": 0.3802784956969763, "impervious_pct": 39.351930842290855}, "geometry": {"type": "Polygon", "coordinates": [[[72.90228924908568, 19.039550654365986], [72.90240269725776, 19.030519091499166], [72.89688713608396, 19.0304563625028], [72.89688429576492, 19.030497260965248], [72.89687050433076, 19.03069584680674], [72.89684025456891, 19.031161960615584], [72.89683407792612, 19.03120478183291], [72.89682223080305, 19.03125021916074], [72.89676761084688, 19.03144663016721], [72.8967516880794, 19.031479957869404], [72.89671563183927, 19.031545224874236], [72.8966752468221, 19.031618484781944], [72.89663751134967, 19.03170517841677], [72.89659977583361, 19.031791872075495], [72.89658801297665, 19.031830608556337], [72.89655825988767, 19.03195492322261], [72.89651584064843, 19.03230159345786], [72.89650355452454, 19.032381875152115], [72.89648573292968, 19.032454051645573], [72.89642535711477, 19.032659779400042], [72.89604026587531, 19.03369283106444], [72.89580524745791, 19.034336206579493], [72.89556238721494, 19.035042489140068], [72.89524691791671, 19.03591412780971], [72.89520728145017, 19.03603441453617], [72.89518055831492, 19.03612107699625], [72.89514776155497, 19.036229603587575], [72.8951254301548, 19.03631801405329], [72.8950913572769, 19.036471972855214], [72.89507564478848, 19.036560983033457], [72.89506286461418, 19.036650483338907], [72.89505355652943, 19.036718101664796], [72.89503764428483, 19.036829510942088], [72.89502323294518, 19.03691878221312], [72.89501055587536, 19.03700829524479], [72.89500026919768, 19.037083519453578], [72.89499503556421, 19.03712303768046], [72.8949766534143, 19.03727730919269], [72.89496411535448, 19.037393779527964], [72.89495212131848, 19.037507475147713], [72.8949430279692, 19.037595355280203], [72.89493031106737, 19.03772674046637], [72.89492230510601, 19.037816716032307], [72.89491269722177, 19.037906556554255], [72.89490261318417, 19.037996361583478], [72.89488911664175, 19.038113382194442], [72.89488372853336, 19.038158838663144], [72.89487178002825, 19.0382775251205], [72.89485654999862, 19.03844578208335], [72.8948406794312, 19.038625784510813], [72.89482194165427, 19.038805524151076], [72.89480965133245, 19.038905797672378], [72.89478224974083, 19.0390737759081], [72.89477621948515, 19.039106741042794], [72.89476598341321, 19.039162697597387], [72.89473738986588, 19.03927844822568], [72.89471286235165, 19.039369864424444], [72.89468559933825, 19.039464094910343], [72.90228924908568, 19.039550654365986]]]}}, {"type": "Feature", "properties": {"grid_id": "cell_0360", "ward_id": "M/W", "ward_gid": 17, "area_m2": 699376.4252785477, "LST_C": 30.222431500076272, "NDVI": 0.3795902082480868, "NDVI_prev": 0.26442462690347823, "impervious_pct": 0.36325648757092993}, "geometry": {"type": "Polygon", "coordinates": [[[72.89324769642717, 19.003316404594994], [72.8933582103251, 18.99453827638779], [72.8931784409499, 18.99451965847122], [72.89273632951621, 18.99456235481449], [72.89214431333214, 18.99454461811202], [72.89183020743445, 18.994464961695634], [72.8914002766713, 18.994361700897073], [72.89128293540844, 18.9943293530092], [72.89115700256062, 18.994259740506163], [72.88692499349617, 18.994211444341662], [72.8868363199764, 18.994902497556957], [72.8867256570885, 18.995820131515984], [72.88684283098327, 18.997329405725733], [72.8867833333671, 18.998118035807583], [72.88645965620033, 19.001107275380303], [72.88614192084523, 19.002561885158467], [72.88610018652543, 19.002970756671036], [72.88607451143649, 19.003234534459306], [72.89324769642717, 19.003316404594994]]]}}, {"type": "Feature", "properties": {"grid_id": "cell_0361", "ward_id": "F/N", "ward_gid": 8, "area_m2": 696857.8519261022, "LST_C": 34.68573622835629, "NDVI": 0.23261601175853813, "NDVI_prev": 0.19634869096964103, "impervious_pct": 64.61968797354352}, "geometry": {"type": "Polygon", "coordinates": [[[72.87391339906773, 19.030193308279557], [72.87379841286814, 19.03922470496577], [72.88110877357535, 19.039308758456837], [72.88111247750642, 19.03927937767936], [72.8811205332988, 19.039210127524182], [72.88111797346349, 19.03920189911478], [72.88111494094602, 19.03919214777785], [72.88115134521662, 19.039023812157183], [72.88115525600892, 19.039005747281657], [72.88117569836274, 19.038923630319324], [72.88118391175855, 19.038879977168023], [72.88118533499869, 19.038865201469815], [72.88119266106091, 19.038789305663464], [72.88119329415231, 19.038782754248963], [72.88120849151647, 19.038701316861346], [72.88120850162505, 19.038701262780865], [72.88121583927978, 19.03866194884434], [72.88124529072755, 19.038517626438914], [72.88125929276126, 19.038449012669194], [72.88129969478429, 19.038254677824533], [72.88129972208753, 19.03825454716298], [72.88129975745818, 19.038254379559717], [72.88133513156383, 19.03807886363961], [72.88135891866959, 19.03784272057932], [72.88137241436405, 19.037696254905157], [72.88138156587495, 19.037515031019286], [72.88135942174755, 19.037205660726872], [72.88135585589932, 19.0371568736495], [72.88135301656081, 19.037113034921987], [72.88134840445312, 19.03706900422848], [72.88134434974826, 19.037030299319934], [72.8813404704343, 19.0369958120101], [72.88133633257978, 19.03695901928442], [72.88132828719776, 19.036880830674992], [72.88132694805554, 19.036867798206373], [72.88132646618915, 19.036864454170956], [72.88131238839883, 19.036766664812397], [72.88130252360953, 19.036707680636034], [72.88129121540916, 19.03664006445493], [72.88128096991339, 19.036586307679993], [72.88127960041116, 19.036548196325782], [72.88127958297214, 19.036547699324196], [72.88127886449175, 19.036533210671855], [72.88127822462138, 19.036520236811093], [72.88127818374437, 19.036519416167966], [72.88127822430043, 19.036506339012707], [72.88127823586504, 19.03650243338275], [72.88127826392963, 19.03649326004024], [72.88122135235484, 19.036205566836873], [72.88122135110551, 19.036205560499607], [72.88122134985665, 19.036205554126216], [72.88121607837337, 19.036178905721112], [72.8812152982788, 19.03617496210138], [72.88119525891321, 19.03610215034307], [72.88118700283665, 19.03607215989212], [72.8811821496718, 19.03605439096753], [72.88117729746892, 19.036036621150604], [72.88117354464119, 19.036020088791492], [72.8811596392147, 19.035950342685428], [72.88115645245544, 19.035929021333516], [72.88115006103381, 19.03588629261298], [72.88113508796428, 19.03581086349099], [72.88112606030556, 19.03577581126155], [72.88111837156808, 19.035745948358812], [72.8810985153154, 19.035668442567996], [72.88107165037638, 19.03557387657204], [72.8810604715689, 19.035532600474845], [72.88104533867983, 19.035476731749156], [72.88104310365797, 19.035466412373253], [72.88104158905735, 19.03545942441519], [72.88103784038513, 19.035442117092117], [72.88103730782174, 19.03544127183739], [72.88102567258261, 19.03542279278344], [72.88101350574388, 19.03540346758195], [72.88101348165003, 19.035403345363267], [72.88101346201798, 19.035403245777673], [72.88100602359397, 19.03536368908445], [72.88099861051329, 19.035320937797096], [72.880993750706, 19.03529291661862], [72.8809852492284, 19.035236461895668], [72.88098044783409, 19.035204586208273], [72.88097981928472, 19.035202173572415], [72.88097909128028, 19.035199365063818], [72.88097883776243, 19.03519838571365], [72.880975586111, 19.035195279065928], [72.88095549088126, 19.03519522096383], [72.8809437484889, 19.03515270361724], [72.88093215141227, 19.035110710934404], [72.88089878791806, 19.03497304462812], [72.8808917148036, 19.03494729146229], [72.88087191154077, 19.034875203208564], [72.8808523313669, 19.03479414347394], [72.88084947719311, 19.03478486388682], [72.88084394411044, 19.034766864044922], [72.88084287597219, 19.034763390434744], [72.88084005084751, 19.03474882792368], [72.8808385379694, 19.034741031553136], [72.88078299664174, 19.034599181447465], [72.88075502776839, 19.03453310018762], [72.88060213735174, 19.034182629593012], [72.88008961254296, 19.0331587523323], [72.88007302707413, 19.033131231528674], [72.88007231546904, 19.033130050908], [72.88005693684097, 19.033107271700267], [72.88004035463774, 19.03308271186766], [72.87997527663691, 19.03298343366771], [72.87997080553342, 19.03296161972915], [72.87992786106483, 19.032890362306112], [72.87992763128138, 19.03288998300223], [72.8799083415345, 19.032871537054973], [72.87990487643299, 19.032864449919334], [72.87990022445385, 19.03285494012222], [72.87983142067384, 19.032734930496577], [72.87982874564874, 19.032730249723162], [72.87978041270108, 19.03264570916997], [72.87978039414374, 19.032645674632434], [72.87977741748213, 19.03264073838142], [72.87977263530314, 19.03263280691507], [72.87962858020015, 19.032344522920443], [72.87953296700985, 19.032156373038987], [72.87953172716753, 19.03215393350877], [72.87950791752486, 19.032111472647426], [72.87944439971031, 19.031995139427337], [72.87940960437457, 19.031932970307693], [72.87936019756181, 19.03184469494846], [72.87929519604218, 19.031721505959297], [72.87926756946304, 19.03166669231564], [72.87919654105221, 19.031525751580208], [72.87910878312502, 19.03134091735277], [72.87909688693429, 19.031316621739123], [72.87909119901538, 19.031305002626134], [72.87908101372156, 19.031281054550025], [72.87907082939145, 19.03125710558136], [72.87904844749949, 19.031204472136242], [72.87902606279414, 19.0311518368505], [72.87897799272046, 19.031036560727397], [72.87896404075326, 19.03100310396917], [72.87894002815933, 19.03094628136662], [72.8789400161466, 19.030946255033694], [72.87892192881147, 19.03090345246615], [72.87887850872083, 19.030801958606958], [72.8788761948076, 19.030799136394496], [72.87881896633884, 19.03072932255174], [72.87881886064672, 19.030729193976036], [72.87878442054107, 19.030687178202406], [72.87878365240137, 19.03064753368553], [72.87878365173563, 19.030647499353453], [72.87878347664001, 19.030638476337813], [72.87877853238126, 19.030577051966823], [72.87877155763712, 19.030496321164552], [72.87876986963452, 19.030479737524168], [72.87876880000309, 19.030469206604135], [72.87874759880926, 19.030395337160115], [72.87873967404798, 19.030371259601697], [72.8787396582832, 19.030371211619318], [72.87871984862524, 19.030311021090295], [72.87870534393569, 19.0302722584584], [72.87869219606576, 19.030248261905033], [72.87391339906773, 19.030193308279557]]]}}, {"type": "Feature", "properties": {"grid_id": "cell_0362", "ward_id": "B", "ward_gid": 2, "area_m2": 695891.9224669593, "LST_C": 36.06423674825584, "NDVI": 0.17713885166795815, "NDVI_prev": 0.18520176004322983, "impervious_pct": 86.46790961422802}, "geometry": {"type": "Polygon", "coordinates": [[[72.84635450975354, 18.957612969651088], [72.8368624935141, 18.957502390752477], [72.83679787897408, 18.962511683193338], [72.83686578597747, 18.96251451346084], [72.83704405547252, 18.96253102297223], [72.83715421409693, 18.96254350517361], [72.83724638945634, 18.9625554232634], [72.83727540796876, 18.962560349739558], [72.8373208771013, 18.96257094926838], [72.83733670412471, 18.962576611430283], [72.83737570224154, 18.96259355035455], [72.83740395300441, 18.962608907739096], [72.83742979587711, 18.962626348832273], [72.83745159803708, 18.962645130156854], [72.83746833952465, 18.96266351096479], [72.83749911629204, 18.962706863693516], [72.83752500442289, 18.9627562789402], [72.83757286136806, 18.962867577450517], [72.83765531739823, 18.963075159224356], [72.83770492598525, 18.963210980926522], [72.83772958234537, 18.963282009460077], [72.83776977814183, 18.96339779442616], [72.83779678684509, 18.963475174145863], [72.83780685753179, 18.963504718146734], [72.83797930655241, 18.964010546748135], [72.83802577586648, 18.964097639653176], [72.83808395656699, 18.964206689329643], [72.83810904333659, 18.96425370965649], [72.83812333461083, 18.96427055066758], [72.8382586987083, 18.964430072152272], [72.83826250766505, 18.964434560653544], [72.83826254525619, 18.964434605171462], [72.83828983430156, 18.964466765617864], [72.83838292914771, 18.964573653836545], [72.83838289433467, 18.96457370310963], [72.83854324269396, 18.964758791974532], [72.83866698065994, 18.964917045757776], [72.8387195817759, 18.96498432027139], [72.83875366476288, 18.965027912855813], [72.83881613726003, 18.965107811805254], [72.83891177833704, 18.96497487112596], [72.83899230194969, 18.964862942709217], [72.83906019253752, 18.964768577106568], [72.83916123963053, 18.964627189704117], [72.83917654145188, 18.964607473884005], [72.83919223261417, 18.964590476002744], [72.83920309702448, 18.964579230685676], [72.8392162843665, 18.964564981121317], [72.83922914415687, 18.964553752758142], [72.83924821278791, 18.9645412076102], [72.83927728845521, 18.964525894183318], [72.83934916447781, 18.964498475025607], [72.83944136179316, 18.964469819666505], [72.8395391344091, 18.964447088751445], [72.83978825649129, 18.964400486663823], [72.83988555075155, 18.964380171624246], [72.84041612524454, 18.964269386239273], [72.84041987529406, 18.964268870843995], [72.84112096724047, 18.96416098555143], [72.84147730952624, 18.964106149258605], [72.84172252999838, 18.964071331747295], [72.84181095211746, 18.964056167458207], [72.8419018271277, 18.96404058368674], [72.84203057492367, 18.964020197677435], [72.8421744848209, 18.963997411204492], [72.84230777644353, 18.963956874642317], [72.84235280712424, 18.963943179135846], [72.84238677227812, 18.963932472782968], [72.84243573582417, 18.963917038219847], [72.84250584757375, 18.963902134509176], [72.84261318846652, 18.963879914402582], [72.84276299525763, 18.96384890237255], [72.84279005536628, 18.963843300252783], [72.84329611532146, 18.963738539097825], [72.84349214895728, 18.96369698346211], [72.84391413277936, 18.96360752749987], [72.84405446800704, 18.963577562112004], [72.84411076439089, 18.963517231685493], [72.84415676935933, 18.963489619625555], [72.84429067710833, 18.963463203132303], [72.84430272870473, 18.963460825994066], [72.8443336003725, 18.963456413336814], [72.84441823062062, 18.963444319882505], [72.84456460607964, 18.963423401021675], [72.84461000913534, 18.963420818517893], [72.84468285043643, 18.96346622234936], [72.84486135522332, 18.963584349889274], [72.84496698199759, 18.963510579893363], [72.84530055258368, 18.963277613715483], [72.84543606458672, 18.963310592037224], [72.84556451189455, 18.96334183060166], [72.84562055707276, 18.963355460581703], [72.84563931796932, 18.963360024396348], [72.84587735725229, 18.963417915507403], [72.84592148797391, 18.963428648267676], [72.84593837594124, 18.963432754898527], [72.84595667974573, 18.9634372067815], [72.84627876592288, 18.963510773008682], [72.84635450975354, 18.957612969651088]]]}}, {"type": "Feature", "properties": {"grid_id": "cell_0363", "ward_id": "T", "ward_gid": 13, "area_m2": 695428.9874067616, "LST_C": 27.60326154666204, "NDVI": 0.6821721471010174, "NDVI_prev": 0.675916533102674, "impervious_pct": 0}, "geometry": {"type": "Polygon", "coordinates": [[[72.92886850401231, 19.193410119297212], [72.9287554533184, 19.202441675268858], [72.93552828507389, 19.202518089616742], [72.93555096950165, 19.201532019142075], [72.93548305147893, 19.199987993487024], [72.93532674066519, 19.19669256590468], [72.93532960562531, 19.19399744605617], [72.93532969762718, 19.19399738747528], [72.93572785021725, 19.193487473161284], [72.92886850401231, 19.193410119297212]]]}}, {"type": "Feature", "properties": {"grid_id": "cell_0364", "ward_id": "N", "ward_gid": 10, "area_m2": 690723.599122415, "LST_C": 36.32810958853446, "NDVI": 0.30573655831347785, "NDVI_prev": 0.27745203868288304, "impervious_pct": 75.87123506282505}, "geometry": {"type": "Polygon", "coordinates": [[[72.90160721326022, 19.0937398324591], [72.9017210463101, 19.084708326499918], [72.89302370975696, 19.08460906517957], [72.89302348639708, 19.084609557616776], [72.89297304514496, 19.084707989801494], [72.89282410492237, 19.08488119231107], [72.89276988123011, 19.0849455303416], [72.89275039794445, 19.084969156701717], [72.89272556813737, 19.08499926614298], [72.89267139880033, 19.08508377763321], [72.89441853091117, 19.085716844509754], [72.89438508862531, 19.085832996533355], [72.89437283817938, 19.085875540843382], [72.89433926639653, 19.08599214210674], [72.89432017733446, 19.086061050492148], [72.8942350651993, 19.086368289045236], [72.89421879953889, 19.086430310978912], [72.8942048059594, 19.086485573283735], [72.89419484086018, 19.08652895288687], [72.89418653910361, 19.086567450791005], [72.89418090103916, 19.08659504493839], [72.89417207628937, 19.08664047601771], [72.89417357105329, 19.086667194372072], [72.89417452912946, 19.086678752167643], [72.89417664534315, 19.086696818884285], [72.89418237172202, 19.08673753145019], [72.89420328756849, 19.08688622933074], [72.89423218095867, 19.087043902782533], [72.89434544633386, 19.087420906317156], [72.89448772630982, 19.087780575015998], [72.89457771830124, 19.08812131783209], [72.89460064703718, 19.088243872857124], [72.89460590189438, 19.088271960307015], [72.89461634226149, 19.08832776197472], [72.89461786160545, 19.088345713076595], [72.89461961902224, 19.08836648223366], [72.89462232026753, 19.088417245811986], [72.89462330973214, 19.088476816143135], [72.89462230455497, 19.088527446090577], [72.89461693612756, 19.088610567121723], [72.89444254004681, 19.090141898061376], [72.89443298133538, 19.09022582768424], [72.89440944730548, 19.09043246563226], [72.89440474109362, 19.09047378389818], [72.89439288104863, 19.090575888268656], [72.89434913827981, 19.090973343406528], [72.89434282169148, 19.091030734011177], [72.89440823127, 19.09105549714442], [72.89455638600701, 19.091125004978053], [72.89457144188798, 19.091130894613254], [72.89461475421959, 19.09114783767546], [72.89468480586436, 19.091170691610902], [72.89478687746279, 19.091195881818397], [72.89479414221594, 19.091197674867505], [72.89489280427627, 19.09121620325642], [72.89488478725319, 19.091336898221986], [72.89482599119913, 19.091943046733167], [72.89497407554613, 19.092284660953332], [72.89533893104833, 19.092189145527247], [72.89545660076686, 19.09217131454899], [72.89570360917047, 19.09213388403478], [72.89585656824494, 19.091977767184478], [72.89594382913512, 19.09157941672605], [72.89623376407278, 19.091589206221183], [72.89650154878915, 19.091598247576524], [72.8967408630275, 19.091625901253224], [72.89721000166116, 19.092028416857676], [72.89728340235212, 19.092091393772204], [72.89773706120431, 19.09230500231911], [72.89782835810477, 19.092372625102037], [72.8980230351522, 19.092516820228315], [72.89838739646656, 19.09258916153575], [72.89843476434963, 19.092749341577907], [72.89869169489941, 19.09299379739976], [72.89869183805568, 19.092993933766184], [72.89873697254704, 19.093036876748258], [72.8988232099986, 19.093099299875472], [72.89893541917075, 19.0931805229715], [72.89903313123358, 19.093251251919547], [72.89903859609375, 19.09325520771998], [72.89916865420525, 19.093349350238285], [72.89924487309654, 19.093490911974524], [72.89941250176848, 19.093714811920986], [72.90160721326022, 19.0937398324591]]]}}, {"type": "Feature", "properties": {"grid_id": "cell_0365", "ward_id": "P/S", "ward_gid": 20, "area_m2": 689323.8436715566, "LST_C": 33.12608670657136, "NDVI": 0.4718409746797698, "NDVI_prev": 0.46454972505573316, "impervious_pct": 33.127310536044355}, "geometry": {"type": "Polygon", "coordinates": [[[72.89126150897785, 19.160262113769512], [72.89102576309092, 19.160258261452434], [72.89046886071218, 19.15988956658424], [72.89046502451396, 19.159390156472337], [72.89045115303666, 19.158470045405803], [72.89045933239524, 19.158260738968448], [72.89045753644344, 19.157858471740656], [72.8904565275455, 19.157632547975016], [72.89045652726584, 19.157632489259303], [72.89031862567222, 19.157528834741704], [72.8899617831334, 19.157260607307666], [72.8894130077402, 19.156848107390733], [72.88945331282456, 19.156829958753335], [72.88180124542001, 19.15674185810076], [72.88169989009874, 19.164675631777435], [72.88204604572785, 19.16454229471208], [72.88368210589817, 19.163968093946302], [72.88439092102027, 19.163743453826562], [72.88554666333341, 19.163409490956884], [72.88560718929459, 19.163392001299933], [72.88566577355866, 19.163375071975803], [72.88600096379142, 19.16327821227444], [72.88613859075599, 19.16324016072073], [72.88620221072523, 19.163222570050774], [72.88738995578498, 19.16293640963408], [72.8878444826789, 19.162826899667593], [72.88793051321227, 19.16279856048116], [72.88807415355342, 19.162751243869987], [72.88819970852698, 19.16270988388387], [72.88869999767101, 19.162602383753747], [72.88901153481773, 19.162583995063198], [72.8892931325434, 19.162568310504103], [72.88958772874273, 19.162588517184258], [72.88960278850267, 19.16261701509344], [72.89006518330098, 19.16273755268242], [72.89037177159065, 19.162840823763055], [72.89056683648019, 19.162909562813446], [72.89070575751049, 19.162990956386718], [72.89087241141046, 19.16309261896426], [72.89097592552723, 19.163206854032648], [72.8912180221749, 19.163429078771575], [72.89122119596036, 19.163431701084328], [72.89126150897785, 19.160262113769512]]]}}, {"type": "Feature", "properties": {"grid_id": "cell_0366", "ward_id": "G/N", "ward_gid": 9, "area_m2": 688310.8818275619, "LST_C": 37.90104508050432, "NDVI": 0.1917896785031303, "NDVI_prev": 0.17814052284223494, "impervious_pct": 93.87248043690106}, "geometry": {"type": "Polygon", "coordinates": [[[72.85480484644914, 19.039004966659853], [72.85468876942437, 19.048036241812216], [72.86418603291852, 19.04814641097134], [72.86419043895384, 19.047802173142415], [72.86377495096063, 19.047206162174223], [72.86362517706257, 19.046985072808152], [72.86355087827744, 19.046873967196955], [72.86340515771465, 19.046664325648038], [72.86321235769624, 19.046387620569476], [72.86321066293216, 19.046385189225617], [72.86321062469906, 19.046385133683692], [72.86321060604003, 19.046385107272926], [72.86320646376879, 19.0463791673055], [72.86319598693768, 19.046364246883968], [72.86317264792767, 19.046331681267098], [72.86315899494424, 19.04631214812127], [72.86310571685304, 19.04623592783392], [72.8631050107181, 19.046234919741824], [72.86287812643029, 19.045909672930403], [72.8627319651231, 19.045702605598954], [72.8626597899182, 19.04559324141696], [72.86251021404364, 19.04537878633764], [72.86238694039959, 19.045201450222184], [72.86225756436887, 19.04501535123175], [72.86216918616778, 19.044880261186762], [72.86209982035719, 19.044777125785284], [72.8620077133295, 19.044640920310957], [72.86198562614958, 19.04460068409603], [72.8618571475453, 19.044411701225457], [72.86172631892501, 19.044221487007373], [72.86156810136347, 19.0439895677514], [72.86142536191598, 19.043782187004073], [72.86137087755115, 19.043703637288033], [72.86126765523676, 19.0435471526898], [72.8611838760366, 19.04344235871539], [72.86092152132723, 19.0430367799098], [72.86083166003972, 19.042908103442706], [72.8606337223495, 19.042628481543705], [72.86047376414858, 19.04240075693785], [72.86029735227538, 19.04214777317192], [72.86012338539406, 19.041901932641515], [72.85998446270519, 19.041701904514525], [72.85984226338653, 19.04149054389151], [72.85973195083253, 19.041332470692055], [72.85959415538215, 19.0411369735427], [72.8595027408014, 19.041006548817403], [72.85921602329049, 19.040585097120136], [72.85887372597688, 19.040105470591058], [72.85871602485028, 19.039884375671384], [72.85811619183686, 19.039043416545674], [72.85480484644914, 19.039004966659853]]]}}, {"type": "Feature", "properties": {"grid_id": "cell_0367", "ward_id": "F/N", "ward_gid": 8, "area_m2": 682740.5010423705, "LST_C": 34.896697154444276, "NDVI": 0.2544127596303593, "NDVI_prev": 0.24135172030295735, "impervious_pct": 50.65855390511765}, "geometry": {"type": "Polygon", "coordinates": [[[72.87379841286814, 19.03922470496577], [72.87368336169348, 19.04825609215988], [72.87738799993052, 19.048298743175142], [72.87753553811349, 19.048185619021787], [72.87792368791477, 19.047980973779737], [72.87792442857894, 19.047980583267375], [72.87793372151546, 19.047975683762004], [72.87803038515348, 19.04791291472491], [72.87811854272022, 19.047858845267346], [72.87823179745781, 19.04782367591032], [72.87823176819609, 19.04782364049074], [72.8782956910446, 19.04780376548472], [72.87832885406368, 19.047793453832423], [72.8783288807618, 19.047793448828145], [72.87834795503343, 19.04778987337454], [72.87836411337949, 19.047791590200088], [72.8783822033884, 19.04779871635353], [72.8784203683539, 19.0478274113279], [72.87846052084221, 19.04785204273806], [72.8785259818913, 19.047878985722605], [72.87863258278094, 19.047893994268556], [72.8787121462987, 19.04789795383767], [72.87878744264837, 19.047900370307538], [72.87884156762573, 19.047898270905907], [72.87887452221764, 19.04789416911073], [72.87891749641358, 19.047888820161585], [72.87894857431188, 19.047883600568984], [72.87894872660276, 19.0478835761245], [72.87895619416972, 19.04788225917426], [72.87900148080715, 19.04786997579871], [72.87904079582674, 19.04785924153852], [72.87911568193765, 19.047834445659745], [72.87918198228839, 19.047812439308775], [72.87921767107142, 19.047800438024286], [72.8792884513625, 19.047772759508383], [72.87932037324961, 19.047758155505008], [72.87935226564193, 19.047738846004858], [72.87939685226874, 19.04770637264084], [72.87939689445885, 19.0477063415111], [72.87941024056245, 19.047696446864137], [72.87947922935592, 19.047639164567716], [72.87951822739613, 19.047603659696517], [72.87951824949255, 19.047603640078393], [72.87953181711376, 19.047591187185944], [72.87954799681582, 19.047575376127703], [72.87957178300533, 19.047551948450216], [72.87960191508049, 19.04750842900495], [72.8797657244081, 19.047267273626762], [72.87998717563643, 19.046914979342837], [72.8800184538081, 19.046783242082004], [72.879870094672, 19.046092748921726], [72.87978717476464, 19.045641559432244], [72.87978677337344, 19.045634948275566], [72.87978862149397, 19.04562398208386], [72.87979111293778, 19.045609555614348], [72.87979301076629, 19.045597517807444], [72.87980181367907, 19.04557684002559], [72.8798120923159, 19.04554407803592], [72.87982344605977, 19.04550728895525], [72.87983291841093, 19.045470692299464], [72.8798329197325, 19.04547068696726], [72.87983292094054, 19.04547068159762], [72.87983292960244, 19.04547064278409], [72.87983454237106, 19.04546429503706], [72.87983616617178, 19.045456555471596], [72.87983617219137, 19.045456530249087], [72.87984245062589, 19.045425587562107], [72.87984271810386, 19.045424271854955], [72.87984926498584, 19.045392011664887], [72.87986258272583, 19.045319056374012], [72.8798717222261, 19.04527195536639], [72.87987661651938, 19.045256953110634], [72.87988827447418, 19.04522911354233], [72.87988831855402, 19.045229008365645], [72.87988888638701, 19.04522760216825], [72.87988971803614, 19.04522554232128], [72.87990976965915, 19.045189198199747], [72.87990999716018, 19.04518878621042], [72.87991480313, 19.04518006340251], [72.87991965510741, 19.045168316961597], [72.879922766143, 19.04512904131159], [72.87993047792773, 19.04510078696831], [72.87993217810647, 19.04509413762691], [72.87994293682571, 19.045068965930575], [72.87994791783096, 19.04505005258786], [72.87995099174103, 19.045032018805077], [72.87995122312898, 19.045013055418288], [72.87995028856373, 19.045001837328225], [72.87994927413608, 19.04499278162594], [72.8799478582247, 19.044989390729217], [72.87994216956771, 19.044976824069504], [72.87993566684929, 19.044965007711767], [72.87993572846358, 19.04495993292278], [72.87993559648898, 19.044956414057687], [72.8799374022914, 19.044948702775798], [72.87994618291943, 19.044930896233502], [72.87998237715318, 19.04487677050774], [72.8799872316059, 19.044868267749116], [72.87998725881756, 19.04486821928489], [72.88001147713564, 19.04482494160291], [72.88002145232325, 19.044805442492553], [72.88002757284615, 19.044792908510875], [72.88003291418076, 19.044776285489576], [72.88004133502884, 19.044752776955146], [72.88004439763576, 19.044747521657783], [72.88004745932719, 19.044742263639993], [72.88006895570797, 19.044699777564027], [72.88007949233041, 19.044678327502947], [72.8800857448241, 19.044658543549634], [72.88008867973835, 19.04464875867131], [72.88009181861618, 19.044625308694865], [72.88009313419583, 19.044613864870374], [72.88009125732387, 19.044584471547207], [72.88009125971656, 19.044584432733895], [72.88009126298584, 19.044584405673223], [72.88009185929286, 19.04457746092486], [72.8800917457392, 19.044553122705587], [72.8800888566585, 19.04454239836819], [72.88007997730342, 19.044522587839094], [72.8800761005885, 19.044514239510875], [72.8800635265612, 19.044487453010813], [72.8800628131689, 19.044478333490407], [72.88006181929514, 19.044469385080188], [72.88006232477566, 19.044459725853162], [72.88006245932944, 19.044452871548053], [72.88006918048059, 19.044432084923567], [72.88008022437592, 19.04440935803789], [72.88009253544803, 19.044392608218875], [72.88009463258287, 19.044389852932348], [72.88009464125652, 19.044389843095956], [72.88010965510088, 19.044369768656466], [72.88012076220839, 19.044358319293288], [72.8801231330988, 19.044355820645567], [72.8801375931062, 19.044340687074474], [72.88015337338342, 19.044331239421663], [72.8801718476138, 19.04432162940863], [72.88017514977003, 19.04431987343364], [72.88018056923785, 19.04431698919942], [72.88019362500654, 19.04430801518025], [72.88020821808611, 19.04428748877747], [72.88020827615887, 19.044287403633408], [72.8802098227338, 19.044285218310762], [72.88022481050966, 19.044250815824608], [72.88025069441032, 19.044168521326064], [72.8802644796891, 19.044124692002814], [72.8802645120083, 19.044124588389078], [72.88028242729067, 19.04406709580541], [72.88029328106946, 19.044034652906646], [72.88029329880665, 19.044034602526985], [72.8803040340886, 19.044001991160464], [72.88032473306757, 19.04395159129051], [72.88032473510582, 19.04395158636398], [72.88032473710611, 19.043951581437014], [72.88033313121461, 19.043930993762356], [72.88035620472807, 19.043874401246814], [72.88037951574302, 19.04382438638814], [72.88038705910257, 19.043797489504183], [72.88042021915955, 19.04365375018685], [72.88042023914457, 19.043653522791214], [72.88043296461842, 19.043509586731613], [72.8804329719316, 19.0435095344257], [72.880437497445, 19.043456618386145], [72.88043670758037, 19.043455293425346], [72.88043667807707, 19.043455244129078], [72.8804188567945, 19.043425711959205], [72.88042039941858, 19.043399530201103], [72.88042092973973, 19.04338716143219], [72.88042113942635, 19.0433869551838], [72.88043163466581, 19.04338042128706], [72.88044362538986, 19.04337243312942], [72.8804436349902, 19.043372425110217], [72.88044741861808, 19.043369852677717], [72.88045967279845, 19.043354431789457], [72.88046380521796, 19.043344624087297], [72.88046973597676, 19.04332956187768], [72.88047822386062, 19.043298892015567], [72.88048725245446, 19.043255261857542], [72.88048944371866, 19.043238434629796], [72.88049117284739, 19.043223293024788], [72.88049508747923, 19.043210179076123], [72.88049927750235, 19.043195125346394], [72.88050383428225, 19.04317736961786], [72.88050973882979, 19.043152737381867], [72.88052273941675, 19.04310389125776], [72.88053843963931, 19.04303064526747], [72.88054585027501, 19.042995577667476], [72.88054585924787, 19.04299553528048], [72.88056567715371, 19.042899314811535], [72.88056840308623, 19.042886234180397], [72.88058631865401, 19.042781092801427], [72.88060179149517, 19.042712657737532], [72.8806019676364, 19.042711876621063], [72.88060311560557, 19.042704052992892], [72.88060676689338, 19.04267681693139], [72.88060865554566, 19.04266601648568], [72.88061242473557, 19.04264445614825], [72.88061300602209, 19.042640044003818], [72.88061380954989, 19.042636531362866], [72.88061443634223, 19.042632948946967], [72.88061700720395, 19.042622579970207], [72.88064499442852, 19.042500341424024], [72.88064892906498, 19.042463206014585], [72.88064893538242, 19.04246315731029], [72.8806495141769, 19.042459839002408], [72.88065518180983, 19.042427303996405], [72.8806637434618, 19.042405703840128], [72.88066565805636, 19.042391961725517], [72.8806684496876, 19.04237190946874], [72.88066950397335, 19.042358970423052], [72.88066894009022, 19.042354231692993], [72.88066831032664, 19.042348921336945], [72.88066825905712, 19.042339942198875], [72.88066884226522, 19.042336276180794], [72.880669346943, 19.042333109675155], [72.88067063668088, 19.04232968029789], [72.88067529934592, 19.042317271354904], [72.88068881936941, 19.0422856313247], [72.88069914711957, 19.0422614599487], [72.88070510292023, 19.04224670017583], [72.88070874861387, 19.042234789905045], [72.88070875556194, 19.042234691527888], [72.88070928191098, 19.042227648416183], [72.8807093503254, 19.04222674863691], [72.88070948309235, 19.04222152833073], [72.88071011812366, 19.042216473671036], [72.88071059990052, 19.04221002349896], [72.88071104013792, 19.042204151848967], [72.88071189771733, 19.04219922439636], [72.88071213960941, 19.042197828001306], [72.88071654636273, 19.042172507420613], [72.88072770697273, 19.0421336086788], [72.88073223494993, 19.04212297944448], [72.88073380644491, 19.04211800599201], [72.88073112160673, 19.041925552375233], [72.88073121665083, 19.04191543859693], [72.88073109439621, 19.041909590296452], [72.88073136229674, 19.04189993555974], [72.88073227163343, 19.041803770734262], [72.88073229916122, 19.041794728367694], [72.88073229918606, 19.04179472341802], [72.88073229921137, 19.04179471843225], [72.88073238391453, 19.041766945515374], [72.88073210302603, 19.041762360881286], [72.88072632102514, 19.04174884383297], [72.88071770812674, 19.041738049269547], [72.88070815181767, 19.041728169730593], [72.88070794982943, 19.041727694998823], [72.88070686285772, 19.04172667536753], [72.88070494233523, 19.041721658208264], [72.88070453713001, 19.041716989948853], [72.8807052792931, 19.041713596737615], [72.88070524504491, 19.04171322690508], [72.88070521020248, 19.04171282906418], [72.88070920955838, 19.0416944581156], [72.88071690756333, 19.04165910651816], [72.88069837411815, 19.041566944883307], [72.88068594648128, 19.041505141054113], [72.88068589301926, 19.041504863134975], [72.88068716757256, 19.041503302457695], [72.88068682950133, 19.041501576031358], [72.88074434869621, 19.041432617433294], [72.8807773189379, 19.041376027332607], [72.88077957861539, 19.041371387861815], [72.88078206856775, 19.0413662668795], [72.88078649592069, 19.041339020747177], [72.88080718772797, 19.041211711395608], [72.88082146057208, 19.04112771714774], [72.88083573242477, 19.04104372469205], [72.8808449564084, 19.04099351005235], [72.88084887126773, 19.040971092358912], [72.8808555562366, 19.040932781732305], [72.88087476242313, 19.0408108550811], [72.88088001394098, 19.040771956222887], [72.88088727541545, 19.04073589233298], [72.88088730185682, 19.040735617137706], [72.8808878913787, 19.040729495185722], [72.88088897748264, 19.040718236590905], [72.88088898315007, 19.040718185205435], [72.88088898354377, 19.040718181127144], [72.88088898393748, 19.040718177048863], [72.88089318173951, 19.04067466571407], [72.88089900158933, 19.04061433956984], [72.88089993556308, 19.04060466447561], [72.88092731977827, 19.04043387148356], [72.8809420917303, 19.0403115913101], [72.88097728205932, 19.040027987575115], [72.88098732701233, 19.039957308709422], [72.88099734695301, 19.03988710287094], [72.88100612816416, 19.039825588575546], [72.88101088097908, 19.039792298737378], [72.8810179356392, 19.039742887474613], [72.88102024679866, 19.039703282814536], [72.88102024809224, 19.03970325573114], [72.88102024947754, 19.03970322142259], [72.88102064832378, 19.039696418017368], [72.8810206284296, 19.039696264232276], [72.88102046392711, 19.0396947818763], [72.8810190639162, 19.039682206670705], [72.88102001062668, 19.03967414587259], [72.88102446746147, 19.039659460100072], [72.88105737450158, 19.039577276685847], [72.88108329598681, 19.039493708751102], [72.8810878818512, 19.03947207375566], [72.88108862746154, 19.039468556831547], [72.88108961804191, 19.039460706095852], [72.88110877357535, 19.039308758456837], [72.87379841286814, 19.03922470496577]]]}}, {"type": "Feature", "properties": {"grid_id": "cell_0368", "ward_id": "G/S", "ward_gid": 7, "area_m2": 677651.1195790751, "LST_C": 34.54125548624989, "NDVI": 0.2076296899018741, "NDVI_prev": 0.18878348218613178, "impervious_pct": 84.16791633587187}, "geometry": {"type": "Polygon", "coordinates": [[[72.82690207157925, 18.993516032561427], [72.82678478784965, 19.00254718535463], [72.83410797999453, 19.002633112460288], [72.83408995570542, 19.002577567848217], [72.83397861514692, 19.00222012235137], [72.83364635070876, 19.001260285087138], [72.8336055713755, 19.00106757457411], [72.83359022835994, 19.00100000017686], [72.83355800691541, 19.00084688117806], [72.83334137008971, 18.999903800590648], [72.83310457044291, 18.998340398376698], [72.83302191364795, 18.99640193926035], [72.83306844526592, 18.99508828274218], [72.8330774026987, 18.99486170828633], [72.8330490278216, 18.993588144819547], [72.82690207157925, 18.993516032561427]]]}}, {"type": "Feature", "properties": {"grid_id": "cell_0369", "ward_id": "S", "ward_gid": 12, "area_m2": 667404.7755766779, "LST_C": 30.553708175047984, "NDVI": 0.5068734180879652, "NDVI_prev": 0.45082466502879404, "impervious_pct": 9.269985531961435}, "geometry": {"type": "Polygon", "coordinates": [[[72.95794331509555, 19.148571307428966], [72.94843974885507, 19.14846542800068], [72.94833812972216, 19.15668222278308], [72.95210956990933, 19.1557950259909], [72.9544444751368, 19.155247935591667], [72.95692737956207, 19.154680150977065], [72.95563166692607, 19.152748335953078], [72.95468132952264, 19.151298425153584], [72.95528036743241, 19.150874795362235], [72.95541200320903, 19.15077615242279], [72.95553396027607, 19.1506487993353], [72.95572648599067, 19.150493629139298], [72.95595901755985, 19.150348437962315], [72.95624129227775, 19.15023716927357], [72.95645777868724, 19.15017283882542], [72.95657844305236, 19.150150345796703], [72.95670890353614, 19.15014702987198], [72.9568842095762, 19.150168047850023], [72.95708949107113, 19.15019893316309], [72.95722968906907, 19.15021956042869], [72.95777106507856, 19.15024941496862], [72.9579229763673, 19.15022386030462], [72.95794331509555, 19.148571307428966]]]}}, {"type": "Feature", "properties": {"grid_id": "cell_0370", "ward_id": "M/E", "ward_gid": 16, "area_m2": 663718.7837977107, "LST_C": 32.792895618587735, "NDVI": 0.4354707367407411, "NDVI_prev": 0.41107697153509076, "impervious_pct": 41.98301785776831}, "geometry": {"type": "Polygon", "coordinates": [[[72.92162053861527, 19.01267046948704], [72.92150824288183, 19.02170216081269], [72.93100441904137, 19.02180875067992], [72.93100576037693, 19.021700405486204], [72.93099807558205, 19.021696790709093], [72.92694568994588, 19.016490139117096], [72.92705554357778, 19.015466450687853], [72.92490124878894, 19.01270733217731], [72.92162053861527, 19.01267046948704]]]}}, {"type": "Feature", "properties": {"grid_id": "cell_0371", "ward_id": "H/E", "ward_gid": 18, "area_m2": 662683.2611124619, "LST_C": 38.26151609792269, "NDVI": 0.2002266888554505, "NDVI_prev": 0.20458252054082077, "impervious_pct": 75.39580744719227}, "geometry": {"type": "Polygon", "coordinates": [[[72.85422380545815, 19.084161247304518], [72.84472455303532, 19.084050364555228], [72.84464371364685, 19.09029516274606], [72.84531453239673, 19.089968038308772], [72.84587697320194, 19.089753962011862], [72.84593094317597, 19.08970699981803], [72.84596996359498, 19.089608616634386], [72.84618630675419, 19.08955177022953], [72.84620481722645, 19.08922418927086], [72.84696826157641, 19.089394830853436], [72.84717017574395, 19.089431608575783], [72.84733265148827, 19.089449794123748], [72.84749015521287, 19.089453960714483], [72.8476722472388, 19.089453370718086], [72.84789853398797, 19.089424563466235], [72.84806080548405, 19.089386603244847], [72.84819842078099, 19.089334688574947], [72.84829666515688, 19.089282901892158], [72.8483652812403, 19.089203138462857], [72.84841424152695, 19.08913279488051], [72.84846327151767, 19.08908116755266], [72.8485270986067, 19.089038851284574], [72.8486303973332, 19.089024478479878], [72.84872392148596, 19.089028852338807], [72.84881761350243, 19.089080014053362], [72.84886712017862, 19.089108102695143], [72.84891423194617, 19.089138523563786], [72.84896135325515, 19.089171295708248], [72.84901840261894, 19.089213443960887], [72.8490850237429, 19.089142017470255], [72.84938805291908, 19.0888171228942], [72.84995145132098, 19.08939245985347], [72.84998617414193, 19.08943979746384], [72.85000558089334, 19.089498134087513], [72.85002501499775, 19.08956377024387], [72.85004817037712, 19.0895965433033], [72.85008278770083, 19.089614681906806], [72.85013272497461, 19.08962181790957], [72.85018651352254, 19.08963259290769], [72.85023652901351, 19.089661631055076], [72.85027513250482, 19.089719906284536], [72.85030992198266, 19.089785491308078], [72.8503446478561, 19.089832827093986], [72.85042157828605, 19.08987272664761], [72.85057550200273, 19.08997077218377], [72.85067555977017, 19.090036147811418], [72.850787255596, 19.09013433269629], [72.85087972746945, 19.090225280328553], [72.85102997365523, 19.090367139350196], [72.8511416543274, 19.090461673816336], [72.8512379259708, 19.09054166034878], [72.85131877489333, 19.09060344513418], [72.85152663761511, 19.090752417088872], [72.85174219165543, 19.09090501118833], [72.85184996882847, 19.09098130815701], [72.85194616268105, 19.091039394896736], [72.85220305031604, 19.0912043466129], [72.85244732218226, 19.091196511330995], [72.85248811622304, 19.091217492745933], [72.85256234914857, 19.0912735518368], [72.85263660721718, 19.09133665118323], [72.8526886304513, 19.0913927827745], [72.85279267887684, 19.09150504955684], [72.85305176912468, 19.091500681351857], [72.85323335751885, 19.09155990924637], [72.8533520086259, 19.091615823707148], [72.85346311689887, 19.091633054884152], [72.85355946929371, 19.091664408982783], [72.85370401969949, 19.09171671758016], [72.85378173637409, 19.091712944377342], [72.85386323320496, 19.091730273747345], [72.85395593522864, 19.091775717486556], [72.85403740604025, 19.091786004680525], [72.85409661658925, 19.091782292110135], [72.85412539834782, 19.091796447805766], [72.85422380545815, 19.084161247304518]]]}}, {"type": "Feature", "properties": {"grid_id": "cell_0372", "ward_id": "P/N", "ward_gid": 21, "area_m2": 661260.9096556405, "LST_C": 35.13744054333417, "NDVI": 0.32060353953157733, "NDVI_prev": 0.2917191400224409, "impervious_pct": 73.10193268709733}, "geometry": {"type": "Polygon", "coordinates": [[[72.88157041929908, 19.174804486881737], [72.8816858648154, 19.165773177261997], [72.87916155815644, 19.16574403100718], [72.87913261330038, 19.16575679150027], [72.87844036854247, 19.166080803691045], [72.8778264480744, 19.166390754139417], [72.87767449581854, 19.16646866834921], [72.87754980564812, 19.166540453109008], [72.87742013132991, 19.16662082024646], [72.87729679915729, 19.16670293245063], [72.87729333851728, 19.16670523715751], [72.87716956468437, 19.166793609474848], [72.87714777780819, 19.166810268904197], [72.8771265032997, 19.166826537687633], [72.87704894978378, 19.166885839391618], [72.87693162648478, 19.16698182786085], [72.8768177227247, 19.167081465375492], [72.87670736399413, 19.167184643556617], [72.87660067464216, 19.167291248231354], [72.87649777053286, 19.16740116281655], [72.87642694924119, 19.16748206776801], [72.87639876641848, 19.16751426262304], [72.87630376966428, 19.16763042981337], [72.87621288785873, 19.167749529210074], [72.8761262188146, 19.16787142899116], [72.87604385783864, 19.167996003086433], [72.87596780185575, 19.168120001478403], [72.87593621648291, 19.16817131006615], [72.87589176900643, 19.168243514501896], [72.87582137987552, 19.168357860738592], [72.87535516927818, 19.169130186541697], [72.87509760419988, 19.169586805040527], [72.87505843420254, 19.1696562503908], [72.87505687791092, 19.169659009503697], [72.87497486132912, 19.16980440964078], [72.87494413011585, 19.169858891178475], [72.87476105720327, 19.170183444972068], [72.87460991362043, 19.170469728932222], [72.87455343103025, 19.17079828612574], [72.87440801013516, 19.171644199762852], [72.87438507919617, 19.17177758804144], [72.87434473035405, 19.17220614786456], [72.87433929528378, 19.17226389937645], [72.87432996718292, 19.1723629598147], [72.87426186079456, 19.173086329850758], [72.87424717348478, 19.173242331012926], [72.87421418257641, 19.173661116074655], [72.87413088857528, 19.17471844976511], [72.88157041929908, 19.174804486881737]]]}}, {"type": "Feature", "properties": {"grid_id": "cell_0373", "ward_id": "G/N", "ward_gid": 9, "area_m2": 660955.9122081685, "LST_C": 34.33792857914171, "NDVI": 0.23437116388817864, "NDVI_prev": 0.21835216413085834, "impervious_pct": 82.86163680036988}, "geometry": {"type": "Polygon", "coordinates": [[[72.83616245394288, 19.01168973409767], [72.83604554948315, 19.02072092474876], [72.84553916790183, 19.02083187685499], [72.84550569441065, 19.020784211657542], [72.84550546871478, 19.020783891078075], [72.8454135025953, 19.02065265521857], [72.8454028738603, 19.020635831796465], [72.84540284220391, 19.02063578265125], [72.84538698937303, 19.020610691285068], [72.84530684342248, 19.02049772527275], [72.84530682102888, 19.02049769430075], [72.84527508413265, 19.020452958751363], [72.84524332390959, 19.02040819221492], [72.84499524935126, 19.020052359989116], [72.84481251141666, 19.01979041844395], [72.84475614026408, 19.01971064797347], [72.84469254584864, 19.019621199417944], [72.84466074864666, 19.019576475115908], [72.84465269864168, 19.019565088656012], [72.84463600412468, 19.019543199414244], [72.84460953601766, 19.019508368965035], [72.84458129778739, 19.0194618215533], [72.84445511365988, 19.019295970669475], [72.8444208027114, 19.01924636440952], [72.84437921231444, 19.019186235113036], [72.84437662231423, 19.019182490728706], [72.8442721474652, 19.0190351361591], [72.84409921729953, 19.018791230077948], [72.84400153935472, 19.01865326549705], [72.84392202912785, 19.01854048257898], [72.84378008195942, 19.018335425690513], [72.84378012575503, 19.018335269937705], [72.84377999935711, 19.018335306291206], [72.84375509885096, 19.018299248554488], [72.84365573792893, 19.01815323851802], [72.8436449162402, 19.01813733611596], [72.84364472236967, 19.018137052036543], [72.84359409466447, 19.01806261161458], [72.84352245825752, 19.01796071762105], [72.84345313971593, 19.017862120348568], [72.8433084067977, 19.017653419441466], [72.84317227618207, 19.01745497149117], [72.84316719969263, 19.0174475705456], [72.8430772619497, 19.01731576999599], [72.84300832271441, 19.017214741801382], [72.84297429876219, 19.017163932836507], [72.84297425775158, 19.01716387274267], [72.84297099763567, 19.0171590040565], [72.8429374079041, 19.017108842408653], [72.84292404476, 19.017088763227612], [72.84290540452301, 19.017061817288983], [72.84290538681974, 19.017061790887816], [72.84287422753097, 19.017016546908767], [72.84287404388647, 19.01701628011003], [72.84286443180233, 19.017002324551665], [72.84284051392098, 19.016966054075816], [72.8424220873087, 19.016389164859625], [72.8422562050624, 19.016160936324415], [72.84215238868374, 19.016015819577824], [72.84171485454894, 19.015347342291403], [72.84152987288621, 19.01507054056346], [72.84137339745811, 19.014820186684513], [72.84112624435058, 19.014440549572264], [72.84088436852436, 19.014075555168265], [72.84066201932094, 19.013744561506403], [72.84046405573932, 19.013457655195417], [72.84028193788652, 19.013195523292275], [72.84015398214078, 19.01300876521874], [72.8394066339864, 19.01192201332763], [72.83930524435026, 19.01177724348812], [72.83927077315057, 19.011726098187182], [72.83616245394288, 19.01168973409767]]]}}, {"type": "Feature", "properties": {"grid_id": "cell_0374", "ward_id": "F/N", "ward_gid": 8, "area_m2": 658943.1419757849, "LST_C": 32.245574107865714, "NDVI": 0.28001591290580485, "NDVI_prev": 0.25966218532547924, "impervious_pct": 77.62974235453595}, "geometry": {"type": "Polygon", "coordinates": [[[72.85492085791984, 19.029973682003696], [72.85503680385271, 19.020942387847686], [72.84554114376249, 19.020831899896148], [72.84554110843722, 19.020834640115353], [72.84559597714885, 19.020912771364273], [72.84576705044462, 19.021158048453426], [72.84581731267824, 19.0212310696564], [72.84581747677495, 19.02123130641741], [72.84593354781855, 19.021399696062076], [72.84600712169, 19.0215083850824], [72.84600720374215, 19.021508506136524], [72.84622257116048, 19.021825969451776], [72.84639323232595, 19.02208936160085], [72.84640481323949, 19.022107186956703], [72.84652375657186, 19.02227888050961], [72.8466115356397, 19.02240558516542], [72.8466133285811, 19.022408174033835], [72.8466194747987, 19.02241704433558], [72.84667170348227, 19.02249243766435], [72.84695976598911, 19.022895748940233], [72.84710013110154, 19.02309937734961], [72.84724450336815, 19.023308169346304], [72.8475534659948, 19.023756105182123], [72.84774998393834, 19.02404202420318], [72.84801644640886, 19.0244197262204], [72.84806601153109, 19.02449665447368], [72.84806629648621, 19.024497094068295], [72.84808075379843, 19.02451954232228], [72.8482044704846, 19.02469871636686], [72.84823338905987, 19.024735473799915], [72.84823348276313, 19.024735593037985], [72.84835504322223, 19.02489011086418], [72.84863454773829, 19.02523760099069], [72.84877293310372, 19.025409331092643], [72.8489521922598, 19.025662074585142], [72.84895239655792, 19.02566236149153], [72.84911706962197, 19.02589419702672], [72.8495131929422, 19.02647004175731], [72.8495711472493, 19.02655590134604], [72.84957121166585, 19.026555996866207], [72.84964685490641, 19.02666806359031], [72.84988336754161, 19.027010359284834], [72.84988479219321, 19.027012422659862], [72.84988692357766, 19.027015509527903], [72.84988873425063, 19.027018130192634], [72.84988880325416, 19.027018229451407], [72.84988901583448, 19.027018537228432], [72.84989020087887, 19.02702025276825], [72.849890341665, 19.027020456737738], [72.84990328392675, 19.027039192004075], [72.85019202139846, 19.027454760018355], [72.85025705209382, 19.0275534612118], [72.85039775396201, 19.027767009444037], [72.85046788481219, 19.027867942284683], [72.85046815335993, 19.027868329296368], [72.850678408181, 19.028170650074603], [72.85097234310874, 19.028602346674568], [72.85103626131472, 19.028694717302383], [72.85109299160203, 19.028776475858063], [72.85191151073387, 19.02993870322951], [72.85492085791984, 19.029973682003696]]]}}, {"type": "Feature", "properties": {"grid_id": "cell_0375", "ward_id": "K/E", "ward_gid": 19, "area_m2": 656855.9701226226, "LST_C": 34.523428598068556, "NDVI": 0.26350275988612043, "NDVI_prev": 0.2404457855542062, "impervious_pct": 82.0585753765163}, "geometry": {"type": "Polygon", "coordinates": [[[72.85364112357422, 19.12931728985961], [72.8537577913206, 19.120286100419488], [72.84693680737274, 19.12020638542151], [72.84708009436991, 19.121386843701433], [72.84708687515355, 19.121436826459856], [72.84711601126082, 19.121651598619017], [72.84717993504782, 19.122216963635616], [72.84719665185706, 19.122364815255107], [72.84727367496313, 19.12304603889225], [72.84732011513182, 19.123456772977388], [72.84738917850777, 19.124067596970846], [72.8474012782075, 19.124174610963912], [72.84758929401994, 19.125998539199106], [72.8476210063034, 19.126345821853942], [72.84780483594223, 19.12780839939768], [72.84782129298958, 19.12792704901459], [72.84785952074515, 19.128200627235035], [72.84786224444179, 19.128220123401867], [72.84799479600879, 19.129251290850874], [72.85364112357422, 19.12931728985961]]]}}, {"type": "Feature", "properties": {"grid_id": "cell_0376", "ward_id": "S", "ward_gid": 12, "area_m2": 655999.174996652, "LST_C": 31.595738525189688, "NDVI": 0.47153373155673733, "NDVI_prev": 0.5903074286297318, "impervious_pct": 0.38709677419354843}, "geometry": {"type": "Polygon", "coordinates": [[[72.9488859215651, 19.11233848609176], [72.94877447260187, 19.121370235795368], [72.95788310835702, 19.12147158709192], [72.95776360826916, 19.121273612213347], [72.95755574668462, 19.12097328029612], [72.95722711295761, 19.12049761828078], [72.95704778083291, 19.120238899031264], [72.95675528680582, 19.119816349953943], [72.95643087805121, 19.119348012574495], [72.95618086031628, 19.119032209985164], [72.95614856951207, 19.118977410096704], [72.95609738601696, 19.11891916285945], [72.95609248913027, 19.118913590178117], [72.95598047543409, 19.118763569909913], [72.95583416008814, 19.118576627149444], [72.95583391964459, 19.11857631916153], [72.95583266893382, 19.11857663587233], [72.95582762322123, 19.11857791127214], [72.95582668627408, 19.118576669659916], [72.9555727070498, 19.118240080765926], [72.95504612734656, 19.117531454638517], [72.95457965396783, 19.116914041653924], [72.95444639672836, 19.116451815650205], [72.95443042260213, 19.116420191398273], [72.954343735642, 19.116015102997256], [72.95397862197147, 19.11488436301206], [72.9537981952531, 19.114165549655105], [72.95379042693155, 19.11415880773813], [72.95374261338361, 19.113975721449265], [72.9537376031221, 19.113950656016765], [72.95369137583988, 19.113869935052083], [72.95342342831852, 19.11340962962777], [72.95309686303177, 19.112882014532033], [72.95307489442503, 19.112846274017578], [72.95279230669792, 19.11238662614762], [72.9527895293799, 19.1123819568111], [72.9488859215651, 19.11233848609176]]]}}, {"type": "Feature", "properties": {"grid_id": "cell_0377", "ward_id": "R/C", "ward_gid": 11, "area_m2": 655968.6396304684, "LST_C": 29.3059655991812, "NDVI": 0.6490007611538174, "NDVI_prev": 0.6424634911688307, "impervious_pct": 0}, "geometry": {"type": "Polygon", "coordinates": [[[72.89026877954673, 19.238133256659417], [72.88076048179246, 19.238023386727384], [72.88072220188432, 19.24100513708756], [72.880874233804, 19.241100715835874], [72.88116376725007, 19.24128587908354], [72.88143585497212, 19.241458661974672], [72.88199447210512, 19.24181090887915], [72.88199483665677, 19.24181113869709], [72.88216719939903, 19.241919481847543], [72.88248352221427, 19.242116020992015], [72.882483666944, 19.242116110825116], [72.88248449537704, 19.242116623419815], [72.88248462821873, 19.24211670588927], [72.88283860853515, 19.242336254919568], [72.8832096815877, 19.242560643130172], [72.88320980962108, 19.242560720918817], [72.88326293764628, 19.242592793869296], [72.88326626427397, 19.24259480131728], [72.88361640720993, 19.242806014855578], [72.88382287101575, 19.242934826814512], [72.88382381281525, 19.2429354136623], [72.8838241038529, 19.242935595079103], [72.88382457475244, 19.242935888521053], [72.88382465939863, 19.24293594134721], [72.88382466902233, 19.242935947311658], [72.88396654412449, 19.243026030814693], [72.88396675420982, 19.24302616504814], [72.88396855327875, 19.24302730965526], [72.88435769475755, 19.243275091786845], [72.88476622292646, 19.243539524657802], [72.8847738498114, 19.243544460235803], [72.88483833963092, 19.243586201405353], [72.88483844948347, 19.24358627320192], [72.8849935861668, 19.243687817949137], [72.88504374462511, 19.24372064913244], [72.88506711205581, 19.243735717120703], [72.8850739522561, 19.24374015959055], [72.8851984363322, 19.24382099869931], [72.88606981483413, 19.244386861565847], [72.88789071032315, 19.245575623237045], [72.88789125718024, 19.245575981027827], [72.88824808282106, 19.24581341530542], [72.88870082823881, 19.246119914832533], [72.88904060806642, 19.246343920900312], [72.88940645346473, 19.24658327823804], [72.88979462912997, 19.246836052113107], [72.89015450323741, 19.24707306318304], [72.89026877954673, 19.238133256659417]]]}}, {"type": "Feature", "properties": {"grid_id": "cell_0378", "ward_id": "R/C", "ward_gid": 11, "area_m2": 654480.1007807086, "LST_C": 32.567543559843315, "NDVI": 0.2773532062148486, "NDVI_prev": 0.25992691838456417, "impervious_pct": 69.7769399937166}, "geometry": {"type": "Polygon", "coordinates": [[[72.86197789295196, 19.219739895760604], [72.87148502256265, 19.21985064009726], [72.87155338678393, 19.21454196123383], [72.87044733911004, 19.21453106487354], [72.86920152157528, 19.21455371401575], [72.868943259452, 19.214534630362213], [72.86889721724714, 19.214525324181814], [72.8675696653523, 19.214110620727155], [72.86757046137699, 19.21410979849424], [72.86602972564663, 19.21371533152992], [72.86455344014159, 19.21332844568124], [72.86347971147138, 19.21307026621805], [72.86306691941833, 19.213151313025055], [72.86213120977219, 19.213092694517186], [72.8620639259062, 19.2130886042556], [72.86197789295196, 19.219739895760604]]]}}, {"type": "Feature", "properties": {"grid_id": "cell_0379", "ward_id": "M/E", "ward_gid": 16, "area_m2": 654261.8925961184, "LST_C": 31.372622247516464, "NDVI": 0.5089876888057442, "NDVI_prev": 0.4989497188450205, "impervious_pct": 7.07912047752467}, "geometry": {"type": "Polygon", "coordinates": [[[72.93100441904137, 19.02180875067992], [72.93089257226212, 19.030840486943486], [72.94038932409353, 19.0309466436312], [72.9404545440649, 19.02565641446451], [72.94044691009636, 19.025654761385308], [72.94006987863418, 19.025563745358046], [72.93974111142097, 19.025436061807756], [72.93930026756665, 19.025232717283547], [72.93883002198072, 19.024946365382732], [72.93851025542189, 19.024793976853847], [72.93826386396472, 19.024796633497452], [72.93716639994481, 19.02649810092308], [72.93705603712971, 19.026469569163798], [72.93668931122873, 19.02639129461181], [72.93572138357182, 19.02627451086965], [72.93532149897366, 19.026174669257482], [72.93498937531237, 19.026001405980377], [72.93351606068421, 19.02530672739863], [72.93328433688181, 19.02512398756509], [72.93313085942277, 19.024920929143413], [72.93281538753129, 19.0234020416713], [72.93251040322626, 19.02283699275382], [72.93213792324275, 19.022324172544685], [72.93161839204501, 19.021989852775686], [72.93127500932736, 19.021827054633917], [72.93124174605369, 19.021811408307133], [72.93100441904137, 19.02180875067992]]]}}, {"type": "Feature", "properties": {"grid_id": "cell_0380", "ward_id": "P/N", "ward_gid": 21, "area_m2": 649345.4196401071, "LST_C": 34.19439173521176, "NDVI": 0.3070137156210214, "NDVI_prev": 0.2778101034727067, "impervious_pct": 79.39959121103732}, "geometry": {"type": "Polygon", "coordinates": [[[72.84343481022943, 19.18339272222095], [72.85293973645214, 19.183504225951708], [72.8530276721623, 19.176720629724354], [72.85279177024015, 19.17665730663042], [72.8527663761836, 19.176650490082483], [72.85276059186577, 19.176648937374743], [72.85256315293495, 19.176591675560708], [72.85201596182597, 19.176390067986123], [72.85180612954659, 19.176317230209392], [72.85172707691005, 19.176295506507135], [72.85163178254685, 19.17627446781734], [72.85146315003455, 19.176278743767867], [72.85141895870865, 19.176279864289903], [72.85108803041311, 19.17633247189282], [72.85049703721015, 19.176420852781256], [72.85035365482457, 19.176537964876015], [72.85017558542579, 19.176704708976498], [72.85011375635676, 19.17680157556354], [72.85010261794605, 19.17681902592754], [72.8500451016524, 19.176821278438602], [72.84988529486047, 19.17682753686488], [72.84974754765304, 19.176850519791664], [72.84966942405632, 19.17686355454339], [72.84963220747953, 19.176881818478506], [72.84946623484191, 19.176963268843075], [72.84943259830763, 19.176985213883725], [72.8494325124114, 19.17698526952869], [72.8492491118675, 19.17710471064466], [72.8491057174544, 19.177261903177346], [72.84908976056272, 19.177291732508575], [72.84904667755659, 19.17737227043563], [72.84888416792363, 19.17753343666764], [72.84882454878317, 19.17758119918114], [72.84873490160477, 19.1776355531861], [72.84869145410771, 19.17766189580678], [72.84862124185304, 19.177713014070516], [72.84855799227233, 19.177748274002354], [72.84854899771648, 19.1777516589705], [72.84854759033594, 19.177752188173674], [72.84846282680442, 19.17778408572624], [72.84827494296935, 19.177842573703757], [72.84827393628015, 19.1778428867778], [72.84824139955755, 19.17785301581949], [72.84804516986604, 19.177916644216353], [72.84779763278675, 19.177969556474114], [72.84721960003291, 19.178072264196615], [72.84693608878591, 19.178092583072203], [72.84655117604504, 19.178118817086744], [72.84632612381915, 19.178112814491026], [72.84632275816122, 19.17811272526834], [72.8462824883361, 19.178111651352534], [72.84625783704672, 19.178122274934204], [72.84624985897797, 19.178125712181462], [72.84622048690542, 19.17813837067111], [72.84618420006086, 19.1781540077846], [72.84601660893362, 19.17822622791317], [72.84584740640742, 19.17831904845687], [72.84575705491746, 19.178351688926842], [72.84571540718402, 19.178366734629588], [72.84565543764161, 19.178388398605584], [72.84564951847062, 19.17839088998589], [72.84556553914007, 19.178426237203777], [72.84553322230389, 19.17844030387625], [72.84550090426113, 19.178454369372215], [72.8454110237156, 19.178492412738642], [72.84523468605619, 19.178606323858638], [72.84520234628937, 19.178627760689956], [72.84516160641965, 19.17865476748523], [72.84503187909749, 19.178760019355938], [72.84499639738873, 19.178780346328274], [72.8449621820537, 19.17879994707257], [72.84484567415787, 19.178865223915576], [72.84480226232127, 19.178880993774715], [72.84478211275415, 19.17888489726374], [72.84477577613737, 19.178885242509423], [72.84476939280414, 19.178885063467707], [72.84473335730685, 19.178879559270133], [72.84472087399733, 19.17887765251836], [72.8447079064959, 19.178872808139978], [72.84468712517243, 19.178865044731737], [72.84462532261773, 19.178855236277794], [72.84462017672165, 19.178854419588696], [72.84459844565059, 19.178850970731848], [72.8445093941263, 19.17884949556752], [72.8444316819309, 19.17884922418881], [72.84434813313692, 19.178846125612765], [72.8442335036333, 19.17885204167826], [72.84407254348713, 19.1788690302799], [72.84402120791927, 19.178882182947405], [72.84393599005404, 19.178904016702397], [72.84384753732593, 19.178923189082862], [72.84378070511337, 19.178942394697525], [72.84375218579689, 19.1789528025014], [72.84373086263872, 19.17896058369537], [72.84372553827741, 19.17896252588956], [72.84365573112933, 19.178986676049146], [72.84355997550568, 19.17901124724613], [72.84351186706421, 19.17901503122163], [72.84349179117936, 19.17901675223546], [72.84343481022943, 19.18339272222095]]]}}, {"type": "Feature", "properties": {"grid_id": "cell_0381", "ward_id": "E", "ward_gid": 5, "area_m2": 643953.814556307, "LST_C": 33.942109991996524, "NDVI": 0.22271834439017027, "NDVI_prev": 0.20836841806315323, "impervious_pct": 84.06983763369297}, "geometry": {"type": "Polygon", "coordinates": [[[72.82713644003441, 18.975453698473974], [72.8272535247928, 18.96642251718767], [72.82503508238216, 18.96639647740289], [72.82505748706876, 18.96660367255737], [72.82507586974918, 18.966773666067965], [72.82509608744203, 18.966910743938914], [72.82510685756883, 18.966983771181468], [72.82513040183065, 18.967143399938045], [72.82515362615528, 18.96730086427812], [72.82521220006572, 18.96778725305818], [72.82521471841723, 18.967806074885928], [72.82521472204132, 18.96780610289325], [72.82522403652965, 18.96787569515788], [72.82522138001673, 18.96789772957328], [72.82522053854015, 18.967904705464207], [72.82520331454037, 18.9679363239552], [72.8251652758174, 18.967959541606557], [72.82470900212317, 18.968075523089635], [72.82258091255143, 18.968622686443634], [72.82191023466235, 18.968699991335523], [72.8196873339146, 18.968925146268322], [72.81949409753042, 18.968944717652402], [72.81918174932862, 18.968969472909084], [72.81902422614755, 18.968981957741168], [72.81878095039998, 18.96900123737272], [72.818725814261, 18.969005605477168], [72.81859461328962, 18.969009344715403], [72.81858195211835, 18.96902305093934], [72.81858169455614, 18.969042841290754], [72.81886810958369, 18.96981518813917], [72.81987832571026, 18.972384897222444], [72.82039311290829, 18.973747070724396], [72.82109235516869, 18.975382658889394], [72.82713644003441, 18.975453698473974]]]}}, {"type": "Feature", "properties": {"grid_id": "cell_0382", "ward_id": "R/N", "ward_gid": 15, "area_m2": 643537.7305447989, "LST_C": 28.324224931045904, "NDVI": 0.6455552661571418, "NDVI_prev": 0.5967636456825195, "impervious_pct": 0}, "geometry": {"type": "Polygon", "coordinates": [[[72.84237361748207, 19.264671971706623], [72.84249179259061, 19.255640982367463], [72.83611831622864, 19.255565666998166], [72.83604202453401, 19.25628784677673], [72.83597617286576, 19.256876138742424], [72.83578023417205, 19.258626531750036], [72.83578690527202, 19.258659549910888], [72.83643869473384, 19.261885270743523], [72.83644237152446, 19.261903469294452], [72.83644970879496, 19.26193154288838], [72.83645751706283, 19.26196105007209], [72.83646103476865, 19.261972962930837], [72.83649834805874, 19.262097231822498], [72.83658179789897, 19.262402599917902], [72.83660394671041, 19.262480665858707], [72.83663842943673, 19.26260220417277], [72.83673707885814, 19.26284938684682], [72.8368415355959, 19.263112104315283], [72.83695599057081, 19.26339605590536], [72.83702733566633, 19.263517922913113], [72.83719520194293, 19.26380005505863], [72.83724746084927, 19.263882769413218], [72.83739268648273, 19.26413615541135], [72.83744856380386, 19.264218851116084], [72.83754983195296, 19.26437009207141], [72.83774448215276, 19.264617266673568], [72.84237361748207, 19.264671971706623]]]}}, {"type": "Feature", "properties": {"grid_id": "cell_0383", "ward_id": "G/S", "ward_gid": 7, "area_m2": 637634.8763565021, "LST_C": 32.19742650199036, "NDVI": 0.12778433838114245, "NDVI_prev": -0.031177525624481006, "impervious_pct": 18.007992205775846}, "geometry": {"type": "Polygon", "coordinates": [[[72.81752587337654, 18.984373149222233], [72.81759293997932, 18.979226093406503], [72.81692273884606, 18.97909691943293], [72.81656811721443, 18.979028567873858], [72.81656636341722, 18.97902821569291], [72.81588084104655, 18.978890518732157], [72.81425549414581, 18.978564033870008], [72.81395728187933, 18.978504129595326], [72.81171489495978, 18.978061073456537], [72.81166432667104, 18.978057720725722], [72.81160317080172, 18.97805366563351], [72.81146148653625, 18.978070852113987], [72.81145097452995, 18.97807708307508], [72.81138030894463, 18.978118970285234], [72.81131496520388, 18.97815770295252], [72.81126753444013, 18.978201676651775], [72.81123314387472, 18.978186418949303], [72.81116218266322, 18.978187564962553], [72.81101117356364, 18.9782086410452], [72.81097738266556, 18.97821940990532], [72.8108594021458, 18.97825615274894], [72.81074500332902, 18.97825902318712], [72.81070094617898, 18.978259305630583], [72.81060421224105, 18.97825992576927], [72.81040949939182, 18.978263658869885], [72.81037095400421, 18.978264496644194], [72.81030601860982, 18.978265982991026], [72.8101798473252, 18.978266061590453], [72.81017272689024, 18.97826606522041], [72.80991886594849, 18.978268119935898], [72.80980181169865, 18.97827090171744], [72.8097488757893, 18.978271763536465], [72.80969225426028, 18.978272685348575], [72.80960833109908, 18.97827436413705], [72.80959238497879, 18.97828033543444], [72.80959458831435, 18.978309054976222], [72.8095916603852, 18.97833073408549], [72.80957809122225, 18.978342572094565], [72.80955123033297, 18.9783513497039], [72.80949722869505, 18.978374414147517], [72.80942130849697, 18.978418356011602], [72.80937680277235, 18.978446743588986], [72.80933970196158, 18.978478557768813], [72.80931465587547, 18.978504404329644], [72.80930280501089, 18.978525635603155], [72.80930727997065, 18.97854550391208], [72.80932012633166, 18.978588848759777], [72.8093138670528, 18.978600412539276], [72.80929877540669, 18.978603583306786], [72.80928890294969, 18.978605304749358], [72.80928038188827, 18.978639088498955], [72.80928703995558, 18.97865687844366], [72.80929552067478, 18.978702663138108], [72.80929964033639, 18.97875667082103], [72.80929634136976, 18.978793522380045], [72.80929397677961, 18.978807973902413], [72.80927689503483, 18.97881909298398], [72.80925630067034, 18.97882569913112], [72.8092562996029, 18.978825699443647], [72.80925413589794, 18.97882529194211], [72.80924243663087, 18.97882308861525], [72.80918726476077, 18.978758886700522], [72.80918676524094, 18.97875837240505], [72.80911666856306, 18.978686204153714], [72.80904219672581, 18.97860591214275], [72.80899847970717, 18.978605394669994], [72.80895123434775, 18.978570802838927], [72.80888053822041, 18.97850568144429], [72.80884556167378, 18.97844476465253], [72.80878350717565, 18.978326806341816], [72.80871096750083, 18.97825071316388], [72.80852796690054, 18.978198231905623], [72.80832304315841, 18.978206630711785], [72.80811127917428, 18.978242871710115], [72.80804860490503, 18.983032329857707], [72.80838456957908, 18.98361419858871], [72.80857790978972, 18.98394904957301], [72.8087610583481, 18.984269570220548], [72.81752587337654, 18.984373149222233]]]}}, {"type": "Feature", "properties": {"grid_id": "cell_0384", "ward_id": "H/W", "ward_gid": 23, "area_m2": 635951.567924995, "LST_C": 32.773892433593254, "NDVI": 0.24320714843698857, "NDVI_prev": 0.23203695754657697, "impervious_pct": 81.5170923440705}, "geometry": {"type": "Polygon", "coordinates": [[[72.83534273404463, 19.074907868855583], [72.83522536653804, 19.083938992869747], [72.84185558929752, 19.084016779466864], [72.8418341695154, 19.083835400418593], [72.84167424582775, 19.082778634716483], [72.84158069819534, 19.08216047371198], [72.84151464719034, 19.08165653049223], [72.84145410973674, 19.08119464719109], [72.84145314784456, 19.081186072433535], [72.84137017520375, 19.080446418992423], [72.84128584404532, 19.079454555784448], [72.84127279648594, 19.07930109436253], [72.84120675655386, 19.078524349865035], [72.84119135394597, 19.078343188025706], [72.84110827252542, 19.07729498738698], [72.84110490538328, 19.077252505699843], [72.84103502178853, 19.0763708021215], [72.84094497376022, 19.075113146424243], [72.84094048337936, 19.07505043152688], [72.84093497266605, 19.07497346359994], [72.83534273404463, 19.074907868855583]]]}}, {"type": "Feature", "properties": {"grid_id": "cell_0385", "ward_id": "A", "ward_gid": 1, "area_m2": 631366.4241578358, "LST_C": 31.332056626906848, "NDVI": 0.3641915067809522, "NDVI_prev": 0.3829673934481301, "impervious_pct": 45.48269705763082}, "geometry": {"type": "Polygon", "coordinates": [[[72.81859291223594, 18.902284633397667], [72.81831020839476, 18.90228027661366], [72.81820614369697, 18.90227925110887], [72.81815236422305, 18.902279359123117], [72.81815110388324, 18.902279362382725], [72.81815050503792, 18.90227936347725], [72.81814970118882, 18.90227936577656], [72.8181491099462, 18.90227936605713], [72.818068665165, 18.902279529329455], [72.81804989992735, 18.90226264650041], [72.81804977141896, 18.902262530277092], [72.81804936333158, 18.902262165083464], [72.81804886334376, 18.902261714807324], [72.81804875172772, 18.90226161323457], [72.81803446953832, 18.90224876462646], [72.81802513246207, 18.90224881300541], [72.81800522163358, 18.902248917814838], [72.81792583079252, 18.902249334577743], [72.81792543027383, 18.902249337098304], [72.81792456662248, 18.9022493405006], [72.81792357482622, 18.90224934601038], [72.81779828442113, 18.90225000297397], [72.81779702022774, 18.902250010702193], [72.8177356865074, 18.902250417337353], [72.81763712819634, 18.90225040643815], [72.8175412328182, 18.90225193340949], [72.81747203426715, 18.902253034819623], [72.81739779033745, 18.902138029725002], [72.8173485399571, 18.902063364959037], [72.81731915711471, 18.902005662729646], [72.81731983906549, 18.901953093588652], [72.81730542663506, 18.90190273693691], [72.81728320357901, 18.90187379731116], [72.81735132971367, 18.90184830933785], [72.81736977156302, 18.901781609661633], [72.81734801342458, 18.901716827457033], [72.81731336153129, 18.901678182291327], [72.81724638239913, 18.90161525853316], [72.81723984266401, 18.901538705801634], [72.81721320039343, 18.90147238213936], [72.81721785149315, 18.901465708946287], [72.81722168548654, 18.901451811334656], [72.81722169540872, 18.901451778030772], [72.81722172230523, 18.901451679891892], [72.81722227300402, 18.901449683843822], [72.81722231982688, 18.901449512775336], [72.81722252105665, 18.901442486900915], [72.8172227223215, 18.901435458317128], [72.81722145228572, 18.901414848239185], [72.81722053126502, 18.90141269037469], [72.81721493981007, 18.901399585253262], [72.81721492781453, 18.901399558917856], [72.81721317424052, 18.90139544655795], [72.81720132365058, 18.901380835314846], [72.81720129281825, 18.90138079791898], [72.81717432613695, 18.901347548273876], [72.81715522057374, 18.901320263984616], [72.81715140739516, 18.90131587812076], [72.81715115116603, 18.90131558516417], [72.8171499441965, 18.901314196367778], [72.81727120969796, 18.90105632044287], [72.81730009674156, 18.900765095597805], [72.81726953638218, 18.900604615126976], [72.81714583812173, 18.900462159091415], [72.81700112617442, 18.90019757257843], [72.81687287236191, 18.900019214817394], [72.81664367126808, 18.8996867187396], [72.81647137591426, 18.89941941787427], [72.81622345544855, 18.899175126537436], [72.8160050106337, 18.898981368774674], [72.8156704331115, 18.89864285306791], [72.81524436419305, 18.898195716737938], [72.81471809758355, 18.897537092526782], [72.81446156777702, 18.897182764056023], [72.81424188940548, 18.896891005500613], [72.81411351672813, 18.89672220430444], [72.81403228472003, 18.896596975371352], [72.81392601016788, 18.89646667200065], [72.81387716625248, 18.896360943041827], [72.81379571735073, 18.89625244056381], [72.81365392782968, 18.895956818255844], [72.813606636183, 18.895731614139528], [72.81350377310076, 18.895532044579376], [72.8133727985208, 18.89537038199315], [72.81326358008698, 18.895273501856604], [72.813231285618, 18.895246833196467], [72.81317118990229, 18.89523417651424], [72.8131189049769, 18.895200102971195], [72.81307436876389, 18.895149391509054], [72.81293468371452, 18.895078441101205], [72.81279440884653, 18.895052891148957], [72.8126944875538, 18.895013476930338], [72.81262453648019, 18.894986364884748], [72.81255712693708, 18.89495689283355], [72.81246975802448, 18.894917626324776], [72.81236431911356, 18.89491638485907], [72.8122987058034, 18.894941900786897], [72.812219887113, 18.8949579775042], [72.81191582923431, 18.895043121574947], [72.81164769745203, 18.895173709802336], [72.8116071132966, 18.895165773604102], [72.81160072051216, 18.895167927536725], [72.81160068809929, 18.89516793889724], [72.81160064521406, 18.895167952844172], [72.8115990429619, 18.895168493086032], [72.81159854257149, 18.89516866061686], [72.8115968888594, 18.895169217414406], [72.81159667820504, 18.895169289], [72.81159639131548, 18.89516938497876], [72.81159067430447, 18.895171312024704], [72.81145756782807, 18.89519162456804], [72.81132393521202, 18.89520787971952], [72.81132308451734, 18.895207984411368], [72.81131903741016, 18.895207744341967], [72.81125499631423, 18.895203981165587], [72.81106784385204, 18.89519582474703], [72.81098679542109, 18.895190368927402], [72.8109868110051, 18.895189900322148], [72.81098684476625, 18.895188836686618], [72.81098708828402, 18.89518113028213], [72.81098696335557, 18.89518110442234], [72.81098579171064, 18.89518085938484], [72.81097956438182, 18.895179557588076], [72.81097843911213, 18.89517932212946], [72.81097835582649, 18.895179304889616], [72.81097831418367, 18.895179296269685], [72.81097520621232, 18.895178645438275], [72.810974374541, 18.895180789900376], [72.81097434805345, 18.895180856429086], [72.81097339079756, 18.89518331735695], [72.81097324351657, 18.89518369679489], [72.81097317282828, 18.895183878419335], [72.81097128322341, 18.895188709339827], [72.81096603198921, 18.895186562758266], [72.81096476708719, 18.895186045645634], [72.8108996180368, 18.89515941154682], [72.81089958027152, 18.895159396649778], [72.81089955479406, 18.895159385510546], [72.81084243411244, 18.89513603357139], [72.81084259424267, 18.89513568770538], [72.81084303946537, 18.895134727372817], [72.81084733092993, 18.895125445517916], [72.81084753398324, 18.895125009832245], [72.8108356410691, 18.895119273137755], [72.81083450140947, 18.89512218715555], [72.8108344032494, 18.895122438006812], [72.81083211116061, 18.895128299312287], [72.81083205522147, 18.895128441367305], [72.81083069667845, 18.89513191372671], [72.81082902595732, 18.8951307866513], [72.81082744648569, 18.895129721169067], [72.8108265189503, 18.895129094220735], [72.81082647755417, 18.895129066635338], [72.81082623297272, 18.895128901167737], [72.81082579742323, 18.895128606994398], [72.8108257165169, 18.89512855274909], [72.81082172602034, 18.89512585738845], [72.81082169967627, 18.895125839916208], [72.81081741284736, 18.895122945057704], [72.81079430861523, 18.895098831429877], [72.81079355960624, 18.895098049418802], [72.81078479054155, 18.895088897293203], [72.81075072782208, 18.895050535771972], [72.81075009462808, 18.895050115523773], [72.81069310922685, 18.895012354623887], [72.81066786472717, 18.89499468938404], [72.81066658765882, 18.894993794566066], [72.8106652212388, 18.894992838177153], [72.81066515540812, 18.89499279223872], [72.81062186437588, 18.894962497304878], [72.81057612132686, 18.89493255825339], [72.81057571954854, 18.89493229428488], [72.81053147264264, 18.89490333481996], [72.81053163676282, 18.89490311997308], [72.81058367381381, 18.89483621225168], [72.81059639402977, 18.89481985608522], [72.81059629624444, 18.894819786285616], [72.81059242151854, 18.89481701912162], [72.8105613127412, 18.894794804626144], [72.81055974375765, 18.894796945817035], [72.81055967226398, 18.894797043429215], [72.81049931395728, 18.894879395371646], [72.8104992369522, 18.894879333042915], [72.81049799355557, 18.89487833023026], [72.8104962251914, 18.89487690392778], [72.81048287928863, 18.894866144257314], [72.81048260789674, 18.894865924278122], [72.81048241349818, 18.894865767530785], [72.81048034554776, 18.894864100141877], [72.81046498432616, 18.894851712541566], [72.81046539815073, 18.89484871590579], [72.81046579405954, 18.89484585635347], [72.81046602546019, 18.89484418986732], [72.81046684908982, 18.894841058959884], [72.81046690101334, 18.894840860855936], [72.810467773673, 18.894837535423463], [72.81046789646409, 18.894837068985016], [72.81046428017494, 18.89483362110094], [72.8104629069296, 18.894832314167804], [72.81046108335494, 18.89483192234334], [72.81045646150923, 18.894830927588686], [72.81045474071938, 18.894831607331273], [72.81044549959307, 18.89483525686559], [72.81044543760207, 18.8948352805229], [72.81044465769928, 18.894834685120102], [72.81043275359687, 18.894825580037214], [72.81043295238277, 18.89482525359546], [72.81043567617931, 18.8948207847812], [72.81043855507752, 18.89481606488363], [72.8104387858796, 18.89481568462396], [72.81043213236829, 18.89481132749958], [72.81042995359779, 18.89481329169121], [72.81042516300151, 18.894817609692765], [72.81042422774158, 18.89481845224566], [72.81042126893635, 18.894816475380495], [72.81041291094317, 18.894810887808035], [72.81035431259771, 18.894771729443313], [72.81034169286151, 18.894763362912293], [72.81034105308662, 18.89476293806906], [72.81033995226326, 18.89476220971842], [72.81027549498666, 18.894719477657294], [72.81022918782836, 18.89468877856889], [72.81019676822183, 18.894666301077518], [72.81019261879625, 18.8946634231812], [72.81019202628723, 18.894663012443388], [72.81016896642878, 18.894647024943904], [72.81015389371733, 18.894546741487545], [72.81015385851644, 18.894546456547737], [72.81014830865035, 18.894501252836285], [72.81015791936653, 18.89447305904127], [72.81015800120906, 18.894472822450144], [72.8101585824607, 18.89447081594829], [72.81015883581956, 18.894469941875023], [72.81018933967383, 18.894364671288066], [72.81010351992782, 18.894250921990142], [72.81003574183914, 18.894169651343127], [72.80996985251855, 18.894086756308035], [72.8099662989065, 18.89408228576871], [72.80996364088723, 18.89407907317904], [72.80996361660557, 18.894079043085455], [72.80991156518584, 18.89401613485037], [72.80988398152941, 18.893997899998357], [72.8098667697278, 18.89398939440718], [72.80984321876869, 18.8939777565774], [72.80981334973205, 18.893968076589513], [72.80979995198734, 18.893963498136028], [72.80979054682297, 18.89396028459284], [72.80978723029502, 18.89395983813051], [72.80976193999271, 18.89395643371942], [72.809730810409, 18.893956551806554], [72.8097307772002, 18.89395655141508], [72.80973074588907, 18.893956551045978], [72.80963485596168, 18.89397095751297], [72.80952318753748, 18.893990468266786], [72.80946902907436, 18.894029693953104], [72.80944664066271, 18.894045909858693], [72.8094424307504, 18.894054536877142], [72.80944026238119, 18.894058983320207], [72.80944018830797, 18.89405913329021], [72.80944012003346, 18.894059275199314], [72.80944004596023, 18.894059425169328], [72.80943992797947, 18.894059667656787], [72.80943989777852, 18.894059727818707], [72.80943985683496, 18.894059811338543], [72.80943776356995, 18.894064101500934], [72.80943774793042, 18.89406413654343], [72.80943658091563, 18.89406652634188], [72.8094218415614, 18.894070170618434], [72.809421726366, 18.89407019906765], [72.80939853961688, 18.89407593323398], [72.80939799695439, 18.894076067743477], [72.80939789984537, 18.89407609188965], [72.80937987621137, 18.89408060340392], [72.80937984289679, 18.894080611140417], [72.80935380378415, 18.894087129115306], [72.80929709363427, 18.89410279039295], [72.80929575267281, 18.894103160271342], [72.80929327644785, 18.894103844645173], [72.80926747140447, 18.89411097054688], [72.80926733901265, 18.89411100782577], [72.80923389387695, 18.89412024396467], [72.80920885670832, 18.894133337147593], [72.80909367223974, 18.902981084016027], [72.8174750897247, 18.903079765852112], [72.81745038953814, 18.902999284917833], [72.81785626441571, 18.902991821200164], [72.81793599636622, 18.902997004759666], [72.81793860012465, 18.90293207507484], [72.81793888560719, 18.902932073804227], [72.81794221464166, 18.90290046164261], [72.81794243211642, 18.902896431481324], [72.81794583245063, 18.902833376993627], [72.81794856933668, 18.90278260709622], [72.81794867831361, 18.90278057351965], [72.8179538376229, 18.90274242543255], [72.81793480482597, 18.902744197334552], [72.81773147916134, 18.90273941854466], [72.81773684109518, 18.902519613365165], [72.81742320562137, 18.902501588769553], [72.81742556359781, 18.90231981654759], [72.81760161641614, 18.902326019897348], [72.81775974888605, 18.902330538016248], [72.8177612384085, 18.902330571775845], [72.81791376912963, 18.902334043009972], [72.8180331556683, 18.9023367589277], [72.81803365091075, 18.902336770165316], [72.81803392035609, 18.902336776040496], [72.81803752682046, 18.902333102410164], [72.81804109964071, 18.902329461805], [72.81804260955411, 18.90232792323167], [72.81804268840422, 18.90232784376813], [72.81804291729327, 18.90232761070704], [72.81804550050991, 18.902324977349796], [72.81806534181234, 18.902325477805434], [72.81806540251691, 18.902325480325107], [72.81833125933983, 18.902326181720746], [72.81833269489411, 18.902326205809274], [72.81833296437463, 18.90232620897467], [72.81835718593405, 18.902326595554896], [72.8183600884141, 18.902326639583723], [72.81846352920516, 18.902328284537013], [72.8185239731238, 18.902328291743245], [72.81858344524417, 18.902328299258397], [72.81859234609482, 18.902328299867975], [72.81859291223594, 18.902284633397667]]]}}, {"type": "Feature", "properties": {"grid_id": "cell_0386", "ward_id": "T", "ward_gid": 13, "area_m2": 627048.1631855636, "LST_C": 30.36106011635407, "NDVI": 0.44714330031652605, "NDVI_prev": 0.42186146189406504, "impervious_pct": 9.150191875082703}, "geometry": {"type": "Polygon", "coordinates": [[[72.91992942837226, 19.148144844759926], [72.919816178542, 19.15717639384097], [72.92852091329966, 19.15727478761132], [72.92847770650737, 19.15721094938096], [72.92845730225118, 19.15718070871363], [72.92841182296928, 19.157119154911605], [72.92835499679364, 19.1570403808955], [72.92829965350715, 19.156945753498714], [72.92822923269897, 19.156824098470178], [72.9281949466958, 19.156758766389306], [72.92818973394945, 19.156703780822177], [72.9281829086891, 19.15663178544835], [72.92813671952896, 19.156510690499545], [72.92809173307855, 19.156399580239178], [72.9280578328987, 19.156305321888603], [72.92803409212986, 19.156238509723757], [72.92792588573384, 19.156138774323235], [72.9277792427422, 19.156001344113], [72.92764654067621, 19.15588152520615], [72.92755507954979, 19.155797961970727], [72.92750325689073, 19.15575091054143], [72.92743891781555, 19.155692495424482], [72.92737229731681, 19.155630070399106], [72.92728795180415, 19.155548332067617], [72.9272383381666, 19.155503895262992], [72.9272070350516, 19.15545869735637], [72.9272045889111, 19.155455731828717], [72.92719172254499, 19.15539441405108], [72.92722782412532, 19.15527683294217], [72.92727228254913, 19.155157816471117], [72.92728183568659, 19.155130364946043], [72.9273127065536, 19.15503197792704], [72.92735080056008, 19.154913054937474], [72.92736138839125, 19.154844274917338], [72.92739675879051, 19.15461450108657], [72.92743008440661, 19.154446125326253], [72.92746352826664, 19.154140232821728], [72.92744129782035, 19.153919181184868], [72.92733943304496, 19.153775831017867], [72.92723581118503, 19.153657829307082], [72.92695459607248, 19.153335268583657], [72.92672342872376, 19.15306496757094], [72.92667512265714, 19.15306666632662], [72.92658692973548, 19.153069767425745], [72.92622248684667, 19.153138615533976], [72.92601849979805, 19.153109917330926], [72.92581594355461, 19.152977207755907], [72.92575903038491, 19.152944415602924], [72.92548996282784, 19.152763494670644], [72.92543290264646, 19.152681763206292], [72.92510741933839, 19.152015738293876], [72.92478445865864, 19.152038214707588], [72.92452271006442, 19.1516325519588], [72.92425869811633, 19.151245018553794], [72.92415717204544, 19.15106487447414], [72.92412778751707, 19.150994471868383], [72.92409226208699, 19.15093491787123], [72.9240547750553, 19.150852181468444], [72.92403800707645, 19.15070804354098], [72.92402800260443, 19.150494034348917], [72.92402948296414, 19.149993710542162], [72.9240326667824, 19.149935394292882], [72.92404629931825, 19.149531507028847], [72.92393352373213, 19.14934154804537], [72.92382728824136, 19.14915344239421], [72.92382728122628, 19.149153395344115], [72.9238108856021, 19.149051374576324], [72.92371112060259, 19.1487503735411], [72.9236791687637, 19.148677587018174], [72.92367914841, 19.14867754252717], [72.92367827231779, 19.14867554810806], [72.92360993393238, 19.14833385242171], [72.92356229351296, 19.14818594030612], [72.91992942837226, 19.148144844759926]]]}}, {"type": "Feature", "properties": {"grid_id": "cell_0387", "ward_id": "R/C", "ward_gid": 11, "area_m2": 626962.8840376994, "LST_C": 29.150745496717743, "NDVI": 0.6129985957752689, "NDVI_prev": 0.6647646269861995, "impervious_pct": 0.2698212830795602}, "geometry": {"type": "Polygon", "coordinates": [[[72.8809922174736, 19.219960891720213], [72.89049947739385, 19.220070650614932], [72.89061472923186, 19.21103933325184], [72.88826342025014, 19.21101224614711], [72.88694606004934, 19.211618309012636], [72.88669065251311, 19.213360620705], [72.8866283124947, 19.21378587746008], [72.8866045965024, 19.2139634035465], [72.88656150135287, 19.214285991156054], [72.88650844154255, 19.214646850474338], [72.88646702034409, 19.21492855437627], [72.8863267241976, 19.21588269234987], [72.8856159446847, 19.216118236193022], [72.8853960734612, 19.21619109839569], [72.8849670050729, 19.216333284617377], [72.88496632671935, 19.216333509175538], [72.88453762496431, 19.216475638871433], [72.88393964418024, 19.21667978420575], [72.88393871147998, 19.216680101783886], [72.88234686145039, 19.21722370450527], [72.88205678747131, 19.217322760435916], [72.88113905142667, 19.216529562529026], [72.88103733944827, 19.216441523086097], [72.8809922174736, 19.219960891720213]]]}}, {"type": "Feature", "properties": {"grid_id": "cell_0388", "ward_id": "R/S", "ward_gid": 22, "area_m2": 623449.2476816252, "LST_C": 33.35569124943305, "NDVI": 0.38442639997664313, "NDVI_prev": 0.3504245020121951, "impervious_pct": 46.37544638342941}, "geometry": {"type": "Polygon", "coordinates": [[[72.81456263380745, 19.210147917574986], [72.82406891418766, 19.210261068006677], [72.82415462118145, 19.203747082499326], [72.82406026170123, 19.203810302688492], [72.82381775063126, 19.20397278464037], [72.82301362573398, 19.20451153317718], [72.82301351155542, 19.20451160928213], [72.8230052731779, 19.204533305799277], [72.82291114719463, 19.204781216558136], [72.82288899731287, 19.204839556960188], [72.82283365032752, 19.204985330236255], [72.82213053569703, 19.204902696896767], [72.82182973494555, 19.204867342981554], [72.82160030498498, 19.20484411167425], [72.8215932968572, 19.204842516136274], [72.82141996825465, 19.204828556640493], [72.82141657855891, 19.20482840766539], [72.82124659368503, 19.204811992812772], [72.82091318731189, 19.20477979563463], [72.82074591050998, 19.204763642598667], [72.82072776081519, 19.204761889097124], [72.82052857840539, 19.204742652230227], [72.82039374042655, 19.204732904687454], [72.82023329486857, 19.20471977365581], [72.82020911861561, 19.204715912460152], [72.82010453211605, 19.20469921312999], [72.81987349159336, 19.2046747812782], [72.81912080779801, 19.20460408750876], [72.81910396050019, 19.20460241062392], [72.8190814046847, 19.204600164036787], [72.81904853566922, 19.204596681347436], [72.81902305297655, 19.204593981398137], [72.81901537743215, 19.20459316746284], [72.8189353310568, 19.20458468139194], [72.81886332779064, 19.204577467965272], [72.81880817775345, 19.204571943055836], [72.81868417466713, 19.204559519603528], [72.81862495076821, 19.204554235182066], [72.81860839049818, 19.204552757056184], [72.81853527805184, 19.204546233230676], [72.81842121226231, 19.204536054032186], [72.81837136797837, 19.2045275919817], [72.81836748485665, 19.204526933001084], [72.81836026864738, 19.204525709454114], [72.81833682302556, 19.20452172838404], [72.81833644759524, 19.204521682293592], [72.818125885265, 19.204495880416324], [72.81734106088157, 19.20444267064476], [72.81728505177871, 19.204437425242485], [72.81727871807749, 19.204436831854114], [72.81722904633155, 19.20443217986689], [72.81663235210195, 19.20437595435534], [72.81663174559543, 19.20437589741539], [72.81653054054615, 19.204389527130257], [72.81652831823278, 19.204389723785823], [72.81643771346418, 19.204397773063842], [72.81642571729378, 19.204398839442185], [72.81636203576639, 19.204402967621522], [72.8163545609479, 19.204403451996107], [72.81633372845958, 19.204404798069028], [72.81629475160128, 19.204407315291537], [72.8162660582153, 19.20440916887509], [72.81626463411494, 19.204409281392213], [72.81626383876257, 19.204409333189698], [72.81601552951479, 19.20442898693298], [72.81598722408735, 19.20443122777653], [72.81598594128349, 19.20443133041403], [72.8150442842053, 19.20463920799371], [72.8147952720291, 19.20469398658303], [72.81469498485497, 19.20471604863609], [72.81463424093803, 19.204729410387344], [72.81456263380745, 19.210147917574986]]]}}, {"type": "Feature", "properties": {"grid_id": "cell_0389", "ward_id": "P/S", "ward_gid": 20, "area_m2": 622652.9035942167, "LST_C": 34.88292986460092, "NDVI": 0.28812095416656835, "NDVI_prev": 0.2756819702467228, "impervious_pct": 58.84528873111816}, "geometry": {"type": "Polygon", "coordinates": [[[72.83428404134338, 19.15618764137527], [72.84378735062506, 19.156299466603024], [72.84386978440085, 19.149957695250134], [72.84383490700432, 19.14997334013773], [72.8436755279827, 19.150005311349613], [72.84358876188803, 19.15006418722039], [72.84344066900799, 19.15016951612954], [72.84339677563719, 19.150200734641043], [72.84335146777819, 19.150217346367057], [72.84331717675454, 19.150229918031588], [72.84324721270234, 19.150248411660233], [72.84322334688318, 19.15024857043063], [72.84311832222528, 19.15024927205839], [72.84311293209976, 19.150248553011437], [72.84304372606763, 19.150239152323742], [72.84301047742348, 19.150234635877755], [72.84292628374732, 19.150223196661027], [72.84283899272685, 19.150211381412966], [72.8427335166284, 19.15019710340598], [72.84264373881966, 19.150184955444193], [72.84256427615261, 19.15017420209413], [72.84252267604508, 19.150168366286202], [72.84250385406996, 19.15016572647155], [72.84246349249325, 19.150160429839385], [72.84240249260152, 19.15015242416808], [72.84236124344457, 19.150147009746963], [72.84219327378725, 19.150117392857915], [72.8421618292171, 19.15011184788009], [72.84208593175248, 19.15009846349837], [72.8420371880976, 19.150091580479724], [72.84168476258493, 19.150041814639565], [72.84164555134544, 19.150036319229176], [72.84159855686774, 19.150029733367855], [72.84144264746172, 19.150007877311204], [72.841247219516, 19.14998048318126], [72.84102144745322, 19.149947131184863], [72.84062248495141, 19.149892619595732], [72.84038348515664, 19.149859072393806], [72.84035548545741, 19.149855142985118], [72.84008549868064, 19.15007108367755], [72.83994898380033, 19.150181101684105], [72.83994209283993, 19.15018608515744], [72.83982464819276, 19.15027100930048], [72.83968027450427, 19.150594902886404], [72.83962076672097, 19.15072952559268], [72.8395810229208, 19.150798860135733], [72.83955257343754, 19.150830884332326], [72.83951696146713, 19.150855603730886], [72.83945431885407, 19.150874699523108], [72.8394542921398, 19.15087470733811], [72.83926581509593, 19.150877830382644], [72.83903155066635, 19.15090281779724], [72.8386103588499, 19.150947743165897], [72.83851139413132, 19.150962223786564], [72.8380491183645, 19.151005601276047], [72.83680257982505, 19.151099150750134], [72.83620251867144, 19.15112487546265], [72.83618990167489, 19.151125299494165], [72.83589880978002, 19.151135340336822], [72.8357154992227, 19.151132717222314], [72.83566539446295, 19.151131997696325], [72.83562848126799, 19.151131471528178], [72.83562775146154, 19.151131461122468], [72.83553430588753, 19.151130124292518], [72.83506480402522, 19.151131207626094], [72.83434977540483, 19.151152993208477], [72.83428404134338, 19.15618764137527]]]}}, {"type": "Feature", "properties": {"grid_id": "cell_0390", "ward_id": "R/C", "ward_gid": 11, "area_m2": 621500.7766336966, "LST_C": 29.876839825684684, "NDVI": 0.556115806149816, "NDVI_prev": 0.5217557220768837, "impervious_pct": 0.03415264095968921}, "geometry": {"type": "Polygon", "coordinates": [[[72.80445615907063, 19.25518822263122], [72.79494741847368, 19.25507379864279], [72.79485416242294, 19.26204732035166], [72.79504739978138, 19.262075825363933], [72.7951394773789, 19.262089315522722], [72.79528517990408, 19.262110125396386], [72.79592359254235, 19.262200912212727], [72.79610209430368, 19.262225240262698], [72.79610048622605, 19.262220958596227], [72.79610080460351, 19.262220904629054], [72.79613750782725, 19.26222057219705], [72.79634749443815, 19.262218380927006], [72.79721284882164, 19.262213528869857], [72.79786972284352, 19.262209547353194], [72.7982773227188, 19.26220888995369], [72.79847740391922, 19.26220856851045], [72.79847882389925, 19.262208565741897], [72.79882496876738, 19.262207838938398], [72.79886560233687, 19.262209820362518], [72.79897548148311, 19.26221477351164], [72.7990541421662, 19.262213291916655], [72.79906974084687, 19.26221291883893], [72.79921490397929, 19.26220944153945], [72.79929993058553, 19.262207999451437], [72.79940035879937, 19.262206057200906], [72.79944945884303, 19.26221615738505], [72.79944975857268, 19.26221621789613], [72.79955249049378, 19.26223691897069], [72.79962198531452, 19.26225000769684], [72.79972220513437, 19.262268884648318], [72.79984049906211, 19.261951108542927], [72.7998448765305, 19.261952341737906], [72.79991307814994, 19.261971178214793], [72.8000609500622, 19.261923560033136], [72.80006108567034, 19.261923518310734], [72.80022103794778, 19.261871765931765], [72.80057480847653, 19.261278299134027], [72.80057482497932, 19.26127827404248], [72.80074685621842, 19.2612118130339], [72.80080180842647, 19.26119050788001], [72.8008567606459, 19.261169200901993], [72.8008909560409, 19.26108285722324], [72.80043831835827, 19.26063451453565], [72.80040359942056, 19.26060012221465], [72.80035506795419, 19.260402078424857], [72.80035507899244, 19.26040203520319], [72.8003550919084, 19.260401993810564], [72.80035501709169, 19.260401684912775], [72.8003785655369, 19.260318115262077], [72.80041521469377, 19.260187142458555], [72.80044514467244, 19.260080187570527], [72.80051994788003, 19.260030152386765], [72.80052018009467, 19.260029998020652], [72.80054229518211, 19.260015011447372], [72.80058228953705, 19.259953296999395], [72.80058294599574, 19.259952281550675], [72.8006310083135, 19.25987800374005], [72.8008502315868, 19.25953919727081], [72.80085739298235, 19.25932977006827], [72.80080648990271, 19.25882320162626], [72.8008093743262, 19.25882385141633], [72.80081225782291, 19.25882449938877], [72.801035113714, 19.258875455328706], [72.80166286288096, 19.259060882254715], [72.80215155603595, 19.25895516712252], [72.80241881339686, 19.258897229259876], [72.80260566777717, 19.258822388185305], [72.80283480049629, 19.25869982759986], [72.80314207606288, 19.258517710752884], [72.80334420127699, 19.258373219891485], [72.80353699686104, 19.25824589980444], [72.80366120690202, 19.258143685197716], [72.80380845275006, 19.258020139472958], [72.80405675887354, 19.257824348566363], [72.80426792214529, 19.25768428518921], [72.80442417441037, 19.25759067364863], [72.80445615907063, 19.25518822263122]]]}}, {"type": "Feature", "properties": {"grid_id": "cell_0391", "ward_id": "R/C", "ward_gid": 11, "area_m2": 621007.8603027193, "LST_C": 31.37785944150382, "NDVI": 0.4308192902693975, "NDVI_prev": 0.4425950830119966, "impervious_pct": 4.086865934770414}, "geometry": {"type": "Polygon", "coordinates": [[[72.78568112958618, 19.23689756236576], [72.78580221965561, 19.227866888565778], [72.77860311814867, 19.227779672546287], [72.77883790786997, 19.228159001428992], [72.77898026473103, 19.228388911352322], [72.77908512595351, 19.22855826392065], [72.77911720443555, 19.228609308789196], [72.77912184136306, 19.22861669550551], [72.77944384732443, 19.22912911512659], [72.77949232627954, 19.229196094638286], [72.77952259207139, 19.22924428228613], [72.77962569920017, 19.229411924344834], [72.77971228945873, 19.229543669308715], [72.77972144339941, 19.229557892112165], [72.77972687544997, 19.229566328960814], [72.7799975704734, 19.229986904772], [72.78064101654226, 19.231011440021373], [72.78065880118609, 19.23123938885223], [72.78064536880238, 19.231442540519552], [72.78050134456369, 19.231806760292315], [72.78033632835997, 19.232140228161107], [72.78019243927834, 19.232494283477987], [72.78013429083892, 19.232839212819737], [72.78013060162324, 19.233113642626904], [72.77995392592547, 19.233518128529013], [72.77988056594106, 19.234198341988233], [72.77975069459181, 19.235101515560533], [72.77968143292432, 19.23547680688153], [72.7795911793924, 19.235821346238158], [72.7794837502363, 19.236189661417676], [72.77941803054681, 19.23628069607433], [72.77913961344348, 19.236731690905682], [72.7791195771017, 19.23681804574144], [72.78568112958618, 19.23689756236576]]]}}, {"type": "Feature", "properties": {"grid_id": "cell_0392", "ward_id": "A", "ward_gid": 1, "area_m2": 619037.8989337529, "LST_C": 33.568115385197366, "NDVI": 0.1524476946629596, "NDVI_prev": 0.13750752456748905, "impervious_pct": 74.850357263645}, "geometry": {"type": "Polygon", "coordinates": [[[72.8372116222728, 18.930408591048028], [72.83709531197835, 18.939439867089423], [72.84465753025786, 18.939527923095458], [72.84465603408623, 18.939521671365444], [72.84462258031338, 18.93939519644914], [72.84462229334942, 18.939394110097084], [72.84462223092224, 18.9393938709091], [72.84461787998356, 18.93937742514564], [72.84459599877, 18.93928819363901], [72.84459572639065, 18.93928708035846], [72.84457895689756, 18.939218697848904], [72.84451609506884, 18.93898269423839], [72.84451127365028, 18.938964596350043], [72.84446110260988, 18.938767391019933], [72.84444511071561, 18.938704990844005], [72.84443018001427, 18.938646736350197], [72.84437089956012, 18.93840485162895], [72.84437089331067, 18.938404820845253], [72.84433113555708, 18.938242595404912], [72.8442609797159, 18.937956514778318], [72.84424357497251, 18.937862213770266], [72.84424354488321, 18.93786204360641], [72.84424157987968, 18.937851403770214], [72.84413223859906, 18.937408987292663], [72.84406894511113, 18.937148204701487], [72.84398541189074, 18.936803840603115], [72.84397836728674, 18.93677451997169], [72.84397015148585, 18.93673949514596], [72.84396874779242, 18.936733933674603], [72.84396777853114, 18.936730097073074], [72.84395409448868, 18.936675904590196], [72.84392978194616, 18.936589849566296], [72.8439062932226, 18.936493897997135], [72.84390280927188, 18.936480391597634], [72.84387534787902, 18.936373956596885], [72.8438514676628, 18.93627648840481], [72.84385021008885, 18.936271375748692], [72.84385019569206, 18.936271314159196], [72.84384822444275, 18.936263307269712], [72.84383385221187, 18.93620490568961], [72.84382054064564, 18.936150836763524], [72.8437758987177, 18.935973406702047], [72.84376612510647, 18.9359361796617], [72.8437516058646, 18.935880877282294], [72.84373657126395, 18.93582527444548], [72.84372926466656, 18.9357982513824], [72.84370420062011, 18.935699252832467], [72.8436981534446, 18.935675202609065], [72.84369558502377, 18.93566498751555], [72.84369552165762, 18.935664895548904], [72.84369400646008, 18.935662696543645], [72.84368149156079, 18.935607872712126], [72.84366542079088, 18.93554847313909], [72.84366307767036, 18.935537049384877], [72.84365916430811, 18.935521060330885], [72.84365445124091, 18.935506585788758], [72.84365090703568, 18.935498587707244], [72.84364954983442, 18.93549561643964], [72.8436434239348, 18.935482207583107], [72.84363877074644, 18.935475045677354], [72.84363079267084, 18.93546276514285], [72.84362486793646, 18.935454758350577], [72.84360865084147, 18.935439874550756], [72.84360502135976, 18.935437039450214], [72.84359203249633, 18.93542689197599], [72.84356392328333, 18.935408927056255], [72.843533811991, 18.93539666827075], [72.84352048888057, 18.935393109845677], [72.84350646292566, 18.93538936259387], [72.84348108391171, 18.935385868119333], [72.84345331580519, 18.935385027657983], [72.84342632405674, 18.935389517361237], [72.84339376362466, 18.935398559801715], [72.84338197510121, 18.935404042840656], [72.84335879914674, 18.935414820281263], [72.84331663410993, 18.93544895033627], [72.84330667606322, 18.9354609075894], [72.84329671802665, 18.9354728639387], [72.8432956927293, 18.935474722679555], [72.84327197331886, 18.935517689804414], [72.84326816688336, 18.935534177114405], [72.84326714469867, 18.93553860207017], [72.84325987912854, 18.93557587214558], [72.84325873964166, 18.935590022106187], [72.84325822568086, 18.935596412156237], [72.84325267196132, 18.935596399056333], [72.84325174211475, 18.935602503354115], [72.84325135941589, 18.935605011283947], [72.8429472668356, 18.935574612009347], [72.84296154497017, 18.935575796961565], [72.84296472683506, 18.93555783278266], [72.84296639598035, 18.935548414873765], [72.8429620367809, 18.935547262188], [72.84296207297042, 18.93554695730503], [72.84296263633343, 18.935542412300368], [72.84296325826419, 18.93553737208392], [72.8429688072238, 18.935537386040235], [72.84298496044995, 18.93545296228373], [72.8429923927886, 18.935416384258428], [72.84299786538445, 18.93538945651464], [72.84300107212479, 18.935369037546558], [72.8430108304776, 18.935306928661564], [72.84301508447939, 18.935282645055377], [72.8430282679341, 18.93520735489908], [72.84302827409255, 18.935207318840064], [72.84303347464319, 18.935177625742195], [72.84304255342332, 18.93513538983367], [72.84304256857583, 18.935135318651884], [72.84304257560214, 18.935135288925828], [72.84305039734633, 18.93509891233563], [72.84306781225912, 18.934990520618342], [72.843081923427, 18.934922073545778], [72.8430924319714, 18.93486629081643], [72.84309524857844, 18.93485133929247], [72.84309971014416, 18.93482530395245], [72.8430997183515, 18.934825256174797], [72.84310697913868, 18.934782888014066], [72.84311497976977, 18.934743074763734], [72.84311498989842, 18.93474302520189], [72.84312149890998, 18.934710633903283], [72.84313889546415, 18.93460794969284], [72.8431534470083, 18.934526566634776], [72.84316514991993, 18.934466102607363], [72.84316867516921, 18.93445103467079], [72.84318168768013, 18.93439539847251], [72.84320169878828, 18.93427582196041], [72.8432017102023, 18.93427574621879], [72.84322734800769, 18.934122553239614], [72.84323883513846, 18.934057451129117], [72.84323884351967, 18.934057389804483], [72.84325634403612, 18.93395820060721], [72.84327223265615, 18.933865376947562], [72.8432760932433, 18.933842820312222], [72.84329801266865, 18.93372290284931], [72.84330380740448, 18.93369120597013], [72.84332562007387, 18.933577824195456], [72.84332833251324, 18.933574454937894], [72.84332967522204, 18.933570422111313], [72.84332828101654, 18.933566416172514], [72.84334863347037, 18.933449360989847], [72.84334864268457, 18.933449308707544], [72.84335067410925, 18.933437619674283], [72.84335410539458, 18.933419516565312], [72.84335411243232, 18.933419485936092], [72.84335411764152, 18.933419449866026], [72.84335414000537, 18.933419334507974], [72.84336296156651, 18.93337279240991], [72.8434257712107, 18.933208189756048], [72.84343248149648, 18.933165285847995], [72.84345951092057, 18.933021511067782], [72.84346210075384, 18.933007729333198], [72.84346482131126, 18.93299359865106], [72.84346484980993, 18.932993449040193], [72.84348701678198, 18.932878328036928], [72.84349574146697, 18.93282269071187], [72.84350458804454, 18.932775154392832], [72.84351795212827, 18.932703349243145], [72.8435428542068, 18.932569258909627], [72.84355698023353, 18.93249081727993], [72.84358119874548, 18.932356731631696], [72.84359966319523, 18.932255987295502], [72.84360945893779, 18.932202532957017], [72.84362961524671, 18.932082531671064], [72.8436353609398, 18.93205094620116], [72.84364829959112, 18.931979809918356], [72.84370553352183, 18.931651733200578], [72.84374085030272, 18.93144927999853], [72.84393839250768, 18.930486898154314], [72.84273692021895, 18.930472929567756], [72.84259437689508, 18.93133419260133], [72.84258223386638, 18.931402154996146], [72.84249177350516, 18.93188029180713], [72.84249173180973, 18.931880508105973], [72.84247190077345, 18.931985324566718], [72.84247180869234, 18.931985694737985], [72.84247109706914, 18.931988555233428], [72.84247109007772, 18.93198858225009], [72.84245160369073, 18.93206686024323], [72.84241294131982, 18.93228784617487], [72.84238910202454, 18.93242322767162], [72.84238909693121, 18.93242325471035], [72.84238817752727, 18.9324284721187], [72.84238810290931, 18.932428886753044], [72.84235210323601, 18.932627230746544], [72.8423297166528, 18.93275067259153], [72.84232970742674, 18.932750725776888], [72.8423255925766, 18.93277341401462], [72.84230516396289, 18.932884974487862], [72.84228801396691, 18.93298588746138], [72.84228800362932, 18.932985953279545], [72.84228518713593, 18.93300251983086], [72.8422708502209, 18.93308373097336], [72.8422687195647, 18.933097597511672], [72.84226651534044, 18.933111944634742], [72.84225321202746, 18.93313220458227], [72.84224940721937, 18.933137998126032], [72.84224930448607, 18.93313808906399], [72.84224473552615, 18.93314218641736], [72.8422379973252, 18.933148228557354], [72.84223769393095, 18.93314842284301], [72.84223767190524, 18.933148437942283], [72.84222524115636, 18.933156339619757], [72.84220897506873, 18.933164431526208], [72.8421905056706, 18.93317209584491], [72.84217818629425, 18.933174209784262], [72.84217334220408, 18.933173345908997], [72.84216717414289, 18.933170769394263], [72.84216398878588, 18.933171715992383], [72.84215002006648, 18.93317586928408], [72.84213952027841, 18.933179759435298], [72.84212934955308, 18.93318352605376], [72.84212495735713, 18.933186941688124], [72.84211747533315, 18.933187784101197], [72.84204095322707, 18.933204847119374], [72.84192918484092, 18.933229767598863], [72.84179845985594, 18.93325837947353], [72.84173737177396, 18.933271750553743], [72.84153236164964, 18.93331670050385], [72.84144217486983, 18.933336628373944], [72.84143645222804, 18.9333366186798], [72.8412601599236, 18.933374233445925], [72.84097999867684, 18.933325166430336], [72.84081323086701, 18.93328912428302], [72.84057140684847, 18.933206740362596], [72.84039347535209, 18.933109944135037], [72.84025904382605, 18.933036388227613], [72.84009393292145, 18.93287153940308], [72.84001174298301, 18.932760701823604], [72.83999859564172, 18.93254457684422], [72.84010052326391, 18.93204940725571], [72.84031228961553, 18.931062948844406], [72.84027015424182, 18.93093363286853], [72.83984424551944, 18.93061418812672], [72.83959184011364, 18.930436327319327], [72.8372116222728, 18.930408591048028]]]}}, {"type": "Feature", "properties": {"grid_id": "cell_0393", "ward_id": "K/W", "ward_gid": 14, "area_m2": 615256.0002378098, "LST_C": 33.794884128507874, "NDVI": 0.34689958443946417, "NDVI_prev": 0.3467583013181765, "impervious_pct": 23.934976368776574}, "geometry": {"type": "Polygon", "coordinates": [[[72.79651132906753, 19.13767378535196], [72.79656165100543, 19.133881893254493], [72.79652770778853, 19.133862440856607], [72.79634940299488, 19.13379259754988], [72.79564767426719, 19.133386556479316], [72.79518471150601, 19.13311057826619], [72.79485111322603, 19.132918434815814], [72.79487198750105, 19.132825147066104], [72.7948805795448, 19.132845743438097], [72.79489269911315, 19.132861263538107], [72.79490501658289, 19.132870396586398], [72.79492077185743, 19.13287763164315], [72.7949362146496, 19.132881275334316], [72.79495554998125, 19.132881553324626], [72.79497674188366, 19.132875846221676], [72.79499493163719, 19.132865064005006], [72.79500761851152, 19.13285145823078], [72.79501729421857, 19.132833456462976], [72.7950210600672, 19.132813937742988], [72.7950182890802, 19.132790809000763], [72.79501182462239, 19.13277366047904], [72.79499589858048, 19.132755811372345], [72.79498152405736, 19.132745432494303], [72.79496456631976, 19.132739294892332], [72.79494852451379, 19.132737178601587], [72.79493655018106, 19.132739491747547], [72.79494805697179, 19.1326635320228], [72.79498239437858, 19.132443628842083], [72.79501320534035, 19.13225397847245], [72.79502436059326, 19.13227613384102], [72.79503584427904, 19.132288798429197], [72.79505183887419, 19.132299477634948], [72.79507019323808, 19.13230635365463], [72.79509317755515, 19.132307360036094], [72.79511000504658, 19.13230326340504], [72.79513611706791, 19.132289151148896], [72.79515195357442, 19.13226950712787], [72.7951601530062, 19.13224602221631], [72.7951563136431, 19.132214533942008], [72.79514472014456, 19.132192961324687], [72.79513137183535, 19.132180590509], [72.79511276970358, 19.132170188037133], [72.79509472923449, 19.132165438370414], [72.79507766799654, 19.13216495283824], [72.79505988810203, 19.132169851851792], [72.79504129690147, 19.132120763400405], [72.79516423201562, 19.131616674701927], [72.79470251581056, 19.131430448054175], [72.79435549500089, 19.131289779528707], [72.79404133913528, 19.131092466904235], [72.79382962553109, 19.13101111093151], [72.79359636136144, 19.130925368356593], [72.79298860406675, 19.13070216550608], [72.792773165109, 19.130819048830148], [72.79261627844372, 19.130904163932264], [72.79223301256866, 19.131117700716825], [72.79204775908725, 19.131222724940127], [72.79203729657438, 19.13121490380685], [72.79181366413114, 19.131337405796312], [72.79152981238254, 19.131308379822446], [72.7904067168551, 19.13120065157918], [72.7896216975659, 19.13113131403198], [72.78922803725548, 19.13076465877008], [72.78896752548128, 19.13052079780389], [72.78889084032872, 19.13045986626221], [72.7888750283183, 19.13044765328337], [72.78884540670148, 19.130424789595015], [72.78879942934107, 19.130389298121454], [72.78877054249115, 19.130366993323157], [72.78872662420642, 19.130333091885788], [72.78814159582105, 19.129875915030986], [72.78797441892297, 19.129920879506574], [72.78779069732438, 19.12996583623442], [72.78751010912953, 19.13001175781736], [72.78720274023522, 19.13006332694282], [72.78718985396762, 19.130274399606826], [72.78738254567708, 19.13030457500494], [72.78803057554671, 19.13042652934195], [72.78802170773226, 19.13077698355477], [72.78795135792929, 19.13105372387829], [72.78795038610835, 19.131058906623114], [72.78779148295992, 19.131682692635263], [72.78770320665966, 19.13229984149193], [72.78765595230142, 19.13266407562214], [72.78768274609789, 19.13293973657439], [72.78775544594828, 19.1335638715565], [72.7879356060689, 19.133821462077297], [72.78801149727254, 19.133992866813532], [72.7880736999365, 19.13428014570704], [72.78818267939207, 19.134515798303795], [72.78818794387844, 19.134556488630295], [72.78818848351031, 19.13456006737136], [72.78818953149488, 19.134565007064058], [72.78821055953603, 19.134651464614013], [72.78821065260438, 19.134651826119935], [72.78821213685201, 19.13465704654502], [72.78821351299872, 19.134660965027926], [72.7882365493564, 19.134721505266835], [72.78823701913784, 19.13472269414189], [72.788239214395, 19.13472768828398], [72.7882410110743, 19.134731213505333], [72.78827523652345, 19.13479440023639], [72.78827582286442, 19.134795471288392], [72.78827636843216, 19.13479646417258], [72.78830149703025, 19.134841339689416], [72.78827026334186, 19.13522262175827], [72.78830136123885, 19.135659090172844], [72.78837321605023, 19.136552313076834], [72.78851345439698, 19.13715756039684], [72.78851863699855, 19.13741365942489], [72.78852195905182, 19.137577827713574], [72.79651132906753, 19.13767378535196]]]}}, {"type": "Feature", "properties": {"grid_id": "cell_0394", "ward_id": "P/S", "ward_gid": 20, "area_m2": 610727.5678282978, "LST_C": 33.407025673388745, "NDVI": 0.42138069659402405, "NDVI_prev": 0.405779971458934, "impervious_pct": 34.355421523079826}, "geometry": {"type": "Polygon", "coordinates": [[[72.85340759091234, 19.14737964010586], [72.8629105156214, 19.147490427249753], [72.86298436837515, 19.14175517962477], [72.86250823275849, 19.141955996064763], [72.8622822854312, 19.141942635048586], [72.86201125666803, 19.14192660804105], [72.86179466954644, 19.141913800456233], [72.86172438998655, 19.14191134787631], [72.86170622336626, 19.141910713331438], [72.86126809335994, 19.141983749776493], [72.8613145365647, 19.142000921792985], [72.8611934030057, 19.142021113837032], [72.86089104249758, 19.14200568590371], [72.86064012040596, 19.14199288193253], [72.86063021826774, 19.141992290311006], [72.86060513652302, 19.141991689611682], [72.86047951732856, 19.141976607431108], [72.86035856549337, 19.141957408053962], [72.86023155679968, 19.141939423732307], [72.86013428034042, 19.141929610496568], [72.86006427359202, 19.14191789261219], [72.85981689447893, 19.141885639259524], [72.859574539294, 19.141840022141583], [72.85950641272008, 19.141833072020614], [72.85939006948622, 19.14182725516584], [72.85936075762946, 19.14182639691356], [72.85932787731215, 19.14182509936596], [72.8592988535008, 19.141823413174457], [72.85925376181737, 19.141820792914064], [72.85923421459424, 19.141819773225244], [72.85902108951419, 19.141810896699162], [72.85898843408818, 19.14180951846725], [72.85895806204348, 19.141808236203254], [72.85892673068525, 19.141806913852975], [72.85889376643314, 19.14180552275682], [72.85887853122952, 19.14180492208859], [72.85867411142006, 19.141750891875805], [72.85863974043019, 19.141742087182465], [72.85840590350546, 19.1416843425098], [72.85831672212515, 19.141662552282458], [72.85816536269395, 19.141655153059038], [72.85789787636281, 19.141642258705822], [72.85779720726647, 19.14163726870531], [72.85778410223841, 19.14163817382981], [72.85759769698782, 19.141627519116597], [72.85751315308275, 19.14162213193249], [72.85742025857463, 19.141620267307005], [72.85729095367263, 19.14161765899284], [72.85704877897967, 19.141605000734256], [72.8567123040623, 19.14166204483277], [72.8561566626003, 19.141750388758506], [72.8557526633075, 19.14181723144465], [72.85567170878095, 19.14183788052451], [72.85542813473232, 19.141900010015032], [72.85532485039742, 19.14192635490427], [72.85525888010041, 19.141943387603266], [72.8549850739163, 19.1420878098042], [72.85491318687603, 19.14212702023972], [72.85490767001949, 19.142130028928058], [72.85473689838015, 19.14222317277035], [72.85473510499538, 19.14222432071715], [72.8547350648713, 19.14222431909256], [72.85473430003663, 19.1422242916651], [72.85469492179992, 19.14224948379026], [72.85460425359068, 19.1423086811307], [72.85459268418224, 19.142316235712777], [72.85456743913272, 19.142333355134593], [72.85456279555596, 19.142336753229216], [72.85455675557398, 19.142341174412863], [72.85455389900027, 19.142342694947683], [72.85454303380551, 19.142348472629084], [72.85452937141265, 19.14235861223517], [72.85443014926848, 19.14242386965538], [72.8543846772476, 19.14245340248036], [72.85436568240185, 19.142465740112236], [72.85431254705122, 19.142501801325892], [72.85419146363817, 19.14250836150934], [72.85406572762903, 19.142513746955427], [72.8539349415434, 19.142521978778397], [72.85385394592137, 19.14253212508156], [72.8536861279713, 19.142523878968113], [72.85359243294737, 19.142518045462886], [72.85347053816879, 19.142513052832715], [72.85340759091234, 19.14737964010586]]]}}, {"type": "Feature", "properties": {"grid_id": "cell_0395", "ward_id": "N", "ward_gid": 10, "area_m2": 610214.0412861956, "LST_C": 30.05787041450862, "NDVI": 0.5927973784981071, "NDVI_prev": 0.5018693072359978, "impervious_pct": 0}, "geometry": {"type": "Polygon", "coordinates": [[[72.93033238972203, 19.075999026377044], [72.93983170822588, 19.076105453873353], [72.9399433573582, 19.067073710744598], [72.93757887091009, 19.067047277542475], [72.93682857127045, 19.068515576052857], [72.93647005701013, 19.069127844095604], [72.93576386371917, 19.070111529627592], [72.93491246236188, 19.071164810039974], [72.93419090627444, 19.071761938815786], [72.93323777853546, 19.07266374771801], [72.93243397657429, 19.07333087758224], [72.9316451018487, 19.0738486240219], [72.93059256212065, 19.07459317044095], [72.93034811532658, 19.07473306346812], [72.93033238972203, 19.075999026377044]]]}}, {"type": "Feature", "properties": {"grid_id": "cell_0396", "ward_id": "K/W", "ward_gid": 14, "area_m2": 608644.6788692368, "LST_C": 32.78928180645226, "NDVI": 0.29768051236077325, "NDVI_prev": 0.272109942353542, "impervious_pct": 71.5509391783212}, "geometry": {"type": "Polygon", "coordinates": [[[72.8344019390358, 19.14715659375536], [72.82489921244905, 19.147044334578105], [72.82483239581305, 19.152140812399512], [72.82799372210117, 19.153956667822236], [72.8282444931032, 19.15392602750451], [72.82834946772053, 19.153920153820184], [72.82841280799423, 19.153905756047816], [72.82843221369882, 19.15389609356135], [72.82875650024816, 19.153734620307855], [72.82912826400931, 19.15353635911094], [72.82955131210254, 19.15331074689792], [72.82994134575198, 19.153102737923167], [72.83003917290978, 19.153052333071514], [72.8300727077416, 19.15303315420792], [72.83010362399551, 19.15301427137515], [72.83011331162074, 19.153007904162138], [72.83031314036502, 19.15287655219248], [72.83110337063133, 19.152357111404022], [72.83119092898096, 19.152285650164302], [72.83124445452722, 19.152246610865557], [72.83147210698952, 19.152080567604944], [72.8315845410952, 19.152003001260972], [72.8317040379256, 19.151920559410456], [72.83187779653645, 19.151782130980884], [72.83211369192372, 19.151637543082614], [72.83231300422604, 19.151505322075366], [72.83259657318595, 19.151379792687962], [72.83290492075938, 19.15129086643473], [72.83300142240478, 19.15127048605278], [72.83316036469138, 19.151236917805637], [72.8336541037862, 19.1511899017402], [72.83407317330294, 19.15116142000503], [72.83434977540483, 19.151152993208477], [72.8344019390358, 19.14715659375536]]]}}, {"type": "Feature", "properties": {"grid_id": "cell_0397", "ward_id": "G/S", "ward_gid": 7, "area_m2": 608634.3021219921, "LST_C": 34.2942425703615, "NDVI": 0.23677809513492434, "NDVI_prev": 0.21967400106166263, "impervious_pct": 71.92167691728383}, "geometry": {"type": "Polygon", "coordinates": [[[72.81729034973716, 19.002435350096736], [72.8174081448715, 18.993404254413292], [72.8118548850376, 18.993338646456547], [72.81187057024952, 18.994572726958154], [72.81183453702327, 18.994945102015343], [72.81187155902454, 18.99590165137018], [72.81186931504924, 18.996048575598824], [72.81175738359418, 18.996429652881226], [72.8116656670483, 18.996748983319495], [72.81149497942786, 18.99734680676523], [72.81145190735377, 18.997523915953835], [72.8114002307097, 18.997707840567283], [72.81126801687557, 18.99817536938358], [72.81136854309058, 18.99820120945967], [72.81137650406244, 18.998203090077034], [72.8113591863376, 18.998270662989643], [72.81135158844559, 18.99835665599922], [72.81134823937938, 18.998435495906666], [72.81134955025892, 18.998546534766636], [72.81134965715763, 18.998568708003347], [72.81135100841938, 18.998848570276294], [72.81135120344746, 18.99892092165763], [72.81135304811686, 18.999606906147633], [72.81135304925795, 18.999607327073573], [72.81132554385862, 18.999834633870236], [72.81132628792844, 18.999877275866982], [72.81133203054533, 19.000206656320362], [72.81133183384014, 19.000242455031934], [72.81133070247284, 19.00045031637102], [72.81133052198633, 19.00069037792004], [72.81133068446938, 19.00090363790735], [72.81133069885901, 19.000921048134092], [72.81132947837135, 19.001069078329188], [72.8113312661765, 19.001148581477032], [72.81134013049842, 19.001275318699655], [72.8113525449535, 19.001375659947982], [72.81137150356352, 19.00148328655277], [72.81138053333414, 19.00151731300725], [72.81139142008963, 19.001558338108907], [72.81144433968409, 19.001713859321494], [72.81151934881015, 19.001881625328267], [72.81158511324406, 19.002001093753705], [72.81166148071152, 19.00213160337213], [72.81172103578825, 19.00223845671134], [72.81179755248947, 19.002370427708005], [72.81729034973716, 19.002435350096736]]]}}, {"type": "Feature", "properties": {"grid_id": "cell_0398", "ward_id": "H/E", "ward_gid": 18, "area_m2": 608603.2461078853, "LST_C": 32.15141178732476, "NDVI": 0.2956210567751843, "NDVI_prev": 0.24838147543413375, "impervious_pct": 50.939876283261114}, "geometry": {"type": "Polygon", "coordinates": [[[72.8450749157152, 19.05695679394192], [72.85457262682918, 19.057067507456818], [72.85463950364192, 19.05186778040696], [72.85418303801188, 19.051833907822374], [72.85242701191446, 19.05170358916175], [72.84981339632006, 19.051509595799093], [72.84730366213243, 19.051323277924073], [72.84625757124931, 19.051245607978714], [72.8451497243177, 19.05116588022402], [72.8450749157152, 19.05695679394192]]]}}, {"type": "Feature", "properties": {"grid_id": "cell_0399", "ward_id": "N", "ward_gid": 10, "area_m2": 607793.6313840476, "LST_C": 34.91160699764065, "NDVI": 0.32030527405791837, "NDVI_prev": 0.3232964758097243, "impervious_pct": 65.18681126655962}, "geometry": {"type": "Polygon", "coordinates": [[[72.92999552071622, 19.103094036388327], [72.92049472207877, 19.10298695677614], [72.92049287251832, 19.10313491494721], [72.92050164177023, 19.103146323413444], [72.92124117207048, 19.104213900843973], [72.92153707778617, 19.10463364516821], [72.9223947164747, 19.105738961151307], [72.92321698131619, 19.1069360555699], [72.92378003923086, 19.107772087971092], [72.92459218941038, 19.1091103280269], [72.92511683550103, 19.11000593864596], [72.92531724608965, 19.110362610155423], [72.9254554879201, 19.11065991683872], [72.9254978249136, 19.110752165409192], [72.92611548569077, 19.11090765148044], [72.92665248108015, 19.11103939557924], [72.9267664608025, 19.111067140175162], [72.92680054965997, 19.1109370611733], [72.92681523972611, 19.11088100565865], [72.92683684206898, 19.11084210557641], [72.92686029309681, 19.110824303575065], [72.92688902271131, 19.110806561036405], [72.92691551576122, 19.11079883007635], [72.92695886275247, 19.110794300001643], [72.92710431683457, 19.11080763618221], [72.92718464918742, 19.110780944895982], [72.92729974384758, 19.110749090203896], [72.92772506840166, 19.110635580842526], [72.92803309169827, 19.11057250574713], [72.92822036733355, 19.110545797521137], [72.92822220995511, 19.110557503593103], [72.9282335824955, 19.1106297572789], [72.92841795443621, 19.11055766071442], [72.92847127415202, 19.11053681088609], [72.92852508766123, 19.11051576773102], [72.92854260424217, 19.110509501679882], [72.9285450404682, 19.11050862956998], [72.92854677905571, 19.11050800744246], [72.92856986760738, 19.11049901940793], [72.92865853489123, 19.110464502620054], [72.92867510887949, 19.110457547249286], [72.9286912451343, 19.11045077541254], [72.92874581047633, 19.110427873692828], [72.92874846729757, 19.110426758620704], [72.92976756288552, 19.11004814959609], [72.92983889522786, 19.110021648285063], [72.92990962601529, 19.109995369456048], [72.92999552071622, 19.103094036388327]]]}}, {"type": "Feature", "properties": {"grid_id": "cell_0400", "ward_id": "K/W", "ward_gid": 14, "area_m2": 607408.4389033909, "LST_C": 34.83396051179014, "NDVI": 0.25203364032943315, "NDVI_prev": 0.2411252342275364, "impervious_pct": 58.71812241865341}, "geometry": {"type": "Polygon", "coordinates": [[[72.79651132906753, 19.13767378535196], [72.78852195905182, 19.137577827713574], [72.78853970198698, 19.138454652626287], [72.78854187245551, 19.138625666999026], [72.7885440472261, 19.138796999355698], [72.7885522485292, 19.139278487917657], [72.78849422349734, 19.13940170284609], [72.78847493445727, 19.13945068734937], [72.78846575613747, 19.13947399837496], [72.788130551165, 19.140263868213715], [72.78817902910626, 19.1404350352362], [72.78817793707768, 19.14059622838227], [72.78819884649107, 19.14161767796053], [72.78767617878103, 19.14212085704907], [72.78797502742519, 19.143105720740152], [72.7881713185785, 19.143425759682653], [72.78817507678299, 19.143701124184403], [72.78821662770365, 19.143927527299883], [72.78839797231885, 19.144254445660245], [72.78855205555013, 19.144397489607584], [72.78864512503218, 19.144659810102645], [72.78930940151177, 19.144688959188823], [72.78931168120715, 19.144689964699875], [72.78935379193686, 19.144708549698365], [72.78939086075235, 19.144724909759727], [72.789467492951, 19.144751456105055], [72.78950838174926, 19.14476375366651], [72.78963987544263, 19.144803301171915], [72.78973992381077, 19.144836257730393], [72.7897524789219, 19.144840392771954], [72.78987516429812, 19.14488080804968], [72.78997943905485, 19.144917770430464], [72.79004699089137, 19.14494171587606], [72.7901193460495, 19.144967037018308], [72.79016310685253, 19.144982351393086], [72.79018563227905, 19.14498402816278], [72.79018689792979, 19.144984122326804], [72.7901870408024, 19.144984132969032], [72.79029829245742, 19.14499084466109], [72.79047736341407, 19.1449731902914], [72.79061910712294, 19.144957839627466], [72.7907236831681, 19.14494651267971], [72.79076229239938, 19.144942943200885], [72.79080983565031, 19.14493854582909], [72.79084157783157, 19.144935610563067], [72.79084839127026, 19.144934982623948], [72.79092060866883, 19.144928303732453], [72.79098033184123, 19.144922782174465], [72.79103948685342, 19.144918270000993], [72.79126107281596, 19.144901364148666], [72.79126461386544, 19.144900919987602], [72.79128041937535, 19.14489894109703], [72.79133678354455, 19.144891884169787], [72.79144512105765, 19.144883565171373], [72.79144597232639, 19.144883220473027], [72.79149804831718, 19.144862179467193], [72.79154217832638, 19.144840027857143], [72.79156610363327, 19.14482801655698], [72.79165398400018, 19.144783900643056], [72.79166512886832, 19.144779745364307], [72.79176686155729, 19.144735618995654], [72.7917744436586, 19.14473134574225], [72.79181405671808, 19.14471230524873], [72.7919325798212, 19.144666135372418], [72.79201865502851, 19.144632603882503], [72.79218867757737, 19.144566373049535], [72.79219528965858, 19.144564328695513], [72.79225848559716, 19.14453586925103], [72.79295314395334, 19.144223037892758], [72.7929582712985, 19.144220946771586], [72.7930863399165, 19.144155085122172], [72.7935282285434, 19.143864461507313], [72.79364655997485, 19.14378267243981], [72.79368618633887, 19.14373267748627], [72.7937246038897, 19.143684207969965], [72.7937279373774, 19.143680341439037], [72.79373786121535, 19.143668832259866], [72.79384767192794, 19.143541484079023], [72.793878248933, 19.14350602394166], [72.79388836338528, 19.143492802502653], [72.79391376335141, 19.143459604018478], [72.79393193500444, 19.143417798080836], [72.79393750532745, 19.1434049833764], [72.79394096748295, 19.14339701875429], [72.79395041907661, 19.14337527562336], [72.79397177292915, 19.143358554249556], [72.79405337513546, 19.143294649691004], [72.79406531106727, 19.143286667280996], [72.79430043631234, 19.143129421983993], [72.79452624397507, 19.142980935051614], [72.79452826088989, 19.1429763590235], [72.79453548288951, 19.142960161343385], [72.79454410081748, 19.142940832856887], [72.79460868555442, 19.14279597394387], [72.79461532800973, 19.142795759178885], [72.79474183936904, 19.142791668814915], [72.79479941712994, 19.142789807080202], [72.79480520885896, 19.142789619925836], [72.79484137675622, 19.142785909248605], [72.79494960521487, 19.14277406747561], [72.79499739012478, 19.14276892152466], [72.79500994274656, 19.142767568030266], [72.79501732642251, 19.142766772194083], [72.79502178824976, 19.14276642340201], [72.79503490719789, 19.14274634047395], [72.79511844016507, 19.142626785145232], [72.79511601531948, 19.14262013323567], [72.79509486975957, 19.142562125581076], [72.7950514989278, 19.14244314932694], [72.79515997027177, 19.142397072713226], [72.79530663608871, 19.142373013788852], [72.79531912005045, 19.14237096576901], [72.7954440297767, 19.142247575820054], [72.79555652488733, 19.1421344639684], [72.7958484808042, 19.142062020028497], [72.79588551932233, 19.14205282911224], [72.79600937432566, 19.142021919913788], [72.7960113857617, 19.142021416843715], [72.7960422564425, 19.142013712692496], [72.7960654622247, 19.14200792249099], [72.79606947408828, 19.14200692084201], [72.79607606834261, 19.14200730785891], [72.79611844782453, 19.142009795033335], [72.79618647501982, 19.142013786784705], [72.79626848710416, 19.14202857106005], [72.79634414130244, 19.142042208478973], [72.79637601430751, 19.142047954025326], [72.79645308053736, 19.14206184630181], [72.79651132906753, 19.13767378535196]]]}}, {"type": "Feature", "properties": {"grid_id": "cell_0401", "ward_id": "H/W", "ward_gid": 23, "area_m2": 607261.2554897097, "LST_C": 34.20683438943805, "NDVI": 0.24533183531587036, "NDVI_prev": 0.22034843886393565, "impervious_pct": 81.12571013018821}, "geometry": {"type": "Polygon", "coordinates": [[[72.83557727047756, 19.05684559223684], [72.83546003535233, 19.06587673530996], [72.84118256418763, 19.06594382574342], [72.84121767920145, 19.065024334954213], [72.84125280631278, 19.06403829650868], [72.84127519961926, 19.063409642161403], [72.84130595754911, 19.062546146936082], [72.84130562541165, 19.06183588378186], [72.84130550622992, 19.061579594443586], [72.84130478387546, 19.06002814415699], [72.84130459989075, 19.059633552452453], [72.8413043951328, 19.059195885677596], [72.84130412475527, 19.058616816026444], [72.84130400688457, 19.058364531731687], [72.84133276347785, 19.057444465098637], [72.84133353007024, 19.057431174688496], [72.84136343396733, 19.056913396837018], [72.83557727047756, 19.05684559223684]]]}}, {"type": "Feature", "properties": {"grid_id": "cell_0402", "ward_id": "R/S", "ward_gid": 22, "area_m2": 606086.7683658432, "LST_C": 28.052805646266094, "NDVI": 0.6519697653696881, "NDVI_prev": 0.7000312485213442, "impervious_pct": 0}, "geometry": {"type": "Polygon", "coordinates": [[[72.90023620430384, 19.2021171619698], [72.89072991636782, 19.20200800633343], [72.89062451302992, 19.210272425265554], [72.89062641755314, 19.210273181309113], [72.89097091627936, 19.210409939068455], [72.89104362908672, 19.210496959165575], [72.89122999860636, 19.210719999061155], [72.89133976653585, 19.210705087513844], [72.89152330994209, 19.21064459393849], [72.89178455091285, 19.210551994564486], [72.89190546319449, 19.210514553244426], [72.89193098365833, 19.210288196321713], [72.89194231797343, 19.210187675492726], [72.89196100393195, 19.20994286149421], [72.8919912261462, 19.20954690287598], [72.89199123323262, 19.209546824337277], [72.89200807928411, 19.20932611608689], [72.89260842185533, 19.209021270785183], [72.89260857499332, 19.20902119161389], [72.89269779242709, 19.208975888434633], [72.89367862536481, 19.20847752191558], [72.894003044023, 19.20832384616719], [72.89406892866495, 19.208292625750417], [72.89406950375049, 19.20847825958833], [72.89406788127897, 19.208518506111837], [72.89407821142379, 19.208543066514153], [72.89411179154025, 19.208552349276747], [72.8941260292065, 19.208550179739017], [72.89414645572627, 19.20853480142968], [72.89418437939392, 19.208506622950253], [72.89423621304657, 19.208484325108806], [72.8942703363947, 19.208480193130814], [72.89430728437209, 19.2084761641344], [72.89433325661663, 19.208463672929188], [72.8943440735631, 19.208455358268193], [72.89434432678863, 19.20845516354345], [72.89435661734737, 19.208445715343373], [72.8944285559037, 19.208416087057397], [72.89452255554738, 19.208400698573108], [72.89471455410053, 19.208391323238818], [72.894898865188, 19.20838190794077], [72.89513903807273, 19.208390645710093], [72.89530259516738, 19.208404658636635], [72.89534124779324, 19.2084122304845], [72.89532876673834, 19.207888815283177], [72.89532266373679, 19.207629256284896], [72.89625001678944, 19.207013149398783], [72.89733833962066, 19.206290086296487], [72.89910943819443, 19.205113369765236], [72.8993083285638, 19.20498122490548], [72.89954018018717, 19.204872766176553], [72.89974636522538, 19.204571061873715], [72.89976825538837, 19.204422808896155], [72.8997918068769, 19.20426330438445], [72.90003570309985, 19.203608810168245], [72.90022367289326, 19.20310438950823], [72.90023620430384, 19.2021171619698]]]}}, {"type": "Feature", "properties": {"grid_id": "cell_0403", "ward_id": "E", "ward_gid": 5, "area_m2": 605271.365839871, "LST_C": 36.596930268475084, "NDVI": 0.15838503227245085, "NDVI_prev": 0.12899231016292995, "impervious_pct": 80.6708247773617}, "geometry": {"type": "Polygon", "coordinates": [[[72.85562699138569, 18.974891851367875], [72.85544480114902, 18.974572225570814], [72.85543841329462, 18.97456384060165], [72.8554330022025, 18.974558662711022], [72.85542610408314, 18.974555354522774], [72.85541969647545, 18.974552519006146], [72.85540686460031, 18.97455200724914], [72.85540677408099, 18.97455203239534], [72.85540686562906, 18.974551926870156], [72.8553915469327, 18.97455617995094], [72.85525914868161, 18.97459280387327], [72.8552591229463, 18.974592811704557], [72.85526110128409, 18.97459862186407], [72.85526112689365, 18.97459869803532], [72.85493089496991, 18.97466655365552], [72.85372624796207, 18.97492240441253], [72.85355335347619, 18.974958642475205], [72.85319301019081, 18.975039865474862], [72.8525042674483, 18.975179903038974], [72.8520669058919, 18.975265423209407], [72.85198221537777, 18.97528198292631], [72.85191423867064, 18.9752950846295], [72.85145799649875, 18.975383020501813], [72.85138936142239, 18.975396249095006], [72.85121236593312, 18.975430362767934], [72.85121254767725, 18.9754311637986], [72.85121617875123, 18.97544719708553], [72.85121598974122, 18.97544724691982], [72.85103652268477, 18.975494673732168], [72.8509855818789, 18.975287573450128], [72.85095828422584, 18.97517659523854], [72.85092992734111, 18.975061310094727], [72.85091963554845, 18.975019467845758], [72.85091593652847, 18.975009990288537], [72.85090826420667, 18.975004277488164], [72.85090169543395, 18.975002909563617], [72.85089279236188, 18.975003361720763], [72.85087791073178, 18.975007062171926], [72.85045877281424, 18.975097693887427], [72.85044408782993, 18.97508724872752], [72.85042909825019, 18.97507767800461], [72.85041521008989, 18.97507128511398], [72.85040687200667, 18.975069141497688], [72.85010905516243, 18.975136688075313], [72.85005719898818, 18.975149947388367], [72.84964348649547, 18.975242727636882], [72.84957066818897, 18.97525903211186], [72.84946024997765, 18.975283757206338], [72.84945092132948, 18.97528548337285], [72.84944693798907, 18.975285588848923], [72.84944084847561, 18.975282610497597], [72.84943600667772, 18.975278807506513], [72.84943328811286, 18.97527335633206], [72.84943132718935, 18.97526494763436], [72.84942921423225, 18.975256178574078], [72.84933639295171, 18.97487096308506], [72.84933214937413, 18.974851399636613], [72.8493291595406, 18.974835941642905], [72.84932914727042, 18.974835862012988], [72.8493271795345, 18.974822658701516], [72.84932718100542, 18.974822618071652], [72.84932718623881, 18.974822580195283], [72.84932847134516, 18.974814699679225], [72.84933179382013, 18.974809641148045], [72.84934247003265, 18.974806779879287], [72.84940142397302, 18.974794425185372], [72.84964663625743, 18.974742866224442], [72.85006847421407, 18.974654344273088], [72.85021240458738, 18.974621990527925], [72.8502965086767, 18.9746053118899], [72.8505859371171, 18.974546424695315], [72.85083873645205, 18.974492226114855], [72.85099798093893, 18.97445885087198], [72.85131682037078, 18.974389340029106], [72.85156985604395, 18.974340448938015], [72.85180803912989, 18.974289731267984], [72.8519553645767, 18.974263124148173], [72.85274127977456, 18.974102818777315], [72.85291323029425, 18.974066461167496], [72.85321381210284, 18.974005881664564], [72.85349641607972, 18.9739481896219], [72.85408007363775, 18.973827813475594], [72.85410550621398, 18.97382154005243], [72.85410840738813, 18.973819011757808], [72.85420257240145, 18.973789760327445], [72.85408144214308, 18.97326456926703], [72.85408815012933, 18.97326233248136], [72.85404602811165, 18.973087456020846], [72.85404081217627, 18.973088407044855], [72.85393530237512, 18.972630939755643], [72.85368014325614, 18.972029097481162], [72.85329789124177, 18.972108513564788], [72.8529947661116, 18.972143948630627], [72.85270369848514, 18.972145607714445], [72.8519539575267, 18.97224645827175], [72.8513312789863, 18.97231591622554], [72.85104191201167, 18.97243305965099], [72.85084345384227, 18.97264437284148], [72.85062828769772, 18.972811672983408], [72.85044899462868, 18.972875319707263], [72.84972718902101, 18.97304221331765], [72.8496730678068, 18.97277319476948], [72.84986984111292, 18.972693319775342], [72.84994565862593, 18.972617517371106], [72.85005784148828, 18.972399726120504], [72.85009420679417, 18.97225773733301], [72.85009652525504, 18.972077011755598], [72.85003482048798, 18.971950316260006], [72.84988641821052, 18.9718500007493], [72.84983699936791, 18.9716631970223], [72.84986802980193, 18.97148828224538], [72.8499849846365, 18.9713472292692], [72.8503176655539, 18.970995064185164], [72.85038309315192, 18.97083150329483], [72.85051963400792, 18.970509924668445], [72.85061847563254, 18.970434389128524], [72.85079776594047, 18.9703707419606], [72.85075725396622, 18.970023885510784], [72.85076765489832, 18.97002252559633], [72.85130730142976, 18.9699494672993], [72.85185378998206, 18.969874382505914], [72.85234613359475, 18.96980727124063], [72.8530006220191, 18.969719606420362], [72.8529790833899, 18.969291786417486], [72.85267372976388, 18.96931091275645], [72.8523471660139, 18.969331674861003], [72.85199430774824, 18.969356615049893], [72.85152514352738, 18.969385456561998], [72.85111348193763, 18.969410934872442], [72.85072271056843, 18.96943568197442], [72.85071414810331, 18.96928988006435], [72.85113781372428, 18.969263250249178], [72.85115576184242, 18.968893267625635], [72.85135281912875, 18.968895554168903], [72.85136014048845, 18.968759649400287], [72.8521530863924, 18.968715347961556], [72.85216755138367, 18.96822949638636], [72.85229986537766, 18.9681918358448], [72.85229654785896, 18.967807685272494], [72.85141102299131, 18.96783453016388], [72.85142096463338, 18.967623567672348], [72.85144205453332, 18.967292903788575], [72.8512349779324, 18.967283270129712], [72.8511860966267, 18.967018740986337], [72.85038234384078, 18.967161756960053], [72.8503821779057, 18.967161666513856], [72.8503868913408, 18.967062743633043], [72.85039134338025, 18.966969299173233], [72.85039649587797, 18.96681701125126], [72.85040130271234, 18.966692637779563], [72.84623851183258, 18.966644273854097], [72.84612244819856, 18.975675568579152], [72.85526622307954, 18.975781727960648], [72.8552772479216, 18.975779338281214], [72.85540040888904, 18.975753771818997], [72.85552207812282, 18.975728881701443], [72.8556011420925, 18.9757128504308], [72.85561652253661, 18.975709864568316], [72.85562699138569, 18.974891851367875]]]}}, {"type": "Feature", "properties": {"grid_id": "cell_0404", "ward_id": "P/N", "ward_gid": 21, "area_m2": 600295.1006741236, "LST_C": 27.161457631498262, "NDVI": 0.6987581947838948, "NDVI_prev": 0.6870276377492117, "impervious_pct": 0}, "geometry": {"type": "Polygon", "coordinates": [[[72.89096009659836, 19.183945323846352], [72.89086689423648, 19.191261541688444], [72.89108099207066, 19.1911927496284], [72.89200672132331, 19.19110613723598], [72.89243411084816, 19.191066306871928], [72.89403702707583, 19.190682988712325], [72.89403713448546, 19.19068296335367], [72.89416517683361, 19.190664614784094], [72.89430046812662, 19.190645227359692], [72.8944968784452, 19.190630065916398], [72.89566759771587, 19.190541281489224], [72.89567447822508, 19.190540759665133], [72.89567478148197, 19.19054073705879], [72.89567505679915, 19.1905407165887], [72.89567510163664, 19.190540680502775], [72.89567511316234, 19.190540671277166], [72.89610401037172, 19.190201056873335], [72.89617927324322, 19.190142397697652], [72.89703805003738, 19.189473069625514], [72.89705051781132, 19.189463591731233], [72.89733620751986, 19.1892464121758], [72.8973373066439, 19.189245579317696], [72.8973645695933, 19.189224855658498], [72.8973646022678, 19.189224828031783], [72.89736484898114, 19.18922464027059], [72.89736682341052, 19.189223081283387], [72.89739044744341, 19.189204425935266], [72.89739074610615, 19.18920418999308], [72.900188201565, 19.185101803305116], [72.90007587760823, 19.184049910614565], [72.89096009659836, 19.183945323846352]]]}}, {"type": "Feature", "properties": {"grid_id": "cell_0405", "ward_id": "M/W", "ward_gid": 17, "area_m2": 598769.955579613, "LST_C": 31.878257931121517, "NDVI": 0.39885973907834454, "NDVI_prev": 0.35605565524108407, "impervious_pct": 26.685231206177335}, "geometry": {"type": "Polygon", "coordinates": [[[72.88340976722479, 19.030302390192993], [72.88352417609514, 19.02127092838229], [72.8784522310712, 19.021212755769113], [72.87843390379129, 19.0212350115495], [72.87836499676041, 19.021315567421663], [72.87829699743797, 19.021411920227653], [72.87825267319566, 19.02147472807971], [72.87822772799574, 19.02152983675578], [72.87811962364857, 19.02169708581444], [72.87807717793406, 19.021767214552145], [72.87800398798612, 19.0219110859514], [72.87800395065933, 19.021911159446702], [72.87791359150334, 19.022067637368686], [72.87786825334071, 19.02214841223625], [72.87786573659227, 19.022152896991845], [72.87782466753747, 19.02223874760808], [72.87778079275036, 19.022340841188083], [72.87772526474409, 19.022465965367672], [72.87768131214544, 19.02256011642497], [72.87762690660821, 19.022679478818816], [72.8775929798124, 19.022773735991848], [72.8775651550205, 19.022843914208135], [72.877556858256, 19.02286484351165], [72.87745111040755, 19.023131840629084], [72.87742594787522, 19.023243792433853], [72.87742230565769, 19.023292465996153], [72.87741386641714, 19.02340520881339], [72.8774099960573, 19.023427953059848], [72.87735145925481, 19.023645881958124], [72.87733058491811, 19.0237172871347], [72.87732415130178, 19.023746901135215], [72.87730429274718, 19.023838300218554], [72.87729914213514, 19.02386201431781], [72.87729757958205, 19.023869209913613], [72.8772975736609, 19.023871320798293], [72.87729739603927, 19.02392844093853], [72.87729848357499, 19.024118628863587], [72.87730002756899, 19.024137939646934], [72.87729997113078, 19.02413954140749], [72.87728558257248, 19.024541677386175], [72.87728673841796, 19.024572701889127], [72.87728533874218, 19.024580158595207], [72.877282779995, 19.02461254048815], [72.87728022028506, 19.02464492327309], [72.87728223437826, 19.02468763517102], [72.87728241281202, 19.024688915354886], [72.87729116679584, 19.02475177184942], [72.87729467337229, 19.02478591801951], [72.87729467359274, 19.02478592159902], [72.87729467373677, 19.02478592521378], [72.8772987275646, 19.024894871474906], [72.87731363212959, 19.024999740391948], [72.87731367353472, 19.025001466122028], [72.87731371593497, 19.025003236124004], [72.87731544466871, 19.02507573654138], [72.87732853474927, 19.02515791693343], [72.87733322313437, 19.025189281012786], [72.87733322743493, 19.025189316289907], [72.8773436993805, 19.025259361814193], [72.87736153198873, 19.025397653014252], [72.87736265082756, 19.025410209643894], [72.87736383530009, 19.025423505906275], [72.87736492514799, 19.0254357279912], [72.87736832659597, 19.025471132080693], [72.87736851942394, 19.025486679650353], [72.8773685302273, 19.02548754872455], [72.87736871495481, 19.02550246300569], [72.87736888744736, 19.02551654613372], [72.87737783283305, 19.025576675129777], [72.87739304234603, 19.025654853980097], [72.87742015047743, 19.025777727185545], [72.87747078437484, 19.02598489692955], [72.87751316103206, 19.02613728212658], [72.87759913729482, 19.026534127391194], [72.87764171903363, 19.026690122607704], [72.8776647076849, 19.026774394898037], [72.8776787019023, 19.026834464474447], [72.87772370860407, 19.02704136628795], [72.87777866247613, 19.027276508550813], [72.8778167238971, 19.02743345624925], [72.87781815346719, 19.027439348475554], [72.87783342757623, 19.0275049878901], [72.87786821848118, 19.027659513360838], [72.87788468614136, 19.02773265553587], [72.87797799433227, 19.02808887346617], [72.87799582292173, 19.028155971203322], [72.87804067844499, 19.028324798218765], [72.87807757584827, 19.028465818624788], [72.87811068481943, 19.02858626587794], [72.87813041013969, 19.028664358378794], [72.87814729859383, 19.028707525693306], [72.87818986620056, 19.028800469405013], [72.87822279993682, 19.02889322204136], [72.87825714884715, 19.028988069366882], [72.87827928103778, 19.029049182655385], [72.87835461894255, 19.029280596336577], [72.87837468158074, 19.029338275078548], [72.87838629952847, 19.029371673437357], [72.87841204437177, 19.02945098674734], [72.87842909793865, 19.02950352380389], [72.8784657816806, 19.029616536585625], [72.87853535814396, 19.029822791973118], [72.87854441516856, 19.029849640168518], [72.878574058931, 19.029935761069996], [72.87861241374391, 19.030047183394757], [72.87866193949414, 19.030193035887883], [72.8786887902977, 19.03024204436731], [72.87868893137367, 19.03024230342107], [72.87869219606576, 19.030248261905033], [72.88340976722479, 19.030302390192993]]]}}, {"type": "Feature", "properties": {"grid_id": "cell_0406", "ward_id": "K/E", "ward_gid": 19, "area_m2": 595832.9881302288, "LST_C": 32.958164624370106, "NDVI": 0.4506146152704022, "NDVI_prev": 0.5337022187378637, "impervious_pct": 10.549096722800018}, "geometry": {"type": "Polygon", "coordinates": [[[72.88214699792601, 19.129647843407458], [72.88204760464279, 19.137441240790128], [72.88217257457538, 19.137417935280617], [72.88233330892498, 19.137388402672933], [72.88302752831159, 19.137260847737565], [72.88326870334349, 19.13720774816997], [72.88327006965943, 19.137207447110693], [72.88330287456154, 19.137200226462625], [72.88339423719671, 19.13718543655714], [72.88361624359622, 19.137145228046716], [72.88385419605524, 19.137102133179454], [72.88492988510455, 19.136908025773327], [72.88524603287792, 19.136854373347898], [72.8853331270317, 19.137040791438736], [72.88535799788946, 19.13709402733165], [72.88538527628764, 19.13715241512768], [72.88558384286254, 19.13757711594354], [72.8860106301247, 19.137413218740203], [72.8864789723372, 19.137232687928588], [72.88652387710952, 19.137215860345513], [72.88663490515333, 19.137172144038235], [72.88664013365658, 19.137170138052657], [72.88667949104418, 19.13715503988819], [72.88667952529246, 19.137155025251563], [72.88683509936563, 19.137084711916263], [72.88737017730622, 19.136960946880073], [72.88738357764056, 19.136955928127165], [72.88743994171902, 19.136934317071024], [72.88752425856059, 19.136901991467912], [72.88757121889698, 19.13688469701317], [72.88772504900024, 19.136825583604704], [72.88786973975463, 19.13677065448645], [72.88796239016477, 19.136734543112635], [72.888088726637, 19.136687236066855], [72.88811248973389, 19.136678338231608], [72.88829937236362, 19.136606547257347], [72.88850418715042, 19.136528065423747], [72.88870301771192, 19.136451792294878], [72.8887043086264, 19.136451297244587], [72.8887061643904, 19.136450579757437], [72.88873064882937, 19.136441106247794], [72.88878343928315, 19.136420679258563], [72.8888939314804, 19.13637692873872], [72.88895008608814, 19.13635530784128], [72.88899856962134, 19.13633664075251], [72.88910455909284, 19.136296268788808], [72.88928435581789, 19.13622689041205], [72.88941469214703, 19.136176655761062], [72.88957930313558, 19.13611321199636], [72.88963004593245, 19.1360931763065], [72.88966538422093, 19.136079173624438], [72.88973401231144, 19.136036898188657], [72.88980444150491, 19.136002606058724], [72.88999359931447, 19.135939679551587], [72.89020119540116, 19.135850709774783], [72.8906850615154, 19.135651231495153], [72.89067342326803, 19.135622317553818], [72.89060334488408, 19.135448215478224], [72.89057232283584, 19.135370879311175], [72.89053915606345, 19.135263472763327], [72.89051713669535, 19.13522141931905], [72.89049310858694, 19.135197675144752], [72.89038688540064, 19.135112503159057], [72.8901378784201, 19.134903464733693], [72.89007317128215, 19.134849923709996], [72.89000794399817, 19.13479434744367], [72.8899893985367, 19.134778087889824], [72.88997120920737, 19.134762142244217], [72.88997096971528, 19.134761932573895], [72.8899451034538, 19.134739256440174], [72.88992039256351, 19.134699760748408], [72.88986736975683, 19.13459502128945], [72.88981915138142, 19.134513419085803], [72.88980084892326, 19.134482447407315], [72.88975701737702, 19.134404648568008], [72.889717250174, 19.134334615009518], [72.8895405555434, 19.134076714274183], [72.88952564378926, 19.13403748261036], [72.88950465233185, 19.134030398002103], [72.88951446092106, 19.13376189839721], [72.88949261593751, 19.13372319521783], [72.88946265607632, 19.133670114040175], [72.88942589706232, 19.13360498364129], [72.88930744070757, 19.13327360414593], [72.88931043708935, 19.13317922538763], [72.88925817113645, 19.13304438284604], [72.88921473798263, 19.132919316644617], [72.88921138411891, 19.13290965747095], [72.8891662721664, 19.132800958548863], [72.88890120526796, 19.13237651618412], [72.88874619308275, 19.132375109475895], [72.88858517866407, 19.132210872861787], [72.88858943380313, 19.131840220176617], [72.88859408248828, 19.13143528040804], [72.88855682056365, 19.13137256755552], [72.88852199060068, 19.13131394759856], [72.88871441238277, 19.13120503759508], [72.8885853283725, 19.131084915334977], [72.8884828299722, 19.13099439388851], [72.8883174111556, 19.130920930721125], [72.88822862667816, 19.130881145190873], [72.88808094047937, 19.130819639401764], [72.88792183401249, 19.130755292030482], [72.88779407732797, 19.13061210243454], [72.88769671318715, 19.13049975309516], [72.88757728021044, 19.130372587888836], [72.8873853384257, 19.13029468015902], [72.88720246019498, 19.1302220697647], [72.88714133154981, 19.130197077147724], [72.88688582744135, 19.130075556647924], [72.88680527454886, 19.12996231073678], [72.88660563025363, 19.12969914599541], [72.88214699792601, 19.129647843407458]]]}}, {"type": "Feature", "properties": {"grid_id": "cell_0407", "ward_id": "R/N", "ward_gid": 15, "area_m2": 590872.0411519941, "LST_C": 29.53703938080795, "NDVI": 0.6087923686864198, "NDVI_prev": 0.583459746971064, "impervious_pct": 0}, "geometry": {"type": "Polygon", "coordinates": [[[72.89015333350514, 19.24716454533296], [72.88064451639718, 19.24705461987347], [72.8805364661374, 19.255464867983598], [72.88077545444861, 19.25522497685255], [72.88112140224533, 19.254872154399095], [72.88122249652672, 19.25475859775226], [72.88124250751845, 19.25473611903354], [72.88128462692174, 19.254690764972548], [72.8813988904214, 19.25456772575246], [72.88162618012115, 19.254372180788735], [72.88162683653687, 19.25437157417831], [72.88179536785633, 19.25422781846141], [72.88217724976657, 19.254138114125485], [72.88253159722967, 19.254054923262643], [72.88261486285708, 19.254028310068897], [72.88298911262106, 19.253922309332843], [72.88317559155688, 19.25386630914254], [72.88332593712724, 19.253824360698008], [72.88342306479277, 19.253797259932544], [72.88357719647365, 19.25375968079532], [72.88366170671004, 19.253739075521743], [72.88371440088628, 19.253725456331917], [72.88389430838396, 19.253678957465663], [72.88397445464443, 19.253646154524343], [72.88429460091159, 19.253511831900635], [72.8846663100113, 19.253355871424137], [72.8847335737084, 19.25332716261136], [72.88484712863416, 19.253278693888095], [72.88498432046471, 19.253157213476396], [72.88505980695483, 19.2530903719168], [72.88523831736006, 19.25293230029888], [72.88548563358043, 19.252711004690852], [72.88548879502922, 19.252708174301834], [72.88575589499568, 19.252476666245027], [72.8862753974871, 19.252017697103405], [72.8865443014823, 19.251773404838602], [72.88692252248939, 19.2514312189753], [72.8872929074214, 19.25109688764126], [72.88758490972658, 19.25083770640378], [72.88791341726541, 19.250541356116084], [72.88832914800496, 19.250172893322635], [72.88837311117919, 19.25013296735741], [72.8886689895633, 19.24986842010371], [72.88866912328709, 19.24986830061047], [72.88867290414936, 19.249864919091735], [72.88867488500519, 19.249863148082717], [72.88867694901728, 19.249862979514795], [72.88879412028626, 19.24985344508047], [72.8889236898266, 19.249842903825865], [72.88945281158962, 19.249804387528933], [72.8896161929721, 19.249792097023857], [72.88981680248028, 19.249777006736718], [72.89012020504994, 19.249755231674104], [72.89015333350514, 19.24716454533296]]]}}, {"type": "Feature", "properties": {"grid_id": "cell_0408", "ward_id": "H/W", "ward_gid": 23, "area_m2": 589149.314364173, "LST_C": 33.710454750128385, "NDVI": 0.2340461736545794, "NDVI_prev": 0.23424488601843488, "impervious_pct": 82.3434937701814}, "geometry": {"type": "Polygon", "coordinates": [[[72.83546003535233, 19.06587673530996], [72.83534273404463, 19.074907868855583], [72.84093497266605, 19.07497346359994], [72.84088902024578, 19.07433164717671], [72.84088942335882, 19.073447566491467], [72.8408896963898, 19.072848180602595], [72.84089020029084, 19.07173647602127], [72.84089031153201, 19.071490849509726], [72.84095479922368, 19.070645750134496], [72.84097431567064, 19.070389986494735], [72.8409832113741, 19.07027340699026], [72.84100452928503, 19.069994031444537], [72.84102772801, 19.069690006218373], [72.8410734400659, 19.06909093708242], [72.84109018750863, 19.068362576982], [72.8410911387177, 19.06833767193304], [72.84115378471283, 19.06669740099365], [72.8411726268741, 19.066204030982433], [72.84118256418763, 19.06594382574342], [72.83546003535233, 19.06587673530996]]]}}, {"type": "Feature", "properties": {"grid_id": "cell_0409", "ward_id": "R/N", "ward_gid": 15, "area_m2": 588284.7633925172, "LST_C": 28.773421753443515, "NDVI": 0.5603836466503421, "NDVI_prev": 0.426636793977867, "impervious_pct": 2.7728443925734227}, "geometry": {"type": "Polygon", "coordinates": [[[72.84249179259061, 19.255640982367463], [72.84260990145955, 19.246609983423728], [72.83832933360736, 19.24655944721336], [72.83496392932513, 19.24952036475506], [72.83521861069586, 19.249626443023104], [72.83594572582253, 19.25002242512373], [72.8366346158485, 19.250505994565795], [72.83675474936182, 19.250591682495966], [72.8377642410016, 19.25131171895269], [72.83829661766383, 19.251714194997973], [72.83859942914093, 19.25203856970317], [72.83852338920126, 19.252129765944332], [72.83781117069182, 19.253012590211213], [72.83683131327169, 19.25422509399183], [72.83632688519006, 19.25486388748514], [72.8361716899061, 19.25506042419361], [72.83611831622864, 19.255565666998166], [72.84249179259061, 19.255640982367463]]]}}, {"type": "Feature", "properties": {"grid_id": "cell_0410", "ward_id": "R/S", "ward_gid": 22, "area_m2": 583451.5198765812, "LST_C": 32.43036440433287, "NDVI": 0.3433931648224242, "NDVI_prev": 0.33004665625978985, "impervious_pct": 69.91873155251743}, "geometry": {"type": "Polygon", "coordinates": [[[72.84319945279225, 19.20145484477452], [72.85270541439066, 19.20156646148814], [72.85274063284055, 19.198853017661385], [72.85266159771747, 19.19884917052795], [72.85248894744053, 19.198840767070614], [72.85246981597479, 19.198839835364286], [72.8521152999741, 19.19882257985541], [72.851628431722, 19.198798881166702], [72.85158860482971, 19.198796942591585], [72.85156024757701, 19.198795561593506], [72.85156005078203, 19.198795815953847], [72.85152418722227, 19.198841916916283], [72.85152215552405, 19.198844528671795], [72.85146401233719, 19.198919268653807], [72.85145049915505, 19.198919964734383], [72.85140042507372, 19.19892254096693], [72.85138569320898, 19.19892329863059], [72.85133625750855, 19.198925840778884], [72.85127109137278, 19.198927553598534], [72.85116019957354, 19.19893046821125], [72.85112356557482, 19.19878198562122], [72.85106847293085, 19.198545616512774], [72.85102285835058, 19.198344589685348], [72.85099725669293, 19.198231759341937], [72.85097386698934, 19.198091144836813], [72.85094134838829, 19.197895638627415], [72.85093903167461, 19.197881715905428], [72.85090788352403, 19.197694449829584], [72.85085742793675, 19.197391114077817], [72.85082091751772, 19.196964373916675], [72.85076525303984, 19.196390440854785], [72.85073721458548, 19.196010328093685], [72.85070932026608, 19.195603769343858], [72.85068354370605, 19.195411670692415], [72.8506835430141, 19.19541166540933], [72.85066346047813, 19.195323764752075], [72.85062740705351, 19.195165959532495], [72.85059373310357, 19.195018569049395], [72.85058974756299, 19.19500112432647], [72.85056010594923, 19.19487138548586], [72.85055983595961, 19.19487015791398], [72.85055982572379, 19.194870111547687], [72.85055981179643, 19.194870047831888], [72.85055980697824, 19.194870023532236], [72.85055024848074, 19.194823359705396], [72.85053640650362, 19.194825484623692], [72.85049922036572, 19.1948311931834], [72.85025417373335, 19.194852627072382], [72.85025419407387, 19.194852732810226], [72.84993943299617, 19.194881381744477], [72.84952020779673, 19.19491043499583], [72.84946350333443, 19.19488060234102], [72.84907497438626, 19.194894963791292], [72.84882366910227, 19.194912520835082], [72.84832309275588, 19.194910694292304], [72.84804541062975, 19.19488664743605], [72.8478706371666, 19.19488710243627], [72.84752718177009, 19.194918817529953], [72.84730547905995, 19.194961051308148], [72.84720479047883, 19.194976378898676], [72.84715664382283, 19.19498320714329], [72.84719223255144, 19.19534957818039], [72.84708295798698, 19.195374296891206], [72.84694651864488, 19.195408167730864], [72.84672707022047, 19.195463205034077], [72.84658624479843, 19.195485311073472], [72.8464322738506, 19.195488286616996], [72.84626968813946, 19.19547604526242], [72.84599935466024, 19.195449465199527], [72.84574445886166, 19.195426816712356], [72.84541098983993, 19.195399430310534], [72.84523472331301, 19.19537882782304], [72.8452191471312, 19.195510868281893], [72.84517832074724, 19.19583789904022], [72.84514671381025, 19.1960979904679], [72.8451158279676, 19.196312789938144], [72.84509746654955, 19.196440490947634], [72.84474499098037, 19.196403688331124], [72.84450554346186, 19.196379304242758], [72.8444951429181, 19.196397956365686], [72.84442133901483, 19.196519459292727], [72.84441394580553, 19.19653164030178], [72.84431387209209, 19.196696503337314], [72.84430224002037, 19.196716837401386], [72.84414677541383, 19.1969863455942], [72.8441268405398, 19.197021698700745], [72.84392759963917, 19.197270629094984], [72.84388607061797, 19.19732343813423], [72.84375053181182, 19.197539804130184], [72.84374508784705, 19.197548168447987], [72.84362379995412, 19.197669480057076], [72.84358924500073, 19.197703978973227], [72.84352152860949, 19.197824503240337], [72.8434857231148, 19.197932818164748], [72.84347368705726, 19.198017371677064], [72.84344980254747, 19.198083289667654], [72.84338057698767, 19.19821818441847], [72.8433656262565, 19.198251579719983], [72.84334727505369, 19.19829368708602], [72.84332413414504, 19.198325796342182], [72.84326250335891, 19.198455916450722], [72.84323793691287, 19.198502834049773], [72.84319945279225, 19.20145484477452]]]}}, {"type": "Feature", "properties": {"grid_id": "cell_0411", "ward_id": "L", "ward_gid": 24, "area_m2": 578736.5232266893, "LST_C": 33.98104202733442, "NDVI": 0.2809943711817291, "NDVI_prev": 0.25437527841589186, "impervious_pct": 65.46338833542677}, "geometry": {"type": "Polygon", "coordinates": [[[72.89176369166944, 19.12072563472694], [72.89187823267444, 19.111694212471594], [72.88527091372768, 19.111618397774485], [72.88526909698527, 19.111631022383982], [72.8854605712645, 19.112021185399083], [72.88554056007783, 19.1121841763443], [72.88578207195285, 19.112351265390654], [72.88580234521228, 19.112365291348187], [72.88598743662703, 19.112493345580937], [72.88583363882005, 19.112527328218157], [72.88587473231472, 19.112696503902445], [72.88626674458934, 19.11287344735827], [72.88667138110154, 19.113047020555587], [72.88670340347743, 19.11329176946405], [72.88685280242908, 19.113402265308046], [72.88713910431937, 19.11352877857544], [72.88724132696053, 19.11380856462423], [72.88726034231131, 19.113855054466832], [72.88732048487951, 19.11405720543807], [72.88714451563628, 19.114491066125666], [72.88704899494181, 19.11469322888229], [72.88687035739954, 19.1150302605716], [72.88670474517237, 19.115327913506395], [72.88669820102668, 19.115356142629746], [72.88669751351921, 19.11538047268864], [72.88658498384707, 19.11548969462477], [72.88648955457833, 19.115687322077225], [72.88630902990141, 19.11577724971429], [72.88615949558377, 19.116068710443987], [72.88614359840015, 19.1163101374278], [72.88613587075999, 19.116477471335067], [72.8861260524872, 19.116800502467928], [72.88612292999466, 19.116903235394588], [72.88601115468256, 19.117343425026796], [72.88594774750901, 19.117704526533625], [72.88589689470605, 19.1181061478781], [72.8858286117978, 19.118336748073784], [72.88582884336014, 19.11839213003528], [72.88584517238112, 19.118576087693317], [72.88584791503257, 19.118620727951654], [72.88584846524033, 19.11862968131417], [72.88589514301304, 19.11868684625064], [72.88613707901199, 19.119003389052647], [72.88615668369891, 19.119064744368497], [72.8862505413345, 19.119357273356965], [72.88627366000874, 19.11957071540093], [72.88631691870482, 19.119938195299767], [72.8863256568686, 19.1199576306861], [72.88640999510667, 19.120219611148293], [72.8864267358525, 19.120271365845124], [72.88663223208687, 19.12066674841605], [72.89176369166944, 19.12072563472694]]]}}, {"type": "Feature", "properties": {"grid_id": "cell_0412", "ward_id": "F/S", "ward_gid": 6, "area_m2": 578208.0565109663, "LST_C": 35.57204676382718, "NDVI": 0.23600326805869679, "NDVI_prev": 0.21482857403588465, "impervious_pct": 74.33748298108245}, "geometry": {"type": "Polygon", "coordinates": [[[72.85538424858716, 18.993848448420263], [72.85526849917012, 19.00287977105201], [72.86139446380975, 19.002950726706576], [72.86132443396873, 19.00246936625137], [72.86134347008803, 19.00246621687408], [72.86136422593674, 19.002462631595858], [72.86137852252693, 19.002460162115774], [72.86140036140343, 19.002456539679898], [72.86150290068917, 19.002439336861794], [72.86169374492515, 19.002408544814223], [72.86169969144429, 19.00240772205489], [72.86170706582786, 19.00240670353925], [72.8617260255232, 19.00240359785895], [72.86178564798224, 19.002395844474364], [72.86180434366358, 19.002393260532173], [72.86183141828162, 19.00238951974088], [72.86197319905297, 19.00237507195064], [72.86197384181682, 19.002375007121223], [72.86197005438616, 19.002323989133444], [72.86197002044094, 19.00232352446054], [72.86218268615039, 19.00230821693782], [72.86218294088478, 19.002308198204503], [72.86222446460768, 19.002305209726476], [72.86239913207723, 19.002292252833783], [72.86239911614074, 19.002292162322604], [72.86235895719248, 19.002055154372844], [72.86233932315626, 19.00193928541499], [72.86233872868995, 19.001939360740135], [72.86222168683102, 19.001953930465042], [72.86218515253944, 19.001958693750186], [72.86203481939607, 19.00197890868258], [72.86203478909928, 19.001978752969954], [72.86203470353647, 19.0019783147983], [72.86203366198997, 19.001978449988588], [72.86203347461048, 19.001978474016866], [72.86203240400461, 19.001972040296614], [72.86203071684453, 19.001961911398915], [72.86203042744518, 19.001961967668578], [72.86193019381547, 19.001981944312305], [72.86175346572377, 19.002018998761656], [72.8617573258656, 19.00203913481616], [72.86175608558474, 19.002038250625592], [72.86175464674412, 19.002037225035462], [72.86175474259204, 19.00203804721552], [72.86175529060944, 19.002042720744605], [72.86175149425888, 19.00204723925704], [72.86174484917674, 19.00204543536377], [72.86173440154506, 19.00204544010309], [72.86102800229789, 19.00216586840784], [72.86080599847998, 19.000538391858964], [72.86063129788467, 19.00056827065436], [72.86063116572305, 19.000567541090735], [72.86061012150547, 19.000571417435534], [72.86061008424964, 19.00057121196249], [72.86058703072544, 19.00044185278598], [72.86057361819658, 19.00036695212073], [72.8605684129277, 19.000337881615838], [72.86056497839554, 19.000318708841245], [72.86053016345097, 19.000133856762076], [72.86052183031913, 19.00008599007965], [72.86050272357805, 18.99998654585233], [72.86049096311405, 18.999922881089567], [72.86048166084112, 18.99989221407706], [72.86045005367187, 18.999805915918795], [72.86044105399114, 18.99978574658258], [72.86042592847588, 18.999744710414706], [72.86041620787701, 18.999725223737446], [72.86040756649513, 18.999702654947473], [72.86040414477353, 18.99969154218685], [72.8604007211303, 18.999680431210475], [72.86039783835658, 18.99966846025715], [72.86039562785606, 18.99965589821477], [72.86039309482533, 18.99962170005722], [72.86038875506372, 18.99957485058883], [72.86038443140971, 18.99955741173759], [72.86037975008985, 18.999543734475566], [72.8603732704179, 18.99953108329512], [72.86036535153004, 18.999518774963725], [72.86032216990128, 18.999470572821572], [72.86026766278505, 18.99940942947323], [72.8602392370854, 18.99938037120752], [72.86022160441868, 18.99936208193986], [72.86020397174427, 18.99934379357401], [72.86019461495569, 18.99933388032668], [72.86018921664096, 18.999325332557518], [72.86016617618006, 18.999278149279554], [72.86014601580926, 18.999234383873038], [72.86014097553743, 18.999224124938603], [72.86013701845037, 18.999219681135656], [72.86012470724583, 18.999210233207364], [72.86009304974104, 18.999192122178112], [72.86005635304608, 18.99916819810855], [72.86004303915061, 18.999157259922104], [72.86003800040478, 18.99914665956763], [72.86003654925155, 18.99912135396354], [72.86003582067877, 18.999099468366456], [72.86004048601008, 18.999078603553222], [72.86005737452648, 18.99904303044333], [72.8600695892022, 18.999015324914755], [72.86007150180527, 18.999008037796155], [72.86007210273242, 18.99900574864075], [72.86007317794643, 18.99899993499953], [72.8600735068153, 18.99898186710883], [72.86007205545724, 18.998957245276316], [72.86006772603034, 18.99893536046572], [72.86006844253092, 18.9989271526248], [72.86007275480277, 18.998915182727217], [72.86008928006461, 18.998876528875414], [72.8600957500477, 18.99886216318416], [72.86009718312428, 18.99885361226298], [72.8600968145736, 18.998834463218632], [72.860095371216, 18.99882146744962], [72.86009033110602, 18.99881223643638], [72.86008385201836, 18.998802661789146], [72.86010743458301, 18.998747672686477], [72.86015845280234, 18.998631033183056], [72.86016319354614, 18.998620085320113], [72.86021162447402, 18.998508240215887], [72.86006967159578, 18.998453089889725], [72.85995095947256, 18.998406289942753], [72.8599389374896, 18.998401333696133], [72.85993895322358, 18.99840129142457], [72.85995803513836, 18.998353769969523], [72.8600318967705, 18.99817963621344], [72.86011812698752, 18.99796974962279], [72.8601714444511, 18.997841329159733], [72.86023076836453, 18.997699506814655], [72.86029547725214, 18.997547657227337], [72.86036528904603, 18.997379839939494], [72.8603934309582, 18.997286764789116], [72.86046873463556, 18.997109607943234], [72.86055822198563, 18.99689835593291], [72.86062283810286, 18.996747099444953], [72.86068559938553, 18.99659778878792], [72.86075264306821, 18.99643681945418], [72.86082558090243, 18.996261563498642], [72.86089408369894, 18.996098743000047], [72.86093742361045, 18.995992464255725], [72.86093749726491, 18.995991976438848], [72.86093774761733, 18.995990293833653], [72.8609570170429, 18.995942456903794], [72.86097449520952, 18.995930060344936], [72.86098964341834, 18.995922057077642], [72.86145276692476, 18.99575975456455], [72.86203707460879, 18.99553342412384], [72.86204471395952, 18.995524311683145], [72.86204485758854, 18.995513067994708], [72.86200210688384, 18.995410343383803], [72.86199145284131, 18.995403064095683], [72.86197530854128, 18.995404922087165], [72.86132181226718, 18.995663166112465], [72.8610234204089, 18.995777608273677], [72.86161793232819, 18.994301693893124], [72.86055848971132, 18.99390836640417], [72.85538424858716, 18.993848448420263]]]}}, {"type": "Feature", "properties": {"grid_id": "cell_0413", "ward_id": "D", "ward_gid": 4, "area_m2": 577482.4123355426, "LST_C": 30.234742303699576, "NDVI": 0.2330533190600959, "NDVI_prev": 0.23659104527174699, "impervious_pct": 55.100349843491074}, "geometry": {"type": "Polygon", "coordinates": [[[72.79889509130105, 18.95705522088187], [72.79901357332423, 18.94802419260519], [72.79178598741832, 18.947938226042123], [72.79175379982033, 18.948235749309774], [72.79166515532535, 18.94822261952262], [72.79156495879793, 18.948846207873178], [72.79155678146928, 18.94888220998876], [72.79169715971621, 18.948905795760663], [72.79189002813675, 18.94890805363785], [72.79189110686194, 18.9489448897961], [72.79190120398935, 18.9493242148132], [72.79190178341649, 18.949340922631794], [72.79226569826169, 18.950219934091546], [72.79297819678195, 18.951735884644407], [72.79328491057107, 18.952388457350565], [72.79331251928564, 18.952416101814414], [72.79374822013146, 18.95330396556197], [72.79440767282588, 18.954466588809773], [72.79441658955652, 18.954480575234093], [72.79549384008187, 18.956170291369055], [72.79599309208015, 18.957020721895464], [72.79889509130105, 18.95705522088187]]]}}, {"type": "Feature", "properties": {"grid_id": "cell_0414", "ward_id": "R/C", "ward_gid": 11, "area_m2": 577455.8972128014, "LST_C": 31.67933515763518, "NDVI": 0.4906554801506405, "NDVI_prev": 0.4680112607498788, "impervious_pct": 13.08040151919972}, "geometry": {"type": "Polygon", "coordinates": [[[72.87148502256265, 19.21985064009726], [72.8809922174736, 19.219960891720213], [72.88103733944827, 19.216441523086097], [72.88096046227957, 19.21637497996331], [72.88066962766337, 19.216130000336154], [72.87955729084108, 19.215193031939602], [72.87937061526836, 19.2149746078113], [72.87929885164819, 19.214890638901974], [72.87914314986654, 19.214762666648475], [72.87914280422444, 19.21476238169681], [72.8788356664703, 19.214555024321342], [72.87878635871388, 19.214521735165956], [72.87849432963596, 19.214323012276175], [72.87819991032914, 19.214113529706392], [72.87819649857849, 19.21411108997626], [72.87819613310671, 19.214111215306463], [72.87819612695556, 19.2141112174753], [72.8781926088982, 19.214111939798705], [72.8777181737384, 19.214177587660345], [72.87767455182043, 19.21418362370225], [72.87766521357014, 19.214250412544306], [72.87765112197886, 19.214301312513435], [72.87762137044562, 19.21437573894226], [72.87758128601139, 19.214445897263506], [72.87683265394962, 19.21445745437865], [72.87515132121229, 19.214479869561387], [72.87425974559453, 19.214486867585634], [72.87265467314249, 19.214494247583325], [72.87217345289781, 19.21451753728634], [72.87164925800005, 19.21454290540602], [72.87155338678393, 19.21454196123383], [72.87148502256265, 19.21985064009726]]]}}, {"type": "Feature", "properties": {"grid_id": "cell_0415", "ward_id": "G/S", "ward_gid": 7, "area_m2": 576664.7387913042, "LST_C": 33.94976290245207, "NDVI": 0.25166101768368215, "NDVI_prev": 0.22816341380038502, "impervious_pct": 80.10980654230376}, "geometry": {"type": "Polygon", "coordinates": [[[72.8270192889687, 18.984484870266545], [72.82690207157925, 18.993516032561427], [72.8330490278216, 18.993588144819547], [72.83302684597658, 18.992592565902203], [72.83304107348668, 18.991135024633156], [72.83303057653627, 18.98992456485701], [72.83302698210889, 18.989636374830816], [72.83302681533263, 18.989498652420018], [72.8330255023299, 18.9894985647806], [72.83302297879871, 18.98949839521829], [72.83302029396692, 18.989498216540614], [72.83302028314215, 18.989490249689425], [72.8331335200023, 18.98812183664306], [72.83312155519745, 18.98811919449586], [72.83298352535283, 18.98796586869384], [72.83286411493633, 18.98785140763968], [72.83284028458124, 18.987824520380293], [72.83269940920373, 18.987665572626995], [72.83262781069469, 18.98758478939849], [72.83242915971788, 18.987360656810033], [72.83231619833117, 18.987233204505365], [72.83206445309288, 18.986951840677325], [72.83182985408489, 18.986702506438174], [72.83163085144506, 18.986470641679606], [72.83146573462474, 18.986267266050753], [72.83140489254116, 18.986186463077225], [72.83133869820367, 18.986112109836675], [72.83115944184175, 18.985907582820957], [72.83077335638369, 18.985500848972777], [72.83059379766888, 18.985300340168788], [72.83015953600746, 18.984846247293195], [72.82998119034026, 18.984661486042533], [72.82984509273673, 18.984518031033904], [72.8270192889687, 18.984484870266545]]]}}, {"type": "Feature", "properties": {"grid_id": "cell_0416", "ward_id": "R/S", "ward_gid": 22, "area_m2": 573062.6541445475, "LST_C": 32.82487194395986, "NDVI": 0.41760019314006913, "NDVI_prev": 0.3799182097692829, "impervious_pct": 51.80771011808294}, "geometry": {"type": "Polygon", "coordinates": [[[72.82406891418766, 19.210261068006677], [72.81456263380745, 19.210147917574986], [72.81449890997624, 19.214968358327823], [72.81458660284753, 19.21497929012351], [72.81503547023345, 19.215025069238614], [72.81550829584882, 19.215074204849], [72.815934966142, 19.215122227040542], [72.81632915076938, 19.215156222206776], [72.81643170756367, 19.215165067069808], [72.81687976842021, 19.21520383288932], [72.81736840842137, 19.215254536158007], [72.81792857558327, 19.215320609620278], [72.81861416788365, 19.21538629724059], [72.8192544866593, 19.215447644803945], [72.8197211694375, 19.21549235526423], [72.82008155811963, 19.215527322320344], [72.82052961200819, 19.215578214079482], [72.82097570727333, 19.215607943809395], [72.8213361908432, 19.215611917462716], [72.82164771676445, 19.215602186985432], [72.82194879348137, 19.21558817114331], [72.82224993134673, 19.215570215229455], [72.82249989932888, 19.215558601209914], [72.82312534130186, 19.21553386937854], [72.82339812941703, 19.21552016911836], [72.82391053798594, 19.21549644640136], [72.82400004897218, 19.215493113804627], [72.82406891418766, 19.210261068006677]]]}}, {"type": "Feature", "properties": {"grid_id": "cell_0417", "ward_id": "K/W", "ward_gid": 14, "area_m2": 572399.9849663943, "LST_C": 32.95678414830512, "NDVI": 0.294813482229444, "NDVI_prev": 0.2786168407646023, "impervious_pct": 62.85162457805048}, "geometry": {"type": "Polygon", "coordinates": [[[72.81551541594214, 19.137900641731374], [72.81563421250542, 19.128869689139066], [72.81372276924868, 19.128846970948437], [72.81353947929146, 19.129187199649397], [72.81345604399068, 19.12930343244858], [72.81305495789171, 19.129862682212174], [72.81299190090665, 19.12993477900118], [72.81283322208203, 19.130104758160254], [72.81274941237754, 19.1301994092434], [72.81265772744867, 19.130301122016796], [72.81253689286952, 19.130433972891886], [72.81213820647504, 19.130868381816263], [72.81175271434353, 19.131295486904303], [72.81139121253712, 19.131690101822745], [72.8110557423482, 19.132172086773984], [72.81082088451616, 19.13251238283952], [72.81068103888572, 19.132709347689303], [72.81053093669087, 19.132852561624237], [72.81042465489844, 19.133059991603986], [72.81030402092222, 19.133285007179115], [72.81022054530632, 19.133458582658093], [72.8101357784794, 19.13362296945671], [72.81004483414766, 19.133714658997846], [72.80982730254055, 19.133947710205376], [72.80971679850423, 19.13406062101281], [72.80933976089933, 19.13446696840243], [72.80930042849148, 19.134509025691514], [72.80924892302498, 19.13457076025149], [72.80919904482836, 19.13461820787543], [72.80908001890396, 19.134748496921784], [72.80887280040466, 19.134969382076903], [72.80869987445736, 19.13515605664361], [72.80846481153458, 19.135402739822645], [72.80815880740981, 19.135711569065748], [72.80804821560001, 19.13582821517721], [72.80755927245346, 19.136313780170315], [72.807225030281, 19.136663681188782], [72.80693185143312, 19.136978606927013], [72.80659446418865, 19.13732811404437], [72.80643515054936, 19.137501927454416], [72.8063173796976, 19.137611848761704], [72.80615953041712, 19.137789203791776], [72.81551541594214, 19.137900641731374]]]}}, {"type": "Feature", "properties": {"grid_id": "cell_0418", "ward_id": "H/W", "ward_gid": 23, "area_m2": 568708.1654744425, "LST_C": 35.351214555460146, "NDVI": 0.2041877912400584, "NDVI_prev": 0.17863201048400745, "impervious_pct": 83.36602795390061}, "geometry": {"type": "Polygon", "coordinates": [[[72.83557727047756, 19.05684559223684], [72.84136343396733, 19.056913396837018], [72.84137262234354, 19.05675430133592], [72.84138881203626, 19.056473952779285], [72.84139560538372, 19.05635631487153], [72.84140671598871, 19.05628231008341], [72.84146565361145, 19.055889741520396], [72.84147229521652, 19.055845502179164], [72.84149130173486, 19.055718901233497], [72.8416069814795, 19.055228416856806], [72.84160707151399, 19.05522803637521], [72.84163316978768, 19.055103755515905], [72.8417898938311, 19.054609317239027], [72.84185766887177, 19.05442144681082], [72.84189356060054, 19.054332122698202], [72.84195357879518, 19.05416459787652], [72.84200078943233, 19.05416460905858], [72.84203196719005, 19.05409417009248], [72.84207368940937, 19.05398440372458], [72.84211682054348, 19.053861682781424], [72.84219971331851, 19.05363683555068], [72.8422941774648, 19.053380287370974], [72.84242136148197, 19.053029052433367], [72.84250987119019, 19.052811698678408], [72.84261235890199, 19.052560018240634], [72.8426533320377, 19.05245404900376], [72.84273405677789, 19.052245262946283], [72.84276783686411, 19.052160442581936], [72.84279812092377, 19.052084399422725], [72.84289270519733, 19.051846895388767], [72.84302751926064, 19.05150837780207], [72.84305703024106, 19.051434273680304], [72.84307279350756, 19.051394693874965], [72.84311677716268, 19.051284247143656], [72.84320457831124, 19.05106377715845], [72.84321839119605, 19.05102687324719], [72.84290096323271, 19.05100402453678], [72.84224418886241, 19.050960229934073], [72.84216238677931, 19.05095095697584], [72.84216200169045, 19.05095091363211], [72.8421421064911, 19.05093740489572], [72.84209780867025, 19.050907324148433], [72.8418879617237, 19.050764831672456], [72.8418796941209, 19.050759095942862], [72.84178049224376, 19.050690281724084], [72.84176500577729, 19.050679539708643], [72.84166930710357, 19.0506135177324], [72.841657624394, 19.050605457711196], [72.8414627439289, 19.050471005436066], [72.8411206543671, 19.050244296402266], [72.84108516932838, 19.050220053324583], [72.84087261629794, 19.05007482833929], [72.84081757965157, 19.050036752496748], [72.8407207772547, 19.04997020051034], [72.84065769164135, 19.049926828584614], [72.84063324517277, 19.04991035882711], [72.8405716316185, 19.049868849489723], [72.84046239837426, 19.049795261870177], [72.84039381233299, 19.049745275985174], [72.84035565324642, 19.04971746704904], [72.8403044083348, 19.04968022760713], [72.84030437067318, 19.049680201875173], [72.84030434056258, 19.0496801798446], [72.84030273708004, 19.049679013942296], [72.8402940533129, 19.049672855975395], [72.84016689047296, 19.049582697679927], [72.84008379040183, 19.049523779323838], [72.84005532971683, 19.04950366217089], [72.83990973584524, 19.049400745367205], [72.8398398828375, 19.049353634886423], [72.83973724319121, 19.04928012769482], [72.83963688029122, 19.04920824767737], [72.83960782449574, 19.04918898429831], [72.83958364225832, 19.04917295259221], [72.83955754286359, 19.049155649885233], [72.8394334208778, 19.04906266704681], [72.83940413925463, 19.049040014693244], [72.83936869017002, 19.049012595000043], [72.83929790636483, 19.048960883099806], [72.83917125729342, 19.048867297853185], [72.83903227477717, 19.04876260980779], [72.8388769103755, 19.048644413127196], [72.83881310876248, 19.048595676867677], [72.83881190109416, 19.048594754049123], [72.83871018294126, 19.048517056116], [72.83860701049586, 19.048436950185362], [72.83855983525564, 19.048400322524742], [72.8385248978028, 19.04837471067693], [72.83845043782479, 19.0483201246335], [72.83842358856366, 19.04831158869656], [72.8381405872754, 19.048264508149956], [72.83812621875195, 19.048262629843332], [72.83811132116223, 19.04825248431852], [72.8380495316621, 19.04821040457243], [72.8380395395298, 19.04820790966788], [72.83803484552773, 19.048292534137882], [72.83800472575987, 19.048918813048104], [72.83769295885278, 19.04922759314734], [72.83742853415669, 19.04931836823786], [72.8370875480285, 19.049153965525484], [72.83678584908301, 19.04903954207183], [72.83643607665948, 19.04903544119738], [72.8356742922995, 19.04936770506316], [72.83557727047756, 19.05684559223684]]]}}, {"type": "Feature", "properties": {"grid_id": "cell_0419", "ward_id": "L", "ward_gid": 24, "area_m2": 565180.141018891, "LST_C": 34.09164003753667, "NDVI": 0.2905658265320739, "NDVI_prev": 0.2962230324689601, "impervious_pct": 62.81734164497689}, "geometry": {"type": "Polygon", "coordinates": [[[72.88306615253273, 19.05739671871521], [72.8829514848881, 19.066428142572835], [72.89162998067678, 19.066527583969766], [72.89147293206517, 19.066289661373137], [72.89120634607232, 19.06591370536691], [72.89118474499485, 19.0658832418808], [72.89101757209193, 19.06564748218643], [72.89083777356184, 19.0653939170781], [72.8907544525837, 19.065276411407872], [72.89070588973445, 19.06520792311879], [72.88968314042029, 19.063765544109067], [72.88673410827985, 19.05970702707019], [72.88611579875132, 19.058842690410703], [72.88607091796621, 19.058779951177087], [72.88588145725033, 19.05851510168786], [72.88585493004, 19.058478019861962], [72.88516979302567, 19.057520247714557], [72.88509822217712, 19.057420028920557], [72.88306615253273, 19.05739671871521]]]}}, {"type": "Feature", "properties": {"grid_id": "cell_0420", "ward_id": "N", "ward_gid": 10, "area_m2": 564205.911008214, "LST_C": 38.699440221020744, "NDVI": 0.2801337191527651, "NDVI_prev": 0.2547292764268938, "impervious_pct": 82.32632842283611}, "geometry": {"type": "MultiPolygon", "coordinates": [[[[72.92049472207877, 19.10298695677614], [72.9203781304521, 19.102985639674475], [72.92049287251832, 19.10313491494721], [72.92049472207877, 19.10298695677614]]], [[[72.91841145319773, 19.111996275008284], [72.9184222300306, 19.111901405110352], [72.91843080365027, 19.111825930083544], [72.91845257859153, 19.111641422798865], [72.91846011181003, 19.11156100618784], [72.9184601124398, 19.111560998390573], [72.91846752896053, 19.11134602194782], [72.91847550828818, 19.111069869120158], [72.91847669273234, 19.110994782302164], [72.91845931931124, 19.110811969955723], [72.91819428023194, 19.110737684768775], [72.91791893571741, 19.110660954022038], [72.91762073994913, 19.11057794740924], [72.91751441633826, 19.110448087453648], [72.91739204003473, 19.110248290740664], [72.91728485085757, 19.110073616184522], [72.91715653010098, 19.10986450532463], [72.91692001309406, 19.109477206138067], [72.91677687326333, 19.109242161881802], [72.9166989658662, 19.109110321219372], [72.91659161224545, 19.108926786233496], [72.91652400501965, 19.108958224652703], [72.91639555263481, 19.10896579089793], [72.9163018508947, 19.108971310193557], [72.91610243995336, 19.10864065699035], [72.9159028102176, 19.108309639545883], [72.91568125836773, 19.107957494201983], [72.91559984238661, 19.107828086567725], [72.91557250262254, 19.10778463101574], [72.91557006062658, 19.107780749547356], [72.91555317658275, 19.10774304410317], [72.91553829659696, 19.10770381897808], [72.91552395189048, 19.10765721060962], [72.91551320438829, 19.10761142804482], [72.915504907953, 19.107559999742982], [72.91550047688295, 19.107508380509792], [72.91549977262848, 19.107461704637934], [72.91550361071236, 19.10740032125657], [72.91550928373825, 19.107358964469032], [72.91551868077674, 19.107312584524202], [72.91552969369499, 19.10727178191201], [72.91554494592404, 19.107224532907768], [72.91554500438498, 19.107224526632635], [72.9156412323929, 19.10696137503795], [72.91566356294103, 19.106917364929554], [72.91569008005727, 19.10686441851503], [72.91573076603486, 19.106789613777956], [72.9157732031825, 19.10672094402707], [72.91582668671977, 19.10663664374128], [72.91588828963114, 19.10655219256931], [72.91595167179695, 19.106475419064083], [72.91600575985609, 19.10642041801475], [72.9160686761659, 19.106353927099438], [72.91609556901746, 19.10632834530174], [72.91610136118935, 19.106313768696523], [72.91591202074508, 19.10502868450089], [72.91600017637508, 19.105020763638752], [72.91614816404339, 19.10498880736839], [72.91655734780775, 19.10486123410737], [72.91674513919367, 19.104725276221473], [72.91705813575764, 19.10448638895887], [72.91716797578125, 19.104389070956938], [72.91760174522692, 19.104073869514504], [72.91873975132475, 19.10326955024365], [72.91916476524301, 19.102971928258555], [72.91099398707938, 19.102879387615275], [72.91091448688015, 19.109208982483896], [72.9109517432946, 19.109229233044374], [72.91112338420918, 19.109315046630982], [72.91118617200193, 19.109345871133648], [72.9112912008127, 19.109397437485214], [72.9114341856735, 19.10948029430605], [72.91156442340565, 19.10954716639792], [72.91169185363053, 19.109609772859432], [72.9116965029693, 19.109612059437268], [72.91188440288317, 19.109739005411722], [72.91209767968654, 19.109883033877693], [72.91221328696555, 19.109959678391004], [72.91286764294372, 19.11038343509519], [72.91330247478082, 19.11065259302053], [72.91341577216997, 19.11078981830295], [72.91368922598605, 19.111139961317193], [72.91387850430796, 19.111373241268225], [72.91408934881255, 19.111812130765298], [72.91413220613046, 19.111947817434313], [72.91841145319773, 19.111996275008284]]]]}}, {"type": "Feature", "properties": {"grid_id": "cell_0421", "ward_id": "R/S", "ward_gid": 22, "area_m2": 558095.4152776671, "LST_C": 33.83664644012014, "NDVI": 0.30118341752309225, "NDVI_prev": 0.2732331752309914, "impervious_pct": 75.77352661596956}, "geometry": {"type": "Polygon", "coordinates": [[[72.83357526130612, 19.210373726047273], [72.82406891418766, 19.210261068006677], [72.82400004897218, 19.215493113804627], [72.8241345326648, 19.21548810673953], [72.82457546840737, 19.215471772896674], [72.82497687275428, 19.21545152443127], [72.82512526527898, 19.2154439101676], [72.82527000268931, 19.215439745083472], [72.8256312064422, 19.215429350287376], [72.82569695187331, 19.215426216044683], [72.82595993359848, 19.215413678835226], [72.82614558616197, 19.215404828416773], [72.82632597295672, 19.215396228632702], [72.8266626425751, 19.215379254697535], [72.82701275688005, 19.215364311427475], [72.82728893605409, 19.21535252195425], [72.82746293744657, 19.215345095083837], [72.82762059023376, 19.21533804875477], [72.82806880630955, 19.2153180133386], [72.82852301423301, 19.21530851092964], [72.8288725491662, 19.215306019073704], [72.82894332372804, 19.21530551817334], [72.82899389464754, 19.215306867907337], [72.82958763472573, 19.21531777847171], [72.82997110782806, 19.21532010792348], [72.83014953838061, 19.21532119045066], [72.83058777727763, 19.215321261293667], [72.83075406264659, 19.215321287875515], [72.83110565139631, 19.215321343581458], [72.83172073614743, 19.215321539732354], [72.83207231010695, 19.21532347907444], [72.83225878379793, 19.215324506753454], [72.83265021308618, 19.215326665771443], [72.83297243955813, 19.21532887928891], [72.83324404474939, 19.215332092381203], [72.83351021470759, 19.215337368355826], [72.83357526130612, 19.210373726047273]]]}}, {"type": "Feature", "properties": {"grid_id": "cell_0422", "ward_id": "R/C", "ward_gid": 11, "area_m2": 555609.8335055251, "LST_C": 32.15027757884298, "NDVI": 0.4092204266955376, "NDVI_prev": 0.4143697260221104, "impervious_pct": 0.15225698590876524}, "geometry": {"type": "Polygon", "coordinates": [[[72.78580221965561, 19.227866888565778], [72.78583951093707, 19.225084750779992], [72.78498788583175, 19.225044104541016], [72.78431177944654, 19.224967547666818], [72.7839072933115, 19.224864032121864], [72.78386340336206, 19.224850914593105], [72.78385181246523, 19.2248474495651], [72.78348822743423, 19.224738766870797], [72.78319836743337, 19.224715331755746], [72.78319381463047, 19.224682464698958], [72.78310350955752, 19.22467805287913], [72.78304817792034, 19.22467537596166], [72.78294011965623, 19.224670115943066], [72.78293967210037, 19.224670094265715], [72.78293433302059, 19.224667905256588], [72.78288419061009, 19.224647338862592], [72.7828781397168, 19.22463995046634], [72.78282247025537, 19.224571972501575], [72.78281847747753, 19.224567098282343], [72.78281834463725, 19.224566935901755], [72.78278553280887, 19.224526920015897], [72.7827814202238, 19.224521904347156], [72.78272902593096, 19.224458006094224], [72.78270532501367, 19.224421539063943], [72.7826754847848, 19.224375630459004], [72.78263581620696, 19.224314596841555], [72.78253666982289, 19.224270490763402], [72.78249294353573, 19.224280763610693], [72.78238431592446, 19.22428556992575], [72.78223482795947, 19.224282011553512], [72.78217283702368, 19.224236962586172], [72.78214505781091, 19.224122889015657], [72.7821083485314, 19.224093867594863], [72.78211236042266, 19.223976764972416], [72.78210671020534, 19.223810554140904], [72.78209818071248, 19.22379514949217], [72.7820122470493, 19.22357933085001], [72.7819036233507, 19.223306533615926], [72.78116026844276, 19.222941210638155], [72.78105852637584, 19.222891207846928], [72.78104660893445, 19.222872991951316], [72.78100780427148, 19.222813685532753], [72.78100855247482, 19.22275032883071], [72.78099805444909, 19.222575450781306], [72.78105227344007, 19.222500484565604], [72.7810638014367, 19.22248454347054], [72.7810640639933, 19.222484179948005], [72.78107174692742, 19.22244231883269], [72.78113536211552, 19.222095734062066], [72.78116011351767, 19.221960888103215], [72.78122561576518, 19.221572372796643], [72.78123646780969, 19.221501612034054], [72.7812502384754, 19.221411832459793], [72.78133785036793, 19.220840626563675], [72.78142483727733, 19.22028042945693], [72.7814248904532, 19.220280080557803], [72.78143397934475, 19.22019849236111], [72.78143399888152, 19.220198311955237], [72.78143376083538, 19.220198266620294], [72.78130677272421, 19.2201733394212], [72.78122548115552, 19.220157382846555], [72.78114450042742, 19.2201715991136], [72.78108775982113, 19.2201668354049], [72.78086724902762, 19.22014832463583], [72.78080849063134, 19.219957508930047], [72.78079751765384, 19.21985106693668], [72.78071000680151, 19.219851199577597], [72.78062333102942, 19.219851454295476], [72.78062298968231, 19.21985145467466], [72.7802605811115, 19.21985226018481], [72.78021518507879, 19.21985236113967], [72.78021335468524, 19.219852366952168], [72.78016709517108, 19.219771858380454], [72.78010851040261, 19.219669897230812], [72.78013507142091, 19.2195332831916], [72.78013816725004, 19.219517358248233], [72.78013963487874, 19.219509816151806], [72.78014565185309, 19.219478866456136], [72.78020068958028, 19.219195797580625], [72.78022854697714, 19.2190861068207], [72.78029137300612, 19.219009556054623], [72.78044244086767, 19.218920102054206], [72.78050031470396, 19.218885832879774], [72.78053957100343, 19.218862589374865], [72.78064470606613, 19.21877231298898], [72.77927026857638, 19.21875565164087], [72.77925307248417, 19.21877948963234], [72.77921044129965, 19.218988440295096], [72.77906879999779, 19.21915340266456], [72.7790677925689, 19.21936306925126], [72.77906706329567, 19.219514398954473], [72.7790667832187, 19.219572734907175], [72.77907304625863, 19.220174076190624], [72.77906882240008, 19.220446893339926], [72.77879960729632, 19.220441737664256], [72.77830061076905, 19.22043217903027], [72.77803342670407, 19.220975810865085], [72.77792563478064, 19.22119913418626], [72.77769257868022, 19.22168197241585], [72.77746257152812, 19.22179799822814], [72.77677591445116, 19.22215043555642], [72.7767758819097, 19.22215045141911], [72.7767717979346, 19.22299001807207], [72.77639018711402, 19.223560802183993], [72.77636543076999, 19.22404342086534], [72.77636470679403, 19.224086402161888], [72.77636362168789, 19.22415091611604], [72.77635772028623, 19.22428687419903], [72.77635183151477, 19.22442252805092], [72.77633295153348, 19.224945148950816], [72.77640012531525, 19.225217142752232], [72.77648498590635, 19.225563949266135], [72.77658059175717, 19.225948237604346], [72.77658101959511, 19.225948311444228], [72.77697010468849, 19.22620326194657], [72.77728919414189, 19.226349456248975], [72.77757686745187, 19.22644444006925], [72.77781712652369, 19.226525512515998], [72.77785672968535, 19.226583153154028], [72.77791204449672, 19.22666366295096], [72.77797663400989, 19.226757670887377], [72.77833280623003, 19.227338932057034], [72.77858447521744, 19.22774955274021], [72.77860311814867, 19.227779672546287], [72.78580221965561, 19.227866888565778]]]}}, {"type": "Feature", "properties": {"grid_id": "cell_0423", "ward_id": "H/W", "ward_gid": 23, "area_m2": 554535.1270618506, "LST_C": 31.675425520939324, "NDVI": 0.1978142051859862, "NDVI_prev": 0.19363733862667398, "impervious_pct": 41.30057353592679}, "geometry": {"type": "Polygon", "coordinates": [[[72.82619737352255, 19.047702806656467], [72.82625339451884, 19.043401878757834], [72.82587785881924, 19.04316743951309], [72.82485999439928, 19.042534484603408], [72.8240925547271, 19.042370198473797], [72.82364953113071, 19.042364975215968], [72.82321084518527, 19.042027144022637], [72.82314581015842, 19.04164936465834], [72.82314985845025, 19.041338931586733], [72.82306006101581, 19.041071746114824], [72.82292016000392, 19.04107009610564], [72.82263833344474, 19.04122201227681], [72.82256751518344, 19.041287708465347], [72.8224762724634, 19.04113139175705], [72.82247974339805, 19.04086530634592], [72.82255374301639, 19.04055569854761], [72.82251058030124, 19.04028906304603], [72.822253517881, 19.040330384875745], [72.82199240515746, 19.040682139199507], [72.82203238475014, 19.04119268627159], [72.82203007028274, 19.041370076439197], [72.82180332800002, 19.041681129059942], [72.82174012036232, 19.041645135734843], [72.82160581833827, 19.041568969658705], [72.82147074731242, 19.041496498634263], [72.82139283015815, 19.041456498211456], [72.82131241801098, 19.041416561343876], [72.82123897877095, 19.04138125821188], [72.82112529825665, 19.04132876274335], [72.82102182887732, 19.04128320636189], [72.82090384671015, 19.04123377528529], [72.82078676714735, 19.04118731112149], [72.8207005709349, 19.041154724086663], [72.8205986281869, 19.041117966873458], [72.82050036157496, 19.041084530895603], [72.82040247072442, 19.041054981458977], [72.82027816391962, 19.041020116952634], [72.82018465351487, 19.040995816413982], [72.82011039407763, 19.04097768021705], [72.82009285370347, 19.04097384653598], [72.81999144639548, 19.040951675532074], [72.8199282048231, 19.040935280780506], [72.81984805621273, 19.040913396005756], [72.81976551588828, 19.04088955722741], [72.81970237581328, 19.040870413216602], [72.81963341504846, 19.040848600888022], [72.81953672133226, 19.04085118819961], [72.8192416538236, 19.040859086922172], [72.81908614252778, 19.040957701369496], [72.8189789920877, 19.041052850494744], [72.81893295720991, 19.04106292510426], [72.81888386599965, 19.04107495072757], [72.81879033595544, 19.041272565886295], [72.81870062834565, 19.041352090653646], [72.81864238333192, 19.041419386014226], [72.81859834376701, 19.041504695560135], [72.81853741615741, 19.0416691809086], [72.81849129446535, 19.041711120286394], [72.81840799745048, 19.041786864324727], [72.81840143314227, 19.041792833063695], [72.81807541119632, 19.04168289645502], [72.8180228406683, 19.041826884896917], [72.81816609764641, 19.041889950758957], [72.8181977083134, 19.04190386666556], [72.81812601564576, 19.04210016932477], [72.81809980026267, 19.042321630816232], [72.81769761435204, 19.042760418720764], [72.81771327892879, 19.04284856233094], [72.8175893816169, 19.042870577654693], [72.81730579837505, 19.042920764554825], [72.81728818580835, 19.04292604568535], [72.81727094650692, 19.042932347487156], [72.8172541488603, 19.04293964648989], [72.81723785648646, 19.04294791222987], [72.81723136128647, 19.042951675000744], [72.81722448389306, 19.04295565754514], [72.81721518409508, 19.042964148186428], [72.81720952538825, 19.042970324491844], [72.81720434450371, 19.042976870636323], [72.81719966622168, 19.042983751072168], [72.81719551775353, 19.042990930280528], [72.81719207194377, 19.042998020681924], [72.81718914135489, 19.043005317191067], [72.81718674101228, 19.043012786457208], [72.81718487866301, 19.04302039388741], [72.81718356450044, 19.04302810376151], [72.81718280505604, 19.043035881472157], [72.81718260324479, 19.043043690056958], [72.81718296076612, 19.04305149253909], [72.81721846400438, 19.043238508623798], [72.81722680013547, 19.04328241848376], [72.81729576680486, 19.043654865712124], [72.8174007353302, 19.04414714042164], [72.81792852777471, 19.044950659086417], [72.81801589864538, 19.04500013378333], [72.81808473363029, 19.04498879991144], [72.81822051993205, 19.044966438961673], [72.81864041302374, 19.045565883671348], [72.8196339188821, 19.047625371143102], [72.82619737352255, 19.047702806656467]]]}}, {"type": "Feature", "properties": {"grid_id": "cell_0424", "ward_id": "T", "ward_gid": 13, "area_m2": 552070.2152045936, "LST_C": 32.57139486306173, "NDVI": 0.3069793622142229, "NDVI_prev": 0.2946711661808549, "impervious_pct": 60.99716264307014}, "geometry": {"type": "Polygon", "coordinates": [[[72.9387117487184, 19.166422363790833], [72.94821628548604, 19.16652884201049], [72.94832804860147, 19.157497139754234], [72.9467396433947, 19.157479387317096], [72.94670952761524, 19.15754366168105], [72.94667610217955, 19.15763247523546], [72.94664981511117, 19.15772343009505], [72.94663081586273, 19.157816008901605], [72.9466192125967, 19.157909685090683], [72.94661507127348, 19.15800392588022], [72.94661841546235, 19.15809819523115], [72.94662922618768, 19.15819195702522], [72.94695069265045, 19.159363100668813], [72.94696728092516, 19.159454509904656], [72.94697712217096, 19.159546795778617], [72.9469801684788, 19.159639509106746], [72.94697640504454, 19.15973219861755], [72.94696585017847, 19.159824413264474], [72.94694855516795, 19.159915704139433], [72.94692460424717, 19.160005626929415], [72.94689411396328, 19.16009374400518], [72.94685723273282, 19.160179626475923], [72.9468141399793, 19.16026285631132], [72.9467586866181, 19.160334500610027], [72.94669862513409, 19.16040270777427], [72.9466341908469, 19.160467210526537], [72.94656563619664, 19.160527756197432], [72.94649322970771, 19.160584107509184], [72.94641725517606, 19.16063604372273], [72.94633801013946, 19.160683361343406], [72.94625580518196, 19.160725875016535], [72.94490136117707, 19.161388544041404], [72.94423500396135, 19.161712547486637], [72.94402023783897, 19.1618069746118], [72.94391187501179, 19.16185417711865], [72.9438291218247, 19.161890493445817], [72.94248418396667, 19.162417312495506], [72.94123001486314, 19.162892998684484], [72.9397042483422, 19.163462459675216], [72.93927899603331, 19.163621555915718], [72.93912231027274, 19.16366446168123], [72.93896382911434, 19.163700930100518], [72.93880384531359, 19.163730893855963], [72.93874510921184, 19.163739421919512], [72.9387117487184, 19.166422363790833]]]}}, {"type": "Feature", "properties": {"grid_id": "cell_0425", "ward_id": "H/E", "ward_gid": 18, "area_m2": 546530.9647018079, "LST_C": 30.369750873627613, "NDVI": 0.4729342801490554, "NDVI_prev": 0.41335567913547805, "impervious_pct": 1.8422427725996764}, "geometry": {"type": "Polygon", "coordinates": [[[72.85457262682918, 19.057067507456818], [72.86407040352988, 19.05717773276699], [72.86412641698743, 19.052803396837096], [72.86355847489955, 19.052333142479792], [72.86321315818509, 19.052327615451183], [72.8622195696222, 19.05231170875677], [72.86117538305001, 19.052295142982658], [72.86005826313664, 19.052277413638933], [72.85929334630724, 19.052217144087184], [72.85840826145643, 19.052147402252956], [72.85825071451853, 19.052135714695105], [72.85719158044498, 19.052057139443207], [72.85463950364192, 19.05186778040696], [72.85457262682918, 19.057067507456818]]]}}, {"type": "Feature", "properties": {"grid_id": "cell_0426", "ward_id": "M/W", "ward_gid": 17, "area_m2": 546446.4599509477, "LST_C": 35.23638082148362, "NDVI": 0.34806406044463767, "NDVI_prev": 0.3142726688396588, "impervious_pct": 68.60376074193817}, "geometry": {"type": "Polygon", "coordinates": [[[72.89279223918734, 19.039442492326177], [72.89267821392743, 19.04847399056755], [72.9021757368072, 19.048582207758045], [72.90220948872684, 19.045897285287143], [72.90218222021616, 19.04589965547608], [72.901939674255, 19.045928399031784], [72.90178365283586, 19.04594701207283], [72.90111641537031, 19.046026610639977], [72.90097704804398, 19.046043236269437], [72.90074015304015, 19.04607149675476], [72.90066349957081, 19.046080640987697], [72.90063355221547, 19.046084214066845], [72.90060046896491, 19.04608906260168], [72.9004037535043, 19.046117889950892], [72.90023706842635, 19.046142316384852], [72.90016230951011, 19.04615327176145], [72.89965243199704, 19.04615373270819], [72.8993677756893, 19.046147153708873], [72.89917876912743, 19.046130282633502], [72.89890674348766, 19.046095473515457], [72.89885423014415, 19.04608986412329], [72.89882823457202, 19.046086655357197], [72.89894979920484, 19.045234250267892], [72.89895670861466, 19.045123670898803], [72.8989553167854, 19.045094349959413], [72.89895092881355, 19.045029794234495], [72.89880944827102, 19.044761714843535], [72.89874810411007, 19.044659397857348], [72.89867098617712, 19.044583998010786], [72.89853959726362, 19.04452830507672], [72.8982520745532, 19.044419449912727], [72.89729024350024, 19.044057323367316], [72.89656395026873, 19.04379220739616], [72.8965039916383, 19.043721519584864], [72.8963606375478, 19.04327276100946], [72.89626226800537, 19.04304997782386], [72.89617175382027, 19.04285744153615], [72.89614679538859, 19.042784987991165], [72.89607838097403, 19.042428393962922], [72.89604753646238, 19.04239835006634], [72.89602081297309, 19.042379150354712], [72.89598417330299, 19.042358487922428], [72.89591185371042, 19.042353614598902], [72.89585080137199, 19.042355617926685], [72.8956743821345, 19.042390047299996], [72.8956188527885, 19.042404260374614], [72.8955516819499, 19.04244128473851], [72.8952844779238, 19.042646892501097], [72.89528636050095, 19.042210168673236], [72.89525814332778, 19.041521525396604], [72.89524292540213, 19.0414903099233], [72.89522630547657, 19.041457728815775], [72.8951927253073, 19.041419555690624], [72.89511265775899, 19.041353859489696], [72.895047876209, 19.041313980898284], [72.89500263767083, 19.041299968511392], [72.89469954571841, 19.041250623790066], [72.89438665704844, 19.041190369663124], [72.89433570846802, 19.04117899127784], [72.89428908510912, 19.041162263634096], [72.89388649690251, 19.04094174178026], [72.8941124511312, 19.040558943993837], [72.89420493408561, 19.040407548328222], [72.89430306362014, 19.040254053327132], [72.89453392724874, 19.0398888198614], [72.89460717553874, 19.039721550494303], [72.89463178976423, 19.0396500791827], [72.89468559933825, 19.039464094910343], [72.89279223918734, 19.039442492326177]]]}}, {"type": "Feature", "properties": {"grid_id": "cell_0427", "ward_id": "R/C", "ward_gid": 11, "area_m2": 546254.0210321331, "LST_C": 32.616876988948654, "NDVI": 0.33409729770130897, "NDVI_prev": 0.31081752908094634, "impervious_pct": 61.27988244366587}, "geometry": {"type": "Polygon", "coordinates": [[[72.83345689883102, 19.21940470661445], [72.84296383079518, 19.219516929004524], [72.84305130686145, 19.212813644673773], [72.84241089547594, 19.212940434411156], [72.84189843316453, 19.21311743501562], [72.84114998966658, 19.21340452673286], [72.84065600606937, 19.2136724374148], [72.83978453480273, 19.21418511413848], [72.83825720373301, 19.215100801569886], [72.83776912924277, 19.21510726873985], [72.83758763213264, 19.21512164983579], [72.837383420765, 19.215149542978427], [72.83710226978062, 19.215187944920082], [72.83668828189279, 19.215254409863707], [72.83639306116703, 19.215301074339415], [72.83602404565018, 19.215362427019656], [72.83577610658436, 19.21538226681625], [72.83351021470759, 19.215337368355826], [72.83345689883102, 19.21940470661445]]]}}, {"type": "Feature", "properties": {"grid_id": "cell_0428", "ward_id": "P/S", "ward_gid": 20, "area_m2": 544645.0078411275, "LST_C": 33.275020212278484, "NDVI": 0.34954686130546425, "NDVI_prev": 0.30140997565932504, "impervious_pct": 63.41982109342628}, "geometry": {"type": "Polygon", "coordinates": [[[72.84355238977945, 19.174361646582703], [72.83404804689886, 19.174249707909855], [72.8339907115149, 19.178634856576057], [72.83405960480022, 19.17863900591697], [72.8340675883679, 19.178639486756076], [72.83439870563528, 19.178666405498817], [72.83440099754482, 19.178666620318147], [72.83466982109474, 19.178688445841235], [72.83479846363497, 19.178707769949007], [72.83491418998945, 19.178725152980608], [72.83494077659523, 19.17872914675439], [72.8349537419584, 19.17873291388123], [72.83497393185009, 19.178738780275072], [72.8350569848731, 19.17876291108744], [72.83509054988372, 19.17877889899672], [72.83515081746899, 19.178807605162078], [72.83521559287995, 19.17885123373992], [72.83527738737888, 19.178893174987284], [72.83536687255042, 19.17894708883016], [72.83541716071579, 19.17898311583878], [72.83554157506806, 19.179078533590083], [72.83562324867557, 19.179144463519595], [72.8357065226362, 19.17921950194765], [72.83581179519797, 19.179320584307902], [72.83593931556432, 19.179440471385465], [72.83609496123516, 19.179586306949357], [72.83628569037974, 19.179732534219504], [72.83630074044612, 19.17973944976513], [72.83631167209799, 19.179744472677406], [72.83631999653035, 19.17974881739548], [72.83633173511406, 19.179754942385546], [72.83647227405189, 19.17976243492846], [72.83653656053235, 19.1797658614533], [72.8366497951715, 19.179762155958127], [72.8366506862318, 19.179762127156568], [72.83677274351726, 19.179758134266095], [72.8367813550523, 19.17975785254516], [72.83689692392066, 19.17970426802619], [72.837013594691, 19.179618291829723], [72.83716707640214, 19.179501021280874], [72.83719854779977, 19.179483456935575], [72.8372108816865, 19.17947856499126], [72.8373105569979, 19.17943902618448], [72.83744916622199, 19.179376883364377], [72.83752970150738, 19.17934545151657], [72.8376288439668, 19.179331924011368], [72.83770290243805, 19.17932934831459], [72.83788914567434, 19.179322868578375], [72.83794915335966, 19.179325524067032], [72.83816604355093, 19.179335119841852], [72.83825252824603, 19.179330516242068], [72.83836175756302, 19.179329017681194], [72.8385142672859, 19.179324013161], [72.83875235683479, 19.179324377565436], [72.83888446315008, 19.179324074017632], [72.8390226859534, 19.17932251194296], [72.83917612366668, 19.179319971913163], [72.83932046102817, 19.17931715386306], [72.83947683726603, 19.179317588247283], [72.83963918325448, 19.17932109066245], [72.83977321543831, 19.17931890150003], [72.83989750246803, 19.17931776810188], [72.84001842450256, 19.179314071337153], [72.8401455462891, 19.17930564583519], [72.84026569080922, 19.179299463959893], [72.84035270846456, 19.179297147230486], [72.84038055200119, 19.17929640465114], [72.84038777255182, 19.179295399685497], [72.84039258977457, 19.17929527223822], [72.8406180492103, 19.17926393665553], [72.84070989978568, 19.179256338464498], [72.84071154103698, 19.179256128104665], [72.84072194501822, 19.1792552694889], [72.8408594784345, 19.179237665967463], [72.84086276923503, 19.17923724454784], [72.84100609603874, 19.17921889913806], [72.84101430558778, 19.179217848339427], [72.84127055080207, 19.179220479837504], [72.84127460335188, 19.179220521741854], [72.84163713131402, 19.179236930215048], [72.8416957120445, 19.17923767488661], [72.84174004434146, 19.179235700360746], [72.84174392748048, 19.179235241381555], [72.84175209338223, 19.179234829244376], [72.84176328430273, 19.17923350761], [72.84178423423498, 19.179231032478917], [72.84187695324661, 19.179220083010048], [72.8418773164093, 19.179220039879784], [72.84212064272666, 19.179193566973414], [72.84237037573946, 19.17915314609361], [72.84240723794967, 19.179147180302326], [72.84240829513118, 19.179147008906796], [72.84242669637628, 19.179144029703544], [72.84242676711945, 19.179144016661677], [72.84244639748094, 19.179139343115715], [72.84248438391533, 19.179130300563553], [72.84249667410592, 19.179128634956562], [72.84251470520293, 19.1791240426391], [72.84257240376584, 19.179109346549186], [72.84272431777254, 19.17907317848221], [72.84273383817558, 19.17907091222049], [72.84285525289403, 19.17905964527987], [72.84286621506557, 19.179053373197053], [72.84291601536749, 19.17902487965269], [72.84307476322583, 19.179022588551117], [72.84332263615389, 19.17902285497232], [72.84340498760584, 19.179022313090886], [72.8434592897051, 19.179019538433472], [72.84349179117936, 19.17901675223546], [72.84355238977945, 19.174361646582703]]]}}, {"type": "Feature", "properties": {"grid_id": "cell_0429", "ward_id": "K/E", "ward_gid": 19, "area_m2": 541707.4403560429, "LST_C": 39.305233292047234, "NDVI": 0.19821445947168267, "NDVI_prev": 0.19596256094252226, "impervious_pct": 64.38346929144481}, "geometry": {"type": "Polygon", "coordinates": [[[72.87322250692102, 19.08438154593625], [72.87310713062855, 19.093412885610583], [72.8783378135708, 19.09347322129509], [72.87829398939218, 19.09329371237339], [72.87829097565442, 19.093069892383514], [72.87833443347017, 19.092760485092473], [72.87833454605605, 19.092759681937896], [72.87838855309424, 19.09237516334586], [72.87841378922002, 19.092207131231753], [72.87845087814452, 19.091960177318256], [72.87869740610624, 19.091298393348694], [72.87890024186675, 19.091076590227264], [72.87871554062474, 19.09087921339518], [72.87882517179555, 19.090762614512524], [72.87923990626769, 19.09034468098128], [72.87903694371761, 19.089987698000286], [72.8792277103442, 19.089797127203532], [72.87892461688489, 19.08935644879782], [72.87875585628325, 19.088445010688023], [72.87885655165888, 19.087763817388193], [72.87888361138224, 19.087580753186884], [72.87913328392952, 19.086778253249662], [72.87912962791147, 19.08675565281743], [72.87912892139877, 19.086738656918147], [72.87912899878704, 19.086723600801886], [72.87912942809228, 19.086639957835626], [72.87912959306527, 19.086607923091623], [72.87914088382502, 19.086407116191335], [72.87915014676148, 19.08625427216709], [72.87915026737241, 19.086251510307633], [72.87915224644466, 19.086206129493643], [72.87916214207519, 19.085979225313782], [72.87831650138357, 19.08603198680556], [72.87816302661187, 19.086042145176695], [72.87792618785083, 19.086057820496848], [72.87770904577621, 19.086072192031217], [72.87751629104235, 19.086084949623125], [72.87745379056136, 19.086089086793656], [72.87741746982255, 19.086091489365064], [72.87662041394309, 19.08614319326659], [72.87625884713127, 19.08616816800123], [72.87622464936629, 19.08584078649383], [72.87615004732368, 19.08512659020211], [72.87614370161916, 19.085065841223347], [72.87613929214358, 19.08502600721164], [72.87613548842347, 19.084991645429714], [72.87612891488482, 19.084932255845132], [72.87607626930007, 19.08479937147836], [72.876004357786, 19.08474544929292], [72.87585468171633, 19.084658774153553], [72.87557255354265, 19.08444845662896], [72.87551979303362, 19.084408051265815], [72.87322250692102, 19.08438154593625]]]}}, {"type": "Feature", "properties": {"grid_id": "cell_0430", "ward_id": "T", "ward_gid": 13, "area_m2": 538894.6422863286, "LST_C": 29.562615336909413, "NDVI": 0.6559270830204152, "NDVI_prev": 0.6636877051542153, "impervious_pct": 0}, "geometry": {"type": "Polygon", "coordinates": [[[72.90057982478885, 19.175022958192084], [72.90069423623574, 19.165991537860034], [72.89324904915877, 19.16590624496697], [72.89361330869843, 19.1666655244273], [72.89474115746187, 19.169016416621023], [72.89502277162178, 19.169603403959986], [72.89626732142843, 19.17205800015557], [72.89704853111058, 19.173598724180266], [72.89707516309743, 19.17362794668721], [72.89832298169742, 19.174997123747726], [72.90057982478885, 19.175022958192084]]]}}, {"type": "Feature", "properties": {"grid_id": "cell_0431", "ward_id": "P/N", "ward_gid": 21, "area_m2": 534964.2460731361, "LST_C": 30.6356412732596, "NDVI": 0.2559755432609057, "NDVI_prev": 0.1723724105281927, "impervious_pct": 19.64138358926632}, "geometry": {"type": "Polygon", "coordinates": [[[72.7963914335789, 19.14670461321579], [72.80465299727655, 19.146803519722614], [72.80420394343838, 19.14521465835112], [72.80413978933541, 19.144987660483274], [72.80413628383165, 19.14497525705453], [72.80402046842545, 19.14456546838043], [72.80355011569186, 19.14355646454835], [72.8012769551194, 19.138627436149974], [72.79820911877621, 19.13973311088608], [72.79820355173904, 19.13977545704721], [72.79817658073758, 19.140533956047822], [72.79816260196048, 19.140927035030163], [72.79813336888347, 19.141440484474437], [72.79809580080725, 19.142389627177963], [72.79807804012874, 19.142408244259638], [72.79806674103624, 19.142484656294325], [72.79807337870854, 19.142513585166757], [72.79807681035375, 19.14252854113618], [72.7980735821775, 19.142542264530096], [72.79805785019536, 19.142609143674868], [72.79805040895124, 19.14264077873819], [72.798045618245, 19.14266114900758], [72.79806541056269, 19.14266765009954], [72.79807555804437, 19.142670983429422], [72.7981314173781, 19.142707233873455], [72.79813622690584, 19.142790344485523], [72.79814166002743, 19.142847448466828], [72.79808521224366, 19.14282721610147], [72.79806601264059, 19.142820333797147], [72.79800602946541, 19.14279883224434], [72.79796403295147, 19.142783780223386], [72.79788128327085, 19.14274936134512], [72.79777888758927, 19.142706768988344], [72.79753023701461, 19.14263150637761], [72.79733488053967, 19.142525923432192], [72.79729572777411, 19.142495328811222], [72.79717108642699, 19.14239793126434], [72.79716772980248, 19.142395308302543], [72.79692905465352, 19.14224484263527], [72.79681092664022, 19.142170372795196], [72.79677197612584, 19.142145816657965], [72.79663089923667, 19.142093900504207], [72.79645308053736, 19.14206184630181], [72.7963914335789, 19.14670461321579]]]}}, {"type": "Feature", "properties": {"grid_id": "cell_0432", "ward_id": "M/W", "ward_gid": 17, "area_m2": 530141.678027533, "LST_C": 36.78885458274804, "NDVI": 0.12367774421231051, "NDVI_prev": 0.09525723865362333, "impervious_pct": 93.61066392718661}, "geometry": {"type": "Polygon", "coordinates": [[[72.8931339286552, 19.01234794073475], [72.89302009653524, 19.021379467405833], [72.89791041675134, 19.02143517373198], [72.89791216675651, 19.02133052934263], [72.89791470472879, 19.021279983475647], [72.89793341605737, 19.020907328762874], [72.89793352467031, 19.020904389808063], [72.8979439917355, 19.020621181074468], [72.89794693746289, 19.02054016616949], [72.89795866559366, 19.02021761411327], [72.89797107029, 19.01987645091563], [72.89798945110373, 19.019802586656812], [72.89803831445813, 19.019138476611374], [72.8980380656977, 19.01908440504741], [72.89803517754646, 19.018688441611534], [72.89806260545014, 19.018629036830006], [72.89807839481414, 19.01819435412559], [72.89810410207805, 19.01743089608303], [72.89810527550111, 19.01729356021889], [72.89810927735779, 19.01682517780345], [72.89810927736823, 19.016825176972546], [72.8981463203344, 19.015858787811514], [72.89815208850025, 19.015729452691875], [72.89816927349996, 19.015344126185887], [72.89819295642013, 19.01479798358318], [72.89821102887396, 19.014396893736624], [72.898245642353, 19.013628689594743], [72.89830775962872, 19.012517735349928], [72.89831395582274, 19.012406916163457], [72.8931339286552, 19.01234794073475]]]}}, {"type": "Feature", "properties": {"grid_id": "cell_0433", "ward_id": "M/W", "ward_gid": 17, "area_m2": 527051.0856411748, "LST_C": 32.56556424265956, "NDVI": 0.27535168281999123, "NDVI_prev": 0.26332902892730375, "impervious_pct": 72.04655967347757}, "geometry": {"type": "Polygon", "coordinates": [[[72.90194851986719, 19.06664528610213], [72.89244997015562, 19.06653695859299], [72.89243467521744, 19.067746653543562], [72.89271297948025, 19.068168265209597], [72.89277231136872, 19.068244785677546], [72.89370225828665, 19.06951654800883], [72.89457181950685, 19.070705708995593], [72.89518129347688, 19.07153917827631], [72.89525485116333, 19.071576890426183], [72.89558227624809, 19.071595899634055], [72.89561417959173, 19.07159775186398], [72.89564461672519, 19.071602669772282], [72.89626153682354, 19.07170234811769], [72.8964159563106, 19.07175774171754], [72.89670328010268, 19.071821728909573], [72.89686452452722, 19.071857638171075], [72.89693392669543, 19.07186757376648], [72.89743198402024, 19.07193887475234], [72.89754530213925, 19.071966194519387], [72.8976988652002, 19.072003216792513], [72.89776975562765, 19.072012600783424], [72.89790360990558, 19.072027458214688], [72.89808772079708, 19.072036587330143], [72.89808800854736, 19.072036592779106], [72.89829253276761, 19.072040464968026], [72.89836045130528, 19.072044899995472], [72.89850702796933, 19.072054471232942], [72.89873674785565, 19.07184956613609], [72.89922823560758, 19.07185347987469], [72.8994080673031, 19.071921630379123], [72.89940806874829, 19.071921630287203], [72.8997351231789, 19.072043740449008], [72.8997653969964, 19.07205504354495], [72.89981421819432, 19.072073271387797], [72.89991663933188, 19.072111511588115], [72.90040866472505, 19.072295213939466], [72.9005968225797, 19.072395995866597], [72.90064104310736, 19.072419681448523], [72.90097869166115, 19.072600533747508], [72.90109264184709, 19.07264414358403], [72.9011286223004, 19.072657913312355], [72.90138388283884, 19.072755602368595], [72.90150189713461, 19.072800766610825], [72.90156823580737, 19.072826154496447], [72.901601692311, 19.072838958341414], [72.90163614624166, 19.072853159060784], [72.90186916188958, 19.072949201314273], [72.90194851986719, 19.06664528610213]]]}}, {"type": "Feature", "properties": {"grid_id": "cell_0434", "ward_id": "C", "ward_gid": 3, "area_m2": 524309.9609633454, "LST_C": 36.814276701716736, "NDVI": 0.13727276288240112, "NDVI_prev": 0.12605718396702495, "impervious_pct": 96.78764752861831}, "geometry": {"type": "Polygon", "coordinates": [[[72.82748749545335, 18.9483601261498], [72.82737054326032, 18.957391326411624], [72.83205720521629, 18.957446225331292], [72.83206348835897, 18.957370187528422], [72.83206628143502, 18.957343663493724], [72.83206460136094, 18.957273207700545], [72.83205581156246, 18.957176615113678], [72.83204045400659, 18.957088782259003], [72.83203072469655, 18.957040070336223], [72.83202867907949, 18.957029827867487], [72.83202456646919, 18.956998766348246], [72.83202180895819, 18.95692331195747], [72.83202134273364, 18.95684994561394], [72.83202216406872, 18.956835757799677], [72.83202640858326, 18.95673704061028], [72.83203621198675, 18.956571074892004], [72.83203659816913, 18.956552066711595], [72.83203709982956, 18.95652735580162], [72.8320768542406, 18.956385218032377], [72.83207967662008, 18.956330671844093], [72.83208183236817, 18.95628900963849], [72.83211149131044, 18.955874590923102], [72.83211243241415, 18.95586141796411], [72.83218572419092, 18.955054349875862], [72.83214668009822, 18.954898636376235], [72.83214889437487, 18.95484997119082], [72.83213969509791, 18.954768383261044], [72.8321159040811, 18.954658563965417], [72.83206443893138, 18.954562223596234], [72.83204891752753, 18.95453261923537], [72.83193587149444, 18.95431701823059], [72.83181425918917, 18.954136370625985], [72.83180497157345, 18.954123108694052], [72.83179879577925, 18.954112421330905], [72.8317914922977, 18.95409019428319], [72.83179092048991, 18.954088456044815], [72.83178300221235, 18.954072223959983], [72.83177648659566, 18.954047431842223], [72.83177219276645, 18.95402569525246], [72.83176923849176, 18.954004394352214], [72.83176905086727, 18.95399966720845], [72.83176396765211, 18.953965115877665], [72.83176734047304, 18.953926709925508], [72.83177657770929, 18.95389730130823], [72.83178311215899, 18.953877300123143], [72.83180208460688, 18.953819248352556], [72.8318043294398, 18.953812367396047], [72.83182724450987, 18.953741819095818], [72.83185012613156, 18.953670698636213], [72.83222733418427, 18.952535994134788], [72.83225589255271, 18.95245008589048], [72.83225784207085, 18.952443428187987], [72.83231022994559, 18.95226450371098], [72.83236491271025, 18.95207774859428], [72.83252916505499, 18.951521535666433], [72.83255030500382, 18.951450925799662], [72.83276446294838, 18.950735605897847], [72.83276485629811, 18.95073429199116], [72.83278142241134, 18.950678959619236], [72.83278163076304, 18.950678262932524], [72.83283554227886, 18.950452417192626], [72.8328967698965, 18.950249354082235], [72.83293607475171, 18.95012358037497], [72.83317582250885, 18.949355598216545], [72.83317590864179, 18.94935532372917], [72.83324506471143, 18.949128884594714], [72.83330496028836, 18.948945597904984], [72.83334863356023, 18.948798464225845], [72.83338715237488, 18.94867704300168], [72.83344112515921, 18.94849212435824], [72.83345986144715, 18.94843003287536], [72.82748749545335, 18.9483601261498]]]}}, {"type": "Feature", "properties": {"grid_id": "cell_0435", "ward_id": "D", "ward_gid": 4, "area_m2": 524201.70946137625, "LST_C": 34.43592027788266, "NDVI": 0.13894057822014724, "NDVI_prev": 0.14852568314927284, "impervious_pct": 90.52091849992712}, "geometry": {"type": "Polygon", "coordinates": [[[72.81787865928099, 18.957279776643123], [72.82580958407743, 18.95737301523436], [72.82580741378119, 18.95736841566433], [72.82574261846902, 18.95723010475484], [72.82569665594671, 18.957123590863507], [72.82566229820966, 18.957062034520593], [72.82559494845822, 18.956941372123918], [72.8255582114829, 18.956862628692168], [72.82555347150293, 18.956846735374334], [72.82554495752544, 18.956819083438592], [72.82554492929485, 18.956818990975158], [72.82553360294403, 18.956781708035525], [72.82553183583353, 18.956776100658693], [72.82552824147201, 18.9567646919024], [72.82552317982011, 18.95675222898795], [72.82550063477991, 18.956703264449253], [72.8254122483887, 18.956506938667758], [72.82532573036696, 18.9563140617405], [72.825248745169, 18.95613835737296], [72.8251746263227, 18.955971497889365], [72.82516894022541, 18.95595916854712], [72.82511807659276, 18.955848876524442], [72.82509570806303, 18.955800372879242], [72.82505916115318, 18.955719524318067], [72.82505520762876, 18.955710779557965], [72.82503173482885, 18.955658853155064], [72.82504218926789, 18.955647761047743], [72.82511776536236, 18.95556756017342], [72.82521018121429, 18.955470828614594], [72.82530410469563, 18.955371590996755], [72.82534360377777, 18.95532782936051], [72.8254398262024, 18.955226260238085], [72.82550831065618, 18.955150146274665], [72.82561203577399, 18.955038951473593], [72.82562384908582, 18.95502658376031], [72.82551889987516, 18.954941397314172], [72.82534859610028, 18.95480316282238], [72.82530525527793, 18.95475736798285], [72.82515720903342, 18.95460093891215], [72.82511813935386, 18.954544865219354], [72.82510415667171, 18.95450205192329], [72.82510378497841, 18.954500913829946], [72.82509687622309, 18.95445823374677], [72.82509607815962, 18.954423909326714], [72.82510660777166, 18.954379067246123], [72.82512559897849, 18.954331454870477], [72.82512852927597, 18.95432342210413], [72.82519950943703, 18.954128846993346], [72.8252266454799, 18.95405445995316], [72.8252578021414, 18.953909573955155], [72.82526266971128, 18.95389256890023], [72.82527872129846, 18.953836491837606], [72.8252916459041, 18.953752021723865], [72.82531722219956, 18.9535848648537], [72.82533176762111, 18.95348980128875], [72.82534076388968, 18.953431005027976], [72.82534720033179, 18.953406073808413], [72.82537088405239, 18.953366590156296], [72.82537202459665, 18.953364688746227], [72.82541542276546, 18.9531408113145], [72.8253963288653, 18.953135057334823], [72.8253859984927, 18.953131944126447], [72.82532937359301, 18.953113057877875], [72.82530731815234, 18.953105701696597], [72.82512505055159, 18.953012114272553], [72.82512273943716, 18.95301090749612], [72.82497092405096, 18.952931594699383], [72.82490117502459, 18.952892673084413], [72.82484678968218, 18.95286033857593], [72.82481602902871, 18.952844172340342], [72.82478691202591, 18.95282643837283], [72.82472141351158, 18.952794517143822], [72.82461750722376, 18.952738635088405], [72.82447348318745, 18.952673900704823], [72.82438220508558, 18.95263629421943], [72.82428986887743, 18.95259192794976], [72.82418101869638, 18.952542355579627], [72.82404413722763, 18.95248072433549], [72.82393318295998, 18.952431196676482], [72.82381028636111, 18.952381899051456], [72.82363943768279, 18.952307126424014], [72.82353218925628, 18.952255075917147], [72.82344906817933, 18.952219069632037], [72.82331389128208, 18.95213307273086], [72.82319826457253, 18.952058702658757], [72.82309281222216, 18.9519924828807], [72.82296845164363, 18.951903884079968], [72.82295573274668, 18.9518948231507], [72.82293623677472, 18.95188093419464], [72.82293049533463, 18.95187684184194], [72.8228429180287, 18.951807737375237], [72.82282106752564, 18.951791602353158], [72.82281238867625, 18.951785190252913], [72.8227991066701, 18.95178089911141], [72.82277904867058, 18.951781719368913], [72.8227668996687, 18.951782804161144], [72.82275240981296, 18.951782782061315], [72.82274892560972, 18.951782729384774], [72.82273517573378, 18.951782524487196], [72.8227162437394, 18.951777701784078], [72.82268485794737, 18.95177448146309], [72.82265559166682, 18.95175862782408], [72.82257883349158, 18.951717045179326], [72.82239657957098, 18.951618628488628], [72.82225159833536, 18.951538781570925], [72.82223433320651, 18.95152965543211], [72.8220562192844, 18.951435505289197], [72.82192470516996, 18.951360263130574], [72.82192159179162, 18.9513584832583], [72.8218557061967, 18.951334313710188], [72.82171923647421, 18.95125749751485], [72.8215165143435, 18.951153709879662], [72.82144938035213, 18.95111318023154], [72.82141658897426, 18.95108779538677], [72.82138437885396, 18.95106209671465], [72.82134078181419, 18.951029095949497], [72.82131894821256, 18.951017235168976], [72.82130904380546, 18.951012001797892], [72.82119142042053, 18.950949850750096], [72.82115480492025, 18.950929396934537], [72.82109397586272, 18.950916682042912], [72.8210487643661, 18.950902452634303], [72.82086736857158, 18.950845335134712], [72.82065396414723, 18.95077465717412], [72.82036643909464, 18.9506849726477], [72.82035501668771, 18.950681284006137], [72.8202607221384, 18.95065082737242], [72.82019279425691, 18.95058339720221], [72.82013561902622, 18.950526638973106], [72.82012826477035, 18.950519338183742], [72.82011657399265, 18.95050737256696], [72.81999732054474, 18.95040167656307], [72.81999664391833, 18.950401075166397], [72.81995815716436, 18.95036699522004], [72.8199004481665, 18.950315894956464], [72.81980614522915, 18.95023642656607], [72.81978612922882, 18.95021854152679], [72.81963341648257, 18.95008209426318], [72.819595109319, 18.950044067341103], [72.81952377623655, 18.949979898297943], [72.81948964738768, 18.9499423486579], [72.819409073427, 18.94986953149761], [72.81926976025166, 18.949741285109205], [72.81923743957148, 18.9497117224991], [72.81923679225669, 18.949711130477517], [72.81918751845815, 18.949666067267803], [72.81914178471958, 18.949627932107013], [72.81895005275494, 18.949474382786413], [72.81892459943565, 18.94945642374751], [72.81872458375024, 18.949701064470105], [72.81796629964897, 18.95054198365683], [72.81787865928099, 18.957279776643123]]]}}, {"type": "Feature", "properties": {"grid_id": "cell_0436", "ward_id": "K/E", "ward_gid": 19, "area_m2": 524085.8336334991, "LST_C": 32.568806491415174, "NDVI": 0.35691437352718863, "NDVI_prev": 0.33821151870585264, "impervious_pct": 60.22875527239101}, "geometry": {"type": "Polygon", "coordinates": [[[72.85352439011028, 19.13834846975638], [72.85364112357422, 19.12931728985961], [72.84799479600879, 19.129251290850874], [72.84834972391774, 19.132012368602314], [72.84859600278656, 19.133863866220512], [72.84872995518691, 19.134870894142125], [72.84873258308049, 19.134888103267055], [72.84874058196344, 19.134940486385982], [72.84874389675564, 19.134969413524487], [72.84895303166016, 19.13623783841054], [72.84912739635799, 19.137320457699268], [72.84917354193634, 19.137700967093213], [72.84924600111661, 19.13829845360258], [72.85352439011028, 19.13834846975638]]]}}, {"type": "Feature", "properties": {"grid_id": "cell_0437", "ward_id": "F/S", "ward_gid": 6, "area_m2": 519763.64316992165, "LST_C": 37.148452153119706, "NDVI": 0.2396775694396479, "NDVI_prev": 0.21730054880637334, "impervious_pct": 72.0483914260516}, "geometry": {"type": "Polygon", "coordinates": [[[72.84600631883521, 18.98470685382227], [72.85549993253142, 18.98481711630451], [72.85557644625999, 18.97884094973814], [72.85556885362215, 18.978842707084514], [72.85472338319207, 18.979038392273164], [72.85465112398626, 18.97905496970963], [72.85289771156246, 18.979457221755183], [72.85102366227126, 18.979887128220305], [72.85056256170493, 18.979992901253233], [72.85015800550968, 18.980087880467973], [72.85002527036681, 18.980015604675923], [72.84991812805285, 18.980053014402305], [72.84980066242399, 18.9800882465329], [72.84975892159311, 18.980099931315248], [72.84967696169429, 18.980131381076312], [72.84953259628668, 18.98018555270484], [72.8493630515532, 18.980259771367365], [72.84908534166546, 18.9803714522542], [72.84902447892209, 18.980394620052188], [72.84899436803441, 18.98040742075258], [72.84891557660497, 18.98044091493018], [72.84887235286006, 18.980459230294347], [72.84884100523301, 18.980472513389557], [72.84860847755505, 18.980571549925443], [72.84840795039497, 18.980655098628603], [72.84822511633999, 18.980730462371067], [72.84820593635332, 18.980738780654566], [72.84819427313803, 18.980743644626497], [72.84807269225178, 18.980794354855288], [72.84791737633458, 18.98085444786827], [72.84790246945725, 18.980860216208793], [72.84671426567026, 18.98137044103505], [72.8466445668371, 18.98140037089137], [72.84664268694019, 18.981401177311973], [72.84657841395143, 18.981428776620913], [72.84677216249192, 18.981834179177806], [72.84675275094801, 18.981842695122772], [72.84672376112066, 18.981855411807203], [72.84665224807266, 18.981886782923894], [72.84634858669641, 18.982013653726643], [72.84624615188359, 18.982056450624167], [72.84609178119932, 18.982120948216036], [72.84606401146662, 18.982132549908364], [72.84603928708388, 18.982143460764064], [72.84600631883521, 18.98470685382227]]]}}, {"type": "Feature", "properties": {"grid_id": "cell_0438", "ward_id": "P/N", "ward_gid": 21, "area_m2": 517530.59858526307, "LST_C": 29.341170248510497, "NDVI": 0.5221936287135893, "NDVI_prev": 0.4056650674725011, "impervious_pct": 0}, "geometry": {"type": "Polygon", "coordinates": [[[72.80493650288659, 19.219065083573614], [72.79542983852416, 19.21895089065281], [72.79535153029957, 19.224820021265668], [72.79595988383296, 19.22450749659254], [72.7962866992208, 19.22437117671732], [72.79661774829303, 19.22438635453114], [72.79684782876966, 19.22439690355934], [72.79752711420775, 19.22442588991851], [72.79839091969923, 19.224462744991484], [72.80055423891874, 19.22355783252917], [72.80232187778408, 19.223052915722633], [72.80269659652585, 19.222945876563486], [72.80407159763227, 19.222715025779962], [72.80461312473413, 19.222358805411], [72.80489521489001, 19.222173244298833], [72.80493650288659, 19.219065083573614]]]}}, {"type": "Feature", "properties": {"grid_id": "cell_0439", "ward_id": "N", "ward_gid": 10, "area_m2": 516731.0797196879, "LST_C": 33.4831865434412, "NDVI": 0.27858863462511807, "NDVI_prev": 0.27204674751694247, "impervious_pct": 61.29712357383897}, "geometry": {"type": "Polygon", "coordinates": [[[72.90183481517377, 19.075676811046282], [72.9113339429061, 19.075784704949417], [72.91144713373302, 19.066753125086016], [72.91087225257259, 19.066746612295876], [72.91065546003269, 19.067158554541752], [72.91060811423107, 19.067545871918025], [72.9102661722478, 19.067915702866195], [72.9101127505603, 19.068081636892604], [72.90987089236975, 19.06952443769461], [72.90986690184447, 19.069563824630478], [72.90950763323077, 19.06951277456452], [72.90925052225533, 19.07040074320125], [72.90848080408891, 19.0703993877644], [72.90824529494479, 19.070398972383735], [72.90767934807964, 19.07035235797316], [72.90759797389096, 19.070748427520197], [72.90741961768937, 19.071731427624922], [72.90735874862254, 19.071851397838024], [72.90734795315079, 19.071871946803626], [72.90730207977232, 19.071959265664145], [72.90706973843362, 19.071910071258202], [72.90694934509213, 19.071884579861266], [72.9067212685065, 19.071839152709885], [72.9066742066373, 19.071831033484738], [72.90637579947739, 19.071779551286557], [72.9063425119328, 19.071773808402554], [72.90619611027246, 19.071751667476093], [72.90608143875792, 19.07173432512889], [72.90595452745829, 19.071715131660717], [72.90589845083733, 19.071706650848654], [72.90567649607851, 19.071666008828114], [72.90551210945769, 19.07163590788283], [72.90535455678067, 19.071607058175605], [72.90521513264109, 19.071581527890594], [72.90476900945707, 19.072156554597438], [72.90468074727252, 19.072300283828987], [72.90465649436908, 19.072317406462926], [72.90444848975577, 19.07246565462816], [72.90416180623349, 19.07266997769435], [72.90391317080646, 19.07284718257445], [72.90374375897633, 19.072973012951348], [72.90356232829467, 19.073107769919037], [72.90321738675837, 19.07336397278832], [72.90317364294626, 19.073396463086326], [72.9030051432179, 19.07353408586889], [72.90294865397732, 19.073580223573654], [72.90293247303897, 19.073593439385206], [72.90289921794728, 19.073620600520712], [72.90289921637718, 19.0736206014784], [72.90285704956078, 19.07364367806505], [72.90277096414971, 19.073633826247583], [72.90268039580083, 19.073539516912135], [72.90226957330556, 19.072771037176533], [72.90222510085567, 19.072798239417963], [72.90221458996312, 19.072804668592475], [72.90193436170911, 19.072976074708095], [72.90186916188958, 19.072949201314273], [72.90183481517377, 19.075676811046282]]]}}, {"type": "Feature", "properties": {"grid_id": "cell_0440", "ward_id": "P/N", "ward_gid": 21, "area_m2": 515792.672872424, "LST_C": 30.08201973291023, "NDVI": 0.45863319865742785, "NDVI_prev": 0.49686742433651987, "impervious_pct": 3.8075881630316624}, "geometry": {"type": "Polygon", "coordinates": [[[72.78592324178945, 19.21883620513673], [72.78604419600471, 19.20980551208259], [72.78049482250626, 19.209738367880384], [72.78049731949663, 19.209797890552174], [72.78037376220838, 19.210233520765627], [72.78044401695183, 19.210580007322786], [72.78074979014494, 19.210919181269652], [72.78102292130782, 19.21129862245905], [72.78108329692671, 19.21158399472832], [72.78127097229684, 19.211952234806386], [72.78133066644077, 19.212288427515258], [72.78145387445606, 19.212676218205367], [72.7814860322951, 19.213469536144235], [72.78153311806297, 19.213947896613746], [72.78152575202688, 19.21449675787096], [72.78151947705746, 19.214964306298526], [72.78147258675197, 19.21526871078555], [72.78130527325247, 19.21577497150124], [72.78110613293433, 19.21626051491096], [72.78086050843558, 19.217019969801726], [72.78080387168562, 19.217253095611213], [72.78065025590604, 19.217535874960294], [72.78050856765032, 19.217727307033122], [72.78029184517843, 19.217927995254936], [72.78060962587911, 19.218139410528895], [72.78061062924347, 19.21814038189986], [72.78063163414059, 19.2181607211832], [72.78063389766007, 19.218162913360896], [72.78067323368278, 19.218201010003835], [72.78078627883615, 19.218292260360162], [72.78088850051867, 19.21837477369824], [72.78103926486558, 19.21846924479035], [72.7810366076144, 19.218504483053337], [72.78103466322759, 19.218530266993135], [72.78100987879205, 19.21857896960093], [72.78097027014984, 19.218568061186158], [72.78091357523803, 19.21857353142527], [72.7808832937, 19.21861660271012], [72.78085035915379, 19.218698494437103], [72.78084900087265, 19.218701790962346], [72.7807677488829, 19.218666659525017], [72.78064470606613, 19.21877231298898], [72.78592324178945, 19.21883620513673]]]}}, {"type": "Feature", "properties": {"grid_id": "cell_0441", "ward_id": "N", "ward_gid": 10, "area_m2": 513775.1207465462, "LST_C": 29.68091028040531, "NDVI": 0.5351267551719362, "NDVI_prev": 0.4573733546132161, "impervious_pct": 0}, "geometry": {"type": "Polygon", "coordinates": [[[72.94944222494314, 19.067179595486262], [72.94933108974047, 19.076211392539292], [72.95307694593747, 19.076253032365067], [72.95343477673977, 19.075407726168724], [72.95356762170493, 19.07507041398285], [72.95361817823304, 19.074955412785886], [72.95361845206327, 19.07494317333419], [72.95361861173893, 19.07493597395998], [72.95365846062836, 19.07482231360395], [72.95382296216818, 19.074353049107767], [72.95399406303196, 19.073855440541283], [72.95433355808348, 19.07287301589511], [72.95442294533765, 19.0726924199677], [72.95448367207929, 19.07256972308431], [72.95446160206599, 19.071757212274388], [72.95442500823377, 19.07077049313298], [72.95441476084312, 19.07036894316015], [72.95440555196875, 19.070008094104747], [72.95438978503469, 19.069556518316], [72.95438100629673, 19.069294607673484], [72.95437568563396, 19.069135883882463], [72.95437571132747, 19.069131545589908], [72.95437571105714, 19.06913141280095], [72.9543757193792, 19.069130038061896], [72.95534004797408, 19.067405509878956], [72.95542919653698, 19.067246081421597], [72.94944222494314, 19.067179595486262]]]}}, {"type": "Feature", "properties": {"grid_id": "cell_0442", "ward_id": "L", "ward_gid": 24, "area_m2": 513163.0108779317, "LST_C": 33.06962654309457, "NDVI": 0.30893288662668633, "NDVI_prev": 0.2505332132593928, "impervious_pct": 38.86269411620129}, "geometry": {"type": "Polygon", "coordinates": [[[72.90149331600814, 19.10277132891989], [72.90137935453782, 19.111802815878363], [72.90493052014008, 19.1118432818623], [72.90493428907385, 19.111841884027143], [72.90628346290323, 19.111353953837767], [72.90643185152116, 19.111221569092116], [72.90671379752827, 19.11095860865197], [72.90690054213619, 19.11054080661142], [72.90700840916507, 19.1103039304288], [72.90727640892258, 19.109906629683337], [72.90762828139697, 19.10939332879877], [72.90775424652098, 19.109114245997976], [72.90800999583514, 19.10813679935135], [72.90732750315165, 19.107608813499], [72.90698082646362, 19.107321452436903], [72.9067945673228, 19.107168338114697], [72.90672203544351, 19.107071098782136], [72.90630118701637, 19.106399620088407], [72.9061370873393, 19.106172719875666], [72.90599929589641, 19.10598219950131], [72.90575243270544, 19.105637885690474], [72.90559538866587, 19.10541786979426], [72.9052085867381, 19.104876812234174], [72.90500772377564, 19.104595844057663], [72.9045984355914, 19.103276218675326], [72.90459050958194, 19.103270929858052], [72.90397892164428, 19.10286997164653], [72.90389659394936, 19.10279870963512], [72.90149331600814, 19.10277132891989]]]}}, {"type": "Feature", "properties": {"grid_id": "cell_0443", "ward_id": "A", "ward_gid": 1, "area_m2": 512658.0058356205, "LST_C": 31.635504760809493, "NDVI": 0.3225059295074674, "NDVI_prev": 0.3433528250066093, "impervious_pct": 55.88898829203784}, "geometry": {"type": "Polygon", "coordinates": [[[72.80897603415609, 18.912012217297907], [72.80909367223974, 18.902981084016027], [72.80367184019921, 18.902917046552737], [72.80365315619301, 18.903033884054096], [72.80364789279986, 18.90308456458384], [72.80364788292779, 18.903084666534333], [72.80363449446308, 18.90321360790545], [72.80362771031966, 18.903296595955222], [72.80362770776168, 18.90329664650696], [72.80362052264299, 18.90338454168607], [72.80357840503201, 18.90358191492227], [72.80357426923723, 18.9037482301765], [72.80357426720363, 18.90374831325144], [72.80357426151546, 18.90374853086737], [72.80357425929321, 18.903748628392076], [72.80357425583294, 18.903748820743353], [72.80357424636055, 18.903749182834517], [72.8035742380964, 18.90374952506847], [72.80357422921354, 18.903749842004103], [72.80357382916513, 18.903765945830152], [72.80354633894437, 18.904102857150956], [72.80355073124186, 18.904530027910106], [72.80354537735683, 18.904665840446707], [72.80354467609773, 18.904810408110123], [72.80354380200713, 18.904841447884237], [72.80354379953715, 18.904841564374212], [72.80354379026481, 18.904841911112438], [72.80354378245462, 18.904842145864993], [72.80354377544003, 18.904842392369204], [72.80354376606157, 18.904842747235428], [72.80354376398071, 18.904842833922796], [72.80354375709582, 18.904843070492774], [72.8035437543019, 18.904843139106713], [72.80353900231366, 18.90501193098377], [72.80353863239124, 18.90508838037251], [72.80353863203679, 18.905088552889], [72.80353863048028, 18.905088672099556], [72.80353832304846, 18.90515212175411], [72.80354250672191, 18.905257268853667], [72.80354820440282, 18.905301410311512], [72.80355994413699, 18.90553325438333], [72.80355954337612, 18.905615989118843], [72.80355937017686, 18.905651277034398], [72.80355936950951, 18.9056515461949], [72.80360220689712, 18.90620350483576], [72.80370457011547, 18.90672055689803], [72.80379433463295, 18.90720967506568], [72.80382418858392, 18.907377797742903], [72.80398751493883, 18.908084545029514], [72.80409626185791, 18.908415390797135], [72.80418176585977, 18.908631246238297], [72.804214118024, 18.908715057489932], [72.8042141317977, 18.908715092879547], [72.80424775455482, 18.90880219162711], [72.8043298319708, 18.909031561574196], [72.80432988691253, 18.9090317148731], [72.80433700419884, 18.909051606400986], [72.80443175393651, 18.909268879914183], [72.80448788951219, 18.90943971777169], [72.80453054829347, 18.909530318652244], [72.8045401512947, 18.90955071106419], [72.80454034877268, 18.909551141539684], [72.80460333794419, 18.909688295131893], [72.80460334901277, 18.90968831965052], [72.80462084760838, 18.909726421500064], [72.80484635511094, 18.91021155873657], [72.80545626267923, 18.911134145062494], [72.80603982791612, 18.911977541378274], [72.80897603415609, 18.912012217297907]]]}}, {"type": "Feature", "properties": {"grid_id": "cell_0444", "ward_id": "M/E", "ward_gid": 16, "area_m2": 511047.6587429956, "LST_C": 34.79760652053577, "NDVI": 0.3707090018456641, "NDVI_prev": 0.35760807182115595, "impervious_pct": 41.464317970643485}, "geometry": {"type": "Polygon", "coordinates": [[[72.90240269725776, 19.030519091499166], [72.90251608133933, 19.021487519161536], [72.89791041675134, 19.02143517373198], [72.8979099254304, 19.021464552964623], [72.89790016371342, 19.021764333900066], [72.89789917162828, 19.021794800831906], [72.89788719256872, 19.02213421037672], [72.89786692905069, 19.022650005797374], [72.89786377717633, 19.022730234065463], [72.89784873370611, 19.023123081490482], [72.89784424841986, 19.02324021017577], [72.89784424837143, 19.023240211006243], [72.89783300035599, 19.02344522591217], [72.89783224248292, 19.023461555276345], [72.89782087422519, 19.023706505560074], [72.89781482628266, 19.023836819611212], [72.89781364785206, 19.023862211353826], [72.89778937636186, 19.024385142540247], [72.89776878996507, 19.024828672667994], [72.897745331743, 19.02533406959796], [72.89774057732309, 19.02543650121066], [72.89773917079019, 19.025622010748652], [72.89773706042814, 19.025645290008942], [72.89773699591898, 19.025821819554672], [72.89774409519856, 19.025992187131756], [72.89774741309945, 19.02623226078968], [72.89774231681703, 19.026333416605073], [72.89773041188899, 19.026569716797844], [72.897729371454, 19.026594047658946], [72.89772020967179, 19.026798580512875], [72.89771064451621, 19.027012117615484], [72.89770356994325, 19.027108085202958], [72.89769637891962, 19.02725223969761], [72.8976913555987, 19.027331073115988], [72.8976831420433, 19.02745997319929], [72.89768256688023, 19.027465200784125], [72.89767943563146, 19.027491735847104], [72.89762640120095, 19.027751100652907], [72.8976159893663, 19.027802019577855], [72.89761369966716, 19.02781858040347], [72.89761154276296, 19.027856081577305], [72.89760989435968, 19.027871530497887], [72.89760668441174, 19.02791136908927], [72.89760563827375, 19.027938467829454], [72.89758490887293, 19.027988537104637], [72.89756069830852, 19.028057836389667], [72.89750922416657, 19.028205173529816], [72.89743018921689, 19.028425222017397], [72.89741263469519, 19.028474097060037], [72.89734766912314, 19.02868324064928], [72.8971560638489, 19.029038005544248], [72.89696130125702, 19.029395702178366], [72.89691745738594, 19.029487679170234], [72.89692650386563, 19.02978416802974], [72.89692318621049, 19.02984412324432], [72.89692042983845, 19.029903643578088], [72.89691671921435, 19.030004095182775], [72.89691257593711, 19.030088867621064], [72.89690897615078, 19.030140870548017], [72.89690394342479, 19.030213574568293], [72.8968982252582, 19.03029634419475], [72.89689190339554, 19.03038771671407], [72.89688713608396, 19.0304563625028], [72.90240269725776, 19.030519091499166]]]}}, {"type": "Feature", "properties": {"grid_id": "cell_0445", "ward_id": "H/E", "ward_gid": 18, "area_m2": 509249.6975871701, "LST_C": 38.57752768218769, "NDVI": 0.17383610367286784, "NDVI_prev": 0.1689384749052878, "impervious_pct": 79.8170699906123}, "geometry": {"type": "Polygon", "coordinates": [[[72.8599413770501, 19.093260361768962], [72.86020628822357, 19.093120539209036], [72.86033929978953, 19.093048158877906], [72.86014486675346, 19.092736518071863], [72.85951701315709, 19.09169076062347], [72.85837217057902, 19.089835265620923], [72.85769813850118, 19.088742991445876], [72.85807990178701, 19.088639644602253], [72.85863876384991, 19.088438748024803], [72.85889066388562, 19.08835871848256], [72.85895609863749, 19.088359479072594], [72.8591841870382, 19.08843471816423], [72.85917514775531, 19.08828943699576], [72.85915533601704, 19.088133660903832], [72.85915813574553, 19.08791593042723], [72.85925802070687, 19.087782284875516], [72.85937945039032, 19.08766962907019], [72.8596649980007, 19.08751740125859], [72.85975410985567, 19.08737326047634], [72.85976180537587, 19.087137790954905], [72.85976255598324, 19.08707939784734], [72.85976467133413, 19.08691483408499], [72.85973880063345, 19.08675525432138], [72.85970693576874, 19.086627460981965], [72.85963632606219, 19.08647267171494], [72.85951635051966, 19.08624828755148], [72.85945173535231, 19.086061710666627], [72.85942627323512, 19.08587028072079], [72.85942287349218, 19.085700343736338], [72.85943601956805, 19.085546526458618], [72.85947838093298, 19.08529217243062], [72.85948097400986, 19.08509045015126], [72.85947121285861, 19.08498814480545], [72.85943848844921, 19.08492005901531], [72.85937904776964, 19.08476539832481], [72.85929850039055, 19.084514925322047], [72.85927848670768, 19.0843341769759], [72.85928517190227, 19.084220127579837], [72.85422380545815, 19.084161247304518], [72.85412539834782, 19.091796447805766], [72.85418190349692, 19.091824238641944], [72.85427832101884, 19.0918731895152], [72.8543858295799, 19.091918580648514], [72.85454171366601, 19.092034196355453], [72.85469387100049, 19.092142782736364], [72.85478461785377, 19.092200488537095], [72.85492221148729, 19.092283097213556], [72.85508724812088, 19.092360867810577], [72.85520722244843, 19.09240318989665], [72.85529718157296, 19.092428999462285], [72.85539210870448, 19.09244767148026], [72.85549202705563, 19.09246632660041], [72.8556244055067, 19.092487252856806], [72.85572932633944, 19.092508264893087], [72.85581677927405, 19.092531709208732], [72.85591675832634, 19.092566977549875], [72.8559942457425, 19.092595198718836], [72.85606425239743, 19.092625818539645], [72.85611179249611, 19.092656514619915], [72.8561568384662, 19.09268721688251], [72.85619939483955, 19.092720302759517], [72.85633718097182, 19.092855117469814], [72.85645237290677, 19.092954411296912], [72.85671040359328, 19.093205113407873], [72.85672918392889, 19.093223006043555], [72.8599413770501, 19.093260361768962]]]}}, {"type": "Feature", "properties": {"grid_id": "cell_0446", "ward_id": "K/W", "ward_gid": 14, "area_m2": 508639.42465243395, "LST_C": 34.2966944701187, "NDVI": 0.2701130379722797, "NDVI_prev": 0.2327972891602619, "impervious_pct": 79.31781408215457}, "geometry": {"type": "Polygon", "coordinates": [[[72.84402204724154, 19.138237248378804], [72.84390473195369, 19.147268362269504], [72.84596841735645, 19.14729256966099], [72.84607657830392, 19.147222374409477], [72.84609362167168, 19.147206290872692], [72.84629357234635, 19.147067755737503], [72.84612515875735, 19.146842324654116], [72.84607443425686, 19.146774425305036], [72.84602370856507, 19.146706527087265], [72.84593130874408, 19.146582842159376], [72.84607694804319, 19.14650354377972], [72.8463157853138, 19.146372137884736], [72.8464599044074, 19.14620855235786], [72.84645993527339, 19.146208517492894], [72.84645998638823, 19.146208460284026], [72.84646005783632, 19.146208377155382], [72.84653532092625, 19.146120776017774], [72.84667342889496, 19.146126546047814], [72.84676611994972, 19.146155026142285], [72.84681910211526, 19.146179058404794], [72.84692146944423, 19.14622548830513], [72.84697861190237, 19.14625140648979], [72.84699327725502, 19.146258560469136], [72.84701483422474, 19.146269076713658], [72.84705105749393, 19.14628674784535], [72.84705695271863, 19.146289624227922], [72.84715886117908, 19.14629839574049], [72.84716771681774, 19.146299159782664], [72.84737685263015, 19.146264003387138], [72.84745783818795, 19.146239826508975], [72.84746432522333, 19.146237890971726], [72.84746732785248, 19.14623699309243], [72.84747271670015, 19.146235385214066], [72.84755811209175, 19.146189600911743], [72.84774110264074, 19.146091489226585], [72.84796347629124, 19.145825130386235], [72.84801181700237, 19.145776436009147], [72.84817184423605, 19.145568487838894], [72.84819345733025, 19.145537734170023], [72.84826969314166, 19.14542926589863], [72.84829909073721, 19.14538688369855], [72.84830127934465, 19.14538147537195], [72.84831794056466, 19.14527339871107], [72.84831794991338, 19.14527333739948], [72.84834007116532, 19.145203165466615], [72.84836799224313, 19.145072987602617], [72.8483889408879, 19.144975317338087], [72.84843605289109, 19.144801442230396], [72.84845950631173, 19.144699028067556], [72.84847378163063, 19.144641399808183], [72.84839346890206, 19.144479304039017], [72.84838006595993, 19.144246494029243], [72.84837519734835, 19.144161942405404], [72.8483574810844, 19.14384192267844], [72.84875365333414, 19.143750015523032], [72.84880562476282, 19.143738710090375], [72.84883590370501, 19.143732123085737], [72.84905344197207, 19.143676174238454], [72.84905359550316, 19.143676134486103], [72.84905381577525, 19.143676078353252], [72.84905394545609, 19.14367604554772], [72.84905419150236, 19.14367598068405], [72.84920392375625, 19.143626844185885], [72.8492468834182, 19.143618455129136], [72.84941717922595, 19.143585200130218], [72.84997650289054, 19.14355746773086], [72.84996892431843, 19.1435093554704], [72.8498906755369, 19.143012594220274], [72.84983783817381, 19.14267715610083], [72.849635103803, 19.141323064774966], [72.84950032150344, 19.140479151698848], [72.84934712809314, 19.139204438132115], [72.84933411998753, 19.13909665875559], [72.84932397798966, 19.13897346416745], [72.84931452599521, 19.138863496274475], [72.84924600111661, 19.13829845360258], [72.84402204724154, 19.138237248378804]]]}}, {"type": "Feature", "properties": {"grid_id": "cell_0447", "ward_id": "R/C", "ward_gid": 11, "area_m2": 506751.59102515, "LST_C": 31.43657518469963, "NDVI": 0.4567903574618836, "NDVI_prev": 0.5133045942927581, "impervious_pct": 13.187784360577401}, "geometry": {"type": "Polygon", "coordinates": [[[72.7855599715641, 19.245928226532705], [72.78568112958618, 19.23689756236576], [72.7791195771017, 19.23681804574144], [72.77911065375733, 19.236856504517903], [72.77908225308794, 19.23697891965592], [72.77933939350913, 19.23783110277573], [72.77941183889281, 19.23801496485173], [72.779474950677, 19.23809705644934], [72.7796447983728, 19.23820077467965], [72.77993263004733, 19.238285592837386], [72.78001386954257, 19.238298913992914], [72.7802713700317, 19.23856417683263], [72.78046894849611, 19.238993533785493], [72.78072057960517, 19.23938288337447], [72.78082472023387, 19.239597626626935], [72.78092872446841, 19.239822533896703], [72.78099033463604, 19.240016429843582], [72.78115553984478, 19.240465725141213], [72.78119479180415, 19.240730509923733], [72.78118108477636, 19.24095398960667], [72.78117712234841, 19.24124874747501], [72.78114242277235, 19.241441475340427], [72.78104337948285, 19.241643588551675], [72.78095367050416, 19.241947472069022], [72.78091828717368, 19.242191020167738], [72.78091514397406, 19.242424793600712], [72.78100571526252, 19.242852852393057], [72.78100888504109, 19.243047315581343], [72.78107244896461, 19.243319990026894], [72.78111233902013, 19.243485237560304], [72.78115222722451, 19.24365048597026], [72.78118806793294, 19.243797509071673], [72.78123601317141, 19.243992572634912], [72.78129931921504, 19.244266222091994], [72.78132740339493, 19.2443866346438], [72.7814436019182, 19.244581909078683], [72.78155270567953, 19.244765152456107], [72.78171729101282, 19.24507350034844], [72.78176154495473, 19.245148976404067], [72.78193582726739, 19.245698480748008], [72.78194050018838, 19.245709384070974], [72.78194517498727, 19.245720289223044], [72.78199327354068, 19.245885012971403], [72.7855599715641, 19.245928226532705]]]}}, {"type": "Feature", "properties": {"grid_id": "cell_0448", "ward_id": "T", "ward_gid": 13, "area_m2": 504166.908526551, "LST_C": 28.96362118756305, "NDVI": 0.6329301661256668, "NDVI_prev": 0.6172998623113967, "impervious_pct": 0}, "geometry": {"type": "Polygon", "coordinates": [[[72.9287554533184, 19.202441675268858], [72.92864233910213, 19.211473221712243], [72.92906771307251, 19.211478030521963], [72.93003999107411, 19.2113479083997], [72.93098476637039, 19.211228233907374], [72.93162934676651, 19.209883063645716], [72.93262603259478, 19.207802067113708], [72.93296306033895, 19.207109229301533], [72.93428743656493, 19.2062610244306], [72.9355095029001, 19.205499311081805], [72.9355088093053, 19.204698899984773], [72.9355256084168, 19.202634438824816], [72.93552828507389, 19.202518089616742], [72.9287554533184, 19.202441675268858]]]}}, {"type": "Feature", "properties": {"grid_id": "cell_0449", "ward_id": "L", "ward_gid": 24, "area_m2": 497200.1167361878, "LST_C": 34.52244299356625, "NDVI": 0.29987869116754984, "NDVI_prev": 0.2564869471861796, "impervious_pct": 67.47477849812716}, "geometry": {"type": "Polygon", "coordinates": [[[72.87356824552761, 19.05728746985793], [72.87366234396512, 19.049905408184202], [72.87348132810583, 19.049942293207923], [72.87345327463161, 19.04994800991929], [72.87339529801153, 19.04995982406073], [72.87307398130851, 19.04998516718039], [72.87306785477438, 19.04998565026391], [72.8726842675057, 19.05000197592487], [72.87255140338705, 19.05000762989693], [72.87224095778232, 19.050000061230577], [72.87204746195083, 19.049966802449102], [72.87199249847235, 19.049946896615626], [72.87189641560276, 19.050076318051353], [72.87184300040514, 19.05014793921323], [72.87183672613672, 19.050156352163466], [72.87175789929853, 19.050262047806985], [72.87171245022071, 19.05032848896025], [72.87171244427877, 19.05032849904446], [72.87163080164748, 19.050447854840577], [72.87143014989209, 19.050738933821446], [72.87135180242777, 19.0508766458481], [72.87127156398496, 19.05092937881738], [72.8712205197074, 19.050996545944788], [72.87109009653831, 19.05108090963156], [72.87108099776174, 19.05108835406315], [72.87103335331473, 19.051127335933586], [72.87091494852226, 19.051193048094216], [72.87044705190387, 19.051310356481782], [72.87029515329922, 19.051340540481828], [72.8702732392087, 19.05133830351679], [72.87010133136143, 19.051320754554954], [72.87000082155656, 19.051311092829387], [72.86991543797332, 19.051302884421055], [72.86976226438706, 19.051299795620476], [72.86959250968054, 19.05130601675682], [72.86956962327771, 19.051306855493337], [72.86943900353174, 19.051314175828786], [72.86930690669244, 19.05132157728842], [72.86917350924155, 19.05137159906105], [72.86914012841993, 19.05138411539748], [72.86910691983178, 19.051396568970294], [72.86896184381666, 19.05138501263619], [72.86888966872263, 19.051412551734174], [72.86886954002536, 19.051647569045265], [72.86858739651483, 19.05164492032291], [72.86840462707245, 19.051853594895547], [72.86828770734196, 19.052071869110815], [72.86817387728539, 19.05221341530847], [72.8679957714548, 19.05236628112247], [72.86787156293572, 19.052408932149678], [72.86783172664913, 19.05242830840259], [72.86774063594966, 19.052474091469524], [72.86772168079231, 19.05248387222212], [72.86768975394766, 19.052501230976546], [72.86768965356674, 19.052501284156968], [72.86768358854451, 19.052504730011286], [72.867645053699, 19.052524447304883], [72.86762051951183, 19.05253655917475], [72.86762038120813, 19.052536630415744], [72.86752565758519, 19.052584965850084], [72.86743078234853, 19.052450512369646], [72.86743078132511, 19.052450512177156], [72.86737674234014, 19.052373930607175], [72.86698866145632, 19.05237325018209], [72.86660823246812, 19.052372582594725], [72.86636739935165, 19.05237172833979], [72.86620183058967, 19.052371140880652], [72.86585702179578, 19.052369915911036], [72.86413232011641, 19.052342325855875], [72.86412641698743, 19.052803396837096], [72.86516886976929, 19.053666533834775], [72.86573117304063, 19.054128033375218], [72.86651396256174, 19.054766593596863], [72.86859684579218, 19.05647991434287], [72.86879328178009, 19.056677576199764], [72.8690426175293, 19.0569284697946], [72.86904347297659, 19.056929321522937], [72.86919346789762, 19.057078605825346], [72.8693544686078, 19.057238844658425], [72.87356824552761, 19.05728746985793]]]}}, {"type": "Feature", "properties": {"grid_id": "cell_0450", "ward_id": "E", "ward_gid": 5, "area_m2": 494010.1128900646, "LST_C": 35.03310507282282, "NDVI": 0.19876092798195544, "NDVI_prev": 0.1870950249106557, "impervious_pct": 91.78197318703191}, "geometry": {"type": "Polygon", "coordinates": [[[72.8272535247928, 18.96642251718767], [72.8367459853117, 18.966533638366183], [72.83679787897408, 18.962511683193338], [72.83666818600518, 18.96250627770533], [72.83656320517579, 18.962503593747005], [72.83653285189527, 18.96250712867326], [72.836402482291, 18.962514435324152], [72.8363054890897, 18.962521639475128], [72.83622915886507, 18.962530686427648], [72.83611203983466, 18.96254150597722], [72.83604733715867, 18.962547267134884], [72.83600807199953, 18.962550297717225], [72.83598429036465, 18.96255220487268], [72.835960201033, 18.962553678478315], [72.83591874769942, 18.962552874428486], [72.83583480062606, 18.962552950468346], [72.83574820101455, 18.96255427720431], [72.83567941002319, 18.962554915044628], [72.83559025109024, 18.962554095463787], [72.83554286413508, 18.962551531996734], [72.83545198746154, 18.962544340552263], [72.83535210014779, 18.962533633958113], [72.83526158059868, 18.96252216694886], [72.83521573174023, 18.962514963262258], [72.83517751955013, 18.962502322669827], [72.8351240642848, 18.962483947968273], [72.83508633256216, 18.962467919425833], [72.83502332634266, 18.962438099867718], [72.83496379087445, 18.962406087094784], [72.83489606551807, 18.962370817168004], [72.83487598001344, 18.962360355690034], [72.83483352731811, 18.962332993816332], [72.83474405555916, 18.96228465690839], [72.8347056926584, 18.96226193318149], [72.83461323569576, 18.962219440639036], [72.83453732030814, 18.96218828765599], [72.83446331201327, 18.962159871234775], [72.83439789875315, 18.962138554630215], [72.83438423366482, 18.962132740465304], [72.8343664448202, 18.962129697161274], [72.83435254693258, 18.96212801539516], [72.83419145315993, 18.962125339776396], [72.8339342223755, 18.962125637047198], [72.83369227949106, 18.962125916742735], [72.83345219101761, 18.962121032199757], [72.83330327316978, 18.96211209501538], [72.8331914650292, 18.962100224458005], [72.83306913358176, 18.96208582625556], [72.83299167477574, 18.96207429959296], [72.8328362174729, 18.9620437184219], [72.83261844717885, 18.961997829439934], [72.83258887375425, 18.961993110735726], [72.8324020284735, 18.961947862458985], [72.83228620496213, 18.961917983083335], [72.83219456627545, 18.961895100591992], [72.83211481205485, 18.96187858330593], [72.83198969160995, 18.961872856473573], [72.83195089421976, 18.961869532736355], [72.8318260436616, 18.961866944163273], [72.83170542200868, 18.96186234015867], [72.83153168772111, 18.96185410557403], [72.8315243934845, 18.961853760046488], [72.8313332340186, 18.96184652623647], [72.83129292699876, 18.961844948354816], [72.83109713968582, 18.961837283859957], [72.83094759521714, 18.961829347316357], [72.83065290368448, 18.961815391499286], [72.8306257737116, 18.96181480731456], [72.83048508289045, 18.961808572853815], [72.83035107216217, 18.961800769890154], [72.830289934651, 18.961797211241546], [72.83021018880584, 18.96179371732529], [72.83019964452396, 18.961793255093173], [72.83012058112024, 18.961788892972447], [72.83004375189451, 18.96178465273556], [72.82999332048465, 18.96178284526853], [72.82991537032935, 18.961780052415037], [72.82982813669388, 18.961773199919772], [72.82982182415691, 18.9617727041437], [72.82965394119218, 18.96176343890406], [72.82962627380941, 18.96176198205326], [72.82952837967402, 18.96175682818985], [72.82938681923869, 18.96174884665107], [72.82931204665876, 18.96174487951188], [72.82910889277022, 18.961735641253153], [72.82898643845728, 18.961727647572094], [72.82882067044915, 18.96172039173007], [72.82846886043522, 18.961711488718056], [72.82801093254291, 18.96169990011069], [72.82792053003905, 18.96169650072886], [72.82792052719233, 18.96169650062322], [72.82792052434563, 18.961696500517572], [72.82731506389425, 18.961673723155638], [72.8272535247928, 18.96642251718767]]]}}, {"type": "Feature", "properties": {"grid_id": "cell_0451", "ward_id": "T", "ward_gid": 13, "area_m2": 477098.0085152402, "LST_C": 31.87580246761196, "NDVI": 0.43565988124787025, "NDVI_prev": 0.42119057474378746, "impervious_pct": 2.9057879289479907}, "geometry": {"type": "Polygon", "coordinates": [[[72.90092286615392, 19.147928668610298], [72.90101857477295, 19.14036117321209], [72.90085519728896, 19.140078353070706], [72.90062702682663, 19.139707234774715], [72.90019943616035, 19.13981088749323], [72.89978468515314, 19.139349831821946], [72.89955828545331, 19.139894635526954], [72.89947356777188, 19.140159914801885], [72.89932469438689, 19.14040412617032], [72.89928899274913, 19.140465579764], [72.89925962480281, 19.14051613186169], [72.89920357238607, 19.14061261484781], [72.89915604963885, 19.1406917702439], [72.89914169041182, 19.140715827408968], [72.89912946758962, 19.14073816748137], [72.89911839051315, 19.140755511992047], [72.8990630379744, 19.14084158906614], [72.89905449594553, 19.140852301804756], [72.89903408631226, 19.140876885950952], [72.89900959732478, 19.14089457392585], [72.8989705618294, 19.140918973126734], [72.8989260465704, 19.14094679811577], [72.89864967838078, 19.141039440432394], [72.89863440686604, 19.14104456080638], [72.89723899878561, 19.141523110559493], [72.89698281057599, 19.141616542941478], [72.89679023210192, 19.14169465810699], [72.89664146775196, 19.141766409664225], [72.8963677367708, 19.14188782878675], [72.89622229181141, 19.141962812848462], [72.89609044757414, 19.14202517659936], [72.89600704626376, 19.142093392588734], [72.89587966641517, 19.14221757671619], [72.89570140987392, 19.142393435205477], [72.89563799603604, 19.14246072187845], [72.89550107127212, 19.14257742387357], [72.89540057784819, 19.14263365337335], [72.89519400930517, 19.142622270077826], [72.89463038182382, 19.14261150571126], [72.89448564477472, 19.142610500456883], [72.8944231482581, 19.1420903448987], [72.89413990697794, 19.14200443634934], [72.89422340455666, 19.142760626123724], [72.89441595146428, 19.14315874270704], [72.89474143843297, 19.143816152263653], [72.89491349853286, 19.144167256680714], [72.8950051693785, 19.144340988301902], [72.89528408177823, 19.144903645799513], [72.89533769558255, 19.145205443682197], [72.89530810608696, 19.145274911965952], [72.89524960038877, 19.145412265308234], [72.89519981391561, 19.14555219274903], [72.89516520311153, 19.145755114379092], [72.89516421470672, 19.14576091290492], [72.8951560152467, 19.145817679182596], [72.89515051935858, 19.145956808634054], [72.89512640708953, 19.146497844938292], [72.89502119237704, 19.146830520540153], [72.89498977651577, 19.14729508664223], [72.89465446738986, 19.147856942202274], [72.90092286615392, 19.147928668610298]]]}}, {"type": "Feature", "properties": {"grid_id": "cell_0452", "ward_id": "K/E", "ward_gid": 19, "area_m2": 472404.30702854955, "LST_C": 32.856138541692935, "NDVI": 0.3848720894235251, "NDVI_prev": 0.39023383820575774, "impervious_pct": 31.129331422308397}, "geometry": {"type": "Polygon", "coordinates": [[[72.88226211904606, 19.12061648611963], [72.88214699792601, 19.129647843407458], [72.88660563025363, 19.12969914599541], [72.88653591196216, 19.12960724533918], [72.88639500701555, 19.12942852119825], [72.88626658358505, 19.129429372188355], [72.88619902953599, 19.129429817739016], [72.88619742997318, 19.12943038362097], [72.88614607565214, 19.12944689819477], [72.88610572707552, 19.12946082409215], [72.886100939541, 19.129461931920087], [72.88605830305714, 19.12947228541025], [72.88600661014439, 19.12948374156953], [72.88593967824843, 19.129497433832764], [72.8858837817109, 19.129507235574227], [72.88582280393253, 19.129517781047696], [72.88572882432159, 19.129531966278435], [72.88565264747947, 19.12954153600926], [72.88558157200819, 19.129548753040087], [72.88547667991821, 19.12955719051789], [72.88539887565696, 19.129561922302415], [72.88532025641423, 19.129564235624837], [72.88523912431411, 19.12956491204762], [72.88517319921093, 19.12956576370666], [72.8851115301989, 19.12956425506089], [72.88505072692446, 19.129561148605777], [72.8849958362465, 19.12955811115457], [72.88494855198626, 19.129555160498747], [72.88488100941028, 19.129550369729262], [72.88482362506895, 19.129544090793484], [72.88477156543061, 19.129537893582416], [72.88487468273955, 19.12913280655174], [72.88489331275615, 19.12908241888688], [72.88491028674022, 19.12895722285093], [72.88492676983134, 19.128835647102576], [72.88494575741039, 19.128766526592116], [72.88489398568538, 19.12868014520158], [72.88476545761837, 19.12847380365288], [72.8847293388354, 19.1284158177491], [72.88474376080477, 19.128336944855235], [72.88477848214751, 19.12830703605183], [72.88488838580578, 19.128212365399477], [72.88491230866529, 19.12818090757198], [72.88495281011906, 19.128127649368565], [72.88496487792688, 19.128108290783803], [72.8850237347653, 19.12801387525439], [72.88502928549781, 19.12800030800537], [72.88508067876364, 19.127874691467472], [72.88512447403362, 19.127805275910674], [72.88515758401756, 19.12777263907522], [72.8852504633238, 19.127699903576286], [72.88547536183725, 19.127529633694376], [72.88558443722106, 19.127468737469798], [72.88575171272379, 19.127429233454166], [72.8863370328403, 19.127210975224827], [72.88648004400015, 19.127123732453605], [72.88651085698922, 19.12702922954721], [72.88666914294458, 19.126599035497293], [72.88668806865154, 19.1265475984397], [72.88666096001889, 19.125914460308937], [72.88674318956375, 19.12556357529733], [72.88684181797225, 19.125109499883365], [72.8870553274409, 19.124574187518036], [72.88707108317726, 19.124462975510074], [72.88707433424298, 19.124450424918695], [72.88717607821486, 19.12416888239625], [72.88729933603015, 19.123884488956612], [72.88740352621359, 19.123637805502803], [72.887433312688, 19.12356927350341], [72.88745062846061, 19.12352370240356], [72.88745386768927, 19.123509256204716], [72.88745912287139, 19.123461886176607], [72.88746115738365, 19.12344257727314], [72.88750255331517, 19.123049700068577], [72.88752958315156, 19.122793159332716], [72.88769397416216, 19.122557852151168], [72.88778253779276, 19.12244640669248], [72.8880278758608, 19.122315862787037], [72.88806101848645, 19.122256687138588], [72.88845137572024, 19.12200482993801], [72.88858005595333, 19.12192180547796], [72.88858820451745, 19.121916548219716], [72.88857320307841, 19.12181647913139], [72.88854816782192, 19.121649490198116], [72.88854475558523, 19.121626733206522], [72.88852442891594, 19.12149115066164], [72.88838036379877, 19.121436645982705], [72.8878634884211, 19.12124013747278], [72.88729960190173, 19.1210990360652], [72.88727057583377, 19.121093928880004], [72.88688766206816, 19.120855773079086], [72.88680090010054, 19.120801810652786], [72.88663299798279, 19.120668222025373], [72.88663223208687, 19.12066674841605], [72.88226211904606, 19.12061648611963]]]}}, {"type": "Feature", "properties": {"grid_id": "cell_0453", "ward_id": "M/E", "ward_gid": 16, "area_m2": 471853.16526625317, "LST_C": 30.83503272092843, "NDVI": 0.4774368889354892, "NDVI_prev": 0.38379923389659953, "impervious_pct": 2.802212495249891}, "geometry": {"type": "Polygon", "coordinates": [[[72.95905171407529, 19.05825313145132], [72.94955329744056, 19.058147788975095], [72.94954055303229, 19.059184353833157], [72.94957980768547, 19.059231349516065], [72.94968475347896, 19.059357045839377], [72.94974039723489, 19.059423691746204], [72.9498970266676, 19.059617028140572], [72.95003796426661, 19.059785343797373], [72.95009069474855, 19.059846091973956], [72.95027783759629, 19.060083039144754], [72.95033694839535, 19.060154734826753], [72.95043859328416, 19.060278020091697], [72.95052884337974, 19.060388009230405], [72.9505832400411, 19.06045430374417], [72.95071924408865, 19.06062434013], [72.95073572635923, 19.060644946917577], [72.95084815498464, 19.060783838367573], [72.95093723635274, 19.06089497290319], [72.95104476753406, 19.06102177464398], [72.95113658365206, 19.061138768041566], [72.95114274129322, 19.06114640520427], [72.95121755022835, 19.06123918887477], [72.9513367381445, 19.06138233032079], [72.9514513794285, 19.06152529517315], [72.95158784274956, 19.061690749379686], [72.95168975868401, 19.06181157779724], [72.95176312298699, 19.061907490264762], [72.95180649139894, 19.061958951283604], [72.95184744190065, 19.06200939288971], [72.95189124155054, 19.062063343927363], [72.95192151540476, 19.062101311974374], [72.95207848438798, 19.06221344393415], [72.95208443238768, 19.062217752195036], [72.95234367519484, 19.062405517901404], [72.95255538864734, 19.062569550056715], [72.95268550716519, 19.06266522625359], [72.95286137556224, 19.062794542104598], [72.95308845641807, 19.062972157751354], [72.95316518435453, 19.063028836850403], [72.95318897843975, 19.06304641435007], [72.95321017729927, 19.063060548691745], [72.95329652992575, 19.06311812080275], [72.95332888918446, 19.063138202932418], [72.95340276009077, 19.06318405103436], [72.95346151316264, 19.06322429936348], [72.95350357596492, 19.063253113482222], [72.95354331740087, 19.063278166047745], [72.95360804517126, 19.06331897434832], [72.95371244661442, 19.063386499383167], [72.95373459692955, 19.06339048452966], [72.95381891434431, 19.063405654370776], [72.9538724198148, 19.063416138450904], [72.95393577312686, 19.06342855053159], [72.95396336019333, 19.063433334696363], [72.95405972622683, 19.063450048820332], [72.9541388081223, 19.06346609387495], [72.95418178367264, 19.063474813165538], [72.95430588235396, 19.063492976023447], [72.95434225495924, 19.063500444082955], [72.95442618109384, 19.063517677921922], [72.95453511347822, 19.063520212418062], [72.95456898507638, 19.06352152397644], [72.95465902478291, 19.063525010390237], [72.95478552250304, 19.063528225176576], [72.95490836214508, 19.0635346413842], [72.95503843794766, 19.063536322045888], [72.9551550942661, 19.063542439431874], [72.95515952616893, 19.063542672416073], [72.95528433190147, 19.06354414993835], [72.9553705011134, 19.063545171253367], [72.9554091412783, 19.0635456285728], [72.95553388280639, 19.063548773658123], [72.95565792677075, 19.06355357127643], [72.95577908295569, 19.06355825239526], [72.95578792646268, 19.063558121167432], [72.95583916320625, 19.063557360938773], [72.95590403538904, 19.06355639770557], [72.95620287610834, 19.063524596314963], [72.95633675594787, 19.063500193239978], [72.95636246496623, 19.06349550688757], [72.95643869095775, 19.0634816120528], [72.95667828685889, 19.063403346011413], [72.95711706476685, 19.063260015125216], [72.95728038443076, 19.063189744838866], [72.95738384595305, 19.063152307856527], [72.95756264194925, 19.06308009226965], [72.95764765445519, 19.063037683141633], [72.95773660154305, 19.062972804402943], [72.95789541573133, 19.062841418210553], [72.95807513957871, 19.062689050996518], [72.95819973348578, 19.06258760061468], [72.95833165715001, 19.062480431139967], [72.9585012343893, 19.062338837780043], [72.95866839342143, 19.06219500888296], [72.95900679627324, 19.06192320804767], [72.95905171407529, 19.05825313145132]]]}}, {"type": "Feature", "properties": {"grid_id": "cell_0454", "ward_id": "H/W", "ward_gid": 23, "area_m2": 471810.6304809555, "LST_C": 32.60146616442338, "NDVI": 0.2727458803831276, "NDVI_prev": 0.25710867321793335, "impervious_pct": 64.25312926798358}, "geometry": {"type": "Polygon", "coordinates": [[[72.8260796914059, 19.056733902356207], [72.82619737352255, 19.047702806656467], [72.8196339188821, 19.047625371143102], [72.81994203532452, 19.048264070886365], [72.81996570710449, 19.048314553848883], [72.81999363544956, 19.048372722232706], [72.82001260533174, 19.04841274876845], [72.8200312879221, 19.048452736682226], [72.82004718724109, 19.048486561384994], [72.82006449676703, 19.04852317390459], [72.82008200417438, 19.048559981152177], [72.82009687083205, 19.048591057721293], [72.82011691003088, 19.048632703756553], [72.82013149332339, 19.04866278701896], [72.82013989814476, 19.048680122947417], [72.82016326919027, 19.048727968475834], [72.82018197189078, 19.048765985734875], [72.82019822316947, 19.04879883004897], [72.82021436270153, 19.048831285549575], [72.82024013891262, 19.048882758918346], [72.82027210998322, 19.048946018755082], [72.82030676982026, 19.049013881676707], [72.8203313168963, 19.049061507142266], [72.82035191564236, 19.04910119159753], [72.82037708644661, 19.049149352825527], [72.82039439136894, 19.04918225563954], [72.82042092720482, 19.04923237496613], [72.8204493374283, 19.049285597402097], [72.82047899968136, 19.049340702536362], [72.82050152258638, 19.04938222884536], [72.82052062001722, 19.049417233902503], [72.8205469293171, 19.049465140298125], [72.820573553062, 19.049513262667997], [72.8206018177058, 19.049563966021864], [72.82063039194789, 19.0496148202585], [72.82065465734887, 19.049657698520015], [72.82067706073754, 19.04969703664406], [72.82071334414249, 19.04976024800453], [72.82072897041321, 19.049787288775686], [72.82075088850472, 19.04982502331956], [72.82077355076922, 19.049863816222523], [72.82080105923794, 19.04991060769816], [72.82087664472154, 19.050029044303425], [72.82090135331269, 19.050068107045558], [72.82092341124327, 19.050104085509496], [72.82094923876178, 19.050147659626305], [72.82096957998137, 19.050183154446785], [72.82099338265897, 19.050226128375133], [72.82101580087908, 19.05026812399441], [72.82103112535795, 19.05029776975743], [72.82104862359847, 19.050332615886838], [72.82108698182556, 19.050413132599385], [72.82111274560397, 19.05047083090812], [72.82113046100476, 19.050512471103456], [72.82114549894918, 19.050549222925618], [72.82115663799564, 19.05057737044881], [72.82118843926024, 19.050677028081477], [72.82120855117262, 19.050744346049587], [72.82122512543832, 19.050820638442946], [72.82123507425462, 19.050877231383872], [72.82124211904397, 19.05091493567418], [72.82125230178318, 19.05097718298737], [72.82126708021507, 19.051042757933086], [72.82127781404361, 19.051095246760568], [72.82128568292097, 19.05113712835865], [72.82129517451457, 19.051192658197834], [72.82130227294077, 19.051238840084384], [72.82132375213388, 19.051368540620306], [72.82133614034817, 19.051433200350885], [72.82134587592152, 19.051484014512727], [72.82135810326375, 19.0515478287112], [72.82137104984145, 19.051615411615536], [72.82138160520836, 19.051670514133406], [72.8213925270408, 19.05172752231126], [72.82139955048093, 19.051764174065127], [72.82140970126329, 19.05181716362857], [72.82142221929315, 19.051882505936934], [72.82143502404897, 19.051944658655945], [72.82144266380219, 19.051978704595896], [72.82145399034029, 19.0520281456395], [72.82146320967742, 19.05206750596253], [72.82147171468242, 19.05210315905793], [72.82147976641129, 19.052136353584565], [72.82149166324331, 19.052184458234283], [72.82150549097132, 19.052239052022067], [72.82151814357059, 19.052287837610095], [72.82153304377981, 19.05234395428806], [72.8215451788876, 19.052388652899037], [72.82155942004087, 19.052440030591058], [72.8215741136458, 19.052491894151853], [72.82159130368987, 19.052551164903065], [72.82160499143566, 19.052597351426414], [72.82161403692803, 19.052627406258665], [72.8216349167632, 19.052695444125767], [72.82164922214436, 19.05274103366849], [72.82167395674617, 19.052818007699305], [72.82169371459034, 19.052877915745714], [72.82171144517298, 19.05293056756318], [72.82172996552958, 19.05298449686218], [72.82174063764943, 19.053015102908844], [72.8217493096157, 19.053039722108405], [72.82175218048755, 19.05304777050765], [72.82176687871186, 19.05308895774589], [72.82179227743366, 19.053158652219466], [72.82181113200775, 19.053209322031613], [72.82183429431193, 19.053270393000208], [72.82185203988905, 19.0533150639042], [72.82186792052157, 19.053352049648357], [72.82188647889237, 19.05339332581199], [72.82190244041695, 19.05342731824838], [72.8219240489343, 19.0534713537081], [72.8219487741483, 19.05351923495176], [72.82197481511064, 19.053567104629714], [72.82199203228407, 19.05359746909353], [72.82202128580148, 19.05364693660064], [72.82204327277834, 19.053682505876264], [72.82205930520385, 19.05370765274738], [72.82207909717648, 19.053737826307554], [72.8221039066256, 19.05377438724327], [72.82212277686733, 19.053801314490464], [72.82214977667824, 19.053838609424837], [72.82217366063396, 19.053870467063575], [72.82219127049375, 19.053893313011823], [72.82221753164673, 19.05392643615669], [72.82223376614611, 19.053946367348395], [72.82225280522167, 19.05396924190608], [72.822277137957, 19.053997722174955], [72.82230863217849, 19.05403338197938], [72.82235139951366, 19.05408694983579], [72.82237762398226, 19.054121359655614], [72.82237951914462, 19.054123313167207], [72.82240306580947, 19.05414703397159], [72.82242652348842, 19.05417007719162], [72.82245241299069, 19.054194858056277], [72.82247870529288, 19.054219344697938], [72.8225083702164, 19.054246192488815], [72.82253457208328, 19.054269240088146], [72.8225571589572, 19.054288629319977], [72.82261412066022, 19.054335640902387], [72.82266099280972, 19.054372384507587], [72.82270392875256, 19.05440460876857], [72.82275337714631, 19.054440106472807], [72.82281377739115, 19.054481235094972], [72.822874993702, 19.054520537933936], [72.8229254662411, 19.05455151609677], [72.8229792006953, 19.05458518828692], [72.82302020251818, 19.054611610687115], [72.82308809217879, 19.05465678654263], [72.82314438274237, 19.054695634649914], [72.82320183258933, 19.05473663621314], [72.82327646920666, 19.054792017920818], [72.82330645127539, 19.054814961898963], [72.82334719049916, 19.054846812359045], [72.82340136680983, 19.05489038652872], [72.8234448645682, 19.054926384710623], [72.82346213506838, 19.054939735239294], [72.82349725523845, 19.054969223319382], [72.82352766997973, 19.05499781405083], [72.82353310893984, 19.055003535292972], [72.82340347879637, 19.05500275517845], [72.8234100774854, 19.055026311092995], [72.82345071040372, 19.055255792613504], [72.82345372481318, 19.055272821358386], [72.82348433195068, 19.0554782533121], [72.82348456333996, 19.055622087601105], [72.8234763106854, 19.05586867224196], [72.82352396466125, 19.055917916767125], [72.82373727863913, 19.05592948464807], [72.82373061950537, 19.05597918614614], [72.82372109369183, 19.05603802867786], [72.82372003222517, 19.056043440332175], [72.8231823517494, 19.056014792700864], [72.82315745762095, 19.05614003660411], [72.82313215651246, 19.05622202623202], [72.82311340377034, 19.056282796750196], [72.82305581140471, 19.056387157258172], [72.82298671795658, 19.056522637507], [72.82292912254283, 19.05662516888511], [72.82289437169882, 19.056696334058646], [72.8260796914059, 19.056733902356207]]]}}, {"type": "Feature", "properties": {"grid_id": "cell_0455", "ward_id": "R/C", "ward_gid": 11, "area_m2": 470149.6411359522, "LST_C": 28.827401835949146, "NDVI": 0.23563976577611448, "NDVI_prev": 0.07014191257230243, "impervious_pct": 11.155086174663314}, "geometry": {"type": "Polygon", "coordinates": [[[72.81444323458581, 19.219178783884132], [72.81449890997624, 19.214968358327823], [72.81261756818849, 19.214733819878667], [72.8110646246928, 19.214608716071083], [72.80500070537748, 19.21423072398987], [72.80496291602017, 19.217076387049712], [72.80524907432145, 19.217117791869814], [72.80603047739257, 19.217201912024777], [72.80605638273074, 19.217230454441744], [72.80613995010357, 19.21732252762956], [72.80626876582545, 19.2174644543327], [72.80699677955047, 19.218973501347413], [72.8070531960971, 19.21909044187996], [72.81444323458581, 19.219178783884132]]]}}, {"type": "Feature", "properties": {"grid_id": "cell_0456", "ward_id": "G/S", "ward_gid": 7, "area_m2": 466843.3681540952, "LST_C": 33.53962868153779, "NDVI": 0.30586907387335555, "NDVI_prev": 0.36282107222750803, "impervious_pct": 34.77085112439511}, "geometry": {"type": "Polygon", "coordinates": [[[72.81752587337654, 18.984373149222233], [72.8270192889687, 18.984484870266545], [72.82705896973802, 18.981426454627105], [72.8270551023064, 18.98142207581877], [72.8269576871607, 18.981456679622216], [72.82688770732491, 18.98147796152718], [72.82682784818523, 18.981486731131934], [72.82675487748917, 18.98148271680111], [72.8266885451062, 18.98147878039448], [72.82663233102167, 18.981462331675885], [72.82655977123402, 18.981426746056982], [72.8264906107561, 18.981384884200942], [72.82643497150443, 18.98132423618959], [72.82639572015543, 18.981279568069557], [72.82637011293409, 18.981206641638508], [72.826360976717, 18.98114338226845], [72.82635192245627, 18.981073807728738], [72.82635537947438, 18.981005400767703], [72.82619169136935, 18.98097244929304], [72.8261855008604, 18.98097120325663], [72.82618454534789, 18.980971010479752], [72.8261180322221, 18.98095761982344], [72.82584811226889, 18.980904453227893], [72.82576024450772, 18.980884495136426], [72.82547426022789, 18.980831517761317], [72.82469885435594, 18.980684141217928], [72.82442775076608, 18.98063366305294], [72.82407792320556, 18.980564339363028], [72.82396691639651, 18.98054234165404], [72.82373618928233, 18.98048916589447], [72.8231903045653, 18.980372112729707], [72.82217606763462, 18.98015462696892], [72.82208955975999, 18.980136551129917], [72.82172093761965, 18.980059526678385], [72.82167252698102, 18.980049411360913], [72.82157650490457, 18.980029347261624], [72.82140921533903, 18.979994390568024], [72.82121471703978, 18.979953749026343], [72.82054277996822, 18.979813340029104], [72.82048326917707, 18.979800904223634], [72.82032658715866, 18.97976816433151], [72.82005651300427, 18.979711728850127], [72.8200418301128, 18.979708699836905], [72.81965255250223, 18.979628421219832], [72.81952483717686, 18.97960208180995], [72.8194262387958, 18.979583118963802], [72.81937282972734, 18.979572847532513], [72.81932986170669, 18.979564119009833], [72.81926093768804, 18.97955011859179], [72.81916471211326, 18.97953056935696], [72.81907958174902, 18.97951358597314], [72.81893681432797, 18.979485102436385], [72.81874992318717, 18.979449083264864], [72.81759293997932, 18.979226093406503], [72.81752587337654, 18.984373149222233]]]}}, {"type": "Feature", "properties": {"grid_id": "cell_0457", "ward_id": "R/N", "ward_gid": 15, "area_m2": 460493.4630037162, "LST_C": 28.837394364055072, "NDVI": 0.6617626331190168, "NDVI_prev": 0.5594511975355442, "impervious_pct": 0.36724994599265504}, "geometry": {"type": "Polygon", "coordinates": [[[72.86139287260166, 19.264895502458888], [72.8518832120594, 19.26478398404794], [72.85181598555869, 19.269941917009067], [72.8520310959669, 19.269945854827895], [72.85226764407795, 19.269937681611683], [72.85245825361142, 19.26991436548801], [72.85258147382397, 19.269899384499617], [72.85267738327913, 19.26991511519342], [72.85288059130764, 19.269957663878618], [72.85311080105062, 19.269993226870447], [72.85330276194614, 19.270013737520888], [72.8534596046257, 19.270073994519596], [72.85359753686552, 19.27011029927339], [72.85368765504082, 19.270127786882135], [72.85378916523159, 19.270156360972496], [72.85388310360263, 19.270175719714498], [72.85396382787381, 19.270176667777736], [72.85409086937466, 19.270163555203762], [72.85418711097769, 19.270153733573636], [72.8543198955293, 19.270142513731937], [72.85446632294605, 19.27011685124737], [72.85457817880459, 19.27008895638786], [72.85471316943153, 19.270055857601054], [72.85482725605165, 19.27000425785824], [72.85492988212093, 19.269947047139823], [72.85503445383888, 19.26988803374073], [72.85525137896035, 19.269762796255275], [72.85537139738851, 19.269698486669455], [72.85553182431272, 19.26963100120184], [72.85565929380833, 19.269585035212195], [72.85573439356682, 19.269574962828557], [72.85586902740333, 19.269569241683804], [72.85597464194807, 19.269577781801587], [72.85623370629934, 19.26961185485812], [72.85633528609877, 19.26963495199078], [72.85651528922608, 19.269688177198297], [72.85662448669875, 19.26971683990205], [72.85667617996033, 19.269723656934715], [72.85672557384936, 19.269726707552778], [72.85678026797602, 19.269722407396163], [72.85681053940577, 19.269715350411868], [72.85683254651488, 19.269703748921213], [72.85684256704877, 19.269693488167448], [72.85685480231825, 19.269672877820252], [72.85685919518178, 19.26965513994336], [72.85686214502746, 19.269628489992254], [72.85690137329668, 19.268641423936376], [72.85690153580997, 19.268641433971418], [72.85690247012631, 19.268641483767993], [72.85744736226036, 19.268671242750425], [72.85750713280288, 19.26867450782543], [72.85751226805978, 19.268674867005455], [72.85753230067273, 19.268676269762828], [72.85763527273242, 19.26868348083858], [72.85765784446582, 19.2686850614815], [72.85779313016745, 19.268641579113787], [72.85779835183193, 19.268639900674984], [72.85810077733522, 19.268542698549286], [72.8582731401799, 19.268489020984138], [72.85849619249859, 19.268419557630143], [72.85871130130195, 19.268278908207236], [72.85918953566377, 19.268201235735916], [72.85930450172559, 19.26813261191198], [72.85956070914268, 19.26797968200983], [72.85976012073621, 19.267858508570853], [72.85994044637741, 19.26774893216664], [72.85998150989481, 19.267718721632754], [72.86001553248514, 19.26769368914489], [72.86018394997167, 19.26753932738088], [72.86035079048713, 19.267386406615273], [72.86044127648944, 19.26730628763974], [72.86045411012435, 19.267294925110395], [72.8606220798992, 19.26714619478542], [72.86096943944949, 19.266835410684156], [72.86117488508438, 19.266685607249826], [72.86117546571099, 19.266685646561754], [72.86117606630815, 19.266685686107383], [72.86117903332419, 19.26668352503775], [72.86136950511596, 19.26669652226297], [72.86139287260166, 19.264895502458888]]]}}, {"type": "Feature", "properties": {"grid_id": "cell_0458", "ward_id": "K/W", "ward_gid": 14, "area_m2": 449688.2477329121, "LST_C": 32.829269239327196, "NDVI": 0.36468553978990664, "NDVI_prev": 0.3397130858170768, "impervious_pct": 35.60982451995835}, "geometry": {"type": "Polygon", "coordinates": [[[72.82525405490563, 19.11995130520699], [72.82537220255915, 19.110920276296863], [72.82258064365085, 19.110887265140622], [72.82233720736681, 19.111808128523002], [72.8219580993342, 19.113075936036452], [72.82139150854262, 19.114818632382573], [72.82059977108449, 19.11671769520658], [72.81912715066458, 19.119878764000543], [72.82525405490563, 19.11995130520699]]]}}, {"type": "Feature", "properties": {"grid_id": "cell_0459", "ward_id": "A", "ward_gid": 1, "area_m2": 446180.7980084643, "LST_C": 32.85702429504424, "NDVI": 0.18517251456941913, "NDVI_prev": 0.19426818672525922, "impervious_pct": 82.71671134941919}, "geometry": {"type": "Polygon", "coordinates": [[[72.82760438138833, 18.93932891640618], [72.8277212010816, 18.930297697184738], [72.8219345011144, 18.930229842390727], [72.82194825931897, 18.93025191422177], [72.82199390201235, 18.930338923385595], [72.82204363933423, 18.930431656680643], [72.82208607352213, 18.93050610179684], [72.82217518764853, 18.93067176113349], [72.82234511899186, 18.93100129412705], [72.82239110238766, 18.931093827927043], [72.8224370867671, 18.9311863626341], [72.82243712096839, 18.931186433489636], [72.8224371542909, 18.931186498915274], [72.82254228946888, 18.93139806544167], [72.82262710804837, 18.931587771283738], [72.82276246715736, 18.93189575024102], [72.82279165102344, 18.931967799636663], [72.82284353220513, 18.932096362141007], [72.82284360214359, 18.93209653187092], [72.82284362508544, 18.932096592658404], [72.822903462301, 18.932244866369462], [72.82304023515036, 18.932616234283632], [72.82304032134098, 18.932616468335464], [72.82304043504323, 18.932616776777266], [72.82304047444768, 18.932616885630562], [72.82304056065001, 18.932617118779298], [72.82304061477106, 18.932617263935587], [72.82304062393379, 18.93261728933431], [72.82315317022075, 18.93292287680431], [72.82339659216728, 18.933597242695452], [72.82350930866563, 18.934004851282598], [72.82352357550484, 18.934053899352246], [72.82353144772874, 18.934080962079154], [72.82356799322345, 18.934261273637322], [72.82356810210348, 18.934261807836563], [72.82356818683357, 18.934262227942043], [72.82356820387088, 18.934262304918803], [72.8235683545946, 18.934263052777705], [72.82359177298251, 18.934378589486553], [72.82361534774417, 18.934473491319658], [72.82361972315485, 18.934491762258066], [72.82362232915206, 18.934502642760126], [72.82362439479665, 18.934511272327992], [72.8236262434214, 18.93451899609231], [72.82362625242047, 18.93451903413471], [72.82362625966184, 18.93451906131739], [72.82362627136764, 18.93451911023063], [72.82363788280237, 18.934567614085633], [72.82367238763514, 18.93472551446652], [72.82368669046487, 18.934795963817237], [72.82368669673379, 18.93479599279502], [72.82368670389326, 18.934796026299534], [72.82368673241412, 18.934796169348793], [72.82368676454394, 18.934796326892517], [72.82370828663299, 18.93490233366067], [72.82373499413849, 18.935044827818434], [72.82376630400942, 18.935210204894272], [72.82376694984016, 18.93521398537659], [72.8237669621908, 18.935214057782073], [72.82376696841295, 18.935214090372327], [72.8237907239476, 18.935353141898986], [72.82379920905622, 18.93540638458327], [72.82380593415216, 18.935448580558397], [72.82381226183718, 18.93548071771792], [72.82381226811783, 18.935480745792578], [72.82381227252377, 18.935480772038723], [72.82381468070001, 18.935493002393805], [72.82382205377058, 18.935536982678407], [72.82383225597675, 18.935599530991375], [72.82383226121475, 18.935599566279862], [72.82383726206668, 18.935630226400093], [72.82386584498698, 18.935812745092825], [72.8238875313223, 18.9359675477149], [72.82390066465082, 18.936072148122882], [72.82390068279071, 18.936072286534035], [72.8239078526071, 18.936129390560808], [72.82391849914563, 18.936235811657994], [72.82392129045728, 18.93627495272342], [72.82393286240523, 18.936389730772063], [72.82393286569828, 18.936389769650752], [72.82394306648973, 18.936509786757988], [72.82395515639409, 18.936678648870217], [72.82396102622431, 18.93678633628272], [72.82396103145174, 18.936786445638155], [72.82396189580676, 18.93680229709886], [72.82396209819399, 18.936804625360022], [72.82396210156897, 18.936804657916866], [72.82396330206255, 18.936818376216205], [72.82396462940325, 18.936844354102362], [72.82396463241543, 18.936844414655905], [72.82396463562657, 18.93684445985644], [72.82396463618943, 18.936844489670516], [72.82396463841637, 18.93684453756926], [72.82396948101145, 18.936939273773206], [72.82398174036064, 18.93721321192848], [72.82398948077541, 18.93753532283598], [72.82398929725069, 18.937719712423508], [72.82398913648213, 18.937881835189458], [72.8239861721106, 18.938134017686924], [72.82397974864364, 18.93836708822368], [72.82397974465043, 18.938367249859766], [72.82397974152335, 18.938367344665036], [72.82397973507018, 18.93836754962858], [72.82397973086631, 18.93836772752082], [72.8239779712082, 18.938431580669356], [72.82396256466701, 18.938703944933405], [72.82394512264145, 18.938928793870083], [72.82393906902453, 18.938993788017626], [72.8239270462837, 18.93912289481959], [72.82392602312827, 18.939132040931195], [72.8239222214762, 18.939166022896735], [72.82391915294446, 18.939193462145376], [72.82391834241619, 18.93920070397742], [72.82391434202582, 18.939236470251565], [72.8239143154426, 18.939236690334198], [72.82390259096198, 18.93928551014442], [72.82760438138833, 18.93932891640618]]]}}, {"type": "Feature", "properties": {"grid_id": "cell_0460", "ward_id": "H/W", "ward_gid": 23, "area_m2": 440055.1656615803, "LST_C": 32.32866453262665, "NDVI": 0.3117531749652665, "NDVI_prev": 0.30029232408175055, "impervious_pct": 59.9002467421733}, "geometry": {"type": "Polygon", "coordinates": [[[72.82596194283364, 19.065764988526478], [72.8260796914059, 19.056733902356207], [72.82289437169882, 19.056696334058646], [72.82288225261013, 19.056721152345848], [72.82321686492541, 19.056839797015193], [72.82293539057028, 19.0571395057618], [72.82252272294883, 19.057329653900496], [72.82238905434032, 19.05738172420369], [72.82230502237425, 19.057303284907317], [72.82125397540023, 19.058127267195726], [72.82117662028307, 19.058644671165116], [72.8205264646023, 19.058981027550402], [72.82122466751704, 19.06025354182767], [72.82127652406348, 19.060769561960427], [72.8213325664104, 19.060965243085768], [72.82140063957415, 19.06129089019676], [72.82160805844026, 19.06236679003423], [72.82195104724572, 19.062317480413064], [72.82195904623306, 19.0623517066894], [72.82212917825993, 19.06278554405572], [72.82228302600979, 19.063344558440175], [72.82258062398564, 19.064114219321564], [72.82273574734269, 19.06457573901028], [72.8227548564466, 19.06535604118763], [72.82268171933859, 19.065726282454317], [72.82596194283364, 19.065764988526478]]]}}, {"type": "Feature", "properties": {"grid_id": "cell_0461", "ward_id": "D", "ward_gid": 4, "area_m2": 424111.38589115645, "LST_C": 34.97309923257455, "NDVI": 0.1573409442318916, "NDVI_prev": 0.14621302637971395, "impervious_pct": 71.52910567066866}, "geometry": {"type": "Polygon", "coordinates": [[[72.80838684186497, 18.957167741461628], [72.81787865928099, 18.957279776643123], [72.81796629964897, 18.95054198365683], [72.81770439528015, 18.95083242651884], [72.81768838241567, 18.950821646746572], [72.81755929060178, 18.95089180410193], [72.81723801116149, 18.951079875273685], [72.81716499271695, 18.95116438109583], [72.81552044976547, 18.952176432956215], [72.81471782334121, 18.95301024255962], [72.81386061062472, 18.953462520847854], [72.81266852996613, 18.953962707270026], [72.81145944359427, 18.954429506885276], [72.8105841593076, 18.954701176672483], [72.80950012031312, 18.954937196780552], [72.80869824309086, 18.954927715445734], [72.80841593321215, 18.954941195625736], [72.80838684186497, 18.957167741461628]]]}}, {"type": "Feature", "properties": {"grid_id": "cell_0462", "ward_id": "T", "ward_gid": 13, "area_m2": 415128.28435954597, "LST_C": 32.33922071703852, "NDVI": 0.4187303528974976, "NDVI_prev": 0.41549750534572505, "impervious_pct": 30.941137930758966}, "geometry": {"type": "Polygon", "coordinates": [[[72.94799257060676, 19.184592218015453], [72.93848699930336, 19.184485631817054], [72.93841175708191, 19.19052835856978], [72.9395251371847, 19.18948574282448], [72.93974279170968, 19.189341635894127], [72.93991969132598, 19.189219399260676], [72.94023870821479, 19.188998591153037], [72.94064701126975, 19.188716574609185], [72.9407464429798, 19.188648126995627], [72.94079248382859, 19.188606641908567], [72.94085424446266, 19.188553707974535], [72.94109081939362, 19.18833026707962], [72.94133433321588, 19.188157338897295], [72.94145350248505, 19.188014913464276], [72.9415125319376, 19.187947859098205], [72.94165172467306, 19.187779053652967], [72.94193996384291, 19.187386105380842], [72.94194001933168, 19.187386153877892], [72.94224792304266, 19.18765481839596], [72.94240688065217, 19.187704973022942], [72.94287665828979, 19.18785319767328], [72.94287669748785, 19.187853180047135], [72.94310244618714, 19.18774940468298], [72.94343917241798, 19.18759681402205], [72.94343921684818, 19.187596834392654], [72.94378188181665, 19.18775593236295], [72.94425461074724, 19.187976701081094], [72.94425470107451, 19.187976700287013], [72.94468546717515, 19.187969239038694], [72.94468555750245, 19.187969238244406], [72.94473795861533, 19.187968328733405], [72.94496806218305, 19.188081118742673], [72.94502140808444, 19.18810719111883], [72.94502149838941, 19.188107192130705], [72.94593098277262, 19.18813884562819], [72.94615539243982, 19.187966957619746], [72.94629310520178, 19.18789357713359], [72.9462931476753, 19.187893601998077], [72.94638910315524, 19.187953591901813], [72.94638915292141, 19.18795356536031], [72.94650902347394, 19.187891922822022], [72.9465090659475, 19.1878919476865], [72.94672743625597, 19.18802037116389], [72.94672749355955, 19.188020350126433], [72.94686316473027, 19.18797121509096], [72.94681499238813, 19.18776306401021], [72.94692370405909, 19.187750728018667], [72.94700118946237, 19.187741934701386], [72.94711152324024, 19.18770220905609], [72.94712600314882, 19.187696793305136], [72.94714129205924, 19.187691074972477], [72.94729022601467, 19.187635360317824], [72.94729025711497, 19.18763538234493], [72.94754121790308, 19.187815129797286], [72.9475412752513, 19.187815105146885], [72.94771370326467, 19.18774005523265], [72.94791579601414, 19.187645761807854], [72.94795493270946, 19.187629210310455], [72.94799257060676, 19.184592218015453]]]}}, {"type": "Feature", "properties": {"grid_id": "cell_0463", "ward_id": "H/W", "ward_gid": 23, "area_m2": 415105.6291360657, "LST_C": 32.44584451618008, "NDVI": 0.2887113636154853, "NDVI_prev": 0.26670681002901764, "impervious_pct": 61.053616558431195}, "geometry": {"type": "Polygon", "coordinates": [[[72.82584412778924, 19.074796065163305], [72.82596194283364, 19.065764988526478], [72.82268171933859, 19.065726282454317], [72.82264504418134, 19.06591194193005], [72.82240048754058, 19.066689130093984], [72.82220296618505, 19.06723006441223], [72.82212390231673, 19.06767488827813], [72.82211953464655, 19.068009154980224], [72.822260192884, 19.0684565742756], [72.82238492974126, 19.069001314979143], [72.82239284479124, 19.06951681587607], [72.82238024525721, 19.0695751908915], [72.82204978970631, 19.07027085222575], [72.82178282504847, 19.071073487556955], [72.82158247675062, 19.071898114494072], [72.82149763999544, 19.072416633940204], [72.82144176420465, 19.07319457023614], [72.82144292587247, 19.073223339397373], [72.8213141209168, 19.073218670669277], [72.82127428206533, 19.07321722744244], [72.82126159871046, 19.07384750319811], [72.82131512450277, 19.073849724455716], [72.82135900550301, 19.07385154608929], [72.8214780102827, 19.07409759903686], [72.82152862882396, 19.07418071699197], [72.82182923491753, 19.074614281565026], [72.82185397468243, 19.07474895293241], [72.82584412778924, 19.074796065163305]]]}}, {"type": "Feature", "properties": {"grid_id": "cell_0464", "ward_id": "C", "ward_gid": 3, "area_m2": 409596.67033601395, "LST_C": 34.70509464205144, "NDVI": 0.17364103037114503, "NDVI_prev": 0.1947520107466339, "impervious_pct": 81.69383168774692}, "geometry": {"type": "Polygon", "coordinates": [[[72.82748749545335, 18.9483601261498], [72.82755801657781, 18.942911914309107], [72.82753951555428, 18.942906198682508], [72.82753948719785, 18.94290618931765], [72.82751080342575, 18.94289732734677], [72.82746873378423, 18.942887472997977], [72.82746869876067, 18.94288746536151], [72.82741418796655, 18.94287469582147], [72.82724569549747, 18.942836850159207], [72.82708860672261, 18.94278930694789], [72.8269257719574, 18.942740024330806], [72.82692558757101, 18.942739968877373], [72.82692430161178, 18.9427395807589], [72.8269236747261, 18.942739390049713], [72.82691884297274, 18.9427379279465], [72.82691725634278, 18.942737447784484], [72.82691682611176, 18.94273731809207], [72.82690196041028, 18.942725323815875], [72.82689533205323, 18.942657621925704], [72.82686526273837, 18.94264624521], [72.82668362687714, 18.942577713090955], [72.82667390749617, 18.942574046643504], [72.82665212510803, 18.942565828179042], [72.82661263764054, 18.942550983611053], [72.82661259135645, 18.942550965906573], [72.82656520941482, 18.942533154617852], [72.82645999584415, 18.942493601365022], [72.82640068019072, 18.94247042026947], [72.82625960293382, 18.942417242626338], [72.82624558497572, 18.942411770837783], [72.82624554156669, 18.942411753961803], [72.82621052606791, 18.942398084495657], [72.82621047978391, 18.942398066791085], [72.82620657627238, 18.942396542390334], [72.82619852367482, 18.942393398576975], [72.82616660700972, 18.94238093876821], [72.82605073122625, 18.94233570254031], [72.82601489408744, 18.942321710878463], [72.82598974495743, 18.9423122064044], [72.82598970844822, 18.942312193294555], [72.82598104999934, 18.942308921331712], [72.82597878950324, 18.94230806744118], [72.82597063267897, 18.942304982914706], [72.82596300199215, 18.94230209875781], [72.82594209223276, 18.94229467176593], [72.82592981039383, 18.942290012470107], [72.82592980759806, 18.942290011389545], [72.82592980484024, 18.942290010309414], [72.82591011991818, 18.942282260942726], [72.82581728594288, 18.942247024664482], [72.82580230125205, 18.9422412957136], [72.82580073846243, 18.94223919537877], [72.82577600349313, 18.942205950872097], [72.82577589992043, 18.9422058123624], [72.82577581687713, 18.942205701191142], [72.82577170976658, 18.942200181997293], [72.82576271651882, 18.942188093921224], [72.82574146637589, 18.942143553496834], [72.82572591092185, 18.942110948654545], [72.82571814242475, 18.94209466666462], [72.8256965558639, 18.94207397641131], [72.82567836718299, 18.942056544310343], [72.82566605636949, 18.942044746109218], [72.82562454281477, 18.942004958527647], [72.82561658006003, 18.942002795779185], [72.82559896987128, 18.94199801244366], [72.8252856202263, 18.941912892191134], [72.82510364716184, 18.94186345962042], [72.82510357242846, 18.94186343977536], [72.82449435197543, 18.941697945939758], [72.82397186204147, 18.941568371773243], [72.82393198716416, 18.94155848281084], [72.82392482818801, 18.941556707891465], [72.82384969970214, 18.94153807621691], [72.82364173582833, 18.9414865016582], [72.82363772060113, 18.94148554404391], [72.8235496863412, 18.941464564041492], [72.8234919562931, 18.941656821878663], [72.82345130318478, 18.94180792096176], [72.82340628419398, 18.941958011321244], [72.8233559756289, 18.9421338193925], [72.8233027901233, 18.94229583707129], [72.8232446395151, 18.942469818765918], [72.82318560686454, 18.94263728933918], [72.82312357548956, 18.942816025305238], [72.82305179881651, 18.9430083853261], [72.82301737125502, 18.943096591367958], [72.82299476186813, 18.943162106385603], [72.82296925772825, 18.94322114267563], [72.82293687798389, 18.94329863393215], [72.82288183914048, 18.943436680716808], [72.82285523699494, 18.943502714255875], [72.82282284929977, 18.943582053448804], [72.82271458501778, 18.943779192023563], [72.82267913794738, 18.943855514504136], [72.82266059943298, 18.943893458419986], [72.82262075445013, 18.943984339390404], [72.82258373349788, 18.944068778077785], [72.82258983064882, 18.944068772914232], [72.82247619161177, 18.944307135065372], [72.8223646446577, 18.94454298896], [72.82224148598966, 18.944780598665197], [72.82204959277998, 18.945143954907383], [72.82180807377836, 18.945561886830905], [72.82171657968432, 18.945725506726763], [72.82160944510426, 18.945889138765633], [72.82147732091047, 18.946098689361598], [72.82132777460104, 18.9463218268603], [72.82120974850824, 18.946492310931056], [72.82111645961957, 18.94662547596413], [72.82090788891618, 18.946925632512688], [72.82067917373153, 18.947246336694892], [72.82044692178148, 18.947553137579646], [72.82012139498926, 18.94797070915639], [72.81988433650334, 18.948270852551357], [72.82748749545335, 18.9483601261498]]]}}, {"type": "Feature", "properties": {"grid_id": "cell_0465", "ward_id": "P/N", "ward_gid": 21, "area_m2": 390088.32760442834, "LST_C": 32.660002876930704, "NDVI": 0.3275724626889322, "NDVI_prev": 0.38100719417203377, "impervious_pct": 15.66171778619135}, "geometry": {"type": "Polygon", "coordinates": [[[72.78664794889785, 19.164651902574406], [72.78676849595874, 19.155621151853094], [72.78430829774702, 19.15559148620256], [72.78426475046045, 19.156194286314996], [72.78417135427603, 19.15649402186505], [72.78404666850204, 19.156930202827727], [72.78397060228697, 19.157063414322476], [72.78389481890726, 19.15717545086218], [72.78377343322433, 19.157364590876934], [72.7836381357241, 19.157482968458996], [72.78331630275368, 19.157662629222195], [72.78292818821924, 19.157799132482488], [72.7826513906374, 19.15794403852041], [72.78244361063744, 19.15792741051921], [72.78214670129017, 19.15790970584397], [72.78190168980375, 19.157899686998512], [72.78171600357209, 19.157897443948567], [72.78165478995521, 19.158030833689267], [72.78169032210045, 19.15815127331603], [72.78180003449845, 19.158279668498917], [72.78197498937321, 19.15852886207013], [72.78215727781108, 19.158785203538468], [72.7823326113029, 19.159006163711073], [72.78259068617564, 19.159150469164075], [72.7828784715654, 19.15929513303933], [72.7830922653419, 19.159417724827115], [72.78330671996808, 19.159490908330337], [72.78356240209989, 19.159478496099755], [72.7837944825554, 19.15979569884931], [72.78374659528183, 19.160671778293224], [72.78368405874676, 19.160876997826634], [72.7835948996834, 19.1612733658634], [72.7835329311178, 19.16146322262221], [72.7832968239436, 19.161898057224725], [72.78319038321396, 19.162080317400193], [72.7828882747552, 19.16245081942824], [72.78245913910258, 19.16287626200864], [72.7821657771429, 19.163148036136555], [72.78167852533481, 19.16348334013256], [72.78161294498298, 19.163565352328025], [72.78140641823768, 19.16382362562287], [72.78126198525761, 19.164068960082503], [72.78116945148784, 19.164321981084285], [72.78109196183425, 19.164561064974873], [72.78109012831969, 19.164584807833496], [72.78664794889785, 19.164651902574406]]]}}, {"type": "Feature", "properties": {"grid_id": "cell_0466", "ward_id": "K/W", "ward_gid": 14, "area_m2": 386857.4097363228, "LST_C": 34.085859683160514, "NDVI": 0.26399734597235247, "NDVI_prev": 0.2524350729635571, "impervious_pct": 63.73116138556075}, "geometry": {"type": "Polygon", "coordinates": [[[72.83510793281602, 19.092970107348492], [72.84322873808443, 19.09306539211312], [72.8431938862553, 19.092632650092423], [72.84287397262358, 19.09078326503325], [72.84284061382462, 19.090590418234864], [72.84282079834118, 19.090471362329538], [72.84281273830045, 19.09042293659993], [72.8426996833696, 19.090437868314293], [72.84175279796278, 19.090562925068504], [72.84162757634661, 19.090566631641487], [72.84155136179275, 19.090568325471438], [72.84149436017262, 19.090557309538966], [72.84137770332997, 19.090530072476955], [72.8395770514281, 19.08991690452054], [72.83954240460477, 19.089906645530526], [72.83944089939713, 19.089880800877616], [72.83938091449711, 19.089866903109538], [72.83932023589675, 19.089853420340138], [72.83925942495463, 19.08984048401963], [72.83919848892084, 19.089828097701368], [72.83913743024172, 19.089816260257706], [72.8390762586442, 19.089804971802593], [72.83901497773051, 19.089794235846643], [72.83895359237887, 19.089784051290753], [72.83889210745244, 19.089774418191823], [72.8388305289853, 19.08976534008899], [72.83876886307159, 19.08975681589747], [72.83870711574535, 19.089748849156415], [72.83864529069888, 19.089741436440498], [72.83858339639806, 19.08973458131745], [72.83852143527419, 19.08972828381569], [72.83845900528698, 19.089722505688233], [72.83839313643207, 19.089719981084794], [72.8383402722919, 19.08971871206195], [72.83827451384158, 19.08971976703049], [72.8382710468065, 19.0896649705518], [72.83826949898342, 19.089640504203935], [72.83826873980162, 19.089628506373256], [72.8382668976716, 19.089599392958682], [72.8382590806387, 19.089475856306986], [72.8382510472697, 19.089348899973057], [72.83824111760886, 19.089191976376775], [72.83823456492009, 19.089088420524316], [72.83822636676696, 19.088958859879874], [72.8382145921993, 19.088772779873675], [72.83821040452976, 19.08870659979066], [72.83819977016357, 19.08853853842266], [72.83819293154374, 19.088430463715387], [72.83818971669302, 19.088379657467605], [72.83818488628836, 19.088260912199107], [72.83818280382731, 19.088209719570457], [72.8381803298671, 19.088148902833083], [72.83817819010896, 19.088096301435712], [72.83817068428479, 19.087911786994653], [72.83816213609946, 19.08770164856564], [72.8381527953809, 19.087472026814442], [72.83815182856505, 19.08744477627328], [72.83814409970279, 19.08722693520811], [72.83812470125991, 19.08668018318212], [72.83787385146435, 19.08667723909107], [72.83666757486401, 19.086602175889162], [72.83556226912769, 19.086530633607484], [72.83519200438295, 19.08650519256291], [72.83510793281602, 19.092970107348492]]]}}, {"type": "Feature", "properties": {"grid_id": "cell_0467", "ward_id": "M/E", "ward_gid": 16, "area_m2": 385772.52347064874, "LST_C": 30.956776547319222, "NDVI": 0.4379304338099084, "NDVI_prev": 0.45635904068673816, "impervious_pct": 0.21866391184572997}, "geometry": {"type": "Polygon", "coordinates": [[[72.94038932409353, 19.0309466436312], [72.94988613885738, 19.031052312732065], [72.94990179396198, 19.029776750921187], [72.94819406011672, 19.028772534467993], [72.94807837049898, 19.028706070099332], [72.94731788680777, 19.028411586527213], [72.94699926743954, 19.0282697476979], [72.94659106465112, 19.02810852387934], [72.94491083854471, 19.027424186359404], [72.94238730231974, 19.026213794133938], [72.94190324630314, 19.025989304150396], [72.9413184196163, 19.025829833163765], [72.94072868706179, 19.025715777868736], [72.9404545440649, 19.02565641446451], [72.94038932409353, 19.0309466436312]]]}}, {"type": "Feature", "properties": {"grid_id": "cell_0468", "ward_id": "A", "ward_gid": 1, "area_m2": 382786.0424664926, "LST_C": 30.586598627856322, "NDVI": 0.4210699245415209, "NDVI_prev": 0.4533669603120868, "impervious_pct": 19.33640729066264}, "geometry": {"type": "Polygon", "coordinates": [[[72.80909367223974, 18.902981084016027], [72.80920885670832, 18.894133337147593], [72.80919022786294, 18.894143079095315], [72.80918898098602, 18.89414373009077], [72.80917919028273, 18.894130912194644], [72.80916993140632, 18.89411879246108], [72.80916069204376, 18.89411224603014], [72.80915584192857, 18.894114063994362], [72.80915577898891, 18.894114087640062], [72.80915571985628, 18.89411411042738], [72.80915463653946, 18.894114516763082], [72.80915360567823, 18.894114902942476], [72.80914725359703, 18.894117284891248], [72.8091299741448, 18.894130238831124], [72.80912993388283, 18.894130269970226], [72.8091256166492, 18.89413350690523], [72.8090940936756, 18.89415714005562], [72.80891144453157, 18.89428757925953], [72.80891112076094, 18.894287811190434], [72.80890045004739, 18.89429543165143], [72.80874416640935, 18.894413216292616], [72.80869335439787, 18.894449181606415], [72.80847820258045, 18.89460147235725], [72.8082536380222, 18.8947617422187], [72.80800000528036, 18.894959305554007], [72.80780032594309, 18.895137553158023], [72.80752747654691, 18.895372254742536], [72.80737933100092, 18.895511405675357], [72.80737916286161, 18.895511564469928], [72.80732792322537, 18.895559692918447], [72.80725222652639, 18.895631570047275], [72.80697266708337, 18.89589701946285], [72.80687802129569, 18.89600003635153], [72.80685643239173, 18.896023533415732], [72.80685054780479, 18.896029940266285], [72.80667635854343, 18.89621953680765], [72.80647686283723, 18.896411577529694], [72.80626339223612, 18.896663663731978], [72.80601617101222, 18.896971538706328], [72.80590959775157, 18.897096204160444], [72.80576870189, 18.897261015618337], [72.8055507994265, 18.89754998509702], [72.8054936979963, 18.897630839833294], [72.8054936815716, 18.897630862220545], [72.80538635568546, 18.897782832719336], [72.80522779901997, 18.898013495189144], [72.80515915351047, 18.89811336051668], [72.80506065933139, 18.898280239396986], [72.80506056324029, 18.898280403556523], [72.80498085554417, 18.89841545158749], [72.80486232424732, 18.898604935872118], [72.80479672667246, 18.898709801302893], [72.8047964475734, 18.89871024511384], [72.80478303476812, 18.898731686949777], [72.80477425077996, 18.898747191319526], [72.80464291399683, 18.899001507556598], [72.80453132000753, 18.899262927125825], [72.80440487066346, 18.899652892337308], [72.80433402316382, 18.899915167268567], [72.80418567329625, 18.900433219767503], [72.80405186757731, 18.900991715440494], [72.80386004565156, 18.901878806580566], [72.80376795867994, 18.902352455102], [72.80376791804927, 18.902352659659318], [72.8037513421966, 18.90243753354537], [72.80369522890199, 18.90277079157951], [72.80367969530037, 18.90286792584329], [72.80367184019921, 18.902917046552737], [72.80909367223974, 18.902981084016027]]]}}, {"type": "Feature", "properties": {"grid_id": "cell_0469", "ward_id": "R/N", "ward_gid": 15, "area_m2": 378142.5752321434, "LST_C": 33.93235674884479, "NDVI": 0.3558792432573605, "NDVI_prev": 0.32468546206094956, "impervious_pct": 37.734161229214905}, "geometry": {"type": "Polygon", "coordinates": [[[72.8710192142654, 19.25597536872488], [72.87095196395917, 19.26118411562729], [72.87108913819813, 19.26116530424605], [72.87109328665089, 19.261164732927615], [72.87109106849381, 19.261099486907497], [72.87109145944703, 19.26109955649458], [72.87109143443561, 19.26109869450124], [72.87146067583501, 19.261162491434956], [72.87166416205595, 19.261208249284095], [72.87176692973817, 19.26123000828061], [72.8718696955484, 19.26125176448992], [72.87189439988975, 19.261244428639746], [72.87205570595117, 19.261215182148764], [72.87215564218833, 19.26119405859383], [72.87216422750137, 19.261195035584628], [72.87226691441174, 19.261166532800083], [72.87227888318499, 19.261168657457272], [72.87240613298034, 19.261191241197412], [72.87247170080853, 19.261202878560358], [72.87247338463496, 19.261202185491168], [72.87264173501234, 19.261133015406607], [72.87269822893751, 19.261067065198795], [72.87269929404859, 19.2610658211694], [72.8726994562559, 19.261065633373985], [72.87321166338977, 19.26084739191214], [72.87321208368564, 19.260847212971907], [72.87322653415261, 19.26084190647458], [72.8733292306188, 19.26080419089408], [72.87357229890625, 19.26074581854698], [72.87375892205321, 19.260701706579376], [72.87380305998929, 19.26069127251638], [72.8738479967035, 19.260582532261477], [72.87404261757374, 19.26060744656078], [72.87404312459051, 19.260607513878284], [72.87425650481703, 19.260610528153688], [72.87449018439166, 19.260613830589275], [72.87485556947664, 19.26067914298156], [72.8749987828876, 19.260712627590877], [72.87499922667685, 19.26071273030095], [72.87505908236243, 19.26072672466708], [72.87520633382735, 19.260678983108306], [72.87532273952284, 19.26062347263156], [72.87534096036404, 19.260614782835642], [72.87534138239948, 19.26061458089557], [72.87565695464414, 19.260481515539215], [72.87574154138669, 19.26044584803071], [72.87582768096621, 19.260501154382208], [72.8758871886046, 19.260539361572587], [72.87598350999234, 19.26049601263469], [72.87602105527684, 19.260479117221248], [72.8761071768853, 19.260440359272216], [72.87614017815238, 19.260406750519095], [72.87619931986006, 19.260346515829607], [72.87621234283586, 19.260333252896704], [72.87666103446671, 19.259876277869047], [72.87681412821898, 19.25972151653431], [72.87681480853173, 19.259720829832673], [72.87681605763508, 19.259719623139507], [72.87691561213401, 19.259623377773355], [72.87730089837379, 19.25924117115279], [72.87765411113342, 19.25878618360614], [72.87765738081295, 19.258778141044786], [72.87768343273717, 19.258712317084512], [72.87769283268564, 19.25868856762884], [72.87783920496656, 19.258318743499977], [72.8778891730335, 19.258195909954964], [72.87791830369976, 19.258124298391948], [72.8779285387121, 19.258099137789483], [72.87808996572511, 19.257835430881304], [72.87819366865814, 19.257666017631458], [72.87823170325966, 19.257598827790172], [72.87823242840382, 19.257597168796263], [72.87823256851107, 19.25759692383352], [72.87826254764141, 19.2575246174973], [72.87832539137281, 19.25737305702573], [72.87850115515776, 19.257070405932993], [72.87865425135966, 19.25680678774626], [72.87877305633394, 19.256728670586554], [72.87905071116565, 19.256553116517235], [72.87927696044143, 19.256410064654748], [72.87951505303447, 19.256261613771173], [72.87970157594708, 19.25615594069905], [72.8798116274574, 19.256092753258855], [72.8798202593682, 19.256087797825703], [72.8798207129325, 19.256087435459765], [72.87983287700203, 19.256077778913237], [72.8710192142654, 19.25597536872488]]]}}, {"type": "Feature", "properties": {"grid_id": "cell_0470", "ward_id": "T", "ward_gid": 13, "area_m2": 377681.8422448608, "LST_C": 29.81255790515704, "NDVI": 0.6430358527696028, "NDVI_prev": 0.6414543471757538, "impervious_pct": 0.8956482034350742}, "geometry": {"type": "Polygon", "coordinates": [[[72.92864233910213, 19.211473221712243], [72.91913534059974, 19.211365488387607], [72.91906865444875, 19.216663328685158], [72.91936590248575, 19.216740025810168], [72.92008898749478, 19.21693349773297], [72.92008903804253, 19.21693348566108], [72.92159119512931, 19.216564401075185], [72.92229102297854, 19.216394450846778], [72.92418893695236, 19.21498540650791], [72.9261590123594, 19.213524354359066], [72.92756504376695, 19.21169353784926], [72.92843424023135, 19.211562806669217], [72.92864156438316, 19.211535061230833], [72.92864233910213, 19.211473221712243]]]}}, {"type": "Feature", "properties": {"grid_id": "cell_0471", "ward_id": "R/N", "ward_gid": 15, "area_m2": 371425.5918415962, "LST_C": 27.78780587244878, "NDVI": 0.7110608884510645, "NDVI_prev": 0.5847692999832219, "impervious_pct": 0}, "geometry": {"type": "Polygon", "coordinates": [[[72.8518832120594, 19.26478398404794], [72.84237361748207, 19.264671971706623], [72.8423373163193, 19.267445103193438], [72.84248614865587, 19.267449950125467], [72.84283967807563, 19.26737326287398], [72.84325368844188, 19.267291156595753], [72.84392642105605, 19.267200740013866], [72.84414991144376, 19.267170754278222], [72.84428006975767, 19.267148455878818], [72.84450379329557, 19.267107253319043], [72.84465538454255, 19.26708142466773], [72.84490393631414, 19.267042083340122], [72.84523490404298, 19.266986099334442], [72.84556193319575, 19.266934613378627], [72.84585303097698, 19.267013819342434], [72.84610453639307, 19.267086146147808], [72.84619807034888, 19.267107328406116], [72.84664542632527, 19.2672339304311], [72.84676932337358, 19.267266664924172], [72.8470761884954, 19.267341921579657], [72.8473030538863, 19.267548275566874], [72.84763442787842, 19.267855679996593], [72.84785533045957, 19.268014303704515], [72.84863573357406, 19.26856273259198], [72.84901599969696, 19.268812244585522], [72.8491900897291, 19.268927474245714], [72.84924622828167, 19.268960201830215], [72.8494457253623, 19.26909408415431], [72.84973010434571, 19.269276107966334], [72.84988207825141, 19.26937679023803], [72.85004826012398, 19.269477056066105], [72.85025825116848, 19.269592002678227], [72.85044026584127, 19.26969163339956], [72.85050631640446, 19.26972591609832], [72.8508079454913, 19.2698962113103], [72.85080903411684, 19.26989682747936], [72.85087816752021, 19.269912217985432], [72.8509914219182, 19.26992450264365], [72.85121242669999, 19.269928927968184], [72.85133730712724, 19.26993404732084], [72.85150264571863, 19.269932340477297], [72.8517524323508, 19.26994075355333], [72.85181598555869, 19.269941917009067], [72.8518832120594, 19.26478398404794]]]}}, {"type": "Feature", "properties": {"grid_id": "cell_0472", "ward_id": "A", "ward_gid": 1, "area_m2": 363747.9799789841, "LST_C": 30.16019380135539, "NDVI": 0.24041806867147061, "NDVI_prev": 0.25076552933174723, "impervious_pct": 49.45429616087743}, "geometry": {"type": "Polygon", "coordinates": [[[72.8184653047418, 18.91212396589696], [72.82795464180859, 18.912235230324317], [72.82795894075966, 18.911902406547775], [72.82793688591849, 18.911886841731015], [72.82793416034352, 18.911884917511593], [72.82791231901938, 18.91187038322958], [72.82791219198639, 18.911870298643336], [72.82791211953666, 18.911870249922888], [72.8278163409592, 18.911806508961195], [72.82776830007828, 18.911772232661974], [72.82766480721418, 18.911695951728962], [72.82758764981334, 18.911642048274548], [72.82758757363807, 18.911641994090825], [72.827511415577, 18.911589272928108], [72.82750914271925, 18.911587275417126], [72.82750755958024, 18.911585885742067], [72.8273800997808, 18.911501536301795], [72.82732475965234, 18.911464769100895], [72.82727224728598, 18.911429877629967], [72.82713417715325, 18.911338690836917], [72.82713371886283, 18.911338388300557], [72.82697553034903, 18.911233912024908], [72.82697532426036, 18.91123377593024], [72.82695809185793, 18.911222396387142], [72.82695438509751, 18.911219947618957], [72.82694928275484, 18.911216578352434], [72.82694639762055, 18.911215399249087], [72.82694637117888, 18.911215389003733], [72.82694163935416, 18.911213459354506], [72.82694161291248, 18.911213449109148], [72.82693830195792, 18.911212098821725], [72.82692627284133, 18.911199876014717], [72.82684148613708, 18.910958117746514], [72.82683723720208, 18.9109425427739], [72.82681670403264, 18.91086726227265], [72.82678214072372, 18.910715016028213], [72.826708150225, 18.910445264700755], [72.82682986508259, 18.910382286017], [72.82682968243883, 18.91038195147937], [72.82671459781608, 18.910172310765482], [72.82657744053705, 18.909922462225936], [72.82593706649281, 18.90885670732376], [72.82590368712879, 18.90880707255695], [72.82588968247406, 18.908786246502974], [72.82585634265865, 18.908763462212477], [72.82564844121129, 18.908293558009316], [72.82502858792134, 18.907338165153], [72.82492914471545, 18.90739060442017], [72.82374048660287, 18.90870062851316], [72.82371949773919, 18.908723179866843], [72.82371947079564, 18.90872320845533], [72.82371939668919, 18.908723287976812], [72.82371936781273, 18.90872331925243], [72.82359389365259, 18.9088581295782], [72.82359379260242, 18.908858237688086], [72.82295137473817, 18.9095484494617], [72.8223719272761, 18.910171924577483], [72.82231085337949, 18.910237638380373], [72.82229634582278, 18.91025230694667], [72.82223145614536, 18.910186500406127], [72.82221720220778, 18.910171909084607], [72.82157915869888, 18.909518697603804], [72.82144823139998, 18.909380694526238], [72.82073284343176, 18.908619763814194], [72.82069306898883, 18.9085787073023], [72.82052100612289, 18.908401097184964], [72.82052085810257, 18.908400948216563], [72.8205209896949, 18.908400826918136], [72.82056844563394, 18.908357221866854], [72.82056849268056, 18.908357179965957], [72.82056851381404, 18.908357160342348], [72.82056854745892, 18.908357127316727], [72.82056857721452, 18.908357101471502], [72.82064770626614, 18.908284392149277], [72.82068828613798, 18.90825172927957], [72.81964780888386, 18.907159292087922], [72.81945030701327, 18.90730479185999], [72.8192976777119, 18.9071423789543], [72.81921698434951, 18.90705651209823], [72.81910142257564, 18.906944625149677], [72.81864913205155, 18.90649651851547], [72.81860287300914, 18.906445965037], [72.81853823972611, 18.906500970685986], [72.8184653047418, 18.91212396589696]]]}}, {"type": "Feature", "properties": {"grid_id": "cell_0473", "ward_id": "M/E", "ward_gid": 16, "area_m2": 358271.1437180159, "LST_C": 33.824214847635616, "NDVI": 0.3503193492101205, "NDVI_prev": 0.32046049833546764, "impervious_pct": 26.435161574481892}, "geometry": {"type": "Polygon", "coordinates": [[[72.94988613885738, 19.031052312732065], [72.94977525438209, 19.040084147594076], [72.95524554497622, 19.04014482041653], [72.95457659604259, 19.039397748805516], [72.95449657641109, 19.039313502290412], [72.95378027431369, 19.0385282139209], [72.953521905352, 19.038341151974677], [72.95485299038528, 19.03751462872711], [72.9539600613123, 19.0363566742456], [72.95386506571128, 19.036316704173956], [72.95379029008822, 19.03629641685244], [72.95368799822819, 19.03629528317326], [72.95355842853907, 19.036293847098293], [72.9534157763765, 19.036246862363956], [72.95324097699444, 19.036111453863366], [72.95302800718439, 19.035926106748615], [72.95286563667834, 19.035715139754934], [72.95281840533374, 19.03558098171918], [72.95282082674555, 19.035383462126873], [72.9528239602928, 19.03512784853647], [72.95282048664497, 19.034912832983068], [72.95273809923748, 19.03465627119478], [72.95233253619858, 19.03339626080522], [72.95186932348982, 19.031941641335546], [72.95159215499726, 19.03107124348462], [72.94988613885738, 19.031052312732065]]]}}, {"type": "Feature", "properties": {"grid_id": "cell_0474", "ward_id": "A", "ward_gid": 1, "area_m2": 357522.8461371553, "LST_C": 32.94756055576758, "NDVI": 0.16813648934905992, "NDVI_prev": 0.16193534929892803, "impervious_pct": 92.59730963381638}, "geometry": {"type": "MultiPolygon", "coordinates": [[[[72.83732786663059, 18.921377305538687], [72.83733229907111, 18.921032837677107], [72.83700563248594, 18.921373549975964], [72.83732786663059, 18.921377305538687]]], [[[72.82795464180859, 18.912235230324317], [72.82783795454957, 18.921266468489456], [72.83343943866743, 18.921331949474894], [72.83339855329706, 18.921240293188898], [72.83329759040579, 18.921012253700926], [72.83285144937508, 18.920118995515274], [72.8328213652917, 18.920051534520805], [72.83274034148322, 18.919869839217547], [72.83274233813363, 18.919868096656113], [72.83274863764224, 18.919852625977764], [72.83261269473857, 18.919553677218637], [72.8323430586441, 18.918954974778597], [72.83234086077817, 18.918950094073725], [72.83219948326341, 18.918630930764326], [72.83213953039184, 18.918495359897733], [72.83213855733325, 18.91849324212451], [72.83208384018697, 18.918374206098054], [72.83208399055584, 18.91837417443374], [72.83208581664579, 18.918373807360812], [72.8320864827564, 18.918373673329224], [72.8320889492997, 18.918373174634738], [72.83234066668984, 18.91832245456277], [72.83234085605976, 18.91832241612764], [72.83234096359664, 18.91832239389877], [72.83234104828826, 18.918322376822644], [72.83234113392884, 18.918322359757603], [72.83244935250006, 18.91830055340661], [72.83252141911899, 18.91828618679999], [72.83252625116789, 18.91828522254301], [72.83252659751437, 18.918285155229974], [72.83252908014167, 18.918284660330297], [72.83253102895056, 18.918284271201117], [72.83253181018925, 18.91828411502751], [72.83253596946189, 18.918283286532198], [72.83253733114677, 18.91828301519666], [72.83253991464474, 18.91828249979651], [72.83255203659124, 18.918280084221415], [72.83259290527073, 18.918271936229342], [72.83263966126015, 18.91826261499145], [72.83266239791554, 18.918258743556233], [72.83269144010649, 18.918253798606255], [72.83269497098834, 18.91825319671436], [72.8327390498387, 18.918245690457404], [72.83279148025001, 18.918236763324238], [72.83279801595351, 18.91823248681735], [72.83279857432254, 18.91823202273746], [72.83280455244201, 18.918227045110662], [72.83280807351196, 18.91822433308057], [72.8328084608212, 18.91822403320354], [72.83281313128413, 18.918220436751355], [72.83281768818928, 18.91821541543123], [72.83282089141605, 18.918211884946682], [72.83282783300659, 18.9182015974491], [72.8328351906463, 18.918188559858255], [72.8328384592095, 18.9181749551452], [72.83283968612149, 18.91816018035264], [72.83283992036134, 18.91815371663079], [72.83284009532366, 18.918148906090586], [72.83283966144627, 18.918143541967464], [72.83283923188296, 18.918138211315416], [72.83283922694592, 18.9181381525457], [72.83283922451815, 18.918138119999885], [72.8328388718283, 18.918133746800542], [72.83283723794734, 18.918120530152834], [72.8328353995376, 18.918115669005786], [72.83283356110466, 18.91811080966497], [72.8328329572018, 18.918109873156325], [72.83283029487453, 18.918105754806575], [72.83282892290815, 18.918103878969198], [72.83282728516497, 18.918101636916926], [72.83282706226085, 18.918101331721218], [72.83282697455934, 18.91810121417631], [72.83282683561902, 18.918101021965562], [72.83282539743993, 18.91809905502877], [72.83282375874788, 18.9180968129654], [72.83281873971855, 18.918092035716985], [72.83281477173904, 18.91808825981359], [72.83280741967326, 18.918081650604524], [72.83280422714004, 18.9180792720701], [72.83280174342607, 18.918077422091443], [72.83280142002987, 18.918077181660482], [72.83279878215144, 18.918075216070594], [72.83279802537713, 18.918074652630818], [72.8327959943821, 18.91807353958102], [72.83278454446051, 18.918067265505396], [72.83277852571788, 18.918065382378458], [72.83277820525025, 18.918065282890616], [72.83277755771874, 18.918065080224864], [72.83277465374464, 18.918064171957823], [72.83277310817024, 18.918063688730353], [72.8327698870415, 18.91806323381078], [72.83276900311681, 18.918063109678315], [72.83276275506121, 18.91806222830125], [72.83276207862394, 18.91806213278616], [72.83274778072818, 18.918061355226648], [72.83273389357568, 18.91806368697568], [72.83273139270028, 18.918064051595575], [72.83272858274499, 18.91806446409228], [72.83272718349903, 18.91806470427989], [72.83272408814742, 18.918065241707236], [72.83265710982504, 18.91807165949534], [72.8326451314403, 18.9180728058649], [72.83263355025014, 18.918073916225094], [72.83263303329858, 18.918073965287412], [72.8326318511228, 18.918074079745846], [72.83263057963876, 18.91807420129072], [72.83263051406648, 18.918074207751108], [72.83262539296014, 18.91807469803618], [72.83255783211025, 18.918081171310334], [72.83254673391181, 18.918082290015107], [72.83251153101861, 18.918085837913182], [72.83249614958062, 18.918087388936645], [72.83244059454931, 18.918093605841353], [72.83222953982093, 18.91811560125458], [72.83222580002234, 18.918115991140777], [72.83221872054833, 18.918116728616624], [72.8322041092136, 18.91811825067295], [72.83210538141951, 18.91812854004962], [72.83210237632362, 18.918128923159426], [72.83209125245205, 18.91813033961301], [72.83208761445607, 18.918130489514443], [72.83208531257344, 18.9181305845678], [72.83208190763757, 18.918129957676047], [72.83208088313178, 18.91812976866991], [72.83208067101609, 18.91812973096508], [72.83208061896235, 18.918129719517918], [72.83207730491829, 18.91812910994647], [72.83207141698418, 18.91812746136662], [72.83206852409283, 18.918126650770535], [72.83206025930096, 18.9181222267036], [72.83205745178248, 18.91811987433267], [72.83205740483466, 18.91811983494401], [72.83205723768789, 18.918119695695776], [72.83205719918767, 18.91811966363189], [72.83205699637593, 18.918119493256157], [72.83205380291791, 18.918116819332113], [72.83204837887119, 18.91811165615719], [72.8320459248574, 18.918108460655304], [72.83204347179267, 18.918105265164485], [72.83203959959638, 18.91809715470614], [72.83203794898328, 18.9180912750605], [72.83203546723325, 18.91808242932935], [72.83203335065969, 18.918074484803075], [72.83203081765068, 18.91806497728518], [72.8320270468738, 18.91805091641656], [72.83202436365609, 18.91804091305965], [72.8320211364927, 18.918026134124457], [72.8320202323249, 18.918021986622136], [72.83196274661671, 18.917776608759347], [72.83196273946754, 18.91777657435187], [72.83196268099918, 18.91777632436853], [72.83196261616756, 18.917776052632586], [72.83196258294254, 18.917775905915992], [72.83191695040529, 18.91758111821346], [72.83188427289306, 18.917441630509828], [72.83187110662531, 18.917391971620187], [72.83186783369759, 18.917380006714186], [72.83186781647089, 18.91737994418787], [72.83186360767913, 18.917372103484112], [72.83185723346375, 18.917364301616985], [72.83185550126875, 18.917363350119363], [72.83184534738999, 18.917357779417884], [72.83183909542866, 18.917355290160014], [72.83183278113849, 18.91735277668902], [72.83181160942448, 18.91734960370582], [72.83178712041958, 18.917352623574487], [72.83170702542543, 18.917369729671496], [72.83161104303649, 18.917391119467176], [72.83156940479229, 18.917402212837406], [72.83156735145386, 18.917402759710136], [72.83154682928559, 18.917407653189127], [72.8315342511863, 18.917411957514133], [72.83152943254377, 18.917412178518997], [72.83152167751221, 18.91741253412753], [72.83150645805051, 18.917411245303587], [72.83149822592796, 18.917408780772707], [72.83149389099609, 18.917407482721675], [72.8314800070348, 18.91739875487723], [72.83145885333587, 18.917382560639165], [72.83137358956012, 18.917310339527656], [72.83112856779627, 18.917103567001362], [72.83095583142283, 18.916957796171673], [72.8307411399436, 18.916774961812713], [72.83069789503286, 18.91674052176521], [72.83068202392595, 18.916727881199847], [72.83057503724598, 18.91664267441965], [72.83048425659655, 18.91656423907526], [72.83048421250808, 18.916564198816438], [72.83048415806263, 18.916564152113715], [72.83034226769242, 18.916441554108758], [72.83022362268355, 18.916349057952875], [72.82991627733028, 18.916087707586044], [72.82984167784092, 18.91602482613199], [72.82992829946048, 18.91586489251351], [72.83007490935535, 18.915638689379023], [72.83020473806314, 18.915393863142146], [72.83027679768158, 18.915376871340186], [72.83030652047074, 18.915369602458913], [72.83031634905079, 18.91536719814447], [72.83034459922742, 18.915365047086514], [72.83036493960249, 18.9153628966082], [72.83039319047484, 18.915362898023417], [72.83041179653377, 18.915364375542854], [72.83042030976466, 18.9153650522299], [72.83044630058347, 18.91536720588874], [72.83046777090689, 18.91536935458251], [72.83050166893638, 18.915377960516768], [72.83051071735373, 18.915380999161382], [72.83056762530887, 18.915402995695093], [72.83057651169078, 18.915406529236915], [72.83062370658465, 18.915425288756992], [72.83066316400328, 18.915439594182597], [72.83066320650825, 18.91543961003481], [72.83066323767233, 18.915439622141403], [72.8306948958067, 18.915451100432456], [72.83071749602055, 18.915457554603176], [72.83073670615514, 18.91545863087629], [72.83075372659759, 18.91545559700815], [72.8307706069912, 18.915450029658796], [72.8307875567703, 18.915438201707502], [72.83081868704716, 18.91541423613676], [72.830854200106, 18.915386898413175], [72.83085424422407, 18.915386862798243], [72.8308543688585, 18.915386765799134], [72.8308544321305, 18.915386716859107], [72.83085467945482, 18.915386526451226], [72.83085487021975, 18.91538637964223], [72.83123732117097, 18.915091940052083], [72.83125088234057, 18.915073657493807], [72.8312524804519, 18.91507175763641], [72.83125992356716, 18.91506290591505], [72.8312611234365, 18.915060240858097], [72.8312633140526, 18.91505537709393], [72.83126444566372, 18.915047849882765], [72.83126338111946, 18.915036712869245], [72.83126331512213, 18.91503601658636], [72.83125728036627, 18.915030970009546], [72.83123807327149, 18.91501207608174], [72.83120352721906, 18.914971890994185], [72.8310403183922, 18.914787603716757], [72.83089470740144, 18.914615504629623], [72.83075069888238, 18.914454063699807], [72.83070028868426, 18.91439659136948], [72.8298476970926, 18.913285536713204], [72.82948872349061, 18.91298063534885], [72.8294731336683, 18.91296250639092], [72.82946580913308, 18.91295377950423], [72.82946577921459, 18.9129537444692], [72.82946574482325, 18.912953703022897], [72.82946571401617, 18.912953666243205], [72.82945675572812, 18.912942995223837], [72.82944788421968, 18.912932424649753], [72.82944334803521, 18.912927531865808], [72.82943566551076, 18.912919245919806], [72.8294339290037, 18.912917591941774], [72.82943389090501, 18.912917555365883], [72.8294161173692, 18.9129006376537], [72.82939741421174, 18.912885929793113], [72.8293973829294, 18.912885906303867], [72.82931166904662, 18.912825524130312], [72.82930080404135, 18.91281786923686], [72.82929860936784, 18.912816323205664], [72.82927904865936, 18.91280254296522], [72.82925365327904, 18.912784652259564], [72.82918929748013, 18.91273931566485], [72.82918876231314, 18.912738939069847], [72.82905506225575, 18.912644751609417], [72.82904185368332, 18.91263609113752], [72.82904177180183, 18.912636037790858], [72.82898366252624, 18.912597940655374], [72.8289835195467, 18.912597841431122], [72.8289645491169, 18.912584548491168], [72.82896239143047, 18.912583037393627], [72.82895807418319, 18.912580013370007], [72.82892355604521, 18.912555828636062], [72.82892105693792, 18.912554077794162], [72.82892098075013, 18.912554024514012], [72.82889691334117, 18.91253716188776], [72.82882437096178, 18.912489399028477], [72.82880200425674, 18.91247467352549], [72.82867506262754, 18.91238963270522], [72.82858259872641, 18.912326909993787], [72.82854005772309, 18.91229805182568], [72.82845979768744, 18.912241139785554], [72.82795464180859, 18.912235230324317]]]]}}, {"type": "Feature", "properties": {"grid_id": "cell_0475", "ward_id": "G/S", "ward_gid": 7, "area_m2": 347133.05170854257, "LST_C": 32.891919623087496, "NDVI": 0.2735985058014328, "NDVI_prev": 0.24486128547972716, "impervious_pct": 68.37794130312048}, "geometry": {"type": "Polygon", "coordinates": [[[72.81717248795702, 19.011466436268577], [72.81729034973716, 19.002435350096736], [72.81179755248947, 19.002370427708005], [72.81199351600144, 19.002708411759347], [72.8120545284804, 19.00281364107106], [72.81239847032305, 19.003414269320462], [72.81262513662739, 19.003812820278362], [72.81277133472517, 19.004058495065586], [72.81283100782386, 19.004158771170975], [72.81312176792517, 19.004663002462493], [72.81315339487637, 19.004715471271837], [72.81317982812692, 19.004762883694724], [72.8131996816852, 19.004801575128504], [72.8132152161248, 19.004834991099113], [72.81324427008563, 19.004894913760804], [72.8132835669512, 19.004982182309544], [72.81328915762697, 19.004995954290262], [72.81331564815754, 19.005049741584852], [72.81334583886083, 19.00511729114203], [72.8134017869139, 19.00524285372849], [72.81342794426139, 19.005312327359817], [72.81348315093561, 19.0054678806755], [72.81353132134562, 19.005624653246542], [72.81357163396012, 19.005746693390638], [72.81360862901566, 19.005867474912552], [72.8136496883959, 19.00599937377794], [72.81368813803252, 19.00612708052004], [72.81372959143717, 19.006264368285898], [72.81378001022355, 19.006432090366697], [72.81383638394374, 19.006617841201557], [72.81389500941116, 19.00681033970986], [72.8139379801709, 19.006955577701838], [72.8139848870779, 19.00710961107655], [72.81398513652525, 19.00711043327061], [72.814051952928, 19.007323184549346], [72.81411847372446, 19.007532770957443], [72.81420690951802, 19.007811629915185], [72.8142589240419, 19.00798468730074], [72.81428872627544, 19.00808383856655], [72.81434192666073, 19.008255397023404], [72.81439178487851, 19.00839720547485], [72.81442613520134, 19.008491833753713], [72.81448330011546, 19.008625706849553], [72.81452580963288, 19.008725133884727], [72.81456337281382, 19.00881102961139], [72.8146271544755, 19.008944498573474], [72.81470153683574, 19.009090978557975], [72.81477339189576, 19.009222741857737], [72.81485101855625, 19.009355329384523], [72.81491965102275, 19.009475520090806], [72.81495421845462, 19.009532127810548], [72.81548028649291, 19.010397701889733], [72.81597702792179, 19.011220402581888], [72.81611576813168, 19.011453953291014], [72.81717248795702, 19.011466436268577]]]}}, {"type": "Feature", "properties": {"grid_id": "cell_0476", "ward_id": "D", "ward_gid": 4, "area_m2": 337091.4707924711, "LST_C": 30.100607088540798, "NDVI": 0.27603065571721896, "NDVI_prev": 0.280970495843057, "impervious_pct": 45.444507975314934}, "geometry": {"type": "Polygon", "coordinates": [[[72.79901357332423, 18.94802419260519], [72.79902165217288, 18.947408213615166], [72.79895846395507, 18.94741002235369], [72.79884693787992, 18.947412706432782], [72.79881817156401, 18.94740802675789], [72.79875808077531, 18.947397313256868], [72.7986969547551, 18.947390644524873], [72.79868479783342, 18.947389318090398], [72.79865470645116, 18.94738292321889], [72.79863305241916, 18.947381007944383], [72.79859281520704, 18.94737744823309], [72.79856288440094, 18.947375193230858], [72.79855000433304, 18.947374222784347], [72.79835082264684, 18.947458513350174], [72.79822252543612, 18.947535515583663], [72.79819417067563, 18.947552533685034], [72.79810803539168, 18.947486109315026], [72.79808429157553, 18.947464176504607], [72.79804648997465, 18.947425179713708], [72.79798294622104, 18.9473570293111], [72.79794314687392, 18.9473149630328], [72.79793871725933, 18.947295818550444], [72.79793610395771, 18.947284531283493], [72.79792193182085, 18.947240011853562], [72.79790584161118, 18.947162619573145], [72.79788529320709, 18.947088301356317], [72.79785055672829, 18.946946881525793], [72.79783418861228, 18.946881050167228], [72.79782648395896, 18.9468579349556], [72.79781041422483, 18.946809804390444], [72.7978065112481, 18.94679147275976], [72.79779691217604, 18.94677260286602], [72.79777762327302, 18.94674091192402], [72.79775092640661, 18.94670227193047], [72.7977590601744, 18.946654850734124], [72.79777670593089, 18.94664255587599], [72.79779387649124, 18.94662646987685], [72.79780810213255, 18.946607224569497], [72.7978394106588, 18.946571918408825], [72.79784685329064, 18.946559152770913], [72.79785056416223, 18.94653504593173], [72.79783030499712, 18.946444188244737], [72.7978072669618, 18.94633853131777], [72.7976731206813, 18.94614632248357], [72.79768174324487, 18.946126900416925], [72.79762832002348, 18.94607843262886], [72.7975480243441, 18.946005586750683], [72.79737082277158, 18.945874460146825], [72.79723340362067, 18.94575839081], [72.79711952909608, 18.94565359726879], [72.79699047663065, 18.945559470337415], [72.79688810704924, 18.945484565331245], [72.796882409773, 18.945479781787355], [72.79686559067126, 18.945448993564607], [72.79685155047522, 18.945428151461556], [72.79684649360657, 18.94542064592733], [72.79683499621689, 18.94540069031923], [72.79682739174116, 18.945382540496073], [72.79681911721107, 18.945355993386883], [72.79679808615049, 18.945270836768643], [72.79671538903453, 18.94508428890593], [72.7966941358513, 18.94507773979071], [72.79659016921754, 18.945045704361732], [72.79657051381022, 18.9450348756911], [72.796561587615, 18.94502702428217], [72.79653204159531, 18.94498657903041], [72.79651294852707, 18.9449654546491], [72.79651038521074, 18.94495759938577], [72.79651012467416, 18.944956620786417], [72.79650781620865, 18.944947935762325], [72.79650141912069, 18.94489356939831], [72.7964829958037, 18.944877322359098], [72.7964592585745, 18.944867728667646], [72.7961920022435, 18.944759714949452], [72.79615410578428, 18.94472288722087], [72.79607147660532, 18.944644447284162], [72.79604032585227, 18.944611861877707], [72.79602255968207, 18.944586491730284], [72.79599736506864, 18.944551913221154], [72.79585146493545, 18.944351672876333], [72.79584710027953, 18.94434589171247], [72.79581426991784, 18.94430240251979], [72.79556358822352, 18.943807669860252], [72.79545503997298, 18.943399941029153], [72.79534701602476, 18.942874360342405], [72.79533392128484, 18.942780233608612], [72.79531427784855, 18.94261190114083], [72.79529681825554, 18.94248999692538], [72.79529787399862, 18.94236762100673], [72.79529551894565, 18.94226708648263], [72.79525234558744, 18.942024339654925], [72.79522781780219, 18.941938087274124], [72.79522130370613, 18.94192930525951], [72.79518262290264, 18.941798749423025], [72.79516752740675, 18.941751183990633], [72.79516029454277, 18.94173201065296], [72.79515956668445, 18.94172433437051], [72.7951676603965, 18.9417174973319], [72.79517413572414, 18.941712101590245], [72.79517806364598, 18.941703356137666], [72.79518282157464, 18.941703399170645], [72.79519362914519, 18.94170349969405], [72.79519525342177, 18.94170088696088], [72.79519708130191, 18.94169448032011], [72.79516542976103, 18.941634306546135], [72.79513951376286, 18.941586976440576], [72.79509860644784, 18.941515301793963], [72.79507796492923, 18.94147819408151], [72.7950713573593, 18.941468869909574], [72.79506738056313, 18.941466954709643], [72.79505759443796, 18.94146909011115], [72.79504447101746, 18.94147446278688], [72.79504067550083, 18.941475078821544], [72.79502437171668, 18.941445579219234], [72.7949697810692, 18.94135325717986], [72.7949140715778, 18.94125614728216], [72.79487156128816, 18.941180851403264], [72.79482991528724, 18.94110356963105], [72.79481488985603, 18.94103890211773], [72.79479771807438, 18.940964996905343], [72.79480474507176, 18.940964211563198], [72.7948056736342, 18.940945695296733], [72.79481823267093, 18.940914129114823], [72.79481788810004, 18.940905457501344], [72.79480992074924, 18.940831640988954], [72.79470011960149, 18.940540603738434], [72.79457212470656, 18.940241643578315], [72.79456746870835, 18.940195113662686], [72.79455393199301, 18.940162008686478], [72.7944547358592, 18.940044419778932], [72.7944404699543, 18.93997961134673], [72.79440883938655, 18.939794615054144], [72.79439077089036, 18.939731327609934], [72.79437115928827, 18.939722499068584], [72.79435815320893, 18.939723356890557], [72.7943020484814, 18.93972568283609], [72.79425618108084, 18.9397079954695], [72.79422116180224, 18.93965855720544], [72.79424167208619, 18.939632796850557], [72.79430052819997, 18.939654414282685], [72.79455468917791, 18.93965975435556], [72.79477591476736, 18.93971347386538], [72.79477598210221, 18.939696495511686], [72.79457333428303, 18.939649162506832], [72.7945295094447, 18.9396426861602], [72.79429698158016, 18.93963868909557], [72.79419762002073, 18.939587480109797], [72.79397360408043, 18.93942410203747], [72.79390372488866, 18.9393823980324], [72.79384633227271, 18.939374243562547], [72.79380967978976, 18.93935397317177], [72.79379852851235, 18.93934146697669], [72.79378975962928, 18.939327526778527], [72.79363731048143, 18.939282543275915], [72.7936130145331, 18.93928245650038], [72.79360199350234, 18.93928539367147], [72.79356943377644, 18.939286455030818], [72.79352982495948, 18.939270053222433], [72.79345587026445, 18.939274122033105], [72.79340476220777, 18.939260932578247], [72.79339899173938, 18.9392563964727], [72.79337503190574, 18.939242580775286], [72.79330150052597, 18.939212059493357], [72.79324616003409, 18.93921330762787], [72.7932345582755, 18.939218685651127], [72.79315558994001, 18.939241884951134], [72.79293014356585, 18.939415477377363], [72.79292851049942, 18.939421068876648], [72.79292913735955, 18.939429921784512], [72.79295086697297, 18.9394551117098], [72.79295624444747, 18.939463620124425], [72.79295734521536, 18.939472382026295], [72.79288393163658, 18.93953182214374], [72.79282821446348, 18.939485107139344], [72.79277515337675, 18.93950957298721], [72.7926658962843, 18.939583961307466], [72.79259689826091, 18.939653802300437], [72.79255722206128, 18.939749665179985], [72.79255556730472, 18.93976022605107], [72.79255714809103, 18.939767997392703], [72.79260904384083, 18.939798530575043], [72.79261915738623, 18.939808594762194], [72.79262159718756, 18.939815646510866], [72.79262100626157, 18.939844636239624], [72.79261268823849, 18.939860231939388], [72.7924636585881, 18.940030486349663], [72.79244222836759, 18.94004901501276], [72.79244102388884, 18.94006590122305], [72.79245719410481, 18.94008068109424], [72.79254156322604, 18.940226758794772], [72.7925791778715, 18.940314773166865], [72.79270448107081, 18.94045467222164], [72.79272539580037, 18.940517156354975], [72.79271903577386, 18.940565907168857], [72.79273368074642, 18.94058248528283], [72.79278046019326, 18.94063404822273], [72.79279079457595, 18.94066118088034], [72.7927972094968, 18.940694531762347], [72.79279935859662, 18.940726872619685], [72.79279650062932, 18.940753141894902], [72.79279605291559, 18.94077030086454], [72.79281391197449, 18.940790778593747], [72.79284436919626, 18.940817533884033], [72.79286833138046, 18.94083053316203], [72.79291793572291, 18.940911273697612], [72.79300258394463, 18.941058706725336], [72.79306130966903, 18.94118463750341], [72.79308270676266, 18.94124604165746], [72.79313880860192, 18.941363838206257], [72.79329836300741, 18.9416981365833], [72.79330916938602, 18.941773138522965], [72.79338498904897, 18.941945376857834], [72.79324534660893, 18.942738585512096], [72.79337472819641, 18.943094088751536], [72.79349018382521, 18.943474443057884], [72.79343220525178, 18.94386728180901], [72.79341805877951, 18.943870256202768], [72.79342790747987, 18.94389640058892], [72.79340079970873, 18.944080070952417], [72.79339793225796, 18.944080672811733], [72.79339945834265, 18.94408916099811], [72.79336515151724, 18.944248918180783], [72.7931548157666, 18.9445444685612], [72.7930023127539, 18.944772967605946], [72.79281377463266, 18.945034907205983], [72.79269828528928, 18.945155463315345], [72.79224584958443, 18.94545490342031], [72.79204726087994, 18.945701724717917], [72.79196658452209, 18.946376054774685], [72.79189888772376, 18.94689462936529], [72.79184576984268, 18.947385628085183], [72.79178598741832, 18.947938226042123], [72.79901357332423, 18.94802419260519]]]}}, {"type": "Feature", "properties": {"grid_id": "cell_0477", "ward_id": "P/N", "ward_gid": 21, "area_m2": 332177.8746377635, "LST_C": 32.42018550587317, "NDVI": 0.315787107543286, "NDVI_prev": 0.28840545666308015, "impervious_pct": 16.554472454156848}, "geometry": {"type": "Polygon", "coordinates": [[[72.78616508231842, 19.200774809407314], [72.78626032988092, 19.193655845044233], [72.78610264358709, 19.19359943764472], [72.78590373890165, 19.193623060125987], [72.78582096834963, 19.193667603270818], [72.7856700780335, 19.193685299221855], [72.78563584414113, 19.193684885749935], [72.7855059293935, 19.19367030438677], [72.78526829436203, 19.193517793536223], [72.7850164438832, 19.193404147271057], [72.78475765996542, 19.193296923037703], [72.78453189101674, 19.19328118283002], [72.78421061597238, 19.193238263722368], [72.78393674575464, 19.193234953661968], [72.78371625586456, 19.19333638605046], [72.78352228152482, 19.193503199707713], [72.78332102435687, 19.193702455583473], [72.78311405275099, 19.193817062794903], [72.78264206121534, 19.19377882450071], [72.78234642973516, 19.1938663341001], [72.78221485907625, 19.193975346176643], [72.78215851565601, 19.1940917742694], [72.78204635169332, 19.194285600172762], [72.78182109627552, 19.194437914410322], [72.7817553357415, 19.194448056685555], [72.78166687279864, 19.19454525158854], [72.78166608590004, 19.194547076496825], [72.78157167560917, 19.19476602321556], [72.78157364558791, 19.195031799101905], [72.78157695168797, 19.195040901064537], [72.78165776467476, 19.19526334908169], [72.7822037826986, 19.19676629485161], [72.78241084859513, 19.197336247743582], [72.7824303645804, 19.198110338843744], [72.78242423416961, 19.198567724282753], [72.78241973842444, 19.198903140236403], [72.78244733788219, 19.199238944514562], [72.7825697248758, 19.199687718946535], [72.78265258798176, 19.199892036780582], [72.78285999841042, 19.20030453723228], [72.7831281011158, 19.2005136792637], [72.78332397461217, 19.200721947373395], [72.78348942135455, 19.200742471047104], [72.784834404028, 19.200758731551122], [72.78496158983202, 19.20075073729483], [72.78497032675958, 19.20076037427391], [72.78616508231842, 19.200774809407314]]]}}, {"type": "Feature", "properties": {"grid_id": "cell_0478", "ward_id": "F/S", "ward_gid": 6, "area_m2": 328524.10070149583, "LST_C": 35.13769515195836, "NDVI": 0.2316462944945042, "NDVI_prev": 0.2264291314848693, "impervious_pct": 48.81648425013656}, "geometry": {"type": "Polygon", "coordinates": [[[72.85549993253142, 18.98481711630451], [72.85981213200344, 18.984867039016805], [72.85984163097744, 18.984796554778274], [72.8598429800702, 18.984791514780085], [72.86003078058776, 18.98435293882691], [72.8601050690779, 18.984183797066237], [72.86020682224698, 18.983940973342214], [72.86028981906826, 18.98374248375156], [72.860388435581, 18.98351042581178], [72.86052426996521, 18.98318748738075], [72.86067249072109, 18.982840032699457], [72.86075568018722, 18.982644206045432], [72.8608731591839, 18.982369747637602], [72.86099013761915, 18.982096236279776], [72.86112005833685, 18.981793637316983], [72.86116160173229, 18.981693455135897], [72.86118526906557, 18.98163780987072], [72.86118671430363, 18.981629993409403], [72.86118671380751, 18.981626314382364], [72.86118429285202, 18.981623097859618], [72.86102537985606, 18.981475706512224], [72.86086236402916, 18.98132358597904], [72.86073445397548, 18.98120513674505], [72.86064012665693, 18.98111551960879], [72.86041782545362, 18.98090840522728], [72.86025577730487, 18.980756284593536], [72.86008345169783, 18.9805964765146], [72.85991501457377, 18.980441125736657], [72.8598435256766, 18.980370337242203], [72.85962994409876, 18.98016972527064], [72.85953813891098, 18.980084485172306], [72.85944842514328, 18.980004698778583], [72.85929062843425, 18.97985816455229], [72.8591930868683, 18.979768464460257], [72.85903764979734, 18.97962573933573], [72.85897431354462, 18.97956641341575], [72.85883869729906, 18.97944351205324], [72.8587268896798, 18.979339675853193], [72.85849894781728, 18.97912905463386], [72.85844092551906, 18.97907512565443], [72.85838290513388, 18.979021198488404], [72.85819200005575, 18.97884824185326], [72.85816549263828, 18.978822326539145], [72.85813898430276, 18.978796409404733], [72.85796111715426, 18.978632865560503], [72.8577981896506, 18.978479394338013], [72.8576907408457, 18.97837879298519], [72.85768291798786, 18.978370862069426], [72.85767717909276, 18.978368880718815], [72.85767636629579, 18.978368958928925], [72.85767623795154, 18.97836897189582], [72.8576734450103, 18.978369237650192], [72.85767196678187, 18.978369378613817], [72.85760220357002, 18.97838407580174], [72.85743338588463, 18.978419638203185], [72.8569673757434, 18.97851900736694], [72.85571803811708, 18.97880817767145], [72.85557644625999, 18.97884094973814], [72.85549993253142, 18.98481711630451]]]}}, {"type": "Feature", "properties": {"grid_id": "cell_0479", "ward_id": "F/S", "ward_gid": 6, "area_m2": 327768.202387688, "LST_C": 34.40983448423307, "NDVI": 0.3459910392507343, "NDVI_prev": 0.2855373859605535, "impervious_pct": 30.8781066047963}, "geometry": {"type": "Polygon", "coordinates": [[[72.85549993253142, 18.98481711630451], [72.85538424858716, 18.993848448420263], [72.86055848971132, 18.99390836640417], [72.85958480805517, 18.993546871682057], [72.85994634949384, 18.99275706408427], [72.85689675940628, 18.99176874718517], [72.85691340373577, 18.9917307117251], [72.85701317046902, 18.99149269387821], [72.85706248030016, 18.9913769774657], [72.85712991240253, 18.991215318473355], [72.85715665290772, 18.991153491507], [72.85723798542966, 18.990964732835238], [72.85725536726837, 18.9909224832727], [72.85727062835923, 18.990885384870293], [72.85728560674076, 18.99084937885565], [72.85733426840547, 18.99073241373336], [72.85742536448262, 18.990521182699208], [72.85748439895292, 18.990383644675816], [72.85759193811761, 18.990128976989766], [72.8576334866392, 18.99003239381899], [72.85777009351361, 18.989711895459227], [72.85787489901817, 18.98946546077085], [72.85803101286197, 18.989094057555402], [72.8581168059324, 18.988891644634233], [72.85822001067005, 18.988637835794304], [72.85832037282678, 18.988403573212853], [72.8584580214734, 18.98807823105517], [72.85854219794881, 18.98788044462821], [72.85858782114792, 18.987780180495353], [72.85862749827712, 18.987692990996262], [72.85864793978591, 18.98764204473942], [72.85870666431431, 18.98750072415222], [72.858770144557, 18.98735155857986], [72.85881360841283, 18.987248978683045], [72.85891865885255, 18.987001165718198], [72.8589713682797, 18.9868699714988], [72.85905958976888, 18.986661528676038], [72.85909283370322, 18.986580327332124], [72.85909285722727, 18.986580269795063], [72.8590973716912, 18.986569242527736], [72.85947162847457, 18.985655084623673], [72.85960803071616, 18.98535191101929], [72.8596093823538, 18.985348901603537], [72.85960941362248, 18.985348832413447], [72.85962479771284, 18.98531464998172], [72.85981213200344, 18.984867039016805], [72.85549993253142, 18.98481711630451]]]}}, {"type": "Feature", "properties": {"grid_id": "cell_0480", "ward_id": "T", "ward_gid": 13, "area_m2": 325039.58198706515, "LST_C": 32.34139072998344, "NDVI": 0.31988632414049095, "NDVI_prev": 0.33217134914615815, "impervious_pct": 55.38401846065874}, "geometry": {"type": "Polygon", "coordinates": [[[72.96711475566251, 19.17577212441677], [72.95760957627648, 19.175666575389332], [72.9575241034441, 19.182598501292187], [72.95766857712462, 19.182655548706716], [72.95769815494967, 19.182665947966164], [72.95769819982623, 19.182665932206444], [72.95802076316352, 19.1825523978982], [72.9581648336236, 19.182167477720864], [72.958347392187, 19.182152835608743], [72.95839641995006, 19.1820207988005], [72.95845201729206, 19.18192782593775], [72.9586573560337, 19.181686556540843], [72.95853847128964, 19.181050427377375], [72.95862202504466, 19.18080917749129], [72.95866998378042, 19.180758420963336], [72.95867004425908, 19.180758450541823], [72.95874411789622, 19.180795022767366], [72.95880927431104, 19.180857970517017], [72.95880934770338, 19.18085795507422], [72.95901872993521, 19.18081462106234], [72.95913989138897, 19.180699759624208], [72.95938417768944, 19.180414880313908], [72.95956044801638, 19.18020742374222], [72.95960009567752, 19.1800619630002], [72.95960006959639, 19.180061919351807], [72.95939245292453, 19.17970838516228], [72.95939245246359, 19.179708345412017], [72.95939399521482, 19.179420372022104], [72.95974658163026, 19.179314408796696], [72.95975011568818, 19.179061602131334], [72.95979786643206, 19.178932955076206], [72.96017344646721, 19.178900083212103], [72.96049845204286, 19.179114824389647], [72.96049849617899, 19.179114791458204], [72.96077808459856, 19.17890148316534], [72.96077812120245, 19.178901521510745], [72.96086693438868, 19.178998274590562], [72.96087625893512, 19.179008434655238], [72.96087631171491, 19.179008394593378], [72.96106223763398, 19.178870735842132], [72.96106227137521, 19.178870775058975], [72.96143608806196, 19.17931055141187], [72.96158207367262, 19.17947887464629], [72.96158214151656, 19.179478846494483], [72.96166852970111, 19.17944246478586], [72.96173235612312, 19.179391055304052], [72.96181316570772, 19.17920424828422], [72.96185673731318, 19.179010733355106], [72.96215282393496, 19.17869486384857], [72.9625495224933, 19.178425242630606], [72.9625495395633, 19.17842516874957], [72.9625876968673, 19.17824804703317], [72.96262203680392, 19.178108984109603], [72.96262252604095, 19.1781070031852], [72.96259097808388, 19.177952125321333], [72.96258160761975, 19.177857423165296], [72.96255793219616, 19.177618134409983], [72.9625576269233, 19.177615051670042], [72.96255771800114, 19.177614989450365], [72.96262717132211, 19.177566129738988], [72.96264122875182, 19.177556232098855], [72.96276914943957, 19.17742975688347], [72.96304470411754, 19.177157312253858], [72.96337906914134, 19.176826720451327], [72.96378391125164, 19.17667032027664], [72.96378395665478, 19.1766703388465], [72.96378400020127, 19.176670353782562], [72.96378587487514, 19.176671051158205], [72.96382927164046, 19.176687186932323], [72.96382928975179, 19.17668726030067], [72.96384680640148, 19.17676221817435], [72.96394820340542, 19.17686136591747], [72.96394838635615, 19.176861640744388], [72.96397222672545, 19.176897699480257], [72.96397231892642, 19.176897700503336], [72.964065292571, 19.176899206363487], [72.96406530207626, 19.176899206468956], [72.9640653106421, 19.17689920566068], [72.96426637919376, 19.176863835733087], [72.96426643807085, 19.176863840902822], [72.9644870366004, 19.176881178224402], [72.96458268201695, 19.176918243001918], [72.96474173981679, 19.176934123223468], [72.96481939495146, 19.17695440914524], [72.9653053803453, 19.177058939784217], [72.96574477912868, 19.17714383522542], [72.96582695343274, 19.1772190545422], [72.96620460874664, 19.177426678927493], [72.96624519620553, 19.177473294751263], [72.96628622989697, 19.177520424072565], [72.96633025534034, 19.177541921031818], [72.96649978102293, 19.177582024033228], [72.96652721514293, 19.17760433160617], [72.96676586870696, 19.177655551410677], [72.96696913919861, 19.1779505919986], [72.96696922019348, 19.17795057663662], [72.96708829800347, 19.177928214820025], [72.96711475566251, 19.17577212441677]]]}}, {"type": "Feature", "properties": {"grid_id": "cell_0481", "ward_id": "G/N", "ward_gid": 9, "area_m2": 303085.15335073596, "LST_C": 31.828166442573007, "NDVI": 0.2298693418185191, "NDVI_prev": 0.25749112698053706, "impervious_pct": 51.384382672746426}, "geometry": {"type": "Polygon", "coordinates": [[[72.83604554948315, 19.02072092474876], [72.82873533309446, 19.02063515771548], [72.82887373411468, 19.02074930138211], [72.82896715323358, 19.020828086999376], [72.82916283441655, 19.020993112686437], [72.82933503806468, 19.021117077800927], [72.8296331691747, 19.021343066825473], [72.82977187142903, 19.021475257756837], [72.8299102802095, 19.02160022635956], [72.83008605300395, 19.02175228420822], [72.83039311175078, 19.021994501908143], [72.83073438309601, 19.022278314658617], [72.83081936765218, 19.02235673939611], [72.83097885434677, 19.02250215787356], [72.83128286846653, 19.022795796892005], [72.83138906346129, 19.022914321037106], [72.83163177436873, 19.02316483761326], [72.83187162656336, 19.02341709888168], [72.83204187223228, 19.023592410489528], [72.83225223593008, 19.023817591686335], [72.83241480392323, 19.023987340103087], [72.83257015943289, 19.02413759014617], [72.83289430918235, 19.02444751224029], [72.83325034109332, 19.024829078185256], [72.83343078529501, 19.025045666942482], [72.83354467801377, 19.025198457692333], [72.8341284698006, 19.02607182813685], [72.8342366109343, 19.026246624845683], [72.83430017319498, 19.026356112908214], [72.83433140114352, 19.026398987105942], [72.83442229459283, 19.026536268974866], [72.83469441615041, 19.0269472542543], [72.83493407425176, 19.027359327385003], [72.83509969648462, 19.02770316957839], [72.83527212513715, 19.028066071536244], [72.83541151380034, 19.02834666457427], [72.83559961514722, 19.02872725327861], [72.83573567633033, 19.029026070061327], [72.83582897844335, 19.029304133841755], [72.83592929431383, 19.029696886825427], [72.83604554948315, 19.02072092474876]]]}}, {"type": "Feature", "properties": {"grid_id": "cell_0482", "ward_id": "T", "ward_gid": 13, "area_m2": 282043.03949145845, "LST_C": 28.098299466731376, "NDVI": 0.45280036199243034, "NDVI_prev": 0.4375722453769392, "impervious_pct": 0}, "geometry": {"type": "Polygon", "coordinates": [[[72.95805443623644, 19.13953953246148], [72.96683590646232, 19.139636885925203], [72.96567893810415, 19.1390776518181], [72.96541011764593, 19.138795373496418], [72.96503738728182, 19.13840396972188], [72.96452454001788, 19.13787311615099], [72.96452453346542, 19.13787310794869], [72.96452452503449, 19.137873097918977], [72.96413575579773, 19.137456713881463], [72.962458124083, 19.135699735983756], [72.96245811564123, 19.13569972685714], [72.96245810721054, 19.135699716827357], [72.96222821561851, 19.13545504339843], [72.96143524894521, 19.13465307973567], [72.96143524049245, 19.134653071512197], [72.9614352320508, 19.134653062385553], [72.96131112674937, 19.13452766505535], [72.96010755207507, 19.135439434621976], [72.959688222808, 19.13579629158659], [72.95938668604893, 19.13613473634723], [72.95889497355536, 19.136753704385544], [72.95831817766559, 19.137542621579286], [72.95807419555207, 19.13793298866662], [72.95805443623644, 19.13953953246148]]]}}, {"type": "Feature", "properties": {"grid_id": "cell_0483", "ward_id": "F/S", "ward_gid": 6, "area_m2": 281229.46918372455, "LST_C": 34.09278761938866, "NDVI": 0.3553025227848281, "NDVI_prev": 0.2945815589057271, "impervious_pct": 46.81624940954178}, "geometry": {"type": "Polygon", "coordinates": [[[72.8646478978272, 19.012021028809368], [72.86653094132403, 19.012042774525383], [72.86659283360699, 19.011930931128056], [72.86668445557585, 19.01181762734082], [72.86671399070464, 19.011789377913182], [72.86674440975474, 19.011761138681923], [72.86686901032506, 19.01169614624612], [72.86708317942873, 19.01160948331071], [72.8671661161281, 19.01155325967265], [72.8672233967424, 19.011498421765353], [72.8673530875987, 19.011311558329663], [72.86739636425685, 19.011245627170634], [72.86742949929284, 19.011212373796454], [72.86758034489189, 19.01109975277065], [72.86769964095645, 19.011034698537905], [72.86775677112598, 19.01099163117495], [72.86779087577249, 19.010951661742986], [72.86782141241709, 19.01091417383661], [72.86783781662767, 19.010875682027763], [72.8678534869486, 19.010825409235576], [72.8678838315081, 19.01066430786464], [72.86788721228186, 19.0106071661738], [72.86790309695118, 19.010540077980558], [72.86791526359306, 19.010487242070347], [72.86792805691708, 19.010454594817723], [72.86794966823558, 19.010423731058562], [72.8679747081268, 19.010401315793505], [72.86801026958254, 19.010385749014574], [72.86807506554489, 19.010365474032014], [72.86825272780368, 19.010368363987425], [72.86832889713261, 19.010357469942], [72.86838123206877, 19.010343778273928], [72.8684614944364, 19.010289204933798], [72.86852769939314, 19.01022774231996], [72.8686271995864, 19.010120414462722], [72.86874385892861, 19.00998469399191], [72.86883212472846, 19.00985705505944], [72.86888808633354, 19.009766883789446], [72.86894155678327, 19.00966407037924], [72.86896805890387, 19.00959626357624], [72.86898775732617, 19.009507355977366], [72.86899863747554, 19.009139170172876], [72.86899671419651, 19.0090819672719], [72.86895979747781, 19.008857023175885], [72.86895867237632, 19.00880655661217], [72.86896457598182, 19.00875953464493], [72.86902104490272, 19.008528516256256], [72.86925026786092, 19.00861044452477], [72.86936913060241, 19.008670144273513], [72.86936981373627, 19.008670117822945], [72.86939391584328, 19.008672127194455], [72.86941922464459, 19.008674235378468], [72.86958837219066, 19.008219138924503], [72.86979466400452, 19.007664100665373], [72.86717896905715, 19.006066850342364], [72.8647396469742, 19.004834993646288], [72.8646478978272, 19.012021028809368]]]}}, {"type": "Feature", "properties": {"grid_id": "cell_0484", "ward_id": "R/C", "ward_gid": 11, "area_m2": 280919.8560969522, "LST_C": 29.364459628359654, "NDVI": 0.5430285311794663, "NDVI_prev": 0.6095150679624775, "impervious_pct": 0}, "geometry": {"type": "Polygon", "coordinates": [[[72.78543874557234, 19.25495888106265], [72.7855599715641, 19.245928226532705], [72.78199327354068, 19.245885012971403], [72.78246406795414, 19.247497334148104], [72.7824813151763, 19.247558979484616], [72.78248136150768, 19.247559140817895], [72.78248137418802, 19.247559187938602], [72.78250303010302, 19.247635440344236], [72.78254915168239, 19.247791515286924], [72.78254915703535, 19.24779154154493], [72.78255481329037, 19.247812850933094], [72.78261216047456, 19.248028137383372], [72.78264571638196, 19.248140312947307], [72.78264577650262, 19.248140509672968], [72.78265619980573, 19.24817513869954], [72.78265626128191, 19.248175376086117], [72.78269155580408, 19.248310535961373], [72.78271727178446, 19.24839455912552], [72.78274707241542, 19.24850149659397], [72.78274708603456, 19.248501544629264], [72.78280514315809, 19.24870550074267], [72.78280518047931, 19.24870562493501], [72.78285253627938, 19.24887094651972], [72.78294394178285, 19.249199024178267], [72.78308922072432, 19.25028892707043], [72.78311272084738, 19.2509296525055], [72.78310753030257, 19.2513158870209], [72.78307706978917, 19.251680099567896], [72.78305278790477, 19.252039635413777], [72.78304787861656, 19.252113666290665], [72.78304786803204, 19.252113816998566], [72.78304681803264, 19.25212896647109], [72.78304681547556, 19.25212901521348], [72.78300652566266, 19.25276375136806], [72.78311558272794, 19.253267999394932], [72.78311561587039, 19.253268151536158], [72.7830710660577, 19.25352894555512], [72.78303505758176, 19.253783688622402], [72.78299918080525, 19.25400612360887], [72.782934522795, 19.25437979094247], [72.78284134507331, 19.254699783229135], [72.78282770502958, 19.254895853884523], [72.7828262472997, 19.254917558422957], [72.7828255708549, 19.254927212792143], [72.78543874557234, 19.25495888106265]]]}}, {"type": "Feature", "properties": {"grid_id": "cell_0485", "ward_id": "P/N", "ward_gid": 21, "area_m2": 279971.14830469026, "LST_C": 32.45769513846751, "NDVI": 0.3479399868765387, "NDVI_prev": 0.3717501843389027, "impervious_pct": 24.26778242677824}, "geometry": {"type": "MultiPolygon", "coordinates": [[[[72.78604419600471, 19.20980551208259], [72.78616508231842, 19.200774809407314], [72.78497032675958, 19.20076037427391], [72.78498480406108, 19.200776342979523], [72.78542705524421, 19.201468018181682], [72.78574497301169, 19.20200376599626], [72.78575935641832, 19.202278472221497], [72.78584160748588, 19.202880005619697], [72.78570303120634, 19.203787719908934], [72.78542320529023, 19.20445351110549], [72.78503571827305, 19.20506652559496], [72.78454148868032, 19.20555814058919], [72.78426740064457, 19.205795042224214], [72.78375602811607, 19.206217814370312], [72.78234072969383, 19.206703786860437], [72.78231815782077, 19.206705730162838], [72.78231751058787, 19.206705784651174], [72.78202785561257, 19.206766050171844], [72.78170213674957, 19.206779910075436], [72.78121418709503, 19.206614527282962], [72.7808633057096, 19.206447626112624], [72.78066152733817, 19.206333359040688], [72.78051378922025, 19.206179083345397], [72.78031078365375, 19.20615629279943], [72.78008256022501, 19.20641783748619], [72.78008984815122, 19.206672069486316], [72.7801164873007, 19.207079022174437], [72.78016411502216, 19.207516726349226], [72.78024438560166, 19.20791416299976], [72.78029255941644, 19.20831121078794], [72.78033044365979, 19.208677636663815], [72.78045432967315, 19.20901460716603], [72.78047040683586, 19.209411266098392], [72.78048921271967, 19.20960464315155], [72.78049482250626, 19.209738367880384], [72.78604419600471, 19.20980551208259]]], [[[72.78348942135455, 19.200742471047104], [72.78363049205477, 19.200759970751538], [72.78417198690343, 19.200783676344862], [72.78462365408323, 19.200771978029074], [72.784834404028, 19.200758731551122], [72.78348942135455, 19.200742471047104]]]]}}, {"type": "Feature", "properties": {"grid_id": "cell_0486", "ward_id": "T", "ward_gid": 13, "area_m2": 270273.0773750614, "LST_C": 29.278435416283372, "NDVI": 0.3949974754540496, "NDVI_prev": 0.3272566913400227, "impervious_pct": 0}, "geometry": {"type": "Polygon", "coordinates": [[[72.96744694389167, 19.14867669600799], [72.97269618384745, 19.148734695666132], [72.97265037731852, 19.148657706261282], [72.97263096523949, 19.148624650511476], [72.97225744982185, 19.147988613640862], [72.97205637793178, 19.147654793978663], [72.97187350983637, 19.14734910895815], [72.97177644453826, 19.14713699608424], [72.97169777185081, 19.14700190884938], [72.97155739893466, 19.146760875374056], [72.9715232490219, 19.14670223868059], [72.97087944691849, 19.145592134749783], [72.97052850065656, 19.1449760907788], [72.97029494675874, 19.144526517134285], [72.96993053223683, 19.1438929475504], [72.9692865233489, 19.14281514484085], [72.96902700147982, 19.142392663160983], [72.9686985599355, 19.141798026161148], [72.96830463759082, 19.141079578589814], [72.96807403467741, 19.140654031824386], [72.96755086852474, 19.140190509420698], [72.96744694389167, 19.14867669600799]]]}}, {"type": "Feature", "properties": {"grid_id": "cell_0487", "ward_id": "H/W", "ward_gid": 23, "area_m2": 257421.1731583469, "LST_C": 34.56726976011122, "NDVI": 0.1651568922434767, "NDVI_prev": 0.15010538963929987, "impervious_pct": 70.8174218185571}, "geometry": {"type": "Polygon", "coordinates": [[[72.82584412778924, 19.074796065163305], [72.82185397468243, 19.07474895293241], [72.82186920513114, 19.07483186008384], [72.82186483518383, 19.07516612650633], [72.82165010071336, 19.075901874168395], [72.82139360293586, 19.076469968752523], [72.8213885030709, 19.076859946033146], [72.8215146973275, 19.0772932651226], [72.8219739662053, 19.07757882576482], [72.82199129551, 19.077638749067553], [72.82203263655639, 19.07776403854456], [72.82208334801165, 19.07789846831049], [72.82213961668188, 19.078044810838964], [72.822197330766, 19.078169707622404], [72.82226806142297, 19.07829989616052], [72.82234956234443, 19.078432239845785], [72.82242189509573, 19.078540819126214], [72.8225101153754, 19.07865572413456], [72.8226066704536, 19.078764861274845], [72.82271835208583, 19.07887240125079], [72.8228395160392, 19.07897132309219], [72.82294909806141, 19.079047958456005], [72.82310814476779, 19.079136787049382], [72.82325176513031, 19.07920243740807], [72.82337830979868, 19.079254705820052], [72.82342097256137, 19.0792695506731], [72.8234020993953, 19.07929552231117], [72.82338960619413, 19.079312714365994], [72.82337969620683, 19.079326351665724], [72.82330815223811, 19.079395748652782], [72.82324126993889, 19.079481472372372], [72.82323408811914, 19.079490677223987], [72.82320487336757, 19.079624442392834], [72.8232049962408, 19.07970232115561], [72.82320503693988, 19.079727773188843], [72.82320667165085, 19.079751293441692], [72.82321289389753, 19.079840818685412], [72.8231904917071, 19.07997421515409], [72.82314169282505, 19.080264792658646], [72.82310080335337, 19.08050827194041], [72.8230470256806, 19.080828493314606], [72.82300741088693, 19.08106438022201], [72.82299923861724, 19.08111477043608], [72.82295486236917, 19.08138839456775], [72.82294785585094, 19.081431596729626], [72.8229075695498, 19.08171825227665], [72.8229069466392, 19.081722684650874], [72.82288616211054, 19.081822203470026], [72.82284595480232, 19.08186664605762], [72.82280894448448, 19.081894251209192], [72.82276970985735, 19.08190966629589], [72.82272683060833, 19.08192651333905], [72.82267212017271, 19.08196791608415], [72.82266091029352, 19.082004059955672], [72.82265929750146, 19.082009260021728], [72.8226690275438, 19.082049041439138], [72.82270938739934, 19.08210102381705], [72.82291459544811, 19.082258934759967], [72.82291585917763, 19.08225990723957], [72.82304331179216, 19.08231143991503], [72.82308203374095, 19.08234658778876], [72.82309224573585, 19.082371174840077], [72.82309982298892, 19.082389418384327], [72.82310058549922, 19.082428026634055], [72.8232175179171, 19.08228094089511], [72.82347575791916, 19.081970586378457], [72.82399399101311, 19.081036574503145], [72.82492548450773, 19.080477788849976], [72.8253911843076, 19.080198419497542], [72.82577663782398, 19.079967189187585], [72.82584412778924, 19.074796065163305]]]}}, {"type": "Feature", "properties": {"grid_id": "cell_0488", "ward_id": "M/E", "ward_gid": 16, "area_m2": 251333.35030731786, "LST_C": 30.3716371903505, "NDVI": 0.5089767533838901, "NDVI_prev": 0.5192323544438687, "impervious_pct": 0}, "geometry": {"type": "Polygon", "coordinates": [[[72.91223768220497, 19.003531800799266], [72.91848789321841, 19.003602268037888], [72.91801327283595, 19.00289638692071], [72.9155569424915, 19.00027203753774], [72.91381294974128, 18.99847670499469], [72.91371557778618, 18.998236941717952], [72.91295326367359, 18.99739778724611], [72.91233683208327, 18.996932593930385], [72.91232012520578, 18.996924258972523], [72.91223768220497, 19.003531800799266]]]}}, {"type": "Feature", "properties": {"grid_id": "cell_0489", "ward_id": "R/C", "ward_gid": 11, "area_m2": 249321.05340367166, "LST_C": 29.57754039261626, "NDVI": 0.5207982081964426, "NDVI_prev": 0.5220260772559916, "impervious_pct": 1.018113097060115}, "geometry": {"type": "Polygon", "coordinates": [[[72.78531745159378, 19.263989525951605], [72.78543874557234, 19.25495888106265], [72.7828255708549, 19.254927212792143], [72.78279659394646, 19.25534077569557], [72.78279661436335, 19.25534095477884], [72.78280736825211, 19.255437594709612], [72.78271456200298, 19.255865364678375], [72.78261373327534, 19.25619961050237], [72.78252264953943, 19.256605134453054], [72.78247874756757, 19.25668592769084], [72.7823905334403, 19.256878006292055], [72.7822798212004, 19.257151137656496], [72.78216979204745, 19.25737344862124], [72.78201904307569, 19.258235705256546], [72.78201548845732, 19.25849997061431], [72.78196748398818, 19.258885685139663], [72.7818796780198, 19.259047271156078], [72.78174755850125, 19.25932014216093], [72.78167004412694, 19.259512350036847], [72.78166799292377, 19.259664810741537], [72.78168803011155, 19.25976671096105], [72.78179354941774, 19.25987981414663], [72.78198578158764, 19.259912643744702], [72.78215756619291, 19.259874065109088], [72.78239315471957, 19.259866757410375], [72.78254312441156, 19.259858410904766], [72.78276678047213, 19.2599424494085], [72.782989753441, 19.260077307962476], [72.78326172909694, 19.260548229076694], [72.78326942505255, 19.260771968113907], [72.7835639005457, 19.261161836050782], [72.78385851401006, 19.261541539586254], [72.78406860171584, 19.2618388923179], [72.78424712902012, 19.262095199427755], [72.78438093427418, 19.262493284389592], [72.78451542310083, 19.262840548963275], [72.78452216434201, 19.263135436556826], [72.78446509977152, 19.263399053544084], [72.78436590753105, 19.26361133124891], [72.78425669549354, 19.26377265880023], [72.78418041088737, 19.263873391180425], [72.78415209535618, 19.263975401609354], [72.78531745159378, 19.263989525951605]]]}}, {"type": "Feature", "properties": {"grid_id": "cell_0490", "ward_id": "S", "ward_gid": 12, "area_m2": 197739.19900176857, "LST_C": 29.807363365480793, "NDVI": 0.5531731849131719, "NDVI_prev": 0.5694218839091157, "impervious_pct": 0}, "geometry": {"type": "Polygon", "coordinates": [[[72.95816549483732, 19.130507748010167], [72.96006426870917, 19.13052882425726], [72.96011038599806, 19.130452892987147], [72.96074211611003, 19.12938714471096], [72.96095009316521, 19.12903677525837], [72.9612084769946, 19.128601484753798], [72.96120836959986, 19.128600788019174], [72.9611682763213, 19.12833315617161], [72.96108044342469, 19.127785959947904], [72.96104510569187, 19.127587506133196], [72.96097338611605, 19.127217995861137], [72.96096451971324, 19.127210054162173], [72.96082002031866, 19.12640889077478], [72.96073959270785, 19.125970056501217], [72.96050139002521, 19.125564716761364], [72.96039811831417, 19.1253889827336], [72.96017856746876, 19.125054741708944], [72.96016278123409, 19.12505024159844], [72.95992976404646, 19.12468943206254], [72.95970205703858, 19.12432277270298], [72.95935498510313, 19.12376390361454], [72.95936246052078, 19.123746029789594], [72.95914075031953, 19.123413369030686], [72.95881283930832, 19.122909092444193], [72.95880362849756, 19.122907552165284], [72.95871960310748, 19.122779196994074], [72.95854846501484, 19.1225197812299], [72.95843311963569, 19.122344937612226], [72.95840040433296, 19.122295343563692], [72.9583610466093, 19.122233725081337], [72.95826895232022, 19.122089533720427], [72.95816549483732, 19.130507748010167]]]}}, {"type": "Feature", "properties": {"grid_id": "cell_0491", "ward_id": "K/W", "ward_gid": 14, "area_m2": 196686.24216018943, "LST_C": 32.283852652619075, "NDVI": 0.26161479794053766, "NDVI_prev": 0.25363669443253667, "impervious_pct": 31.93567981642087}, "geometry": {"type": "Polygon", "coordinates": [[[72.82537220255915, 19.110920276296863], [72.82549028365769, 19.101889237833465], [72.8244418523798, 19.101876850359975], [72.82415475710157, 19.102897047385678], [72.82401716874536, 19.103823137545046], [72.82386165131949, 19.105053836540392], [72.82369444505062, 19.106112106691345], [72.82332410144906, 19.10777761587435], [72.82307133973254, 19.108980656577835], [72.82285061737844, 19.109866001677183], [72.82258064365085, 19.110887265140622], [72.82537220255915, 19.110920276296863]]]}}, {"type": "Feature", "properties": {"grid_id": "cell_0492", "ward_id": "A", "ward_gid": 1, "area_m2": 176515.26450818864, "LST_C": 31.72386796975291, "NDVI": 0.07841926226576841, "NDVI_prev": 0.0805582213429087, "impervious_pct": 78.07199396909155}, "geometry": {"type": "MultiPolygon", "coordinates": [[[[72.84393839250768, 18.930486898154314], [72.84424254505717, 18.929005106187077], [72.84403714109364, 18.92896352405827], [72.84401021939887, 18.92913566956021], [72.84299133623286, 18.92893568908969], [72.84273692021895, 18.930472929567756], [72.84393839250768, 18.930486898154314]]], [[[72.8372116222728, 18.930408591048028], [72.83959184011364, 18.930436327319327], [72.8385539526141, 18.929704958991614], [72.83752810803381, 18.928976886748124], [72.83722731950378, 18.929189337518185], [72.8372116222728, 18.930408591048028]]], [[[72.83732786663059, 18.921377305538687], [72.83724989051404, 18.927436011904096], [72.8373372707294, 18.927456655664642], [72.8379374393541, 18.927718918799577], [72.83826209600764, 18.927057181925065], [72.83839706918172, 18.926782914743274], [72.83860610354837, 18.926878657055994], [72.83883560443378, 18.926983997443795], [72.83910694792603, 18.92710822804623], [72.83910724422498, 18.92710836337398], [72.83926809366079, 18.927182005676578], [72.83930715487723, 18.9272006053829], [72.83930793221946, 18.927200976645267], [72.83949758933412, 18.927291289811247], [72.84001277565511, 18.92753812438517], [72.84015872803876, 18.927608050836927], [72.84023773457503, 18.927645177091378], [72.84030703089935, 18.927677740792536], [72.84031403812929, 18.927681177995122], [72.8403188891534, 18.92768355676143], [72.84034347153538, 18.927695614278765], [72.84035919079167, 18.927698790686254], [72.84035924125288, 18.92769877862793], [72.84035975250839, 18.927698658122225], [72.84037409533502, 18.927695272541555], [72.84038038599263, 18.92769183839005], [72.8403877644264, 18.927687811712975], [72.84039523141217, 18.927678372796937], [72.84039856100935, 18.927667747604424], [72.84039837347773, 18.927664319335843], [72.84039776118478, 18.927653174946187], [72.84039565783004, 18.92764601105224], [72.84039406012684, 18.92764056563554], [72.84038497356714, 18.927630310772262], [72.84003710490849, 18.927459490260414], [72.8396526800257, 18.92727734739468], [72.83933336592985, 18.927127558303958], [72.83920528494227, 18.92706747724578], [72.83853998307332, 18.926761598660857], [72.83795587209349, 18.926496255920075], [72.83788890872944, 18.9264659517639], [72.83882456057242, 18.924292252572805], [72.84004544408418, 18.921726435146976], [72.840287244507, 18.921546914827868], [72.84021009933231, 18.921410872398205], [72.83732786663059, 18.921377305538687]]], [[[72.84059185791412, 18.921415315051913], [72.8416263131385, 18.9224559340879], [72.84432060185623, 18.925258743202203], [72.84444301803943, 18.925424266827335], [72.84450737845388, 18.92563469969962], [72.84444417719378, 18.926080685908587], [72.84469263575485, 18.9261291560821], [72.84477148596908, 18.925956853861145], [72.8447572394198, 18.925573785033475], [72.84463645973656, 18.925280646137473], [72.84245296035458, 18.922985201238], [72.84096397409874, 18.92141964473807], [72.84059185791412, 18.921415315051913]]]]}}, {"type": "Feature", "properties": {"grid_id": "cell_0493", "ward_id": "T", "ward_gid": 13, "area_m2": 170251.25030173015, "LST_C": 28.77383571670103, "NDVI": 0.7112053740962185, "NDVI_prev": 0.7056154481527989, "impervious_pct": 0}, "geometry": {"type": "Polygon", "coordinates": [[[72.91913534059974, 19.211365488387607], [72.91527391993738, 19.211321589900574], [72.91573660909727, 19.212607475914247], [72.91596160221951, 19.21317718916206], [72.91633046885927, 19.214173903335713], [72.9167179243776, 19.2153834127445], [72.91721176154995, 19.216166326961076], [72.91721180540318, 19.216166393398897], [72.91790771708273, 19.21636345587202], [72.91882135203426, 19.216599518317004], [72.91906865444875, 19.216663328685158], [72.91913534059974, 19.211365488387607]]]}}, {"type": "Feature", "properties": {"grid_id": "cell_0494", "ward_id": "B", "ward_gid": 2, "area_m2": 165657.69657650247, "LST_C": 34.94909784451926, "NDVI": 0.17319688391855526, "NDVI_prev": 0.1465022150947345, "impervious_pct": 66.5756778997652}, "geometry": {"type": "MultiPolygon", "coordinates": [[[[72.84635450975354, 18.957612969651088], [72.84627876592288, 18.963510773008682], [72.84643767784087, 18.963547069126324], [72.84646205302826, 18.963556911783815], [72.8464734595409, 18.96356151737164], [72.84647368811794, 18.963561682616938], [72.84650192638892, 18.963582165485235], [72.84654819444499, 18.963615724981267], [72.84655710798327, 18.963623058346418], [72.84662396806343, 18.96365536684156], [72.84665376076377, 18.96364914375287], [72.8467498966525, 18.963629061725467], [72.8474697662131, 18.963478688931826], [72.84760525654566, 18.963448849649367], [72.84761958848898, 18.963527309463657], [72.84767160168454, 18.963750849803105], [72.84834626318327, 18.96361849049216], [72.84862152304535, 18.963559600009507], [72.84937556794543, 18.9633954117145], [72.84913491639008, 18.96274504492539], [72.8490728772532, 18.962484250608867], [72.84901947983519, 18.962268203289945], [72.84899861788215, 18.962183791047693], [72.84892254384755, 18.961868208685566], [72.84888394660706, 18.96171165253294], [72.84878555441607, 18.96130273296802], [72.84878415108368, 18.96129675149917], [72.84876867197384, 18.961230786841003], [72.84871852201631, 18.961031538204715], [72.8486345761902, 18.96070459702114], [72.84860693897588, 18.960583180538396], [72.84852318061547, 18.96023758453692], [72.84838999404779, 18.959662526728078], [72.84818101688477, 18.958684537461668], [72.84817947292201, 18.958677310559285], [72.8479999662002, 18.957959028572652], [72.84887611076857, 18.957642263742155], [72.84838118154116, 18.957636516727845], [72.84795472419997, 18.957772014173315], [72.84791959793377, 18.957631155724567], [72.84635450975354, 18.957612969651088]]], [[[72.85011601561096, 18.95765665545292], [72.85058074507401, 18.957909880449638], [72.85078237773217, 18.95880245900756], [72.85106082063344, 18.95876161767972], [72.85082383017956, 18.957736415350443], [72.85059622007054, 18.95778666042914], [72.850403925838, 18.957659996071435], [72.85011601561096, 18.95765665545292]]]]}}, {"type": "Feature", "properties": {"grid_id": "cell_0495", "ward_id": "D", "ward_gid": 4, "area_m2": 157677.83926926015, "LST_C": 34.58674951775576, "NDVI": 0.10890757263198535, "NDVI_prev": -0.10739362201486774, "impervious_pct": 27.252043481924666}, "geometry": {"type": "Polygon", "coordinates": [[[72.80815069709945, 18.975229884671396], [72.80313237542455, 18.975170400795346], [72.80330695805111, 18.97545363115129], [72.80331151532015, 18.975460674167046], [72.80361813439941, 18.975912413732864], [72.80397367500426, 18.976444418764572], [72.80441704963667, 18.977125363125825], [72.80582563716395, 18.97928866279128], [72.80616999297138, 18.97909866468177], [72.80655403358463, 18.97890372646246], [72.80705829786511, 18.978628255469882], [72.80738660481549, 18.97846616267664], [72.80777554123267, 18.97830839682679], [72.8080075294307, 18.978260627203177], [72.80811127917428, 18.978242871710115], [72.80815069709945, 18.975229884671396]]]}}, {"type": "Feature", "properties": {"grid_id": "cell_0496", "ward_id": "H/W", "ward_gid": 23, "area_m2": 156073.6171014736, "LST_C": 34.43470640391816, "NDVI": 0.22789730517212528, "NDVI_prev": 0.21193246751691439, "impervious_pct": 62.53459360497298}, "geometry": {"type": "Polygon", "coordinates": [[[72.82619737352255, 19.047702806656467], [72.83162609718748, 19.04776667826408], [72.8297582427496, 19.046051798632153], [72.82976516328209, 19.045519625575693], [72.82955991924831, 19.04516237559318], [72.82930659910853, 19.044915446291647], [72.82872510484287, 19.044797719608837], [72.82754342004846, 19.044207204953675], [72.82625339451884, 19.043401878757834], [72.82619737352255, 19.047702806656467]]]}}, {"type": "Feature", "properties": {"grid_id": "cell_0497", "ward_id": "N", "ward_gid": 10, "area_m2": 151702.02177301864, "LST_C": 29.186473992717797, "NDVI": 0.6476049435619904, "NDVI_prev": 0.5998991280919628, "impervious_pct": 0}, "geometry": {"type": "MultiPolygon", "coordinates": [[[[72.94921989181697, 19.085243180130277], [72.94929690809592, 19.085244037417752], [72.94930623676407, 19.085174309672567], [72.94922781375983, 19.08459990794853], [72.94921989181697, 19.085243180130277]]], [[[72.94933108974047, 19.076211392539292], [72.94923669140637, 19.083879000604608], [72.9497703728279, 19.082982371922974], [72.95010007159566, 19.082328777374638], [72.95030008417739, 19.08166105524118], [72.95058617773846, 19.080719281305907], [72.95071941945024, 19.080276937777004], [72.95081459157058, 19.07997256493058], [72.9508489910292, 19.07986255656849], [72.95092588008842, 19.079597103279824], [72.9510285716865, 19.079257939112576], [72.95103193480557, 19.079246832451688], [72.95103335501616, 19.07924213480525], [72.95108632823872, 19.079067174891673], [72.95114328873397, 19.07887855165021], [72.95114829140499, 19.078866849870757], [72.95221570648862, 19.077586603645305], [72.95246117159603, 19.077277054161968], [72.95275324560923, 19.076988456565083], [72.95284947883609, 19.07679037398896], [72.95307694593747, 19.076253032365067], [72.94933108974047, 19.076211392539292]]]]}}, {"type": "Feature", "properties": {"grid_id": "cell_0498", "ward_id": "K/W", "ward_gid": 14, "area_m2": 150452.77632519157, "LST_C": 26.795102631220796, "NDVI": -0.07346906579478565, "NDVI_prev": -0.31441604982655047, "impervious_pct": 0}, "geometry": {"type": "Polygon", "coordinates": [[[72.79651132906753, 19.13767378535196], [72.80332085946786, 19.13775529822944], [72.79656165100543, 19.133881893254493], [72.79651132906753, 19.13767378535196]]]}}, {"type": "Feature", "properties": {"grid_id": "cell_0499", "ward_id": "F/N", "ward_gid": 8, "area_m2": 149952.14684039936, "LST_C": 29.673694149636376, "NDVI": 0.6169925482457148, "NDVI_prev": 0.5129623468516283, "impervious_pct": 0}, "geometry": {"type": "Polygon", "coordinates": [[[72.87414317660631, 19.012130486446626], [72.88363852031209, 19.012239457093195], [72.88367616483039, 19.009264987281277], [72.88186035477607, 19.01068620991044], [72.8808830600616, 19.011531690118264], [72.88009047898265, 19.01166886411686], [72.87936564561349, 19.01166054924934], [72.87846562570867, 19.011608431475565], [72.87763415230101, 19.011348149992717], [72.87673837987462, 19.010961758568108], [72.87562588693001, 19.01034303153102], [72.8741761649388, 19.009535591798407], [72.87414317660631, 19.012130486446626]]]}}, {"type": "Feature", "properties": {"grid_id": "cell_0500", "ward_id": "P/N", "ward_gid": 21, "area_m2": 133385.50176118826, "LST_C": 31.060701933286094, "NDVI": 0.459157205000035, "NDVI_prev": 0.4441809748680273, "impervious_pct": 0.6343756996790806}, "geometry": {"type": "Polygon", "coordinates": [[[72.78664794889785, 19.164651902574406], [72.78109012831969, 19.164584807833496], [72.78107398842326, 19.164793808816274], [72.78110800932618, 19.165027181130128], [72.78112050278848, 19.1652038178365], [72.7812615033027, 19.16538633170194], [72.7814525880845, 19.165835253116565], [72.78148462010823, 19.16614504820319], [72.78160616400348, 19.166524682450962], [72.78163911641606, 19.166765731336394], [72.78167183885942, 19.167023966786527], [72.78185132322096, 19.16712927185585], [72.7822682315585, 19.167065552126886], [72.78263065043097, 19.16701836257891], [72.78337219512017, 19.16702731906136], [72.78369729183939, 19.16706562337598], [72.78400591077498, 19.16698340272722], [72.78437200521985, 19.1666612243136], [72.78453708039747, 19.166491323182136], [72.78459802863863, 19.166391827868516], [72.7848840948464, 19.166321095399688], [72.78529369901072, 19.16639843118456], [72.78612693727925, 19.166543540994322], [72.78661660262465, 19.16699936674597], [72.78664794889785, 19.164651902574406]]]}}, {"type": "Feature", "properties": {"grid_id": "cell_0501", "ward_id": "T", "ward_gid": 13, "area_m2": 133041.94712825917, "LST_C": 29.17589468652915, "NDVI": 0.5784818589082771, "NDVI_prev": 0.5733995526906577, "impervious_pct": 0}, "geometry": {"type": "Polygon", "coordinates": [[[72.9767302718917, 19.166845328613647], [72.97665805424751, 19.17276077038915], [72.97693812553003, 19.172430296087374], [72.97705622112083, 19.172279303003325], [72.97779911023287, 19.171342133731965], [72.978142618082, 19.170908785990484], [72.9787681319819, 19.170101365185], [72.97925847057365, 19.169477209917886], [72.979642478437, 19.16898839515757], [72.97973149704592, 19.16887508204343], [72.97969059860675, 19.168768012596612], [72.97925326197766, 19.167168730184788], [72.9791721810912, 19.166872226346616], [72.9767302718917, 19.166845328613647]]]}}, {"type": "Feature", "properties": {"grid_id": "cell_0502", "ward_id": "R/C", "ward_gid": 11, "area_m2": 131235.34990991518, "LST_C": 28.390928011641645, "NDVI": 0.6761631096320307, "NDVI_prev": 0.6636727023596865, "impervious_pct": 0}, "geometry": {"type": "Polygon", "coordinates": [[[72.89029771590285, 19.247166210637914], [72.89043939969172, 19.24725829701212], [72.8904773819879, 19.247282982355195], [72.89085672870469, 19.24755304937544], [72.89085720636734, 19.247553390174037], [72.89106946413898, 19.247704500872214], [72.89148790132445, 19.248001020976123], [72.89148814258088, 19.248001193715016], [72.89164048895037, 19.24810902893638], [72.89181821572909, 19.248236849718086], [72.89181900338866, 19.248237417229355], [72.89183603666956, 19.2482496666826], [72.89184399709865, 19.24825506874713], [72.89184442902517, 19.248255363058348], [72.892088942685, 19.24842129259788], [72.8920984306013, 19.24842773117211], [72.89229227748005, 19.248561492764974], [72.8929188971069, 19.248987414771193], [72.8933379473475, 19.249274108397884], [72.89342785497615, 19.24933679939492], [72.89342790207027, 19.24933683227415], [72.89358256592938, 19.24944467794833], [72.89413847457106, 19.249283003045615], [72.89670033774352, 19.248537909663114], [72.89869945218506, 19.24794296320038], [72.89894243711917, 19.247265711099562], [72.89029771590285, 19.247166210637914]]]}}, {"type": "Feature", "properties": {"grid_id": "cell_0503", "ward_id": "R/C", "ward_gid": 11, "area_m2": 128484.50810591587, "LST_C": 27.076794641858516, "NDVI": 0.7070952377789931, "NDVI_prev": 0.6912525675343297, "impervious_pct": 0}, "geometry": {"type": "Polygon", "coordinates": [[[72.89977714205176, 19.23824263335043], [72.899688798987, 19.24518539472103], [72.90102818766405, 19.241451987223247], [72.90102820940986, 19.2414519224375], [72.90102823162415, 19.24145189559432], [72.90122824782944, 19.24123121767561], [72.90123433977806, 19.241224496792594], [72.90123458956408, 19.241224223258083], [72.90207482785446, 19.24029702018368], [72.90320052467769, 19.23903730457024], [72.90320056617203, 19.2390372571725], [72.90362815958633, 19.238558626891056], [72.90386663689253, 19.23828952374734], [72.89977714205176, 19.23824263335043]]]}}, {"type": "Feature", "properties": {"grid_id": "cell_0504", "ward_id": "A", "ward_gid": 1, "area_m2": 122502.86348495273, "LST_C": 26.01873783604085, "NDVI": -0.28951730214156585, "NDVI_prev": -0.6616212532733239, "impervious_pct": 0}, "geometry": {"type": "Polygon", "coordinates": [[[72.8183481086775, 18.921155147005706], [72.81378673474723, 18.92110146674376], [72.81413749340254, 18.921469355912937], [72.81774485965377, 18.925187588424794], [72.8180409311576, 18.925511118063863], [72.81804130081956, 18.92551152255306], [72.81804135596651, 18.925511588235953], [72.81804138778706, 18.92551162293385], [72.81810315768334, 18.92558361164517], [72.81820078589784, 18.925697391092466], [72.81820083639369, 18.92569744949458], [72.81828787281624, 18.925794953209476], [72.8183481086775, 18.921155147005706]]]}}, {"type": "Feature", "properties": {"grid_id": "cell_0505", "ward_id": "G/S", "ward_gid": 7, "area_m2": 112899.22523340226, "LST_C": 31.738327219846372, "NDVI": 0.10657640257656169, "NDVI_prev": 0.06013878610817533, "impervious_pct": 30.539856352290123}, "geometry": {"type": "Polygon", "coordinates": [[[72.81705455951452, 19.02049751292485], [72.81556525428363, 19.020479910062562], [72.81552652939885, 19.02111446378149], [72.81545565613249, 19.022305965184962], [72.81535818465856, 19.023854106276037], [72.81535107563047, 19.023907240521503], [72.81534389691112, 19.023951540201168], [72.8153323582133, 19.024015223448565], [72.81531881424661, 19.02408155387502], [72.81530763428954, 19.024131235637576], [72.81529220695028, 19.02419408525849], [72.81527881381135, 19.024244374017126], [72.81525930818681, 19.024312033052112], [72.81524935411836, 19.024344439382848], [72.81523838211001, 19.02437872235916], [72.81523183501082, 19.024398535290494], [72.81522652064346, 19.024414280132437], [72.8152224537274, 19.024426138611588], [72.8152058216615, 19.0244730416246], [72.81519241697514, 19.02450917457376], [72.81518592267328, 19.02452618354998], [72.8151744642668, 19.024555464013524], [72.81516751844094, 19.024572794622973], [72.81515970486741, 19.024591918749294], [72.81515052883562, 19.024613918951474], [72.81513491599688, 19.024650273265134], [72.81512375481053, 19.024675488119122], [72.81510840445655, 19.024709199025327], [72.81509834877168, 19.02473070648578], [72.81508627909167, 19.02475596388186], [72.81507622985539, 19.0247765419774], [72.81506648991905, 19.024796126547926], [72.81505588329425, 19.024817060250104], [72.81504680264801, 19.024834669091007], [72.81502748508046, 19.02487122976793], [72.81501979340813, 19.024885459737927], [72.81500928018673, 19.024904624180447], [72.81499694631363, 19.024926697213203], [72.81495308441521, 19.025002030188844], [72.81443098093547, 19.02592706363214], [72.81403359042453, 19.02667756932496], [72.81439491281175, 19.026850621966904], [72.81464088097077, 19.026878646224247], [72.81505076243141, 19.02658801056496], [72.81551753185128, 19.02620047359601], [72.81583000956023, 19.025897286765257], [72.81640547614674, 19.02536012538917], [72.81691361236008, 19.024586330367146], [72.81700267136695, 19.02446953878649], [72.81705455951452, 19.02049751292485]]]}}, {"type": "Feature", "properties": {"grid_id": "cell_0506", "ward_id": "R/C", "ward_gid": 11, "area_m2": 110198.34466515975, "LST_C": 28.284480342986992, "NDVI": 0.6628458871876065, "NDVI_prev": 0.6578921990222347, "impervious_pct": 0}, "geometry": {"type": "Polygon", "coordinates": [[[72.90951419109817, 19.220288690161926], [72.90939991213347, 19.22932010824975], [72.90946639954866, 19.229320867532557], [72.90948191426982, 19.2292407311732], [72.90948196618419, 19.229240686602456], [72.90948206378766, 19.229240413122383], [72.91009231919364, 19.22870310980988], [72.91054234915298, 19.227647465277855], [72.91097481631137, 19.22604088869039], [72.91079043974302, 19.2247970222887], [72.91079042582126, 19.224796920060015], [72.91077004864611, 19.224659701699814], [72.91072719634408, 19.22437807176023], [72.91072715600076, 19.224377803027846], [72.91043414367275, 19.222453761696393], [72.91037331032784, 19.222000728306558], [72.91037329207519, 19.222000592607333], [72.91037325112453, 19.22200029676978], [72.91035013809142, 19.221828913383398], [72.91020916582967, 19.220721076246754], [72.91014811657475, 19.220295925310822], [72.90951419109817, 19.220288690161926]]]}}, {"type": "Feature", "properties": {"grid_id": "cell_0507", "ward_id": "G/S", "ward_gid": 7, "area_m2": 108380.87256640664, "LST_C": 32.73713487160745, "NDVI": 0.12469159440671101, "NDVI_prev": 0.13092065083528096, "impervious_pct": 42.453321887359344}, "geometry": {"type": "Polygon", "coordinates": [[[72.81705455951452, 19.02049751292485], [72.81717248795702, 19.011466436268577], [72.81611576813168, 19.011453953291014], [72.8163162958846, 19.01179151391304], [72.8163969648459, 19.011951788015086], [72.81645127145461, 19.0120704288984], [72.81650384529937, 19.0122212645076], [72.81656469656504, 19.01239309722588], [72.81658733867273, 19.012457037307517], [72.81662611318364, 19.012591166904862], [72.8166508946661, 19.012701011785367], [72.8166881795049, 19.01290515613289], [72.81670992290474, 19.013057489086233], [72.81671936519017, 19.0131811232753], [72.81672883656333, 19.013390597886833], [72.81672973616313, 19.013519513603484], [72.81672506168677, 19.01367901605808], [72.81671785817363, 19.013739042947307], [72.81671022499346, 19.013802665101842], [72.81668734766494, 19.013939905146717], [72.81664952279743, 19.014099684346167], [72.81662223169971, 19.014175307820647], [72.81660417402244, 19.014257841827085], [72.81659142130155, 19.01428931383066], [72.81656525241242, 19.014372806990036], [72.81652949245385, 19.01451050718357], [72.81650660571017, 19.014597764999426], [72.81648944326902, 19.01466729648348], [72.81647084821161, 19.01473955781041], [72.81645511951359, 19.014807723357578], [72.81644224734468, 19.014859531435476], [72.81643323283963, 19.014894385989706], [72.81642855725747, 19.01490663296399], [72.81642607145712, 19.01491314580803], [72.8164220407305, 19.014921245466653], [72.81641800999166, 19.01492934602826], [72.81640726211616, 19.01495236743806], [72.81640015386034, 19.014963424091285], [72.81635929921397, 19.01504677257259], [72.81632638744621, 19.015108820597984], [72.81628414274186, 19.01519854219608], [72.81624677250223, 19.015277438163416], [72.8161450215819, 19.01544243400436], [72.81610898041853, 19.015492712723017], [72.81605815454314, 19.015570788441103], [72.81602264506695, 19.01563146707849], [72.81597351937064, 19.015726450857517], [72.81594652583466, 19.015785936673343], [72.81592707950766, 19.01583297281809], [72.81590721861124, 19.015885717093216], [72.81588980904597, 19.01593698733612], [72.81586707337667, 19.016013944371885], [72.81584419937475, 19.01611028162775], [72.81582805302959, 19.01620172873637], [72.81582016681273, 19.016262433936273], [72.8157057428827, 19.018177758072294], [72.81556525428363, 19.020479910062562], [72.81705455951452, 19.02049751292485]]]}}, {"type": "Feature", "properties": {"grid_id": "cell_0508", "ward_id": "R/N", "ward_gid": 15, "area_m2": 106093.69647470485, "LST_C": 27.69839400357324, "NDVI": 0.705678345766517, "NDVI_prev": 0.6018367748352723, "impervious_pct": 0}, "geometry": {"type": "Polygon", "coordinates": [[[72.84237361748207, 19.264671971706623], [72.83774448215276, 19.264617266673568], [72.83782121512868, 19.26471470503191], [72.83813243908429, 19.265170064105142], [72.83843248372872, 19.265581016635302], [72.838645639383, 19.265866919707744], [72.83873017171908, 19.265973349604952], [72.83891623848176, 19.266133710127935], [72.8390295347776, 19.26622634348002], [72.8390932167332, 19.26624147867681], [72.83943637723799, 19.26651024999398], [72.83980761501677, 19.266739310344843], [72.84008031362312, 19.26688867624334], [72.84037912425894, 19.267073714775712], [72.84046611705568, 19.267121920623204], [72.84076311470554, 19.267206415923365], [72.84097002077273, 19.26725614577178], [72.84118391198452, 19.26731480782814], [72.84153389896926, 19.267416602543303], [72.84167095904616, 19.26742480318658], [72.84204741424514, 19.267435661781324], [72.8423373163193, 19.267445103193438], [72.84237361748207, 19.264671971706623]]]}}, {"type": "Feature", "properties": {"grid_id": "cell_0509", "ward_id": "M/E", "ward_gid": 16, "area_m2": 105606.82909613298, "LST_C": 32.31772319916276, "NDVI": 0.37946600343639497, "NDVI_prev": 0.3989894049330325, "impervious_pct": 11.535311535311532}, "geometry": {"type": "Polygon", "coordinates": [[[72.95916221051742, 19.04922126182165], [72.95905171407529, 19.05825313145132], [72.96052825020254, 19.05826946309946], [72.96053134138677, 19.058210521981575], [72.96053751713922, 19.058063000339306], [72.96054594359933, 19.057873973925403], [72.96054610781638, 19.05778184810959], [72.96055394603744, 19.05761878171976], [72.96055403599475, 19.057571571242708], [72.96056031295, 19.057378396539058], [72.96056039134848, 19.057335238179554], [72.96057502936912, 19.056997289480993], [72.9605985970234, 19.05688044679284], [72.96040939197542, 19.055669088065866], [72.9603463351625, 19.05527766356274], [72.96034508181329, 19.055269883374432], [72.96024159402063, 19.054627481005355], [72.95992877653104, 19.052673049530014], [72.95980966636216, 19.051460274974577], [72.9597425902848, 19.050863538572337], [72.95971862766581, 19.050685693754563], [72.95968971718031, 19.05046284733803], [72.95964595386648, 19.050114061640404], [72.95960963511297, 19.049860912167617], [72.9595757005142, 19.04961648160375], [72.95954220092447, 19.04938184862755], [72.95952057563898, 19.0492252249015], [72.95916221051742, 19.04922126182165]]]}}, {"type": "Feature", "properties": {"grid_id": "cell_0510", "ward_id": "R/N", "ward_gid": 15, "area_m2": 100587.44249336647, "LST_C": 29.49328168133416, "NDVI": 0.6629841568798089, "NDVI_prev": 0.5105820609770875, "impervious_pct": 0}, "geometry": {"type": "Polygon", "coordinates": [[[72.86139287260166, 19.264895502458888], [72.86136950511596, 19.26669652226297], [72.8614192457707, 19.26669991638362], [72.86166176174562, 19.266718007182195], [72.86175306694001, 19.266724817398185], [72.8619886005222, 19.266744324562165], [72.86248864796845, 19.267041628075244], [72.86249940124027, 19.267048021476647], [72.86257136751259, 19.26743341614282], [72.86258972682812, 19.267530912393326], [72.86263774684149, 19.26778589886981], [72.86303145874476, 19.267700312954396], [72.8630316508007, 19.267698704710146], [72.86308387552184, 19.26725906356792], [72.86319048125362, 19.267178110922867], [72.8633443485395, 19.26706127014112], [72.86372189046688, 19.26677342343539], [72.86374173013714, 19.26675829561301], [72.86374212738417, 19.26675817380172], [72.86374410506056, 19.26675756464519], [72.86374587737824, 19.2667562151348], [72.86390169371388, 19.266708212337385], [72.86428533243568, 19.26658428114474], [72.8642913512514, 19.266574951377454], [72.86451936651815, 19.266221604135783], [72.86464540749, 19.266029612775586], [72.86464698184112, 19.266030181247867], [72.86464765589545, 19.266030423967795], [72.86464955472596, 19.266027530467635], [72.86485638139563, 19.266102094692528], [72.86618557144128, 19.266581272951083], [72.8663266375634, 19.266314202431673], [72.8661957780953, 19.265687858511455], [72.86617204589032, 19.265596814850625], [72.86616862446637, 19.265583682311295], [72.86616857460612, 19.26558349295014], [72.86612815274742, 19.26542033052315], [72.86607932415883, 19.265210503842354], [72.86602941017381, 19.26502171018332], [72.8660122500106, 19.264949494708386], [72.86139287260166, 19.264895502458888]]]}}, {"type": "Feature", "properties": {"grid_id": "cell_0511", "ward_id": "T", "ward_gid": 13, "area_m2": 98977.95275791266, "LST_C": 28.467223908057502, "NDVI": 0.6171119205403109, "NDVI_prev": 0.6628216543898597, "impervious_pct": 0}, "geometry": {"type": "Polygon", "coordinates": [[[72.9767302718917, 19.166845328613647], [72.9791721810912, 19.166872226346616], [72.97913306288366, 19.16672917506567], [72.97913304284307, 19.166729103483686], [72.97908570540537, 19.16660046884766], [72.97908568056837, 19.166600400826102], [72.97896906699634, 19.16622110777992], [72.97896904695585, 19.16622103619793], [72.97877139626645, 19.165497068019484], [72.97877137719863, 19.165496994641583], [72.97854654476345, 19.164902126862625], [72.9783708090545, 19.164442957938594], [72.9782656811425, 19.164155812908344], [72.97757877016176, 19.1622795397854], [72.97742610074773, 19.161864666936566], [72.97738550428683, 19.16172730624831], [72.97704780188303, 19.160584654640594], [72.97704778088239, 19.160584583951213], [72.97690993016188, 19.160115505791982], [72.97690990913927, 19.160115436908963], [72.97682712509818, 19.159855397390555], [72.97681613165489, 19.15980960107808], [72.9767302718917, 19.166845328613647]]]}}, {"type": "Feature", "properties": {"grid_id": "cell_0512", "ward_id": "T", "ward_gid": 13, "area_m2": 90283.05324481425, "LST_C": 32.52214068705436, "NDVI": 0.3055743947564941, "NDVI_prev": 0.29486299046651926, "impervious_pct": 67.94418673146305}, "geometry": {"type": "MultiPolygon", "coordinates": [[[[72.96711475566251, 19.17577212441677], [72.96708829800347, 19.177928214820025], [72.96725108242275, 19.17789764513035], [72.96730494176471, 19.177887532266656], [72.96767037761893, 19.177817466219846], [72.967763844069, 19.177792343640434], [72.96776387718252, 19.177792356653423], [72.9677773857719, 19.177798349736296], [72.96777739572043, 19.177798313714405], [72.96802556694979, 19.17791364626649], [72.96802555988837, 19.177913601926456], [72.96795946898408, 19.17753120390335], [72.96798806928626, 19.17745489077747], [72.96805358362477, 19.177280073000123], [72.96806941594689, 19.177215506824464], [72.96808469079336, 19.177153218924943], [72.9681039734469, 19.177110398217184], [72.96811328782803, 19.177089717271784], [72.96815560219648, 19.176899459810038], [72.96820312356212, 19.17679807993177], [72.96820996279273, 19.176783490543446], [72.96822418505434, 19.176739349157987], [72.96830149720476, 19.17658469983651], [72.96834787912849, 19.17648575252744], [72.96835585757742, 19.176468730504048], [72.96840172574795, 19.176385857180133], [72.9684274237215, 19.176322374843366], [72.96848712703866, 19.17613201980659], [72.96850082842046, 19.176053515494417], [72.96850812590311, 19.17601170561346], [72.96850822451579, 19.17601164889383], [72.96867610826054, 19.175913376321848], [72.96881121193306, 19.175861201220023], [72.96893817167324, 19.175817060178172], [72.96899239185055, 19.17579807940707], [72.96900677097268, 19.175793075305716], [72.96711475566251, 19.17577212441677]]], [[[72.97055471878137, 19.175810201718168], [72.97059161928524, 19.175838408971114], [72.9709160152798, 19.176089809667285], [72.9711466217201, 19.176607147993664], [72.97132296158901, 19.177046499187075], [72.97143201921001, 19.177315828145584], [72.97145689909145, 19.177383671256294], [72.9714779585611, 19.177446212188688], [72.97149457048394, 19.17748991703174], [72.97149459526358, 19.17748998957001], [72.97154339937671, 19.177628188141814], [72.97154342131584, 19.177628259745383], [72.971582707193, 19.17775421267726], [72.97158272818163, 19.177754284270307], [72.9716380089803, 19.177934202165524], [72.97163802995792, 19.17793427466175], [72.97170483258719, 19.17815575899279], [72.97170485452645, 19.178155830596342], [72.97176431650686, 19.178349497813358], [72.97176433655613, 19.178349568492706], [72.97181906055383, 19.17852754893568], [72.9718190824821, 19.17852762144241], [72.97186210004048, 19.178661421039667], [72.97186129818733, 19.178702842220513], [72.97186139062201, 19.178702824272904], [72.9726761700234, 19.17853360254855], [72.97295376205615, 19.178351765836386], [72.9729537687652, 19.17835176139399], [72.97273471894792, 19.177927603677155], [72.9726762834961, 19.177818226347544], [72.97267626207591, 19.177818189978677], [72.97267800967946, 19.177616584478162], [72.97268980943386, 19.177467968587408], [72.9727025969798, 19.177306916068126], [72.97287528173212, 19.177286103112966], [72.97306163921272, 19.177265184492796], [72.97356837539316, 19.177196465780955], [72.973568383959, 19.17719646497225], [72.97347006353166, 19.176987506037896], [72.97347003757969, 19.17698745155298], [72.97355389395547, 19.176810366062583], [72.97364543379929, 19.176710655764868], [72.97374808665883, 19.176516435171514], [72.97389103366851, 19.176343212325325], [72.97418545285966, 19.175942138094424], [72.97423551030978, 19.175870860777113], [72.97425187829509, 19.175851054062584], [72.97055471878137, 19.175810201718168]]]]}}, {"type": "Feature", "properties": {"grid_id": "cell_0513", "ward_id": "T", "ward_gid": 13, "area_m2": 88266.36052766637, "LST_C": 33.295677655049325, "NDVI": 0.4188245452608583, "NDVI_prev": 0.39630167877619077, "impervious_pct": 40.90498418912814}, "geometry": {"type": "Polygon", "coordinates": [[[72.94799257060676, 19.184592218015453], [72.94795493270946, 19.187629210310455], [72.94811660975293, 19.187560834527208], [72.94813900878057, 19.18750227714491], [72.94828192700602, 19.18745831302353], [72.94837100238593, 19.187442380869843], [72.9484188565939, 19.187421028489762], [72.94857520339319, 19.187360341729576], [72.9487124758864, 19.18733726689057], [72.94871473757915, 19.18733688660792], [72.94873768987011, 19.187333026106806], [72.94884252311206, 19.18730512517873], [72.94917309390382, 19.187148084483336], [72.94960591016653, 19.187075302776133], [72.94974197850206, 19.18687674075369], [72.94974850339356, 19.186872502272777], [72.94991421727745, 19.18676691780457], [72.9500813519911, 19.186656133429818], [72.95004199357584, 19.186328033634695], [72.95002610776453, 19.18621243229416], [72.95004380357818, 19.185992091788076], [72.95007395777684, 19.185946796207865], [72.95011181541419, 19.185917709609054], [72.95020494757483, 19.185909983981908], [72.95027881309953, 19.185860841953193], [72.95056804597772, 19.185575849088906], [72.9508189246096, 19.185437985723116], [72.95100452905154, 19.18533591209608], [72.95105176094069, 19.18528157091046], [72.95110859974069, 19.18524696380389], [72.95118208431535, 19.185154496008792], [72.95127046466871, 19.18505946389594], [72.95130464475555, 19.18505272589868], [72.95135687378772, 19.185038612649652], [72.95223643432492, 19.184876174186872], [72.95223652562377, 19.184876171592975], [72.95247628745832, 19.184867315793436], [72.9525340284605, 19.18485174438196], [72.95271074924709, 19.184804088997993], [72.9528576959059, 19.184787745376457], [72.9530582396074, 19.18476681123383], [72.95315596409233, 19.184756610578408], [72.95330298385913, 19.184741193285983], [72.95343878655349, 19.18484421999213], [72.95344769943799, 19.18485098033835], [72.95373156779657, 19.184915681675516], [72.95373161450821, 19.184915671357068], [72.95387862882309, 19.18488324087864], [72.95405256380408, 19.184859825554433], [72.95414775180033, 19.18483831933229], [72.95441351252157, 19.18477819896344], [72.95441353706892, 19.184778212786625], [72.9544561484282, 19.18480443644097], [72.95445614862464, 19.18480450057718], [72.95445643755849, 19.18483574970832], [72.95445952860585, 19.18517011296135], [72.95445961145026, 19.185170102142408], [72.95451450221181, 19.185163306352372], [72.95451455159669, 19.18516331051629], [72.95488563166677, 19.185198671687314], [72.95488565837191, 19.18519866475869], [72.95498126013807, 19.18517761346914], [72.95503463675203, 19.18509904550419], [72.95507937703952, 19.18489054053958], [72.95508396250166, 19.184869349747842], [72.9551174193717, 19.184830245986582], [72.9551770280205, 19.184760575353888], [72.95531794780746, 19.184697983330018], [72.95532318445673, 19.18469565609834], [72.95532409355197, 19.184695252522474], [72.95537060642735, 19.184674608596545], [72.94799257060676, 19.184592218015453]]]}}, {"type": "Feature", "properties": {"grid_id": "cell_0514", "ward_id": "D", "ward_gid": 4, "area_m2": 79798.1368744874, "LST_C": 29.349195624318394, "NDVI": -0.10230731462647416, "NDVI_prev": -0.21727699971967032, "impervious_pct": 1.237036111458203}, "geometry": {"type": "Polygon", "coordinates": [[[72.79889509130105, 18.95705522088187], [72.79599309208015, 18.957020721895464], [72.79645751149602, 18.957811810221248], [72.79661379791172, 18.958086993153028], [72.79729390785758, 18.95928449303549], [72.79768942551698, 18.959902304098666], [72.79866880490931, 18.961355761631346], [72.79883567923966, 18.96158184398796], [72.79889509130105, 18.95705522088187]]]}}, {"type": "Feature", "properties": {"grid_id": "cell_0515", "ward_id": "M/E", "ward_gid": 16, "area_m2": 78417.4463701691, "LST_C": 34.331094726612996, "NDVI": 0.3454151003470447, "NDVI_prev": 0.3709534049427756, "impervious_pct": 63.98610287263788}, "geometry": {"type": "Polygon", "coordinates": [[[72.92162053861527, 19.01267046948704], [72.92490124878894, 19.01270733217731], [72.92167149328066, 19.008570613202515], [72.92162053861527, 19.01267046948704]]]}}, {"type": "Feature", "properties": {"grid_id": "cell_0516", "ward_id": "R/C", "ward_gid": 11, "area_m2": 76428.1975884878, "LST_C": 26.952512828416204, "NDVI": 0.469299992347922, "NDVI_prev": 0.24075978828708647, "impervious_pct": 0}, "geometry": {"type": "Polygon", "coordinates": [[[72.83310141255461, 19.24649759073153], [72.82837732879779, 19.246441567134656], [72.82842095840942, 19.2464998956298], [72.82871763126444, 19.246830048215255], [72.8288426777543, 19.246958304909704], [72.8289720706889, 19.247063561707833], [72.82917654117144, 19.247188616850142], [72.82975497757664, 19.24748188086208], [72.83006979896608, 19.24765844521243], [72.83044674012694, 19.24785549602715], [72.83069701533596, 19.24795983172238], [72.83119859994295, 19.24814582698926], [72.83139184727146, 19.24820531020708], [72.83166043705238, 19.248301695679345], [72.83194464326512, 19.24839991700594], [72.83307156985765, 19.248769932502203], [72.83310141255461, 19.24649759073153]]]}}, {"type": "Feature", "properties": {"grid_id": "cell_0517", "ward_id": "K/W", "ward_gid": 14, "area_m2": 74003.22030925534, "LST_C": 30.1536408190718, "NDVI": 0.21165773053814002, "NDVI_prev": 0.13850145254645485, "impervious_pct": 6.860678893323169}, "geometry": {"type": "Polygon", "coordinates": [[[72.78170038726353, 19.13247755889625], [72.78138375043636, 19.132609768551962], [72.78109391585333, 19.132878331797322], [72.78065952571178, 19.13325397388961], [72.78042474758459, 19.133686437326418], [72.78042074803814, 19.13398565645217], [72.7804710801763, 19.13450318059335], [72.7807543748281, 19.134724250063947], [72.78092464283864, 19.134835130196656], [72.78152021925979, 19.13525041130711], [72.78206582480935, 19.135120964821127], [72.78313277154545, 19.134535300193484], [72.78342369575427, 19.134185128319857], [72.78357478506818, 19.133588414377044], [72.783464298238, 19.1332878142649], [72.78312666655678, 19.13284844422168], [72.78284409760738, 19.132572974798524], [72.7825865174096, 19.132569868032927], [72.78218692707772, 19.13248342924529], [72.78170038726353, 19.13247755889625]]]}}, {"type": "Feature", "properties": {"grid_id": "cell_0518", "ward_id": "P/N", "ward_gid": 21, "area_m2": 70205.0049381632, "LST_C": 31.72676538559455, "NDVI": 0.21836898472120805, "NDVI_prev": 0.20042249889600686, "impervious_pct": 1.272348879008608}, "geometry": {"type": "MultiPolygon", "coordinates": [[[[72.79603134209098, 19.173797039268056], [72.7937980379732, 19.173770202203574], [72.7941212651735, 19.174222974801353], [72.79541580182332, 19.178029060240064], [72.79584262537064, 19.179069972342322], [72.79595472351058, 19.17955573486485], [72.79603134209098, 19.173797039268056]]], [[[72.79591117653139, 19.182827828759155], [72.79592337588524, 19.181911243947884], [72.79580248122527, 19.182826522633054], [72.79591117653139, 19.182827828759155]]]]}}, {"type": "Feature", "properties": {"grid_id": "cell_0519", "ward_id": "R/C", "ward_gid": 11, "area_m2": 66854.99450724848, "LST_C": 28.81143506653924, "NDVI": 0.6577521425059263, "NDVI_prev": 0.6653844808489923, "impervious_pct": 0}, "geometry": {"type": "Polygon", "coordinates": [[[72.81408463457818, 19.246271325154776], [72.81404844307492, 19.249003088338625], [72.81436905455037, 19.24874376505462], [72.81483348496559, 19.24837336986821], [72.81532492029825, 19.248024901045618], [72.81571553304407, 19.247731402910254], [72.81600935726154, 19.247531815512122], [72.8162480203367, 19.247374779408517], [72.8165184703344, 19.24722244525176], [72.81668331962233, 19.24714230967335], [72.81737330338404, 19.246917199938505], [72.81822710630723, 19.246689718642525], [72.8185601534809, 19.24662023037406], [72.8189023542009, 19.246546529574893], [72.81902534893223, 19.246535032078565], [72.81975956182721, 19.246405505907127], [72.82007792710199, 19.246342847917024], [72.81408463457818, 19.246271325154776]]]}}, {"type": "Feature", "properties": {"grid_id": "cell_0520", "ward_id": "A", "ward_gid": 1, "area_m2": 66641.76003374043, "LST_C": 30.31000527361637, "NDVI": 0.20770009323056973, "NDVI_prev": 0.20477462239045116, "impervious_pct": 48.45597405836866}, "geometry": {"type": "Polygon", "coordinates": [[[72.80897603415609, 18.912012217297907], [72.80603982791612, 18.911977541378274], [72.8061467034179, 18.912132001933507], [72.80647644683295, 18.912645302655978], [72.80677693970304, 18.913056376127678], [72.80710744487104, 18.913511466896054], [72.80751743856474, 18.914027445715966], [72.80784247048211, 18.914423562614346], [72.80816732045645, 18.91481525821198], [72.80892743561316, 18.915741653093068], [72.80897603415609, 18.912012217297907]]]}}, {"type": "Feature", "properties": {"grid_id": "cell_0521", "ward_id": "B", "ward_gid": 2, "area_m2": 66078.33673304296, "LST_C": 31.177772590167713, "NDVI": 0.11063402375214733, "NDVI_prev": 0.08635544452088899, "impervious_pct": 37.433477256752674}, "geometry": {"type": "MultiPolygon", "coordinates": [[[[72.850403925838, 18.957659996071435], [72.84980619366888, 18.957266267062902], [72.84951838280736, 18.955870275537873], [72.84910496124675, 18.95596243360923], [72.84943518450696, 18.957301625130466], [72.84838118154116, 18.957636516727845], [72.84887611076857, 18.957642263742155], [72.84960558069263, 18.95737852402486], [72.85011601561096, 18.95765665545292], [72.850403925838, 18.957659996071435]]], [[[72.84635450975354, 18.957612969651088], [72.84791959793377, 18.957631155724567], [72.84786423788404, 18.957409158194963], [72.84782895599581, 18.95726387888427], [72.84778512872872, 18.957083115748336], [72.84773391818308, 18.956873966601762], [72.84769143425729, 18.956699354948], [72.84765763761888, 18.956567373600087], [72.84762596961053, 18.956431680163387], [72.84759563056205, 18.956313458688328], [72.84756139012059, 18.956169167881335], [72.84738738473958, 18.955480893434924], [72.84724705959628, 18.95491692298507], [72.84719656096432, 18.95470934197592], [72.84717868189342, 18.954665427004983], [72.8471517748847, 18.954624604707554], [72.84709868042462, 18.95456449149341], [72.84704271486554, 18.95452038420782], [72.8469733847884, 18.954474715239094], [72.84692039311929, 18.9544478009206], [72.84690344212972, 18.954439573020252], [72.84687671209295, 18.954431937844433], [72.84685234323038, 18.95443146229099], [72.84682274725688, 18.954433213969285], [72.84679548939961, 18.954439927354848], [72.84675302519436, 18.954265436852232], [72.8469796205594, 18.95421363535163], [72.84707738760822, 18.954191697335034], [72.84709851663956, 18.954181352924454], [72.8471196265332, 18.95416110758651], [72.84713217040628, 18.954142655971626], [72.84713387967747, 18.954127157714115], [72.84713558158488, 18.95410527960074], [72.84713279141604, 18.95408893871048], [72.8471259704809, 18.954071408358637], [72.84711232276486, 18.95405300381804], [72.8470888417751, 18.954036386407267], [72.84707073801323, 18.9540291450475], [72.84704956097444, 18.95402621811003], [72.84702113125289, 18.954031932456896], [72.84676664168778, 18.954087240655177], [72.84671174255578, 18.954099410129817], [72.8466737715133, 18.953951259584898], [72.84670803495678, 18.953943316978016], [72.84673139771503, 18.953928684565568], [72.84674812877438, 18.953916469910688], [72.84676888023168, 18.953894565664367], [72.84680770529052, 18.95383491256568], [72.84682787640416, 18.953800826442045], [72.84685354858563, 18.953749526557555], [72.84689462110508, 18.953658325875516], [72.84691166019472, 18.95357979697016], [72.84691283122336, 18.953562670195087], [72.84687832711047, 18.953430340023743], [72.84682237322828, 18.95320576294883], [72.84677400147966, 18.953011824237297], [72.84673564495264, 18.952853551742336], [72.84669101176978, 18.95266471746128], [72.84663568114277, 18.952430591043132], [72.8466269597925, 18.952416979548783], [72.84659272653087, 18.952364017083266], [72.84654680337444, 18.952313571666625], [72.8465051779331, 18.952271325450013], [72.84645188122792, 18.952231550423605], [72.84642374376668, 18.952220141176355], [72.84635450975354, 18.957612969651088]]], [[[72.84642662210257, 18.951995900063682], [72.84653281048601, 18.952012841806443], [72.84660596147538, 18.95202322579574], [72.84663231325102, 18.95201962175637], [72.84665493596614, 18.952008115063162], [72.84667254421274, 18.951992924390762], [72.84668495059543, 18.951970898776782], [72.8466922703934, 18.951949328921025], [72.84669077852197, 18.95192813902385], [72.84668190890393, 18.95190618414608], [72.84667716822773, 18.951892040817718], [72.84666044974823, 18.951873631290663], [72.84664283711264, 18.951864016412713], [72.84659502874044, 18.951853584582867], [72.84653255250782, 18.95184455940264], [72.84651218058954, 18.951838910306403], [72.84650103659573, 18.95182707628655], [72.84649082225073, 18.951816996372802], [72.84646687464553, 18.951721530090264], [72.84643582484078, 18.951593849385436], [72.84643198431701, 18.95157814020509], [72.84642662210257, 18.951995900063682]]], [[[72.84647044197771, 18.94858165597409], [72.8464462900744, 18.95046355236366], [72.84650478655453, 18.95043974205455], [72.84654186007377, 18.950118773373752], [72.84676667231055, 18.948585097560247], [72.84647044197771, 18.94858165597409]]]]}}, {"type": "Feature", "properties": {"grid_id": "cell_0522", "ward_id": "M/W", "ward_gid": 17, "area_m2": 65396.09587255948, "LST_C": 30.426082349030697, "NDVI": -0.0714366086985405, "NDVI_prev": -0.36998508123069235, "impervious_pct": 1.296851955449321}, "geometry": {"type": "Polygon", "coordinates": [[[72.89115700256062, 18.994259740506163], [72.89056392311161, 18.993931899292466], [72.89020690260222, 18.9937628968048], [72.88982615691027, 18.99351115768195], [72.88913911352513, 18.992996746137138], [72.888466685813, 18.99230578778866], [72.88790436889094, 18.991722111411587], [72.8875956971073, 18.99164790248701], [72.8874089185179, 18.991728234947974], [72.88725809813336, 18.991903223880126], [72.88713025847557, 18.992219844153187], [72.88705313812605, 18.99244279757836], [72.8870103403481, 18.99288997728244], [72.88698126305734, 18.993231286936485], [72.88697367962747, 18.993832018583014], [72.88692499349617, 18.994211444341662], [72.89115700256062, 18.994259740506163]]]}}, {"type": "Feature", "properties": {"grid_id": "cell_0523", "ward_id": "G/S", "ward_gid": 7, "area_m2": 64115.26720750258, "LST_C": 33.26031022048459, "NDVI": 0.10686830102265193, "NDVI_prev": 0.06871624399075191, "impervious_pct": 75.98341539258875}, "geometry": {"type": "Polygon", "coordinates": [[[72.81705455951452, 19.02049751292485], [72.81700267136695, 19.02446953878649], [72.8173718733254, 19.023985366592058], [72.81888531474148, 19.02287624302089], [72.8189930215474, 19.022997980754525], [72.81906077585354, 19.0230745658286], [72.81907319858686, 19.02308667238826], [72.81908634658923, 19.023096255707394], [72.81910055103806, 19.023103918548628], [72.81911454308882, 19.02310929998835], [72.81912864997777, 19.023112868158897], [72.8191390756017, 19.023114414757384], [72.81915373774213, 19.023115097283153], [72.81916848514844, 19.023114049289198], [72.81918491224832, 19.02311077113417], [72.81920035609673, 19.02310547887069], [72.81920780937286, 19.02310205954861], [72.81921837861401, 19.023096094626325], [72.81922950580811, 19.023088128371082], [72.8192395086823, 19.02307906042939], [72.81924876394072, 19.023068406591484], [72.81925502669584, 19.02305935230464], [72.8192599817393, 19.02305051381147], [72.819263236655, 19.023043433742505], [72.81926558948228, 19.02303728962774], [72.81926701420886, 19.023032910341254], [72.81926855499783, 19.023027278717443], [72.819270499426, 19.02301735240081], [72.81927150213421, 19.023007469162156], [72.81927156556776, 19.022996859463593], [72.81927114265434, 19.022990914716193], [72.8192691519889, 19.022978331561497], [72.8192636370617, 19.022960574551785], [72.81925540285921, 19.022944293864544], [72.81924261881095, 19.02292727119208], [72.81882524352855, 19.022412374774998], [72.8185785640848, 19.022101599406344], [72.81862683947547, 19.021995147401363], [72.81865310585195, 19.021944321217408], [72.81868307620891, 19.0218058764148], [72.81873516052612, 19.02134626417111], [72.8187308811125, 19.021085661698372], [72.81879275953656, 19.020660255914738], [72.81881475792052, 19.02051830213553], [72.81705455951452, 19.02049751292485]]]}}, {"type": "Feature", "properties": {"grid_id": "cell_0524", "ward_id": "S", "ward_gid": 12, "area_m2": 53673.09355163048, "LST_C": 29.455357127812853, "NDVI": 0.6098828066957547, "NDVI_prev": 0.6786147009866063, "impervious_pct": 0}, "geometry": {"type": "Polygon", "coordinates": [[[72.9488859215651, 19.11233848609176], [72.9527895293799, 19.1123819568111], [72.95272859696416, 19.112279514762903], [72.95268860999921, 19.11220019179522], [72.95256856637481, 19.112006618290835], [72.95182355234908, 19.11083155606778], [72.95095026683735, 19.110933299894533], [72.9504150170498, 19.11100263748022], [72.95009998675101, 19.111038738225993], [72.94989884375336, 19.111079134176947], [72.94954704575186, 19.111145798495944], [72.94943705162244, 19.111167084900362], [72.94940010924772, 19.111180693364094], [72.9493709328651, 19.111194733420497], [72.9493250032733, 19.111219708208672], [72.94906281494764, 19.111348434090566], [72.9488967916913, 19.1114573053644], [72.9488859215651, 19.11233848609176]]]}}, {"type": "Feature", "properties": {"grid_id": "cell_0525", "ward_id": "P/N", "ward_gid": 21, "area_m2": 52538.55574696852, "LST_C": 32.85428143685757, "NDVI": 0.2800414466063947, "NDVI_prev": 0.3024905190800809, "impervious_pct": 4.110367470640232}, "geometry": {"type": "Polygon", "coordinates": [[[72.78676849595874, 19.155621151853094], [72.78680565366281, 19.152836465856463], [72.78664702412948, 19.15300826869073], [72.78621134488799, 19.153370109477038], [72.78571643394132, 19.153717116054633], [72.78522236922973, 19.15400059623388], [72.78496776757522, 19.15415283368266], [72.78465421844227, 19.154269062442843], [72.78447426612134, 19.154393961726456], [72.78441258483834, 19.154562644350275], [72.78435014905702, 19.154787793382944], [72.78434864041274, 19.15490072630891], [72.78434013531955, 19.1551612567322], [72.78433934065264, 19.155161761980125], [72.78433434013006, 19.155231004791855], [72.78431334262726, 19.15552165231312], [72.78430829774702, 19.15559148620256], [72.78676849595874, 19.155621151853094]]]}}, {"type": "Feature", "properties": {"grid_id": "cell_0526", "ward_id": "M/E", "ward_gid": 16, "area_m2": 45355.88348169196, "LST_C": 33.08394921544024, "NDVI": 0.33733036340070677, "NDVI_prev": 0.34000628483450307, "impervious_pct": 16.84187472623741}, "geometry": {"type": "Polygon", "coordinates": [[[72.95905171407529, 19.05825313145132], [72.95900679627324, 19.06192320804767], [72.95906604179578, 19.061875622637995], [72.95947113905449, 19.061547884524963], [72.95967422417206, 19.061255222730754], [72.95985133793805, 19.06099515651267], [72.95998872138942, 19.060793431648737], [72.96005876479467, 19.06063316354564], [72.96011669530222, 19.060488228794174], [72.96017082241353, 19.06035280896007], [72.96023846347067, 19.06019855280484], [72.96026201421691, 19.060052799654592], [72.9602992756991, 19.059704821629005], [72.96039932730821, 19.05919019264228], [72.96043327443165, 19.05901560604014], [72.96048592805988, 19.058715051109637], [72.96051426544739, 19.05853695992941], [72.96052432959263, 19.058344219162205], [72.96052825020254, 19.05826946309946], [72.95905171407529, 19.05825313145132]]]}}, {"type": "Feature", "properties": {"grid_id": "cell_0527", "ward_id": "R/C", "ward_gid": 11, "area_m2": 44073.623592732256, "LST_C": 28.531265230016587, "NDVI": 0.624513847103884, "NDVI_prev": 0.7220279350488258, "impervious_pct": 0}, "geometry": {"type": "Polygon", "coordinates": [[[72.80445615907063, 19.25518822263122], [72.80442417441037, 19.25759067364863], [72.80443762482575, 19.25758261542333], [72.80463986285584, 19.25742948225363], [72.80488373217185, 19.257224993850816], [72.80516416770931, 19.257007980101562], [72.80561919856277, 19.256663425690657], [72.80589001678753, 19.256485187035253], [72.80634890414532, 19.256192531672006], [72.80666117926373, 19.255975898180306], [72.80690930767253, 19.255793063703123], [72.80714856634917, 19.25559283750039], [72.80746164537673, 19.255315715149923], [72.80756797845704, 19.255225561516774], [72.80445615907063, 19.25518822263122]]]}}, {"type": "Feature", "properties": {"grid_id": "cell_0528", "ward_id": "K/W", "ward_gid": 14, "area_m2": 39846.226759224824, "LST_C": 34.4142418457243, "NDVI": 0.1509858315668995, "NDVI_prev": 0.12486526633397851, "impervious_pct": 40.567765567765555}, "geometry": {"type": "Polygon", "coordinates": [[[72.81563421250542, 19.128869689139066], [72.81568012842366, 19.125377780805263], [72.81471970273722, 19.126996400034137], [72.81372276924868, 19.128846970948437], [72.81563421250542, 19.128869689139066]]]}}, {"type": "Feature", "properties": {"grid_id": "cell_0529", "ward_id": "A", "ward_gid": 1, "area_m2": 35815.79145173227, "LST_C": 30.964648535291822, "NDVI": 0.15528290951004428, "NDVI_prev": 0.14407448085881133, "impervious_pct": 73.12395775430795}, "geometry": {"type": "Polygon", "coordinates": [[[72.84096397409874, 18.92141964473807], [72.84051527530156, 18.920947864353597], [72.84031752838278, 18.920681178031312], [72.84005226590772, 18.920450172666403], [72.83951834532058, 18.920252506526175], [72.83891491754925, 18.92024548074526], [72.8385216245818, 18.92028648413192], [72.83809842447583, 18.920418305451985], [72.8375085237382, 18.920849034983327], [72.83733229907111, 18.921032837677107], [72.83732786663059, 18.921377305538687], [72.84021009933231, 18.921410872398205], [72.84019356997824, 18.92138172351399], [72.84042520581914, 18.92124766832896], [72.84059185791412, 18.921415315051913], [72.84096397409874, 18.92141964473807]]]}}, {"type": "Feature", "properties": {"grid_id": "cell_0530", "ward_id": "K/W", "ward_gid": 14, "area_m2": 33870.64969969451, "LST_C": 32.1365767271024, "NDVI": 0.13262258576721853, "NDVI_prev": 0.03675575475152449, "impervious_pct": 0}, "geometry": {"type": "Polygon", "coordinates": [[[72.82572624625615, 19.08382713226272], [72.82397633260672, 19.08380647205522], [72.82404542778009, 19.083913641570607], [72.82413692207336, 19.084039559612712], [72.8242480774312, 19.084269422174], [72.82429209368108, 19.084359943103223], [72.82429220375876, 19.084360171117627], [72.8242930855072, 19.084361981697473], [72.82429314285591, 19.08436210069979], [72.82429316232026, 19.08436213796271], [72.82429350464258, 19.084362842020038], [72.82429389227158, 19.084363641453155], [72.82429403384387, 19.084363931260135], [72.82429405140839, 19.084363968500586], [72.82429432244012, 19.08436452990661], [72.8243561664522, 19.08449170909482], [72.82448966822551, 19.084771421782825], [72.82459073935595, 19.084982247563435], [72.82470586149942, 19.085217703605817], [72.8248134543495, 19.08543456682411], [72.82494211267823, 19.085700058319897], [72.82506401077359, 19.08594997929113], [72.82512199222265, 19.086069135243505], [72.82517210552294, 19.086172125049405], [72.82527976152737, 19.086396167819075], [72.82539603386888, 19.08664284280505], [72.8255448050658, 19.08696020002835], [72.82562993218038, 19.087143920514187], [72.82568123044973, 19.087274509269935], [72.82572624625615, 19.08382713226272]]]}}, {"type": "Feature", "properties": {"grid_id": "cell_0531", "ward_id": "K/W", "ward_gid": 14, "area_m2": 20942.67233492163, "LST_C": 30.30994616787163, "NDVI": 0.1706506760141883, "NDVI_prev": 0.14514742218668059, "impervious_pct": 5.0183208539111055}, "geometry": {"type": "Polygon", "coordinates": [[[72.82549028365769, 19.101889237833465], [72.8255337564727, 19.098563079999614], [72.8253987794657, 19.098927754415783], [72.82535404060013, 19.099075512445797], [72.8245933863892, 19.101338365844892], [72.8244418523798, 19.101876850359975], [72.82549028365769, 19.101889237833465]]]}}, {"type": "Feature", "properties": {"grid_id": "cell_0532", "ward_id": "M/E", "ward_gid": 16, "area_m2": 15119.006946181622, "LST_C": 33.33000830133597, "NDVI": 0.20805864721457304, "NDVI_prev": 0.18470119933975623, "impervious_pct": 0}, "geometry": {"type": "Polygon", "coordinates": [[[72.94988613885738, 19.031052312732065], [72.95159215499726, 19.03107124348462], [72.95155944707766, 19.030968529614807], [72.95152300161824, 19.030877816551396], [72.95111557147563, 19.03049048490187], [72.94990179396198, 19.029776750921187], [72.94988613885738, 19.031052312732065]]]}}, {"type": "Feature", "properties": {"grid_id": "cell_0533", "ward_id": "M/E", "ward_gid": 16, "area_m2": 13479.256527366842, "LST_C": 28.443711652773004, "NDVI": 0.49145814218088607, "NDVI_prev": 0.5122415109576138, "impervious_pct": 0}, "geometry": {"type": "Polygon", "coordinates": [[[72.95916221051742, 19.04922126182165], [72.95952057563898, 19.0492252249015], [72.95950447773102, 19.049108633749107], [72.95960575752584, 19.048946417174708], [72.95963193003747, 19.04889698387745], [72.95968887837552, 19.048800987394838], [72.95970892910921, 19.0486875736073], [72.95972096067787, 19.04859753823937], [72.95975836763235, 19.04834409372728], [72.95979906038004, 19.04807967868688], [72.95977675798149, 19.048003015704946], [72.95966480884273, 19.047657495847364], [72.95952989542596, 19.047253911105592], [72.95937982220967, 19.046803079066738], [72.95919821306691, 19.046277345099647], [72.95916221051742, 19.04922126182165]]]}}, {"type": "Feature", "properties": {"grid_id": "cell_0534", "ward_id": "P/N", "ward_gid": 21, "area_m2": 9922.078398981488, "LST_C": 31.60086951115439, "NDVI": 0.13934587375985366, "NDVI_prev": 0.06257440096390628, "impervious_pct": 0}, "geometry": {"type": "MultiPolygon", "coordinates": [[[[72.79591117653139, 19.182827828759155], [72.79580248122527, 19.182826522633054], [72.79573993795496, 19.183300024356544], [72.79589331268728, 19.184169914197632], [72.79591117653139, 19.182827828759155]]], [[[72.79579094341183, 19.191858608647156], [72.79582802525127, 19.189073912235656], [72.79546522269915, 19.189996254253135], [72.79538596401656, 19.190722552827193], [72.79558559032048, 19.191408128521562], [72.7957472566563, 19.191858083460083], [72.79579094341183, 19.191858608647156]]]]}}, {"type": "Feature", "properties": {"grid_id": "cell_0535", "ward_id": "R/C", "ward_gid": 11, "area_m2": 9778.88773610652, "LST_C": 29.451206545923192, "NDVI": 0.5935535600492506, "NDVI_prev": 0.45440453690892885, "impervious_pct": 0}, "geometry": {"type": "Polygon", "coordinates": [[[72.78531745159378, 19.263989525951605], [72.78415209535618, 19.263975401609354], [72.784135414324, 19.264035497149546], [72.78403540142116, 19.26430875890858], [72.7840323953815, 19.264532368224394], [72.784041321735, 19.26466463072133], [72.78415754825006, 19.264777862722724], [72.78435006001759, 19.26479036233336], [72.78450157251041, 19.264759228216978], [72.78481057541056, 19.264631481345912], [72.78510767964985, 19.264508492777303], [72.78531161331695, 19.264424072586124], [72.78531745159378, 19.263989525951605]]]}}, {"type": "Feature", "properties": {"grid_id": "cell_0536", "ward_id": "M/W", "ward_gid": 17, "area_m2": 3483.1429177455175, "LST_C": 29.689226719943463, "NDVI": 0.21363489486931575, "NDVI_prev": 0.015497924994634643, "impervious_pct": 0}, "geometry": {"type": "Polygon", "coordinates": [[[72.90431379298465, 18.994409268967615], [72.90444525353955, 18.99398893065847], [72.90421398487823, 18.994024496757792], [72.90358946277478, 18.99420835094846], [72.90303590324139, 18.994394786627318], [72.90431379298465, 18.994409268967615]]]}}, {"type": "Feature", "properties": {"grid_id": "cell_0537", "ward_id": "D", "ward_gid": 4, "area_m2": 3195.1972559411834, "LST_C": 27.8666980057143, "NDVI": -0.002310634827124809, "NDVI_prev": -0.16481940342936433, "impervious_pct": 0}, "geometry": {"type": "Polygon", "coordinates": [[[72.79901357332423, 18.94802419260519], [72.80012487225991, 18.948037385655066], [72.80009342006551, 18.948008885299643], [72.80004146935943, 18.947962312773104], [72.80002542305442, 18.947955096375235], [72.8000152626796, 18.94795031525453], [72.79999551710027, 18.947945089811693], [72.79996988596459, 18.9479430284484], [72.79988892718094, 18.947951111710353], [72.79984458558833, 18.94792991220375], [72.79982863969254, 18.94793191123029], [72.79974233876403, 18.947903148919366], [72.7997011448209, 18.947901367405933], [72.79964001167389, 18.947897429822547], [72.7996299524952, 18.947896712567584], [72.79955884220904, 18.947875078443285], [72.79941425925063, 18.94784020937432], [72.79939114384281, 18.947765530667986], [72.79934554534206, 18.947708386702512], [72.79932995960786, 18.94767813905358], [72.79930183068593, 18.94762540806998], [72.79928122227088, 18.947607629358036], [72.79926412048849, 18.947583524010533], [72.7992365671968, 18.94754307837407], [72.79913453288698, 18.947403779598826], [72.79906799740722, 18.947406886986816], [72.79902165217288, 18.947408213615166], [72.79901357332423, 18.94802419260519]]]}}, {"type": "Feature", "properties": {"grid_id": "cell_0538", "ward_id": "A", "ward_gid": 1, "area_m2": 2904.7873641169454, "LST_C": 32.86853497586209, "NDVI": 0.08643587698845694, "NDVI_prev": 0.11096722666190245, "impervious_pct": 69.65517241379311}, "geometry": {"type": "Polygon", "coordinates": [[[72.84647682764296, 18.948084052987998], [72.84680759496636, 18.948028844156052], [72.84673065336895, 18.947604643581368], [72.84649514342401, 18.94665670932679], [72.84647682764296, 18.948084052987998]]]}}, {"type": "Feature", "properties": {"grid_id": "cell_0539", "ward_id": "R/C", "ward_gid": 11, "area_m2": 2570.6512736750465, "LST_C": 28.99126067315177, "NDVI": 0.5980282515984313, "NDVI_prev": 0.5497495295747294, "impervious_pct": 0}, "geometry": {"type": "Polygon", "coordinates": [[[72.78531745159378, 19.263989525951605], [72.78531161331695, 19.264424072586124], [72.78571575091519, 19.26425677519453], [72.78593417358078, 19.264166824928086], [72.78615259512884, 19.26407687075201], [72.78633435980706, 19.264001845005406], [72.78531745159378, 19.263989525951605]]]}}, {"type": "Feature", "properties": {"grid_id": "cell_0540", "ward_id": "E", "ward_gid": 5, "area_m2": 1811.0446735022347, "LST_C": 29.58131393616668, "NDVI": 0.1527102888719862, "NDVI_prev": 0.08789251322287155, "impervious_pct": 22.407407407407412}, "geometry": {"type": "Polygon", "coordinates": [[[72.85561652253661, 18.975709864568316], [72.85569766126433, 18.975694112783707], [72.85573590342842, 18.975686911374652], [72.85575626832376, 18.975683864776663], [72.85586494103775, 18.97565996381507], [72.85586666846507, 18.975666389803436], [72.85589971941566, 18.975659601547264], [72.8558997204558, 18.975659520265136], [72.85590483038607, 18.975378018857313], [72.85581408252916, 18.975220071864946], [72.85579635823937, 18.975188979308427], [72.85562699138569, 18.974891851367875], [72.85561652253661, 18.975709864568316]]]}}, {"type": "Feature", "properties": {"grid_id": "cell_0541", "ward_id": "A", "ward_gid": 1, "area_m2": 988.4011804665814, "LST_C": 31.29328001542766, "NDVI": 0.14119879347178818, "NDVI_prev": 0.17246337229111722, "impervious_pct": 80.92105263157895}, "geometry": {"type": "Polygon", "coordinates": [[[72.82795464180859, 18.912235230324317], [72.82845979768744, 18.912241139785554], [72.82840433395812, 18.912201810657226], [72.82840427846068, 18.9122017720711], [72.82840422296323, 18.91220173348497], [72.82840356276915, 18.912201264196188], [72.82840096716126, 18.912199490541088], [72.82826141455872, 18.912104089690224], [72.82822630109344, 18.912080748750494], [72.82822619853415, 18.91208067980619], [72.82822586446109, 18.912080459115554], [72.82822584094762, 18.912080442581782], [72.82822579669754, 18.91208041496631], [72.82810382701031, 18.911999337665677], [72.82810379501478, 18.91199931651637], [72.82800843016582, 18.9119373328079], [72.82795894075966, 18.911902406547775], [72.82795464180859, 18.912235230324317]]]}}, {"type": "Feature", "properties": {"grid_id": "cell_0542", "ward_id": "N", "ward_gid": 10, "area_m2": 285.37939159203444, "LST_C": 28.427749923953503, "NDVI": 0.6937217335196474, "NDVI_prev": 0.6892343117937728, "impervious_pct": 0}, "geometry": {"type": "Polygon", "coordinates": [[[72.94921989181697, 19.085243180130277], [72.94921177699206, 19.085902087747687], [72.94921524574389, 19.08585442453702], [72.94929690809592, 19.085244037417752], [72.94921989181697, 19.085243180130277]]]}}, {"type": "Feature", "properties": {"grid_id": "cell_0543", "ward_id": "T", "ward_gid": 13, "area_m2": 153.17933597701884, "LST_C": 27.10934807000001, "NDVI": 0.708137794916627, "NDVI_prev": 0.6949454372269273, "impervious_pct": 0}, "geometry": {"type": "Polygon", "coordinates": [[[72.92864233910213, 19.211473221712243], [72.92864156438316, 19.211535061230833], [72.92906771307251, 19.211478030521963], [72.92864233910213, 19.211473221712243]]]}}, {"type": "Feature", "properties": {"grid_id": "cell_0544", "ward_id": "M/E", "ward_gid": 16, "area_m2": 149.90119790928196, "LST_C": 29.64329719700002, "NDVI": 0.5979972860101035, "NDVI_prev": 0.641537876266403, "impervious_pct": 0}, "geometry": {"type": "Polygon", "coordinates": [[[72.93100441904137, 19.02180875067992], [72.93124174605369, 19.021811408307133], [72.93100576037693, 19.021700405486204], [72.93100441904137, 19.02180875067992]]]}}, {"type": "Feature", "properties": {"grid_id": "cell_0545", "ward_id": "R/C", "ward_gid": 11, "area_m2": 142.5651218599447, "LST_C": 29.58049884772731, "NDVI": 0.6650761880912389, "NDVI_prev": 0.6688371094998194, "impervious_pct": 0}, "geometry": {"type": "Polygon", "coordinates": [[[72.90939991213347, 19.22932010824975], [72.90939525108716, 19.229688360989492], [72.90946639954866, 19.229320867532557], [72.90939991213347, 19.22932010824975]]]}}, {"type": "Feature", "properties": {"grid_id": "cell_0546", "ward_id": "A", "ward_gid": 1, "area_m2": 95.81010474521943, "LST_C": 26.85128756000006, "NDVI": -0.2168493294583145, "NDVI_prev": -0.2618405925479184, "impervious_pct": 0}, "geometry": {"type": "Polygon", "coordinates": [[[72.81859234609482, 18.902328299867975], [72.81860456376135, 18.902328300704006], [72.81873379560012, 18.902328591843023], [72.81873659891738, 18.9023285985711], [72.81877131399965, 18.902328676577355], [72.81877565048177, 18.90232608276756], [72.81877654283073, 18.90232554948638], [72.81877778715233, 18.9023248053635], [72.8187782012936, 18.9023245573151], [72.81877927058945, 18.902323917721105], [72.81878285081196, 18.90232051022748], [72.81878292478858, 18.902320440642193], [72.81878297861637, 18.902320387982172], [72.81878338795366, 18.902319998065963], [72.81878560660796, 18.90231788701494], [72.81878563540204, 18.90231786206188], [72.81878596853082, 18.902316689029927], [72.81878788073541, 18.902309959638792], [72.81878790959922, 18.902309856103194], [72.81878677303678, 18.90230206842059], [72.81878519657107, 18.902299151354388], [72.81878291197751, 18.90229492889462], [72.8187772895197, 18.902290279738], [72.81877716274458, 18.902290176181097], [72.81877427356702, 18.902287788362578], [72.81876838102991, 18.902286183623808], [72.81876631848792, 18.90228562286665], [72.81875507978928, 18.902285581205362], [72.81875434336854, 18.902285579782898], [72.81875371705245, 18.902285576943726], [72.81870562873377, 18.902285399684974], [72.81859753683031, 18.90228470466429], [72.81859291223594, 18.902284633397667], [72.81859234609482, 18.902328299867975]]]}}]}